camera_id,location_id,camera_name,camera_code,source,resolution,field_of_view,status,rtsp_stream_synthetic_url,metadata,created_at,updated_at
639ec50c-0a45-42ff-8cc6-cf6c286ce311,7bed43b9-df6d-4b76-bcf7-42e42d8efd36,Downtown Commercial District Traffic Police Cam 1,CAM-01-000,traffic_police,1080p,northbound_entry,active,rtsp://streaming.internal.crimemind.net/live/cam-01-000,"{""fps"": 30, ""night_vision_ir"": true, ""pan_tilt_zoom"": true}",2021-01-01T00:00:00,2021-01-01T00:00:00
f8f126a8-63ba-4982-8069-52d01b7ea076,86936087-e19b-40c3-9e03-361b246251b6,Silver Lake Tech Park Residential Ring Cam 2,CAM-01-001,residential_ring,1080p,southbound_exit,active,rtsp://streaming.internal.crimemind.net/live/cam-01-001,"{""fps"": 30, ""night_vision_ir"": true, ""pan_tilt_zoom"": false}",2021-01-01T00:00:00,2021-01-01T00:00:00
0a37183a-e2be-4022-8276-40147fbc84bc,e7fb2cd2-12f7-494a-bbf2-4ccc6fe45052,Industrial Waterfront & Port Atm Surveillance Cam 3,CAM-01-002,atm_surveillance,4K,vault_corridor,active,rtsp://streaming.internal.crimemind.net/live/cam-01-002,"{""fps"": 30, ""night_vision_ir"": true, ""pan_tilt_zoom"": false}",2021-01-01T00:00:00,2021-01-01T00:00:00
8fb37c2c-c763-4067-a807-dfeb664ba465,0acd3e36-6824-4561-bd18-3ffc74a04519,Harbor Point Terminal Municipal Surveillance Cam 4,CAM-01-003,municipal_surveillance,4K,northbound_entry,active,rtsp://streaming.internal.crimemind.net/live/cam-01-003,"{""fps"": 30, ""night_vision_ir"": true, ""pan_tilt_zoom"": true}",2021-01-01T00:00:00,2021-01-01T00:00:00
b9166651-a1a6-44f0-a802-3ef875ce7f3e,c94342e7-2f2c-420a-863e-4dc411f2bb47,Downtown Commercial District Traffic Police Cam 5,CAM-01-004,traffic_police,1080p,pedestrian_walkway,active,rtsp://streaming.internal.crimemind.net/live/cam-01-004,"{""fps"": 30, ""night_vision_ir"": true, ""pan_tilt_zoom"": false}",2021-01-01T00:00:00,2021-01-01T00:00:00
f3caea73-e0b4-4e37-a40b-bf3e3dc82296,9c5e2a0f-7119-4055-901a-c7d3ee602310,West End Suburbs Residential Ring Cam 6,CAM-01-005,residential_ring,4K,pedestrian_walkway,active,rtsp://streaming.internal.crimemind.net/live/cam-01-005,"{""fps"": 30, ""night_vision_ir"": true, ""pan_tilt_zoom"": false}",2021-01-01T00:00:00,2021-01-01T00:00:00
0e184082-4663-4a18-b681-c5df28321f26,0dbf1dec-bd30-4182-ac38-c7ee19587eab,Midtown Financial Plaza Subway Transit Cam 7,CAM-01-006,subway_transit,1080p,360_degree_dome,active,rtsp://streaming.internal.crimemind.net/live/cam-01-006,"{""fps"": 30, ""night_vision_ir"": true, ""pan_tilt_zoom"": true}",2021-01-01T00:00:00,2021-01-01T00:00:00
241b3632-ea1f-45fb-95d0-8ce2607719ad,1c541fcf-11e1-41ed-83ae-94743df66d97,Eastside Arts Corridor Residential Ring Cam 8,CAM-01-007,residential_ring,1080p,vault_corridor,active,rtsp://streaming.internal.crimemind.net/live/cam-01-007,"{""fps"": 30, ""night_vision_ir"": true, ""pan_tilt_zoom"": false}",2021-01-01T00:00:00,2021-01-01T00:00:00
40ed19ed-3424-40f4-b682-49cb8811ce41,72dd78f9-af96-4ea4-aeaf-b9bb3bebbfff,Harbor Point Terminal Subway Transit Cam 9,CAM-01-008,subway_transit,4K,southbound_exit,maintenance,rtsp://streaming.internal.crimemind.net/live/cam-01-008,"{""fps"": 30, ""night_vision_ir"": true, ""pan_tilt_zoom"": false}",2021-01-01T00:00:00,2021-01-01T00:00:00
191bac1b-2c63-4c1d-97b4-96d6f5a93e13,c329e618-0d6e-4b5f-b5d1-568946a778cd,Harbor Point Terminal Subway Transit Cam 10,CAM-01-009,subway_transit,720p,northbound_entry,active,rtsp://streaming.internal.crimemind.net/live/cam-01-009,"{""fps"": 30, ""night_vision_ir"": true, ""pan_tilt_zoom"": true}",2021-01-01T00:00:00,2021-01-01T00:00:00
c639db4d-62e7-4875-a435-d45a7ba9a311,a096b25f-2f67-4d6f-914b-7bc9c3eef4ed,Downtown Commercial District Highway Toll Cam 11,CAM-01-010,highway_toll,720p,360_degree_dome,active,rtsp://streaming.internal.crimemind.net/live/cam-01-010,"{""fps"": 30, ""night_vision_ir"": true, ""pan_tilt_zoom"": false}",2021-01-01T00:00:00,2021-01-01T00:00:00
6d47a5c1-00cf-4a0e-881e-86afd20b1821,dff3b94b-be27-4bff-a677-cf7c5bce815a,Downtown Commercial District Residential Ring Cam 12,CAM-01-011,residential_ring,720p,vault_corridor,active,rtsp://streaming.internal.crimemind.net/live/cam-01-011,"{""fps"": 30, ""night_vision_ir"": true, ""pan_tilt_zoom"": false}",2021-01-01T00:00:00,2021-01-01T00:00:00
ff79a722-a01b-4a53-a42c-6803e43d32c8,1d8e7ee3-15bf-442e-a021-372d60d7fab3,West End Suburbs Atm Surveillance Cam 13,CAM-01-012,atm_surveillance,1080p,northbound_entry,active,rtsp://streaming.internal.crimemind.net/live/cam-01-012,"{""fps"": 30, ""night_vision_ir"": true, ""pan_tilt_zoom"": true}",2021-01-01T00:00:00,2021-01-01T00:00:00
83722a76-80d9-4c94-b1a2-d12b3582f4c9,1f1b3a9a-531f-4f83-932e-1cb88cab9ca2,Downtown Commercial District Private Commercial Cam 14,CAM-01-013,private_commercial,4K,pedestrian_walkway,active,rtsp://streaming.internal.crimemind.net/live/cam-01-013,"{""fps"": 30, ""night_vision_ir"": true, ""pan_tilt_zoom"": false}",2021-01-01T00:00:00,2021-01-01T00:00:00
ece2a19a-bf77-4270-8649-656c9c7e8ea8,96d7aabd-d966-4f0b-80a4-5414f81ee2b4,West End Suburbs Municipal Surveillance Cam 15,CAM-01-014,municipal_surveillance,4K,southbound_exit,active,rtsp://streaming.internal.crimemind.net/live/cam-01-014,"{""fps"": 30, ""night_vision_ir"": true, ""pan_tilt_zoom"": false}",2021-01-01T00:00:00,2021-01-01T00:00:00
bfbb03af-15be-4e6c-95e2-fcbbc2383d01,5514d270-277c-427b-888f-b695f39ffebe,Midtown Financial Plaza Traffic Police Cam 16,CAM-01-015,traffic_police,720p,northbound_entry,active,rtsp://streaming.internal.crimemind.net/live/cam-01-015,"{""fps"": 30, ""night_vision_ir"": true, ""pan_tilt_zoom"": true}",2021-01-01T00:00:00,2021-01-01T00:00:00
b76cf642-5587-42f5-a275-873bd44a331d,9ed24808-87a3-4365-beb0-054dd8892367,Industrial Waterfront & Port Subway Transit Cam 17,CAM-01-016,subway_transit,720p,southbound_exit,active,rtsp://streaming.internal.crimemind.net/live/cam-01-016,"{""fps"": 30, ""night_vision_ir"": true, ""pan_tilt_zoom"": false}",2021-01-01T00:00:00,2021-01-01T00:00:00
cd5ae0ff-94eb-4de8-a6ef-50c1df4d789d,a9b3ea3c-7c20-42a6-8634-e6e7c9d48e03,Eastside Arts Corridor Subway Transit Cam 18,CAM-01-017,subway_transit,1080p,vault_corridor,active,rtsp://streaming.internal.crimemind.net/live/cam-01-017,"{""fps"": 30, ""night_vision_ir"": true, ""pan_tilt_zoom"": false}",2021-01-01T00:00:00,2021-01-01T00:00:00
7ed58711-1e2a-4ab5-970a-91ac60362051,22e8b139-e857-413f-98ea-a0b08fe76837,Northshore Heights Subway Transit Cam 19,CAM-01-018,subway_transit,1080p,360_degree_dome,active,rtsp://streaming.internal.crimemind.net/live/cam-01-018,"{""fps"": 30, ""night_vision_ir"": true, ""pan_tilt_zoom"": true}",2021-01-01T00:00:00,2021-01-01T00:00:00
a335e4d5-cc72-4aaf-a490-26d8fd9810ab,13f03a82-2742-40ed-9890-941f9dae24d2,Eastside Arts Corridor Private Commercial Cam 20,CAM-01-019,private_commercial,4K,northbound_entry,active,rtsp://streaming.internal.crimemind.net/live/cam-01-019,"{""fps"": 30, ""night_vision_ir"": true, ""pan_tilt_zoom"": false}",2021-01-01T00:00:00,2021-01-01T00:00:00
ca0bf48f-e280-4b78-b12a-61162f9c385a,32dd1e40-3a3e-4782-af1a-30bc7b9ca5ed,Silver Lake Tech Park Highway Toll Cam 21,CAM-01-020,highway_toll,4K,vault_corridor,active,rtsp://streaming.internal.crimemind.net/live/cam-01-020,"{""fps"": 30, ""night_vision_ir"": true, ""pan_tilt_zoom"": false}",2021-01-01T00:00:00,2021-01-01T00:00:00
7340f8bc-d876-476f-a954-a7fc6ffffee7,bd485a44-26d8-4405-919e-7040e22e83bf,Eastside Arts Corridor Private Commercial Cam 22,CAM-01-021,private_commercial,4K,pedestrian_walkway,active,rtsp://streaming.internal.crimemind.net/live/cam-01-021,"{""fps"": 30, ""night_vision_ir"": true, ""pan_tilt_zoom"": true}",2021-01-01T00:00:00,2021-01-01T00:00:00
e60bb1df-e06b-419c-b270-69a99b54410b,1b5a9663-6c6a-4168-bb2e-3fbc653d4b5f,South Bay Logistics Hub Highway Toll Cam 23,CAM-01-022,highway_toll,720p,360_degree_dome,maintenance,rtsp://streaming.internal.crimemind.net/live/cam-01-022,"{""fps"": 30, ""night_vision_ir"": true, ""pan_tilt_zoom"": false}",2021-01-01T00:00:00,2021-01-01T00:00:00
5d4c6b41-a9b8-4705-b464-23d309794b06,a2f0ff1d-b435-4472-b99d-73cc32027f39,Harbor Point Terminal Subway Transit Cam 24,CAM-01-023,subway_transit,4K,northbound_entry,active,rtsp://streaming.internal.crimemind.net/live/cam-01-023,"{""fps"": 30, ""night_vision_ir"": true, ""pan_tilt_zoom"": false}",2021-01-01T00:00:00,2021-01-01T00:00:00
52e9ae96-f512-40bd-8a01-00b388a87288,1fdf75ba-3cff-4ded-8806-3f5cbbd345aa,Silver Lake Tech Park Atm Surveillance Cam 25,CAM-01-024,atm_surveillance,4K,northbound_entry,active,rtsp://streaming.internal.crimemind.net/live/cam-01-024,"{""fps"": 30, ""night_vision_ir"": true, ""pan_tilt_zoom"": true}",2021-01-01T00:00:00,2021-01-01T00:00:00
bbaec081-3801-4f4d-a15f-bcce76e85895,45c1071e-f883-4c52-9ad7-a404339a65e3,Silver Lake Tech Park Subway Transit Cam 26,CAM-01-025,subway_transit,720p,southbound_exit,active,rtsp://streaming.internal.crimemind.net/live/cam-01-025,"{""fps"": 30, ""night_vision_ir"": true, ""pan_tilt_zoom"": false}",2021-01-01T00:00:00,2021-01-01T00:00:00
a3caeb54-46bf-4f09-ae2d-7cfd001b34e2,e5eb0dd1-8285-4489-a8ba-6f8a9370cee0,Midtown Financial Plaza Traffic Police Cam 27,CAM-01-026,traffic_police,720p,northbound_entry,active,rtsp://streaming.internal.crimemind.net/live/cam-01-026,"{""fps"": 30, ""night_vision_ir"": true, ""pan_tilt_zoom"": false}",2021-01-01T00:00:00,2021-01-01T00:00:00
8e9d310f-4fd1-4194-a10b-8e3557d5d275,5d7738b7-c927-48fb-81d6-6076ba14f46a,Northshore Heights Private Commercial Cam 28,CAM-01-027,private_commercial,720p,northbound_entry,active,rtsp://streaming.internal.crimemind.net/live/cam-01-027,"{""fps"": 30, ""night_vision_ir"": true, ""pan_tilt_zoom"": true}",2021-01-01T00:00:00,2021-01-01T00:00:00
4d40a93f-fb9b-4ddc-97f1-7ee56defc692,fbb123c8-0ef8-423d-9b54-ddadcbc3e7da,Industrial Waterfront & Port Municipal Surveillance Cam 29,CAM-01-028,municipal_surveillance,1080p,pedestrian_walkway,active,rtsp://streaming.internal.crimemind.net/live/cam-01-028,"{""fps"": 30, ""night_vision_ir"": true, ""pan_tilt_zoom"": false}",2021-01-01T00:00:00,2021-01-01T00:00:00
6f1c0fa9-bb6b-4fb8-9f87-bf37735adf3b,68c419ff-7e85-4b65-b88e-2b2cf32ed518,Old Town Heritage Ward Residential Ring Cam 30,CAM-01-029,residential_ring,720p,vault_corridor,active,rtsp://streaming.internal.crimemind.net/live/cam-01-029,"{""fps"": 30, ""night_vision_ir"": true, ""pan_tilt_zoom"": false}",2021-01-01T00:00:00,2021-01-01T00:00:00
fc0f88bb-0178-487d-91e5-c1e98207fc03,41f7ad8c-08f4-4005-beab-4deb6a58d6ec,Silver Lake Tech Park Highway Toll Cam 31,CAM-01-030,highway_toll,4K,pedestrian_walkway,active,rtsp://streaming.internal.crimemind.net/live/cam-01-030,"{""fps"": 30, ""night_vision_ir"": true, ""pan_tilt_zoom"": true}",2021-01-01T00:00:00,2021-01-01T00:00:00
21661108-f4b1-4cf8-856f-8226c22a8f9f,952235ab-2445-491a-a918-daaf50cd719b,Old Town Heritage Ward Residential Ring Cam 32,CAM-01-031,residential_ring,1080p,southbound_exit,active,rtsp://streaming.internal.crimemind.net/live/cam-01-031,"{""fps"": 30, ""night_vision_ir"": true, ""pan_tilt_zoom"": false}",2021-01-01T00:00:00,2021-01-01T00:00:00
85f9498e-bf93-428c-b3e2-0dc9e696217b,9791da4d-d991-48bf-af30-6684e91bffd3,Eastside Arts Corridor Atm Surveillance Cam 33,CAM-01-032,atm_surveillance,4K,southbound_exit,active,rtsp://streaming.internal.crimemind.net/live/cam-01-032,"{""fps"": 30, ""night_vision_ir"": true, ""pan_tilt_zoom"": false}",2021-01-01T00:00:00,2021-01-01T00:00:00
41accb52-834f-46b8-a3ff-8a556b17c4c4,3b89b8a2-0f18-4a24-98e3-a78f085dba86,West End Suburbs Residential Ring Cam 34,CAM-01-033,residential_ring,1080p,pedestrian_walkway,active,rtsp://streaming.internal.crimemind.net/live/cam-01-033,"{""fps"": 30, ""night_vision_ir"": true, ""pan_tilt_zoom"": true}",2021-01-01T00:00:00,2021-01-01T00:00:00
2cbfdd02-f113-42b7-82b4-54d66636c95e,b924cfec-9131-4e68-8a37-b8aabb1ba143,Silver Lake Tech Park Municipal Surveillance Cam 35,CAM-01-034,municipal_surveillance,1080p,northbound_entry,active,rtsp://streaming.internal.crimemind.net/live/cam-01-034,"{""fps"": 30, ""night_vision_ir"": true, ""pan_tilt_zoom"": false}",2021-01-01T00:00:00,2021-01-01T00:00:00
ccbd484a-9f58-4513-a5b8-6fb4b9716d6f,9cd6d82a-258b-4c11-8a6b-f7c3ace35f7a,Old Town Heritage Ward Traffic Police Cam 36,CAM-01-035,traffic_police,4K,360_degree_dome,active,rtsp://streaming.internal.crimemind.net/live/cam-01-035,"{""fps"": 30, ""night_vision_ir"": true, ""pan_tilt_zoom"": false}",2021-01-01T00:00:00,2021-01-01T00:00:00
d42aaee8-82f3-4733-879d-a1fd8f1426de,9ce608f5-06c1-4756-85e8-67089570f805,West End Suburbs Subway Transit Cam 37,CAM-01-036,subway_transit,1080p,pedestrian_walkway,active,rtsp://streaming.internal.crimemind.net/live/cam-01-036,"{""fps"": 30, ""night_vision_ir"": true, ""pan_tilt_zoom"": true}",2021-01-01T00:00:00,2021-01-01T00:00:00
8b0e5d8e-a85c-4c12-bd82-c3169cc18826,41d5a193-d25c-45a6-a7b9-d185e661f0c0,Old Town Heritage Ward Residential Ring Cam 38,CAM-01-037,residential_ring,1080p,pedestrian_walkway,active,rtsp://streaming.internal.crimemind.net/live/cam-01-037,"{""fps"": 30, ""night_vision_ir"": true, ""pan_tilt_zoom"": false}",2021-01-01T00:00:00,2021-01-01T00:00:00
1b2c9f1e-c896-490a-b1cb-225358839654,215fef86-4e86-4546-a1b0-eb1c19dce480,Northshore Heights Residential Ring Cam 39,CAM-01-038,residential_ring,1080p,360_degree_dome,active,rtsp://streaming.internal.crimemind.net/live/cam-01-038,"{""fps"": 30, ""night_vision_ir"": true, ""pan_tilt_zoom"": false}",2021-01-01T00:00:00,2021-01-01T00:00:00
da5440d7-5b15-4c8d-8c2f-3fa5b0cf3a19,238573cf-a5e1-4115-9f4f-0060ae5626c2,Harbor Point Terminal Traffic Police Cam 40,CAM-01-039,traffic_police,4K,pedestrian_walkway,maintenance,rtsp://streaming.internal.crimemind.net/live/cam-01-039,"{""fps"": 30, ""night_vision_ir"": true, ""pan_tilt_zoom"": true}",2021-01-01T00:00:00,2021-01-01T00:00:00
b4ce0a60-8b7e-41c3-b3c3-6b615dc85bff,7926d052-178b-477f-962c-8b0f45a99f5f,Silver Lake Tech Park Atm Surveillance Cam 41,CAM-01-040,atm_surveillance,720p,southbound_exit,active,rtsp://streaming.internal.crimemind.net/live/cam-01-040,"{""fps"": 30, ""night_vision_ir"": true, ""pan_tilt_zoom"": false}",2021-01-01T00:00:00,2021-01-01T00:00:00
80bd3e2e-71c1-453c-9381-c76bea3ae3d3,2e1ce0b6-34b2-4f0e-811d-5087f1fcbdea,Industrial Waterfront & Port Residential Ring Cam 42,CAM-01-041,residential_ring,4K,northbound_entry,active,rtsp://streaming.internal.crimemind.net/live/cam-01-041,"{""fps"": 30, ""night_vision_ir"": true, ""pan_tilt_zoom"": false}",2021-01-01T00:00:00,2021-01-01T00:00:00
563dc48c-44b5-4292-b366-d6c3dbaafc22,27dd8391-7f50-4b5b-be1a-f1a61e81eafb,Silver Lake Tech Park Subway Transit Cam 43,CAM-01-042,subway_transit,1080p,northbound_entry,active,rtsp://streaming.internal.crimemind.net/live/cam-01-042,"{""fps"": 30, ""night_vision_ir"": true, ""pan_tilt_zoom"": true}",2021-01-01T00:00:00,2021-01-01T00:00:00
54f80960-d548-4e42-a346-d1c41f423284,cd6e6456-9977-436c-8b56-0d8d71de5b02,South Bay Logistics Hub Subway Transit Cam 44,CAM-01-043,subway_transit,4K,southbound_exit,active,rtsp://streaming.internal.crimemind.net/live/cam-01-043,"{""fps"": 30, ""night_vision_ir"": true, ""pan_tilt_zoom"": false}",2021-01-01T00:00:00,2021-01-01T00:00:00
27e434c1-8a5a-46d4-a899-955faacc669c,71de0f5a-30f5-4b89-aa1a-35ba53bc6ced,Silver Lake Tech Park Subway Transit Cam 45,CAM-01-044,subway_transit,4K,360_degree_dome,active,rtsp://streaming.internal.crimemind.net/live/cam-01-044,"{""fps"": 30, ""night_vision_ir"": true, ""pan_tilt_zoom"": false}",2021-01-01T00:00:00,2021-01-01T00:00:00
c5a6ec9c-ed09-4444-aa38-72d483abc067,a7ebf24d-cea9-4676-aa1b-f6b12dbb5e92,Old Town Heritage Ward Subway Transit Cam 46,CAM-01-045,subway_transit,720p,pedestrian_walkway,active,rtsp://streaming.internal.crimemind.net/live/cam-01-045,"{""fps"": 30, ""night_vision_ir"": true, ""pan_tilt_zoom"": true}",2021-01-01T00:00:00,2021-01-01T00:00:00
00bb72c8-b844-4eab-ae3d-04d12699ac79,35c68a88-2ea8-4da8-b616-bfdf27184c62,South Bay Logistics Hub Atm Surveillance Cam 47,CAM-01-046,atm_surveillance,4K,pedestrian_walkway,active,rtsp://streaming.internal.crimemind.net/live/cam-01-046,"{""fps"": 30, ""night_vision_ir"": true, ""pan_tilt_zoom"": false}",2021-01-01T00:00:00,2021-01-01T00:00:00
dbab5ef3-14d7-45d0-b7d3-f860c2607163,c37d5006-175c-473b-822e-665c50811270,South Bay Logistics Hub Private Commercial Cam 48,CAM-01-047,private_commercial,1080p,vault_corridor,maintenance,rtsp://streaming.internal.crimemind.net/live/cam-01-047,"{""fps"": 30, ""night_vision_ir"": true, ""pan_tilt_zoom"": false}",2021-01-01T00:00:00,2021-01-01T00:00:00
489d2135-06af-487a-a42c-b9a6db4ed98e,9d7a71a8-a620-488b-9a23-d54de7ba3ed4,Harbor Point Terminal Atm Surveillance Cam 49,CAM-01-048,atm_surveillance,1080p,pedestrian_walkway,active,rtsp://streaming.internal.crimemind.net/live/cam-01-048,"{""fps"": 30, ""night_vision_ir"": true, ""pan_tilt_zoom"": true}",2021-01-01T00:00:00,2021-01-01T00:00:00
fb4ddd18-3aba-4502-a5cd-df9a754e4ebf,96ac76fe-a6d3-4587-bbac-0ce472d7a9e8,Northshore Heights Municipal Surveillance Cam 50,CAM-01-049,municipal_surveillance,1080p,northbound_entry,active,rtsp://streaming.internal.crimemind.net/live/cam-01-049,"{""fps"": 30, ""night_vision_ir"": true, ""pan_tilt_zoom"": false}",2021-01-01T00:00:00,2021-01-01T00:00:00
7b302dff-1b34-4627-8f46-977f8e0d3cdd,88ff4986-71e5-452d-babd-130d27f9060b,Industrial Waterfront & Port Subway Transit Cam 51,CAM-02-050,subway_transit,720p,southbound_exit,active,rtsp://streaming.internal.crimemind.net/live/cam-02-050,"{""fps"": 30, ""night_vision_ir"": true, ""pan_tilt_zoom"": false}",2021-01-01T00:00:00,2021-01-01T00:00:00
7bde78fc-db9f-4b58-b38f-2469d2c28715,bd2c3d9d-88cf-432e-bfd4-0e8a3e01055b,Northshore Heights Highway Toll Cam 52,CAM-02-051,highway_toll,720p,360_degree_dome,active,rtsp://streaming.internal.crimemind.net/live/cam-02-051,"{""fps"": 30, ""night_vision_ir"": true, ""pan_tilt_zoom"": true}",2021-01-01T00:00:00,2021-01-01T00:00:00
6ebb8ce3-57d6-4b36-8075-f25911c8fe10,1ca6ff8f-0b40-42ad-9b0c-3bdef3b1a681,South Bay Logistics Hub Atm Surveillance Cam 53,CAM-02-052,atm_surveillance,720p,southbound_exit,active,rtsp://streaming.internal.crimemind.net/live/cam-02-052,"{""fps"": 30, ""night_vision_ir"": true, ""pan_tilt_zoom"": false}",2021-01-01T00:00:00,2021-01-01T00:00:00
4cb9da1a-d3df-457b-a795-4de48d115c78,5782f4c0-51e9-4cd7-b78d-4f827e2d7f9a,Eastside Arts Corridor Traffic Police Cam 54,CAM-02-053,traffic_police,1080p,northbound_entry,active,rtsp://streaming.internal.crimemind.net/live/cam-02-053,"{""fps"": 30, ""night_vision_ir"": true, ""pan_tilt_zoom"": false}",2021-01-01T00:00:00,2021-01-01T00:00:00
0ab8477c-98dd-4f2d-b907-e84567594f84,95f80194-24c6-43ed-8284-1e1550b18b5e,Midtown Financial Plaza Residential Ring Cam 55,CAM-02-054,residential_ring,4K,vault_corridor,maintenance,rtsp://streaming.internal.crimemind.net/live/cam-02-054,"{""fps"": 30, ""night_vision_ir"": true, ""pan_tilt_zoom"": true}",2021-01-01T00:00:00,2021-01-01T00:00:00
afd0d927-28d5-4e98-83cb-fde6447ca136,20ba9792-2ea5-452a-9ed8-e82d338f22db,Eastside Arts Corridor Atm Surveillance Cam 56,CAM-02-055,atm_surveillance,4K,northbound_entry,active,rtsp://streaming.internal.crimemind.net/live/cam-02-055,"{""fps"": 30, ""night_vision_ir"": true, ""pan_tilt_zoom"": false}",2021-01-01T00:00:00,2021-01-01T00:00:00
a85a37bb-d4ef-4809-80ff-bc02b70645e0,539dd2f1-e79a-4cc8-b36a-cdbd94e0f320,West End Suburbs Highway Toll Cam 57,CAM-02-056,highway_toll,4K,southbound_exit,offline,rtsp://streaming.internal.crimemind.net/live/cam-02-056,"{""fps"": 30, ""night_vision_ir"": true, ""pan_tilt_zoom"": false}",2021-01-01T00:00:00,2021-01-01T00:00:00
3cddf024-cc92-427a-b90d-559b8ade72d8,338ad2d9-05b7-4a1a-875d-1b0abc8d9cb9,Harbor Point Terminal Residential Ring Cam 58,CAM-02-057,residential_ring,1080p,northbound_entry,active,rtsp://streaming.internal.crimemind.net/live/cam-02-057,"{""fps"": 30, ""night_vision_ir"": true, ""pan_tilt_zoom"": true}",2021-01-01T00:00:00,2021-01-01T00:00:00
90b039ab-2118-461a-9081-29be02af3b72,1ea50928-e5cc-4ffb-8e6f-99ebbc6e2c37,Old Town Heritage Ward Residential Ring Cam 59,CAM-02-058,residential_ring,1080p,southbound_exit,active,rtsp://streaming.internal.crimemind.net/live/cam-02-058,"{""fps"": 30, ""night_vision_ir"": true, ""pan_tilt_zoom"": false}",2021-01-01T00:00:00,2021-01-01T00:00:00
66491cc4-c08c-4210-af95-b36ac7aa0d73,5a42fc4a-b949-4361-99ac-c1576e1883c4,Old Town Heritage Ward Atm Surveillance Cam 60,CAM-02-059,atm_surveillance,4K,pedestrian_walkway,active,rtsp://streaming.internal.crimemind.net/live/cam-02-059,"{""fps"": 30, ""night_vision_ir"": true, ""pan_tilt_zoom"": false}",2021-01-01T00:00:00,2021-01-01T00:00:00
8a353dae-f742-4a01-a72e-0f83f746b439,12756eff-4c16-463b-88da-f782bf37752e,West End Suburbs Municipal Surveillance Cam 61,CAM-02-060,municipal_surveillance,1080p,southbound_exit,active,rtsp://streaming.internal.crimemind.net/live/cam-02-060,"{""fps"": 30, ""night_vision_ir"": true, ""pan_tilt_zoom"": true}",2021-01-01T00:00:00,2021-01-01T00:00:00
4a66322a-d975-4683-af40-bddc32d91348,2cd783e3-1f49-418b-ba6a-44e28c6e37cc,South Bay Logistics Hub Subway Transit Cam 62,CAM-02-061,subway_transit,1080p,360_degree_dome,active,rtsp://streaming.internal.crimemind.net/live/cam-02-061,"{""fps"": 30, ""night_vision_ir"": true, ""pan_tilt_zoom"": false}",2021-01-01T00:00:00,2021-01-01T00:00:00
f310ec2d-d5ac-4d07-9cd2-6ef862be4948,2cd783e3-1f49-418b-ba6a-44e28c6e37cc,South Bay Logistics Hub Residential Ring Cam 63,CAM-02-062,residential_ring,1080p,pedestrian_walkway,active,rtsp://streaming.internal.crimemind.net/live/cam-02-062,"{""fps"": 30, ""night_vision_ir"": true, ""pan_tilt_zoom"": false}",2021-01-01T00:00:00,2021-01-01T00:00:00
de2e3da3-1750-4ca0-9735-2f048e35da3c,76b23c6b-bac0-4c8f-8f62-b3a0a5d78fe0,Midtown Financial Plaza Atm Surveillance Cam 64,CAM-02-063,atm_surveillance,720p,southbound_exit,active,rtsp://streaming.internal.crimemind.net/live/cam-02-063,"{""fps"": 30, ""night_vision_ir"": true, ""pan_tilt_zoom"": true}",2021-01-01T00:00:00,2021-01-01T00:00:00
6bfd872a-2d93-4b1f-8ca6-56167996329c,cf11309f-8a9c-4974-a1dc-bdb2215ce72a,Northshore Heights Private Commercial Cam 65,CAM-02-064,private_commercial,4K,southbound_exit,active,rtsp://streaming.internal.crimemind.net/live/cam-02-064,"{""fps"": 30, ""night_vision_ir"": true, ""pan_tilt_zoom"": false}",2021-01-01T00:00:00,2021-01-01T00:00:00
3a9f0007-8335-4e8c-87e5-9c305a52401f,373a85fc-0c55-40ca-a300-22b9920a23b4,South Bay Logistics Hub Atm Surveillance Cam 66,CAM-02-065,atm_surveillance,1080p,southbound_exit,active,rtsp://streaming.internal.crimemind.net/live/cam-02-065,"{""fps"": 30, ""night_vision_ir"": true, ""pan_tilt_zoom"": false}",2021-01-01T00:00:00,2021-01-01T00:00:00
ee1cc50f-07ce-42f7-a0aa-b355867d2e47,0198c363-0a3a-4e5a-ab65-5a485e24f8a7,West End Suburbs Municipal Surveillance Cam 67,CAM-02-066,municipal_surveillance,720p,pedestrian_walkway,active,rtsp://streaming.internal.crimemind.net/live/cam-02-066,"{""fps"": 30, ""night_vision_ir"": true, ""pan_tilt_zoom"": true}",2021-01-01T00:00:00,2021-01-01T00:00:00
86a9ff93-f0cb-43f8-99e3-75c2cb1a8a4c,377f6f02-4f91-4308-8add-251e2fae3e64,Midtown Financial Plaza Municipal Surveillance Cam 68,CAM-02-067,municipal_surveillance,1080p,vault_corridor,active,rtsp://streaming.internal.crimemind.net/live/cam-02-067,"{""fps"": 30, ""night_vision_ir"": true, ""pan_tilt_zoom"": false}",2021-01-01T00:00:00,2021-01-01T00:00:00
0ee2cba8-0bfe-45e8-9554-c66635e0b99f,edcecca9-a5ff-42b5-96c8-33f3933d08b0,Harbor Point Terminal Private Commercial Cam 69,CAM-02-068,private_commercial,720p,vault_corridor,active,rtsp://streaming.internal.crimemind.net/live/cam-02-068,"{""fps"": 30, ""night_vision_ir"": true, ""pan_tilt_zoom"": false}",2021-01-01T00:00:00,2021-01-01T00:00:00
286c1f5f-6f72-4b77-992b-c2008319fab2,f62b3e10-0037-4072-94a4-a5f1aca843f8,South Bay Logistics Hub Atm Surveillance Cam 70,CAM-02-069,atm_surveillance,720p,northbound_entry,active,rtsp://streaming.internal.crimemind.net/live/cam-02-069,"{""fps"": 30, ""night_vision_ir"": true, ""pan_tilt_zoom"": true}",2021-01-01T00:00:00,2021-01-01T00:00:00
f918a24e-7266-4eb1-9fe0-a8449f69f603,8a96a2d6-b9ae-4594-bd90-a804d50d66b0,Old Town Heritage Ward Municipal Surveillance Cam 71,CAM-02-070,municipal_surveillance,1080p,360_degree_dome,maintenance,rtsp://streaming.internal.crimemind.net/live/cam-02-070,"{""fps"": 30, ""night_vision_ir"": true, ""pan_tilt_zoom"": false}",2021-01-01T00:00:00,2021-01-01T00:00:00
8aff5d31-7142-424d-97c3-e31194b659c7,0d74f909-93f8-4e56-9501-d54e681c46d8,Northshore Heights Subway Transit Cam 72,CAM-02-071,subway_transit,720p,northbound_entry,active,rtsp://streaming.internal.crimemind.net/live/cam-02-071,"{""fps"": 30, ""night_vision_ir"": true, ""pan_tilt_zoom"": false}",2021-01-01T00:00:00,2021-01-01T00:00:00
2e38ec0f-8e35-420b-bd91-0010a545339a,ea0e1398-b976-4705-9623-f6654dbf640e,Old Town Heritage Ward Subway Transit Cam 73,CAM-02-072,subway_transit,1080p,southbound_exit,active,rtsp://streaming.internal.crimemind.net/live/cam-02-072,"{""fps"": 30, ""night_vision_ir"": true, ""pan_tilt_zoom"": true}",2021-01-01T00:00:00,2021-01-01T00:00:00
8faf8bec-1c5e-4b10-ba8a-5c4a4f8b9a19,a5364309-fb09-4f17-a7bc-8544f269b2fd,South Bay Logistics Hub Subway Transit Cam 74,CAM-02-073,subway_transit,1080p,pedestrian_walkway,active,rtsp://streaming.internal.crimemind.net/live/cam-02-073,"{""fps"": 30, ""night_vision_ir"": true, ""pan_tilt_zoom"": false}",2021-01-01T00:00:00,2021-01-01T00:00:00
f444f5d4-f599-4050-adda-0209b7e30ea0,08385921-07cf-4fdb-8ca9-df8e2976d79f,Harbor Point Terminal Subway Transit Cam 75,CAM-02-074,subway_transit,4K,vault_corridor,active,rtsp://streaming.internal.crimemind.net/live/cam-02-074,"{""fps"": 30, ""night_vision_ir"": true, ""pan_tilt_zoom"": false}",2021-01-01T00:00:00,2021-01-01T00:00:00
b45ed810-0581-4144-9e39-c80b7ee26f10,0cb9f726-2c97-4cc2-b4ec-3bb8865a4f46,Old Town Heritage Ward Municipal Surveillance Cam 76,CAM-02-075,municipal_surveillance,4K,pedestrian_walkway,active,rtsp://streaming.internal.crimemind.net/live/cam-02-075,"{""fps"": 30, ""night_vision_ir"": true, ""pan_tilt_zoom"": true}",2021-01-01T00:00:00,2021-01-01T00:00:00
ca7bd947-d054-4998-8f8d-98316611399f,eb79c5c1-bf40-47d1-865e-411b292a52c6,Midtown Financial Plaza Highway Toll Cam 77,CAM-02-076,highway_toll,720p,northbound_entry,active,rtsp://streaming.internal.crimemind.net/live/cam-02-076,"{""fps"": 30, ""night_vision_ir"": true, ""pan_tilt_zoom"": false}",2021-01-01T00:00:00,2021-01-01T00:00:00
c68b3993-8f22-488a-a207-78928dc45d47,db7c792c-2d54-4d50-bc80-cc14e1f7275f,Industrial Waterfront & Port Residential Ring Cam 78,CAM-02-077,residential_ring,4K,northbound_entry,active,rtsp://streaming.internal.crimemind.net/live/cam-02-077,"{""fps"": 30, ""night_vision_ir"": true, ""pan_tilt_zoom"": false}",2021-01-01T00:00:00,2021-01-01T00:00:00
481984ac-55e2-46c1-aa80-60df27f3e327,5c8be847-9598-4325-9bcc-bfcf274b7ad4,South Bay Logistics Hub Municipal Surveillance Cam 79,CAM-02-078,municipal_surveillance,720p,360_degree_dome,active,rtsp://streaming.internal.crimemind.net/live/cam-02-078,"{""fps"": 30, ""night_vision_ir"": true, ""pan_tilt_zoom"": true}",2021-01-01T00:00:00,2021-01-01T00:00:00
4bf0d7d5-1ea1-4dcc-bd1c-2a1d207b7022,02e707b4-9ab6-4e49-bc50-d074e32eb85a,Old Town Heritage Ward Residential Ring Cam 80,CAM-02-079,residential_ring,1080p,northbound_entry,active,rtsp://streaming.internal.crimemind.net/live/cam-02-079,"{""fps"": 30, ""night_vision_ir"": true, ""pan_tilt_zoom"": false}",2021-01-01T00:00:00,2021-01-01T00:00:00
b0329b48-a228-45d0-830d-a79796856b43,a5364309-fb09-4f17-a7bc-8544f269b2fd,South Bay Logistics Hub Subway Transit Cam 81,CAM-02-080,subway_transit,1080p,northbound_entry,maintenance,rtsp://streaming.internal.crimemind.net/live/cam-02-080,"{""fps"": 30, ""night_vision_ir"": true, ""pan_tilt_zoom"": false}",2021-01-01T00:00:00,2021-01-01T00:00:00
7f3088b4-49ea-4538-ad89-e3b7d6900ce0,4307ef29-6b54-4b09-b0cf-a4c848bf88da,Old Town Heritage Ward Municipal Surveillance Cam 82,CAM-02-081,municipal_surveillance,1080p,northbound_entry,maintenance,rtsp://streaming.internal.crimemind.net/live/cam-02-081,"{""fps"": 30, ""night_vision_ir"": true, ""pan_tilt_zoom"": true}",2021-01-01T00:00:00,2021-01-01T00:00:00
7ba0e6a6-466d-4700-b207-04474752bfe4,1b5a9663-6c6a-4168-bb2e-3fbc653d4b5f,South Bay Logistics Hub Subway Transit Cam 83,CAM-02-082,subway_transit,1080p,pedestrian_walkway,active,rtsp://streaming.internal.crimemind.net/live/cam-02-082,"{""fps"": 30, ""night_vision_ir"": true, ""pan_tilt_zoom"": false}",2021-01-01T00:00:00,2021-01-01T00:00:00
8a451a68-c03a-42fa-a31e-43bc0baea6ba,952235ab-2445-491a-a918-daaf50cd719b,Old Town Heritage Ward Subway Transit Cam 84,CAM-02-083,subway_transit,720p,northbound_entry,active,rtsp://streaming.internal.crimemind.net/live/cam-02-083,"{""fps"": 30, ""night_vision_ir"": true, ""pan_tilt_zoom"": false}",2021-01-01T00:00:00,2021-01-01T00:00:00
95d2ac1c-2d34-4180-b1ca-160ad236c58d,db7c792c-2d54-4d50-bc80-cc14e1f7275f,Industrial Waterfront & Port Private Commercial Cam 85,CAM-02-084,private_commercial,1080p,360_degree_dome,active,rtsp://streaming.internal.crimemind.net/live/cam-02-084,"{""fps"": 30, ""night_vision_ir"": true, ""pan_tilt_zoom"": true}",2021-01-01T00:00:00,2021-01-01T00:00:00
7653455a-bf42-49b1-88da-fbf1534fbd91,cefd4685-83df-473b-9ef4-f519a10a70d1,Northshore Heights Subway Transit Cam 86,CAM-02-085,subway_transit,1080p,vault_corridor,active,rtsp://streaming.internal.crimemind.net/live/cam-02-085,"{""fps"": 30, ""night_vision_ir"": true, ""pan_tilt_zoom"": false}",2021-01-01T00:00:00,2021-01-01T00:00:00
499e6034-34fa-4f81-a602-6d157ad28e93,d703289f-55ed-42c0-ac78-62367a588703,Harbor Point Terminal Residential Ring Cam 87,CAM-02-086,residential_ring,1080p,southbound_exit,active,rtsp://streaming.internal.crimemind.net/live/cam-02-086,"{""fps"": 30, ""night_vision_ir"": true, ""pan_tilt_zoom"": false}",2021-01-01T00:00:00,2021-01-01T00:00:00
6e787e46-0c18-4f30-bad2-3a79f69128ce,783152c1-d8c0-4715-a600-1a313e767968,Industrial Waterfront & Port Traffic Police Cam 88,CAM-02-087,traffic_police,720p,pedestrian_walkway,active,rtsp://streaming.internal.crimemind.net/live/cam-02-087,"{""fps"": 30, ""night_vision_ir"": true, ""pan_tilt_zoom"": true}",2021-01-01T00:00:00,2021-01-01T00:00:00
cd26dcf4-9753-4364-819e-4d000d53065a,6cf1daf5-7e77-433c-8586-e0afc1056fc1,Northshore Heights Highway Toll Cam 89,CAM-02-088,highway_toll,4K,vault_corridor,active,rtsp://streaming.internal.crimemind.net/live/cam-02-088,"{""fps"": 30, ""night_vision_ir"": true, ""pan_tilt_zoom"": false}",2021-01-01T00:00:00,2021-01-01T00:00:00
71c7a03f-2af3-4d3d-995d-233e93c14cf7,80917acb-b3f0-4374-b7ff-52ae3f74e4d4,West End Suburbs Municipal Surveillance Cam 90,CAM-02-089,municipal_surveillance,720p,360_degree_dome,active,rtsp://streaming.internal.crimemind.net/live/cam-02-089,"{""fps"": 30, ""night_vision_ir"": true, ""pan_tilt_zoom"": false}",2021-01-01T00:00:00,2021-01-01T00:00:00
faf3757f-3bf0-4ccd-acc5-936d698aee44,40c601f0-19ce-43a6-9b21-b3a1950e6c61,Eastside Arts Corridor Private Commercial Cam 91,CAM-02-090,private_commercial,4K,southbound_exit,active,rtsp://streaming.internal.crimemind.net/live/cam-02-090,"{""fps"": 30, ""night_vision_ir"": true, ""pan_tilt_zoom"": true}",2021-01-01T00:00:00,2021-01-01T00:00:00
64cee54b-7c9a-4e52-b943-65098c59670c,4aea7cc7-0cbd-4082-a21c-1f62dd840757,Silver Lake Tech Park Subway Transit Cam 92,CAM-02-091,subway_transit,720p,northbound_entry,active,rtsp://streaming.internal.crimemind.net/live/cam-02-091,"{""fps"": 30, ""night_vision_ir"": true, ""pan_tilt_zoom"": false}",2021-01-01T00:00:00,2021-01-01T00:00:00
cedcd327-6765-4e9b-ad15-8b918c27b165,72a0b309-ed36-40c8-9da3-a6ec14d2fbbe,Downtown Commercial District Subway Transit Cam 93,CAM-02-092,subway_transit,1080p,vault_corridor,active,rtsp://streaming.internal.crimemind.net/live/cam-02-092,"{""fps"": 30, ""night_vision_ir"": true, ""pan_tilt_zoom"": false}",2021-01-01T00:00:00,2021-01-01T00:00:00
edef3a39-056f-4ade-b87c-0309d1db3155,97186504-bf1d-4c53-b26d-12733451dfe6,West End Suburbs Subway Transit Cam 94,CAM-02-093,subway_transit,1080p,southbound_exit,offline,rtsp://streaming.internal.crimemind.net/live/cam-02-093,"{""fps"": 30, ""night_vision_ir"": true, ""pan_tilt_zoom"": true}",2021-01-01T00:00:00,2021-01-01T00:00:00
e874bf4b-5070-4128-9732-4c0a96d06d23,01fba7bb-5e1a-4311-8db0-d077da8d120a,Midtown Financial Plaza Residential Ring Cam 95,CAM-02-094,residential_ring,4K,pedestrian_walkway,active,rtsp://streaming.internal.crimemind.net/live/cam-02-094,"{""fps"": 30, ""night_vision_ir"": true, ""pan_tilt_zoom"": false}",2021-01-01T00:00:00,2021-01-01T00:00:00
c79c5c52-031a-4670-960a-0d52ffe8210f,bc111b09-a7a6-4642-8d3b-544aacf66b5e,Silver Lake Tech Park Municipal Surveillance Cam 96,CAM-02-095,municipal_surveillance,1080p,northbound_entry,active,rtsp://streaming.internal.crimemind.net/live/cam-02-095,"{""fps"": 30, ""night_vision_ir"": true, ""pan_tilt_zoom"": false}",2021-01-01T00:00:00,2021-01-01T00:00:00
f094e991-b0ff-4c40-9d4c-a82fc5dbf5c7,639ee1bb-8f44-459a-bd87-a8d21d6203f9,Northshore Heights Highway Toll Cam 97,CAM-02-096,highway_toll,4K,360_degree_dome,maintenance,rtsp://streaming.internal.crimemind.net/live/cam-02-096,"{""fps"": 30, ""night_vision_ir"": true, ""pan_tilt_zoom"": true}",2021-01-01T00:00:00,2021-01-01T00:00:00
17ea5d8f-76a9-48d2-b25b-480fbe5b9cd0,cd78ca1e-e92f-4775-8a37-2437998aabb0,South Bay Logistics Hub Highway Toll Cam 98,CAM-02-097,highway_toll,720p,pedestrian_walkway,active,rtsp://streaming.internal.crimemind.net/live/cam-02-097,"{""fps"": 30, ""night_vision_ir"": true, ""pan_tilt_zoom"": false}",2021-01-01T00:00:00,2021-01-01T00:00:00
7b638138-12f2-427b-a71c-8be1c0b9ae83,5ca3be26-8ec2-4bca-9b22-9c1b2577f397,Northshore Heights Municipal Surveillance Cam 99,CAM-02-098,municipal_surveillance,720p,southbound_exit,active,rtsp://streaming.internal.crimemind.net/live/cam-02-098,"{""fps"": 30, ""night_vision_ir"": true, ""pan_tilt_zoom"": false}",2021-01-01T00:00:00,2021-01-01T00:00:00
898ea12a-c8fc-4a94-a5a1-54e48b399489,9ccf7b92-ec8c-4291-a80a-ec21be42823b,Silver Lake Tech Park Private Commercial Cam 100,CAM-02-099,private_commercial,720p,pedestrian_walkway,active,rtsp://streaming.internal.crimemind.net/live/cam-02-099,"{""fps"": 30, ""night_vision_ir"": true, ""pan_tilt_zoom"": true}",2021-01-01T00:00:00,2021-01-01T00:00:00
656edb36-20a6-4c4c-8c9e-8cfc837f0a77,0d983cd6-2a46-4344-bec9-43b4d302d25e,Downtown Commercial District Private Commercial Cam 101,CAM-03-100,private_commercial,4K,vault_corridor,active,rtsp://streaming.internal.crimemind.net/live/cam-03-100,"{""fps"": 30, ""night_vision_ir"": true, ""pan_tilt_zoom"": false}",2021-01-01T00:00:00,2021-01-01T00:00:00
47c09cfc-21cb-4cb1-9cf4-1e0bce1bbe6e,fce7115c-342e-45af-be4c-3033bbbdd6d9,Industrial Waterfront & Port Private Commercial Cam 102,CAM-03-101,private_commercial,1080p,southbound_exit,active,rtsp://streaming.internal.crimemind.net/live/cam-03-101,"{""fps"": 30, ""night_vision_ir"": true, ""pan_tilt_zoom"": false}",2021-01-01T00:00:00,2021-01-01T00:00:00
4b5e96bb-acc9-4ed9-bc82-fc95eb1f8ac5,fed393bb-958d-4c80-9cd0-5ccd833c2542,Silver Lake Tech Park Atm Surveillance Cam 103,CAM-03-102,atm_surveillance,4K,pedestrian_walkway,active,rtsp://streaming.internal.crimemind.net/live/cam-03-102,"{""fps"": 30, ""night_vision_ir"": true, ""pan_tilt_zoom"": true}",2021-01-01T00:00:00,2021-01-01T00:00:00
99a97054-da2a-4ced-b788-64441dc51d51,b4a048bd-8572-44c1-ba1d-261121d4d5f4,Downtown Commercial District Traffic Police Cam 104,CAM-03-103,traffic_police,4K,northbound_entry,active,rtsp://streaming.internal.crimemind.net/live/cam-03-103,"{""fps"": 30, ""night_vision_ir"": true, ""pan_tilt_zoom"": false}",2021-01-01T00:00:00,2021-01-01T00:00:00
0c5f68f3-e875-413c-8e75-82e20a7bde30,9cd6d82a-258b-4c11-8a6b-f7c3ace35f7a,Old Town Heritage Ward Subway Transit Cam 105,CAM-03-104,subway_transit,1080p,southbound_exit,active,rtsp://streaming.internal.crimemind.net/live/cam-03-104,"{""fps"": 30, ""night_vision_ir"": true, ""pan_tilt_zoom"": false}",2021-01-01T00:00:00,2021-01-01T00:00:00
c9b5e62b-36eb-4d14-8a5c-7c3003671002,94ed9ba3-f091-4ba6-a2e3-f3b2f2f5f947,Midtown Financial Plaza Municipal Surveillance Cam 106,CAM-03-105,municipal_surveillance,4K,pedestrian_walkway,maintenance,rtsp://streaming.internal.crimemind.net/live/cam-03-105,"{""fps"": 30, ""night_vision_ir"": true, ""pan_tilt_zoom"": true}",2021-01-01T00:00:00,2021-01-01T00:00:00
b14343f1-3a8d-49d4-a35f-3ae0fc0e1ed7,c37d5006-175c-473b-822e-665c50811270,South Bay Logistics Hub Subway Transit Cam 107,CAM-03-106,subway_transit,4K,360_degree_dome,active,rtsp://streaming.internal.crimemind.net/live/cam-03-106,"{""fps"": 30, ""night_vision_ir"": true, ""pan_tilt_zoom"": false}",2021-01-01T00:00:00,2021-01-01T00:00:00
c3af1bf6-a708-42ef-8d59-08d084c82805,0a5f39f8-5678-4760-b135-04909c4c3a0c,South Bay Logistics Hub Traffic Police Cam 108,CAM-03-107,traffic_police,1080p,360_degree_dome,offline,rtsp://streaming.internal.crimemind.net/live/cam-03-107,"{""fps"": 30, ""night_vision_ir"": true, ""pan_tilt_zoom"": false}",2021-01-01T00:00:00,2021-01-01T00:00:00
5ef69c23-b95e-4186-8047-737330d10285,d540af24-e5ef-444a-95db-3e3258c7d8da,West End Suburbs Atm Surveillance Cam 109,CAM-03-108,atm_surveillance,720p,northbound_entry,active,rtsp://streaming.internal.crimemind.net/live/cam-03-108,"{""fps"": 30, ""night_vision_ir"": true, ""pan_tilt_zoom"": true}",2021-01-01T00:00:00,2021-01-01T00:00:00
d1f04bab-a736-4c86-87b5-3ff1501ff742,f7367e21-54f9-4b3e-b73a-d3de273b8a3a,Midtown Financial Plaza Traffic Police Cam 110,CAM-03-109,traffic_police,1080p,360_degree_dome,active,rtsp://streaming.internal.crimemind.net/live/cam-03-109,"{""fps"": 30, ""night_vision_ir"": true, ""pan_tilt_zoom"": false}",2021-01-01T00:00:00,2021-01-01T00:00:00
57833124-befc-480b-b511-4056d508ce82,4ffc46e3-0813-4c6a-8190-51f8e4fe015d,Harbor Point Terminal Private Commercial Cam 111,CAM-03-110,private_commercial,4K,pedestrian_walkway,active,rtsp://streaming.internal.crimemind.net/live/cam-03-110,"{""fps"": 30, ""night_vision_ir"": true, ""pan_tilt_zoom"": false}",2021-01-01T00:00:00,2021-01-01T00:00:00
1d1aa7bc-b2a5-4f47-b02d-cad03aacca37,5c8be847-9598-4325-9bcc-bfcf274b7ad4,South Bay Logistics Hub Highway Toll Cam 112,CAM-03-111,highway_toll,720p,pedestrian_walkway,active,rtsp://streaming.internal.crimemind.net/live/cam-03-111,"{""fps"": 30, ""night_vision_ir"": true, ""pan_tilt_zoom"": true}",2021-01-01T00:00:00,2021-01-01T00:00:00
014a9601-8edc-4694-b77f-5c08f1cd935d,50c680af-dc2f-4991-a085-03dad1c997f0,Industrial Waterfront & Port Private Commercial Cam 113,CAM-03-112,private_commercial,1080p,360_degree_dome,active,rtsp://streaming.internal.crimemind.net/live/cam-03-112,"{""fps"": 30, ""night_vision_ir"": true, ""pan_tilt_zoom"": false}",2021-01-01T00:00:00,2021-01-01T00:00:00
ccdf98dd-3ae1-4c41-8bd2-46699b7fbb73,f96f7963-3610-4120-9e31-1c54ae87459a,Harbor Point Terminal Residential Ring Cam 114,CAM-03-113,residential_ring,4K,360_degree_dome,active,rtsp://streaming.internal.crimemind.net/live/cam-03-113,"{""fps"": 30, ""night_vision_ir"": true, ""pan_tilt_zoom"": false}",2021-01-01T00:00:00,2021-01-01T00:00:00
5605ff72-744c-4335-8045-2988910cb868,78e8efd4-213d-4096-8853-a6cc4ea67e5c,South Bay Logistics Hub Residential Ring Cam 115,CAM-03-114,residential_ring,1080p,360_degree_dome,active,rtsp://streaming.internal.crimemind.net/live/cam-03-114,"{""fps"": 30, ""night_vision_ir"": true, ""pan_tilt_zoom"": true}",2021-01-01T00:00:00,2021-01-01T00:00:00
3c0db838-a4bf-45b9-a10f-1dc3b0369380,72c709b7-b638-4f1f-8c1a-30f910758fba,West End Suburbs Residential Ring Cam 116,CAM-03-115,residential_ring,720p,pedestrian_walkway,active,rtsp://streaming.internal.crimemind.net/live/cam-03-115,"{""fps"": 30, ""night_vision_ir"": true, ""pan_tilt_zoom"": false}",2021-01-01T00:00:00,2021-01-01T00:00:00
77a06c26-0984-400a-8962-7e5e745bd7fe,d27f1205-651b-4e2b-bc78-9498a6e5570e,Eastside Arts Corridor Municipal Surveillance Cam 117,CAM-03-116,municipal_surveillance,1080p,360_degree_dome,active,rtsp://streaming.internal.crimemind.net/live/cam-03-116,"{""fps"": 30, ""night_vision_ir"": true, ""pan_tilt_zoom"": false}",2021-01-01T00:00:00,2021-01-01T00:00:00
a08bd0ed-7a50-4cad-aaf0-f04ed4f4d379,b46ecc58-389c-47a9-b2c8-e880a1f4ad98,Silver Lake Tech Park Traffic Police Cam 118,CAM-03-117,traffic_police,720p,360_degree_dome,active,rtsp://streaming.internal.crimemind.net/live/cam-03-117,"{""fps"": 30, ""night_vision_ir"": true, ""pan_tilt_zoom"": true}",2021-01-01T00:00:00,2021-01-01T00:00:00
c6fe2ce6-cb9d-4c63-8d6f-c1a961a8025f,fab3a1eb-bf71-4e36-9a10-56d5d1e1113b,Eastside Arts Corridor Highway Toll Cam 119,CAM-03-118,highway_toll,720p,360_degree_dome,active,rtsp://streaming.internal.crimemind.net/live/cam-03-118,"{""fps"": 30, ""night_vision_ir"": true, ""pan_tilt_zoom"": false}",2021-01-01T00:00:00,2021-01-01T00:00:00
91a99ec7-53bf-4ffb-bf1a-d3b61ef9ab66,a1589432-4445-4e26-8c56-2e252e087649,Downtown Commercial District Atm Surveillance Cam 120,CAM-03-119,atm_surveillance,1080p,northbound_entry,maintenance,rtsp://streaming.internal.crimemind.net/live/cam-03-119,"{""fps"": 30, ""night_vision_ir"": true, ""pan_tilt_zoom"": false}",2021-01-01T00:00:00,2021-01-01T00:00:00
1bfce1ae-3014-45a1-93f5-5074271a414c,4de1dabb-0387-47a2-bcc6-155db5b83508,Northshore Heights Traffic Police Cam 121,CAM-03-120,traffic_police,4K,360_degree_dome,active,rtsp://streaming.internal.crimemind.net/live/cam-03-120,"{""fps"": 30, ""night_vision_ir"": true, ""pan_tilt_zoom"": true}",2021-01-01T00:00:00,2021-01-01T00:00:00
46a984de-d6de-400d-bbf5-c249a26167c0,95cb9c85-a5a2-412b-bf57-4396f532d35f,Old Town Heritage Ward Municipal Surveillance Cam 122,CAM-03-121,municipal_surveillance,1080p,northbound_entry,active,rtsp://streaming.internal.crimemind.net/live/cam-03-121,"{""fps"": 30, ""night_vision_ir"": true, ""pan_tilt_zoom"": false}",2021-01-01T00:00:00,2021-01-01T00:00:00
a8360f0a-a054-42b9-8503-685b01901f48,3a5426de-6557-48a0-a389-3495491fbea2,Midtown Financial Plaza Municipal Surveillance Cam 123,CAM-03-122,municipal_surveillance,1080p,360_degree_dome,active,rtsp://streaming.internal.crimemind.net/live/cam-03-122,"{""fps"": 30, ""night_vision_ir"": true, ""pan_tilt_zoom"": false}",2021-01-01T00:00:00,2021-01-01T00:00:00
2767d2b5-0ee1-4fd8-b640-49ee60b35cba,6c8a59c2-926c-4d4c-954b-17fd319ce087,Eastside Arts Corridor Atm Surveillance Cam 124,CAM-03-123,atm_surveillance,1080p,southbound_exit,maintenance,rtsp://streaming.internal.crimemind.net/live/cam-03-123,"{""fps"": 30, ""night_vision_ir"": true, ""pan_tilt_zoom"": true}",2021-01-01T00:00:00,2021-01-01T00:00:00
8c964b10-bcde-4916-a66f-03405ccaba18,c0631c94-52be-4f5a-ba75-c27755441117,Eastside Arts Corridor Residential Ring Cam 125,CAM-03-124,residential_ring,1080p,northbound_entry,active,rtsp://streaming.internal.crimemind.net/live/cam-03-124,"{""fps"": 30, ""night_vision_ir"": true, ""pan_tilt_zoom"": false}",2021-01-01T00:00:00,2021-01-01T00:00:00
acce2fbb-2aed-4e47-8447-c69cea9d59f1,05bac9c1-4e34-4945-8d7c-cad664fc5d81,Downtown Commercial District Highway Toll Cam 126,CAM-03-125,highway_toll,1080p,vault_corridor,active,rtsp://streaming.internal.crimemind.net/live/cam-03-125,"{""fps"": 30, ""night_vision_ir"": true, ""pan_tilt_zoom"": false}",2021-01-01T00:00:00,2021-01-01T00:00:00
630d0df0-e950-4179-8070-6c14d55d3aa5,fe4737a5-95b8-4cf8-a27b-e5c7ca38edca,Eastside Arts Corridor Residential Ring Cam 127,CAM-03-126,residential_ring,1080p,vault_corridor,active,rtsp://streaming.internal.crimemind.net/live/cam-03-126,"{""fps"": 30, ""night_vision_ir"": true, ""pan_tilt_zoom"": true}",2021-01-01T00:00:00,2021-01-01T00:00:00
ec3addaa-fafe-4609-bc7a-5429ce879f90,ba53e747-c0d8-4cc3-81ac-a25221175d86,Eastside Arts Corridor Atm Surveillance Cam 128,CAM-03-127,atm_surveillance,4K,360_degree_dome,active,rtsp://streaming.internal.crimemind.net/live/cam-03-127,"{""fps"": 30, ""night_vision_ir"": true, ""pan_tilt_zoom"": false}",2021-01-01T00:00:00,2021-01-01T00:00:00
fb8aa12a-934b-4627-bfe5-cbd6b24796b5,6e695c3b-f736-42a3-847b-538b16d0f08a,Downtown Commercial District Traffic Police Cam 129,CAM-03-128,traffic_police,1080p,northbound_entry,active,rtsp://streaming.internal.crimemind.net/live/cam-03-128,"{""fps"": 30, ""night_vision_ir"": true, ""pan_tilt_zoom"": false}",2021-01-01T00:00:00,2021-01-01T00:00:00
0fcf7904-224b-4411-9f56-43535f2f3a35,a19ea947-a04a-460f-819b-e3c741c6e0bc,Midtown Financial Plaza Traffic Police Cam 130,CAM-03-129,traffic_police,4K,vault_corridor,active,rtsp://streaming.internal.crimemind.net/live/cam-03-129,"{""fps"": 30, ""night_vision_ir"": true, ""pan_tilt_zoom"": true}",2021-01-01T00:00:00,2021-01-01T00:00:00
f6e68718-f33c-4d2d-a011-5935ec136950,f987ddd4-6670-43f6-841e-712c071e66c2,Midtown Financial Plaza Subway Transit Cam 131,CAM-03-130,subway_transit,720p,360_degree_dome,active,rtsp://streaming.internal.crimemind.net/live/cam-03-130,"{""fps"": 30, ""night_vision_ir"": true, ""pan_tilt_zoom"": false}",2021-01-01T00:00:00,2021-01-01T00:00:00
c7c0636c-090c-4ecc-b51a-9a0581461a15,d850211d-1794-48cf-8d57-84a560b807e0,Eastside Arts Corridor Residential Ring Cam 132,CAM-03-131,residential_ring,4K,pedestrian_walkway,active,rtsp://streaming.internal.crimemind.net/live/cam-03-131,"{""fps"": 30, ""night_vision_ir"": true, ""pan_tilt_zoom"": false}",2021-01-01T00:00:00,2021-01-01T00:00:00
eee54d6f-89e8-43a2-ba9c-44df349d67e3,7f51f26c-33b0-4bd7-92fa-4337bca3c93c,South Bay Logistics Hub Subway Transit Cam 133,CAM-03-132,subway_transit,720p,northbound_entry,active,rtsp://streaming.internal.crimemind.net/live/cam-03-132,"{""fps"": 30, ""night_vision_ir"": true, ""pan_tilt_zoom"": true}",2021-01-01T00:00:00,2021-01-01T00:00:00
8a49a92c-c0b2-4cd0-83aa-43f2bc273c11,2c18e141-db6b-483a-864a-26f419fd3180,Harbor Point Terminal Subway Transit Cam 134,CAM-03-133,subway_transit,1080p,northbound_entry,active,rtsp://streaming.internal.crimemind.net/live/cam-03-133,"{""fps"": 30, ""night_vision_ir"": true, ""pan_tilt_zoom"": false}",2021-01-01T00:00:00,2021-01-01T00:00:00
7bd98bab-7712-40ce-99bf-054e5d93aed8,860e6ee5-6e75-4ffd-9347-9a4ff0a8947d,West End Suburbs Subway Transit Cam 135,CAM-03-134,subway_transit,4K,pedestrian_walkway,active,rtsp://streaming.internal.crimemind.net/live/cam-03-134,"{""fps"": 30, ""night_vision_ir"": true, ""pan_tilt_zoom"": false}",2021-01-01T00:00:00,2021-01-01T00:00:00
d6b4c94a-fd65-4b46-9d55-b40abc3fec9a,7b3b82a0-c8dd-48e1-b6d8-d2fc0c88443a,Downtown Commercial District Highway Toll Cam 136,CAM-03-135,highway_toll,720p,pedestrian_walkway,active,rtsp://streaming.internal.crimemind.net/live/cam-03-135,"{""fps"": 30, ""night_vision_ir"": true, ""pan_tilt_zoom"": true}",2021-01-01T00:00:00,2021-01-01T00:00:00
ee6f3604-5b7a-4984-b3fa-47a7ebde7040,c7218191-1962-44a5-ac75-b38c24de07e9,Harbor Point Terminal Municipal Surveillance Cam 137,CAM-03-136,municipal_surveillance,1080p,360_degree_dome,active,rtsp://streaming.internal.crimemind.net/live/cam-03-136,"{""fps"": 30, ""night_vision_ir"": true, ""pan_tilt_zoom"": false}",2021-01-01T00:00:00,2021-01-01T00:00:00
396dff7b-44d4-4a8c-9c86-06f83caf007e,052a4b32-c1cf-4dba-a28f-54870d1e207d,Silver Lake Tech Park Residential Ring Cam 138,CAM-03-137,residential_ring,1080p,southbound_exit,active,rtsp://streaming.internal.crimemind.net/live/cam-03-137,"{""fps"": 30, ""night_vision_ir"": true, ""pan_tilt_zoom"": false}",2021-01-01T00:00:00,2021-01-01T00:00:00
318909d1-84fc-469f-8422-99da3ab9aab8,5323cfb9-d5f1-416e-b4b7-cace0622b3cc,Eastside Arts Corridor Private Commercial Cam 139,CAM-03-138,private_commercial,1080p,northbound_entry,active,rtsp://streaming.internal.crimemind.net/live/cam-03-138,"{""fps"": 30, ""night_vision_ir"": true, ""pan_tilt_zoom"": true}",2021-01-01T00:00:00,2021-01-01T00:00:00
99111b64-bbc9-4acf-97e7-d3ab4dfded78,f839d063-da5e-4dc3-9e02-92ca1c9aaa18,West End Suburbs Private Commercial Cam 140,CAM-03-139,private_commercial,1080p,360_degree_dome,active,rtsp://streaming.internal.crimemind.net/live/cam-03-139,"{""fps"": 30, ""night_vision_ir"": true, ""pan_tilt_zoom"": false}",2021-01-01T00:00:00,2021-01-01T00:00:00
294019ab-ceda-426c-8708-a9af936ccfa1,133fbf85-840b-4993-a3df-9b1812bee8e6,Harbor Point Terminal Residential Ring Cam 141,CAM-03-140,residential_ring,1080p,360_degree_dome,active,rtsp://streaming.internal.crimemind.net/live/cam-03-140,"{""fps"": 30, ""night_vision_ir"": true, ""pan_tilt_zoom"": false}",2021-01-01T00:00:00,2021-01-01T00:00:00
67fd88a7-a3e8-4620-8a96-b0f75684c028,0cd89bf2-b859-4774-8ae8-d0d984162d20,Harbor Point Terminal Atm Surveillance Cam 142,CAM-03-141,atm_surveillance,720p,360_degree_dome,active,rtsp://streaming.internal.crimemind.net/live/cam-03-141,"{""fps"": 30, ""night_vision_ir"": true, ""pan_tilt_zoom"": true}",2021-01-01T00:00:00,2021-01-01T00:00:00
b7a42599-72ac-4d05-9406-215b4c14b2c3,8c6280a9-49e0-40ad-a5f8-f058f7cdd208,Industrial Waterfront & Port Highway Toll Cam 143,CAM-03-142,highway_toll,1080p,vault_corridor,active,rtsp://streaming.internal.crimemind.net/live/cam-03-142,"{""fps"": 30, ""night_vision_ir"": true, ""pan_tilt_zoom"": false}",2021-01-01T00:00:00,2021-01-01T00:00:00
c9af2474-b723-4e51-959e-6813669ba027,346e0aa1-30fd-45d3-9e6a-c53c5f5ec80c,Downtown Commercial District Municipal Surveillance Cam 144,CAM-03-143,municipal_surveillance,4K,southbound_exit,maintenance,rtsp://streaming.internal.crimemind.net/live/cam-03-143,"{""fps"": 30, ""night_vision_ir"": true, ""pan_tilt_zoom"": false}",2021-01-01T00:00:00,2021-01-01T00:00:00
d50c113d-8bff-4753-96a5-603bf6db2efe,93957229-bbc6-4505-9d49-3ebab0c9486e,Eastside Arts Corridor Traffic Police Cam 145,CAM-03-144,traffic_police,1080p,vault_corridor,active,rtsp://streaming.internal.crimemind.net/live/cam-03-144,"{""fps"": 30, ""night_vision_ir"": true, ""pan_tilt_zoom"": true}",2021-01-01T00:00:00,2021-01-01T00:00:00
474692d9-74f0-40a0-971e-0c0f6330edfe,5fed26a1-f734-477c-a998-3a719a8cbba9,Harbor Point Terminal Residential Ring Cam 146,CAM-03-145,residential_ring,4K,southbound_exit,active,rtsp://streaming.internal.crimemind.net/live/cam-03-145,"{""fps"": 30, ""night_vision_ir"": true, ""pan_tilt_zoom"": false}",2021-01-01T00:00:00,2021-01-01T00:00:00
a4c2e61c-0d0d-44e8-aecf-a0339e8716ce,93c0ad74-3290-4591-b576-73576626a6b7,Northshore Heights Subway Transit Cam 147,CAM-03-146,subway_transit,4K,northbound_entry,active,rtsp://streaming.internal.crimemind.net/live/cam-03-146,"{""fps"": 30, ""night_vision_ir"": true, ""pan_tilt_zoom"": false}",2021-01-01T00:00:00,2021-01-01T00:00:00
1ee4b449-d9e8-4883-b5c6-9ef9a7cb37a4,29239bdf-0e2d-489a-a12c-e8074c53e36a,Midtown Financial Plaza Subway Transit Cam 148,CAM-03-147,subway_transit,1080p,360_degree_dome,active,rtsp://streaming.internal.crimemind.net/live/cam-03-147,"{""fps"": 30, ""night_vision_ir"": true, ""pan_tilt_zoom"": true}",2021-01-01T00:00:00,2021-01-01T00:00:00
52514ae2-2caf-4d3e-966f-8ee308a18e00,ad44af1d-72e6-4b86-8256-d7f9d89801a0,South Bay Logistics Hub Subway Transit Cam 149,CAM-03-148,subway_transit,4K,vault_corridor,active,rtsp://streaming.internal.crimemind.net/live/cam-03-148,"{""fps"": 30, ""night_vision_ir"": true, ""pan_tilt_zoom"": false}",2021-01-01T00:00:00,2021-01-01T00:00:00
ff6654e7-02e7-4aa7-bfdb-7ae7c00848d5,0b8a17f3-b62a-4896-912a-e89cd6b40ade,Midtown Financial Plaza Traffic Police Cam 150,CAM-03-149,traffic_police,720p,southbound_exit,active,rtsp://streaming.internal.crimemind.net/live/cam-03-149,"{""fps"": 30, ""night_vision_ir"": true, ""pan_tilt_zoom"": false}",2021-01-01T00:00:00,2021-01-01T00:00:00
6595653a-9ffc-4f18-82e8-4c6d098a7ce0,97186504-bf1d-4c53-b26d-12733451dfe6,West End Suburbs Private Commercial Cam 151,CAM-04-150,private_commercial,1080p,pedestrian_walkway,active,rtsp://streaming.internal.crimemind.net/live/cam-04-150,"{""fps"": 30, ""night_vision_ir"": true, ""pan_tilt_zoom"": true}",2021-01-01T00:00:00,2021-01-01T00:00:00
08f3e339-4578-4ab3-bdee-5195def94093,637d16ae-d110-40c4-8881-cd5466887c16,Midtown Financial Plaza Private Commercial Cam 152,CAM-04-151,private_commercial,1080p,southbound_exit,active,rtsp://streaming.internal.crimemind.net/live/cam-04-151,"{""fps"": 30, ""night_vision_ir"": true, ""pan_tilt_zoom"": false}",2021-01-01T00:00:00,2021-01-01T00:00:00
6e386688-6c22-41e0-a7e4-bf2a8fedd318,032ce1ae-ac35-48d7-b818-318dbc1b636c,Midtown Financial Plaza Highway Toll Cam 153,CAM-04-152,highway_toll,1080p,360_degree_dome,active,rtsp://streaming.internal.crimemind.net/live/cam-04-152,"{""fps"": 30, ""night_vision_ir"": true, ""pan_tilt_zoom"": false}",2021-01-01T00:00:00,2021-01-01T00:00:00
3e13f2dd-1c75-4c14-b201-211920a4e302,67544a30-c395-49e2-bb09-81d7b6eabc97,Old Town Heritage Ward Municipal Surveillance Cam 154,CAM-04-153,municipal_surveillance,4K,vault_corridor,active,rtsp://streaming.internal.crimemind.net/live/cam-04-153,"{""fps"": 30, ""night_vision_ir"": true, ""pan_tilt_zoom"": true}",2021-01-01T00:00:00,2021-01-01T00:00:00
6d5fd379-f917-4824-9037-2ab9efa87c60,5b10319e-45e8-4fb5-abd9-e8eb6d5c334f,Silver Lake Tech Park Atm Surveillance Cam 155,CAM-04-154,atm_surveillance,720p,360_degree_dome,maintenance,rtsp://streaming.internal.crimemind.net/live/cam-04-154,"{""fps"": 30, ""night_vision_ir"": true, ""pan_tilt_zoom"": false}",2021-01-01T00:00:00,2021-01-01T00:00:00
b7d484ed-5bce-4127-9897-0359a8d08c7f,fd9f09aa-5a15-48b3-b6fc-23bc5d1dc57e,Downtown Commercial District Subway Transit Cam 156,CAM-04-155,subway_transit,4K,pedestrian_walkway,active,rtsp://streaming.internal.crimemind.net/live/cam-04-155,"{""fps"": 30, ""night_vision_ir"": true, ""pan_tilt_zoom"": false}",2021-01-01T00:00:00,2021-01-01T00:00:00
c2b3731a-1c01-405b-977b-7efd795223ad,7cbcb6db-607a-4b65-809c-bbeb0aee940b,Harbor Point Terminal Subway Transit Cam 157,CAM-04-156,subway_transit,1080p,pedestrian_walkway,active,rtsp://streaming.internal.crimemind.net/live/cam-04-156,"{""fps"": 30, ""night_vision_ir"": true, ""pan_tilt_zoom"": true}",2021-01-01T00:00:00,2021-01-01T00:00:00
c77b9526-b801-4655-ad86-1f2b10286a34,bdb50820-6e6b-4645-aec2-5564b88f3e7e,Harbor Point Terminal Highway Toll Cam 158,CAM-04-157,highway_toll,1080p,pedestrian_walkway,active,rtsp://streaming.internal.crimemind.net/live/cam-04-157,"{""fps"": 30, ""night_vision_ir"": true, ""pan_tilt_zoom"": false}",2021-01-01T00:00:00,2021-01-01T00:00:00
abcd796b-66ae-4e5a-a017-c7a5acc6dad8,3f25ad1e-ba71-418d-acd6-382c9bbcf095,Downtown Commercial District Traffic Police Cam 159,CAM-04-158,traffic_police,1080p,vault_corridor,active,rtsp://streaming.internal.crimemind.net/live/cam-04-158,"{""fps"": 30, ""night_vision_ir"": true, ""pan_tilt_zoom"": false}",2021-01-01T00:00:00,2021-01-01T00:00:00
6d7388d8-b195-4e34-bc51-ca5114239dbf,68310490-e66e-493e-9c0a-39a36cf22833,Industrial Waterfront & Port Subway Transit Cam 160,CAM-04-159,subway_transit,4K,northbound_entry,active,rtsp://streaming.internal.crimemind.net/live/cam-04-159,"{""fps"": 30, ""night_vision_ir"": true, ""pan_tilt_zoom"": true}",2021-01-01T00:00:00,2021-01-01T00:00:00
9277fd76-84c7-4f13-a3c6-4e19bb9bb487,0122d678-1e74-4867-a3c4-df936b8fdf55,Midtown Financial Plaza Atm Surveillance Cam 161,CAM-04-160,atm_surveillance,1080p,360_degree_dome,active,rtsp://streaming.internal.crimemind.net/live/cam-04-160,"{""fps"": 30, ""night_vision_ir"": true, ""pan_tilt_zoom"": false}",2021-01-01T00:00:00,2021-01-01T00:00:00
92a46398-6818-4760-9c9e-72d27ff476fe,c1d297e6-7ed0-4109-8fd7-ba4524ea9529,Silver Lake Tech Park Traffic Police Cam 162,CAM-04-161,traffic_police,1080p,360_degree_dome,active,rtsp://streaming.internal.crimemind.net/live/cam-04-161,"{""fps"": 30, ""night_vision_ir"": true, ""pan_tilt_zoom"": false}",2021-01-01T00:00:00,2021-01-01T00:00:00
2e53eaf7-ae6b-4f93-9269-94f5a731b4fe,1f60851c-938b-43c6-ba5e-32b830cd433b,Midtown Financial Plaza Highway Toll Cam 163,CAM-04-162,highway_toll,1080p,southbound_exit,active,rtsp://streaming.internal.crimemind.net/live/cam-04-162,"{""fps"": 30, ""night_vision_ir"": true, ""pan_tilt_zoom"": true}",2021-01-01T00:00:00,2021-01-01T00:00:00
4af1824c-0a26-4029-b590-a04676194738,e5d97565-60b4-49f6-9bc4-084f8c5bfcef,Old Town Heritage Ward Private Commercial Cam 164,CAM-04-163,private_commercial,4K,360_degree_dome,active,rtsp://streaming.internal.crimemind.net/live/cam-04-163,"{""fps"": 30, ""night_vision_ir"": true, ""pan_tilt_zoom"": false}",2021-01-01T00:00:00,2021-01-01T00:00:00
40fa6293-eb4e-44cc-a37f-46bf9e7ee10b,0a90bf8a-6dfd-4094-ad1c-556c53a13361,Silver Lake Tech Park Residential Ring Cam 165,CAM-04-164,residential_ring,4K,southbound_exit,maintenance,rtsp://streaming.internal.crimemind.net/live/cam-04-164,"{""fps"": 30, ""night_vision_ir"": true, ""pan_tilt_zoom"": false}",2021-01-01T00:00:00,2021-01-01T00:00:00
bdce97ab-4461-4f14-b304-ef9ac49a69c9,0af97632-060f-490f-a643-13554e75afe2,Eastside Arts Corridor Highway Toll Cam 166,CAM-04-165,highway_toll,1080p,pedestrian_walkway,active,rtsp://streaming.internal.crimemind.net/live/cam-04-165,"{""fps"": 30, ""night_vision_ir"": true, ""pan_tilt_zoom"": true}",2021-01-01T00:00:00,2021-01-01T00:00:00
0a16be8c-92d8-4487-b663-1e1385620d35,0f66bcfd-7080-4d2e-ac20-744f6c7822e2,South Bay Logistics Hub Municipal Surveillance Cam 167,CAM-04-166,municipal_surveillance,1080p,360_degree_dome,active,rtsp://streaming.internal.crimemind.net/live/cam-04-166,"{""fps"": 30, ""night_vision_ir"": true, ""pan_tilt_zoom"": false}",2021-01-01T00:00:00,2021-01-01T00:00:00
3a3b518d-a147-4fc6-869b-0a4444bfd267,21e92c0f-137c-4a56-83ea-8319088d0ad0,Industrial Waterfront & Port Private Commercial Cam 168,CAM-04-167,private_commercial,1080p,360_degree_dome,active,rtsp://streaming.internal.crimemind.net/live/cam-04-167,"{""fps"": 30, ""night_vision_ir"": true, ""pan_tilt_zoom"": false}",2021-01-01T00:00:00,2021-01-01T00:00:00
8971d122-a12e-4266-89ad-499e22dfaa63,503e146b-fd97-473a-8d81-1e75d929a174,Silver Lake Tech Park Residential Ring Cam 169,CAM-04-168,residential_ring,1080p,360_degree_dome,active,rtsp://streaming.internal.crimemind.net/live/cam-04-168,"{""fps"": 30, ""night_vision_ir"": true, ""pan_tilt_zoom"": true}",2021-01-01T00:00:00,2021-01-01T00:00:00
0c8c8010-472b-408d-a964-36d733945f73,4307ef29-6b54-4b09-b0cf-a4c848bf88da,Old Town Heritage Ward Traffic Police Cam 170,CAM-04-169,traffic_police,1080p,vault_corridor,active,rtsp://streaming.internal.crimemind.net/live/cam-04-169,"{""fps"": 30, ""night_vision_ir"": true, ""pan_tilt_zoom"": false}",2021-01-01T00:00:00,2021-01-01T00:00:00
71b81033-6b6d-4b03-a420-c6fe6c2e684b,be3a02cf-6e8b-4e01-9b6e-c2c47635c17b,South Bay Logistics Hub Residential Ring Cam 171,CAM-04-170,residential_ring,1080p,pedestrian_walkway,active,rtsp://streaming.internal.crimemind.net/live/cam-04-170,"{""fps"": 30, ""night_vision_ir"": true, ""pan_tilt_zoom"": false}",2021-01-01T00:00:00,2021-01-01T00:00:00
ba7aae55-a930-4d31-bc42-8773f2bccbe8,0ed08ae1-3c95-4f02-a795-4f001e9c326b,Eastside Arts Corridor Traffic Police Cam 172,CAM-04-171,traffic_police,720p,pedestrian_walkway,active,rtsp://streaming.internal.crimemind.net/live/cam-04-171,"{""fps"": 30, ""night_vision_ir"": true, ""pan_tilt_zoom"": true}",2021-01-01T00:00:00,2021-01-01T00:00:00
f34e3195-e357-4f19-8bec-65d43aa374fc,cd8f0384-b855-4212-a4c5-6928ed3271a1,Old Town Heritage Ward Residential Ring Cam 173,CAM-04-172,residential_ring,4K,vault_corridor,active,rtsp://streaming.internal.crimemind.net/live/cam-04-172,"{""fps"": 30, ""night_vision_ir"": true, ""pan_tilt_zoom"": false}",2021-01-01T00:00:00,2021-01-01T00:00:00
d0cc9cc1-c266-4722-b47c-72980941ca64,f5d475d4-2850-4f76-a060-6196f53028bc,Industrial Waterfront & Port Residential Ring Cam 174,CAM-04-173,residential_ring,720p,northbound_entry,active,rtsp://streaming.internal.crimemind.net/live/cam-04-173,"{""fps"": 30, ""night_vision_ir"": true, ""pan_tilt_zoom"": false}",2021-01-01T00:00:00,2021-01-01T00:00:00
8f534ca7-783e-4e02-94e9-04b0440cc2b7,f44dfcac-70a1-4c3a-83ac-0150cc804a78,Industrial Waterfront & Port Municipal Surveillance Cam 175,CAM-04-174,municipal_surveillance,1080p,northbound_entry,active,rtsp://streaming.internal.crimemind.net/live/cam-04-174,"{""fps"": 30, ""night_vision_ir"": true, ""pan_tilt_zoom"": true}",2021-01-01T00:00:00,2021-01-01T00:00:00
4fc5cea4-b13c-4b67-b590-cfa647bdf928,3228bdf6-4cf1-49a2-bed5-520dc99f6360,Harbor Point Terminal Municipal Surveillance Cam 176,CAM-04-175,municipal_surveillance,4K,pedestrian_walkway,active,rtsp://streaming.internal.crimemind.net/live/cam-04-175,"{""fps"": 30, ""night_vision_ir"": true, ""pan_tilt_zoom"": false}",2021-01-01T00:00:00,2021-01-01T00:00:00
6f841c08-6ae1-4149-a985-a9a4f1e0bc95,13f03a82-2742-40ed-9890-941f9dae24d2,Eastside Arts Corridor Municipal Surveillance Cam 177,CAM-04-176,municipal_surveillance,4K,northbound_entry,maintenance,rtsp://streaming.internal.crimemind.net/live/cam-04-176,"{""fps"": 30, ""night_vision_ir"": true, ""pan_tilt_zoom"": false}",2021-01-01T00:00:00,2021-01-01T00:00:00
4201386a-63ea-4afa-a1bb-39588be78bcf,89298228-6851-45be-9364-d19a79e9099e,South Bay Logistics Hub Municipal Surveillance Cam 178,CAM-04-177,municipal_surveillance,720p,pedestrian_walkway,active,rtsp://streaming.internal.crimemind.net/live/cam-04-177,"{""fps"": 30, ""night_vision_ir"": true, ""pan_tilt_zoom"": true}",2021-01-01T00:00:00,2021-01-01T00:00:00
fd0d1f68-140b-4dad-89a1-9d273da258fe,34de3e7c-790b-488d-94c1-7fe56d2a7934,Midtown Financial Plaza Private Commercial Cam 179,CAM-04-178,private_commercial,720p,vault_corridor,active,rtsp://streaming.internal.crimemind.net/live/cam-04-178,"{""fps"": 30, ""night_vision_ir"": true, ""pan_tilt_zoom"": false}",2021-01-01T00:00:00,2021-01-01T00:00:00
2f94b5ca-68c8-4ddc-8b75-660b9ef8e208,8c18bd3b-d00e-4f29-bb8b-f2864955e6cd,Industrial Waterfront & Port Traffic Police Cam 180,CAM-04-179,traffic_police,1080p,360_degree_dome,active,rtsp://streaming.internal.crimemind.net/live/cam-04-179,"{""fps"": 30, ""night_vision_ir"": true, ""pan_tilt_zoom"": false}",2021-01-01T00:00:00,2021-01-01T00:00:00
01435448-c343-4734-a2d0-f40a1d367a13,40eeded3-068c-4593-b162-b2def0711461,Downtown Commercial District Traffic Police Cam 181,CAM-04-180,traffic_police,1080p,vault_corridor,active,rtsp://streaming.internal.crimemind.net/live/cam-04-180,"{""fps"": 30, ""night_vision_ir"": true, ""pan_tilt_zoom"": true}",2021-01-01T00:00:00,2021-01-01T00:00:00
c7aae026-356e-49bc-b17b-a84cdb26f193,bd5631ac-2562-45c8-aac6-814b89732325,Northshore Heights Municipal Surveillance Cam 182,CAM-04-181,municipal_surveillance,1080p,pedestrian_walkway,offline,rtsp://streaming.internal.crimemind.net/live/cam-04-181,"{""fps"": 30, ""night_vision_ir"": true, ""pan_tilt_zoom"": false}",2021-01-01T00:00:00,2021-01-01T00:00:00
8093dfa3-6d1f-495d-954d-eb4a857eee70,cf9fc7b4-318e-4335-9ff5-c544315e338d,West End Suburbs Residential Ring Cam 183,CAM-04-182,residential_ring,720p,southbound_exit,active,rtsp://streaming.internal.crimemind.net/live/cam-04-182,"{""fps"": 30, ""night_vision_ir"": true, ""pan_tilt_zoom"": false}",2021-01-01T00:00:00,2021-01-01T00:00:00
d8025648-7c24-400e-8486-09d73e1e1c85,b7c0517b-afd8-4cd9-80ad-cb300d519de6,Downtown Commercial District Highway Toll Cam 184,CAM-04-183,highway_toll,720p,northbound_entry,active,rtsp://streaming.internal.crimemind.net/live/cam-04-183,"{""fps"": 30, ""night_vision_ir"": true, ""pan_tilt_zoom"": true}",2021-01-01T00:00:00,2021-01-01T00:00:00
cfd3f833-6f3e-42e1-8495-1863ea65ae73,1cad1461-adcb-436c-9b11-764fe7c2d9f2,South Bay Logistics Hub Traffic Police Cam 185,CAM-04-184,traffic_police,4K,southbound_exit,active,rtsp://streaming.internal.crimemind.net/live/cam-04-184,"{""fps"": 30, ""night_vision_ir"": true, ""pan_tilt_zoom"": false}",2021-01-01T00:00:00,2021-01-01T00:00:00
c3ff28d5-27e3-4977-b9f5-8fad46a24947,e48eb733-8db3-4fcf-99b4-88716e0e3e66,Downtown Commercial District Subway Transit Cam 186,CAM-04-185,subway_transit,4K,pedestrian_walkway,active,rtsp://streaming.internal.crimemind.net/live/cam-04-185,"{""fps"": 30, ""night_vision_ir"": true, ""pan_tilt_zoom"": false}",2021-01-01T00:00:00,2021-01-01T00:00:00
069f9324-648b-41c1-94d1-a22ee8473296,ae4b3c1f-012a-4a25-ae6c-5f8e27fd7db1,Old Town Heritage Ward Subway Transit Cam 187,CAM-04-186,subway_transit,4K,northbound_entry,offline,rtsp://streaming.internal.crimemind.net/live/cam-04-186,"{""fps"": 30, ""night_vision_ir"": true, ""pan_tilt_zoom"": true}",2021-01-01T00:00:00,2021-01-01T00:00:00
158321b5-eb33-418c-ad52-0507da01c19d,cbda2c89-e893-4071-85d3-a996866aeb62,West End Suburbs Traffic Police Cam 188,CAM-04-187,traffic_police,1080p,northbound_entry,active,rtsp://streaming.internal.crimemind.net/live/cam-04-187,"{""fps"": 30, ""night_vision_ir"": true, ""pan_tilt_zoom"": false}",2021-01-01T00:00:00,2021-01-01T00:00:00
9eda8744-f0fd-400b-b2d0-755c1d879abf,711f6666-cba2-42d9-8ac5-0ddab1b44589,Harbor Point Terminal Traffic Police Cam 189,CAM-04-188,traffic_police,4K,pedestrian_walkway,active,rtsp://streaming.internal.crimemind.net/live/cam-04-188,"{""fps"": 30, ""night_vision_ir"": true, ""pan_tilt_zoom"": false}",2021-01-01T00:00:00,2021-01-01T00:00:00
a0ce7499-a667-4281-ba6c-220323fbba3f,c83e063a-2e95-4878-9d4a-454430af2804,Harbor Point Terminal Municipal Surveillance Cam 190,CAM-04-189,municipal_surveillance,1080p,pedestrian_walkway,active,rtsp://streaming.internal.crimemind.net/live/cam-04-189,"{""fps"": 30, ""night_vision_ir"": true, ""pan_tilt_zoom"": true}",2021-01-01T00:00:00,2021-01-01T00:00:00
aa34218b-cf75-4ccb-add7-f2376813f5ea,0cd89bf2-b859-4774-8ae8-d0d984162d20,Harbor Point Terminal Subway Transit Cam 191,CAM-04-190,subway_transit,4K,northbound_entry,active,rtsp://streaming.internal.crimemind.net/live/cam-04-190,"{""fps"": 30, ""night_vision_ir"": true, ""pan_tilt_zoom"": false}",2021-01-01T00:00:00,2021-01-01T00:00:00
29df6bd5-3adc-4135-b170-6b74e848d647,7500e0c6-5081-4856-ab1e-782de842d3a4,Midtown Financial Plaza Municipal Surveillance Cam 192,CAM-04-191,municipal_surveillance,720p,360_degree_dome,active,rtsp://streaming.internal.crimemind.net/live/cam-04-191,"{""fps"": 30, ""night_vision_ir"": true, ""pan_tilt_zoom"": false}",2021-01-01T00:00:00,2021-01-01T00:00:00
15fd82d7-418e-42f5-8a3c-7cb1a7bc5b32,bcf833df-ebd2-4568-847c-daaf21ff5834,West End Suburbs Private Commercial Cam 193,CAM-04-192,private_commercial,1080p,southbound_exit,active,rtsp://streaming.internal.crimemind.net/live/cam-04-192,"{""fps"": 30, ""night_vision_ir"": true, ""pan_tilt_zoom"": true}",2021-01-01T00:00:00,2021-01-01T00:00:00
8abcaaf1-de1a-421d-8522-3f3725738163,44a08753-1fa2-4612-a6b8-f3bb6867b0d8,Midtown Financial Plaza Private Commercial Cam 194,CAM-04-193,private_commercial,1080p,northbound_entry,active,rtsp://streaming.internal.crimemind.net/live/cam-04-193,"{""fps"": 30, ""night_vision_ir"": true, ""pan_tilt_zoom"": false}",2021-01-01T00:00:00,2021-01-01T00:00:00
b99966d7-9780-48c4-a48c-b74e362bede9,a2f0ff1d-b435-4472-b99d-73cc32027f39,Harbor Point Terminal Subway Transit Cam 195,CAM-04-194,subway_transit,1080p,northbound_entry,active,rtsp://streaming.internal.crimemind.net/live/cam-04-194,"{""fps"": 30, ""night_vision_ir"": true, ""pan_tilt_zoom"": false}",2021-01-01T00:00:00,2021-01-01T00:00:00
e3062a1d-1509-42bd-b70a-9cd5bcff9b16,304a7c22-d8f7-47c2-8861-2a923d7b4a5d,Harbor Point Terminal Atm Surveillance Cam 196,CAM-04-195,atm_surveillance,1080p,pedestrian_walkway,active,rtsp://streaming.internal.crimemind.net/live/cam-04-195,"{""fps"": 30, ""night_vision_ir"": true, ""pan_tilt_zoom"": true}",2021-01-01T00:00:00,2021-01-01T00:00:00
5a6d903c-8fde-4be9-ba4f-54427ce414b1,71f5f3ab-e71b-4793-b9da-52b4441ca282,Industrial Waterfront & Port Private Commercial Cam 197,CAM-04-196,private_commercial,1080p,southbound_exit,active,rtsp://streaming.internal.crimemind.net/live/cam-04-196,"{""fps"": 30, ""night_vision_ir"": true, ""pan_tilt_zoom"": false}",2021-01-01T00:00:00,2021-01-01T00:00:00
a6bb0ac4-7c1e-4d6e-9c09-251e9e81f82d,c16f528a-0540-4e9d-a0cf-5ca0bd036a07,Silver Lake Tech Park Subway Transit Cam 198,CAM-04-197,subway_transit,4K,southbound_exit,active,rtsp://streaming.internal.crimemind.net/live/cam-04-197,"{""fps"": 30, ""night_vision_ir"": true, ""pan_tilt_zoom"": false}",2021-01-01T00:00:00,2021-01-01T00:00:00
82bb136f-9316-4731-a6ed-269778efc78e,27dd8391-7f50-4b5b-be1a-f1a61e81eafb,Silver Lake Tech Park Subway Transit Cam 199,CAM-04-198,subway_transit,1080p,northbound_entry,active,rtsp://streaming.internal.crimemind.net/live/cam-04-198,"{""fps"": 30, ""night_vision_ir"": true, ""pan_tilt_zoom"": true}",2021-01-01T00:00:00,2021-01-01T00:00:00
4fe7df98-a42f-4ebd-af0e-dd4ba403eda0,9cd93795-240f-4139-91eb-14a996df58a6,Eastside Arts Corridor Atm Surveillance Cam 200,CAM-04-199,atm_surveillance,720p,360_degree_dome,active,rtsp://streaming.internal.crimemind.net/live/cam-04-199,"{""fps"": 30, ""night_vision_ir"": true, ""pan_tilt_zoom"": false}",2021-01-01T00:00:00,2021-01-01T00:00:00
f19c2a94-b256-4aec-8ffb-00c395291e20,d9b3e6d6-bd01-4b10-a46e-00244999fc66,Downtown Commercial District Subway Transit Cam 201,CAM-05-200,subway_transit,1080p,360_degree_dome,active,rtsp://streaming.internal.crimemind.net/live/cam-05-200,"{""fps"": 30, ""night_vision_ir"": true, ""pan_tilt_zoom"": false}",2021-01-01T00:00:00,2021-01-01T00:00:00
b7720d65-0cde-4b78-afd4-bd502030e68f,166f14b4-c701-47d7-9c4e-ae91faa94c61,Eastside Arts Corridor Traffic Police Cam 202,CAM-05-201,traffic_police,720p,360_degree_dome,active,rtsp://streaming.internal.crimemind.net/live/cam-05-201,"{""fps"": 30, ""night_vision_ir"": true, ""pan_tilt_zoom"": true}",2021-01-01T00:00:00,2021-01-01T00:00:00
e6de9c4e-a56d-4b95-af31-311d311c0f74,e5809c09-8423-4a5d-a025-75e795b61d5c,Harbor Point Terminal Atm Surveillance Cam 203,CAM-05-202,atm_surveillance,1080p,southbound_exit,active,rtsp://streaming.internal.crimemind.net/live/cam-05-202,"{""fps"": 30, ""night_vision_ir"": true, ""pan_tilt_zoom"": false}",2021-01-01T00:00:00,2021-01-01T00:00:00
87ffec4a-bf6a-439a-b61f-9c869d91569c,5514d270-277c-427b-888f-b695f39ffebe,Midtown Financial Plaza Atm Surveillance Cam 204,CAM-05-203,atm_surveillance,4K,360_degree_dome,active,rtsp://streaming.internal.crimemind.net/live/cam-05-203,"{""fps"": 30, ""night_vision_ir"": true, ""pan_tilt_zoom"": false}",2021-01-01T00:00:00,2021-01-01T00:00:00
a50ffba3-4dec-44f0-8bb6-f67da7bb269e,efee4ec3-47df-41e0-b718-dca7dfcb4d38,Eastside Arts Corridor Atm Surveillance Cam 205,CAM-05-204,atm_surveillance,1080p,vault_corridor,offline,rtsp://streaming.internal.crimemind.net/live/cam-05-204,"{""fps"": 30, ""night_vision_ir"": true, ""pan_tilt_zoom"": true}",2021-01-01T00:00:00,2021-01-01T00:00:00
56cc5e56-ca7c-4081-8dce-d254a9ab49de,e42c684a-1f8c-40c9-80d6-63d3ef19f262,Downtown Commercial District Residential Ring Cam 206,CAM-05-205,residential_ring,1080p,pedestrian_walkway,active,rtsp://streaming.internal.crimemind.net/live/cam-05-205,"{""fps"": 30, ""night_vision_ir"": true, ""pan_tilt_zoom"": false}",2021-01-01T00:00:00,2021-01-01T00:00:00
0b50dd76-5091-4811-a3e9-444b19b9becc,2b140c90-ca8f-4e62-8ebb-361b33b6e72a,South Bay Logistics Hub Atm Surveillance Cam 207,CAM-05-206,atm_surveillance,1080p,northbound_entry,active,rtsp://streaming.internal.crimemind.net/live/cam-05-206,"{""fps"": 30, ""night_vision_ir"": true, ""pan_tilt_zoom"": false}",2021-01-01T00:00:00,2021-01-01T00:00:00
59c837b7-79db-422f-972d-22162cfa4783,3f62216d-4700-478a-943c-e9e60d4c6eed,Old Town Heritage Ward Private Commercial Cam 208,CAM-05-207,private_commercial,1080p,vault_corridor,active,rtsp://streaming.internal.crimemind.net/live/cam-05-207,"{""fps"": 30, ""night_vision_ir"": true, ""pan_tilt_zoom"": true}",2021-01-01T00:00:00,2021-01-01T00:00:00
0c0417ab-1fdd-47df-840c-68e508b24c10,bdb50820-6e6b-4645-aec2-5564b88f3e7e,Harbor Point Terminal Subway Transit Cam 209,CAM-05-208,subway_transit,720p,pedestrian_walkway,active,rtsp://streaming.internal.crimemind.net/live/cam-05-208,"{""fps"": 30, ""night_vision_ir"": true, ""pan_tilt_zoom"": false}",2021-01-01T00:00:00,2021-01-01T00:00:00
2ba74ced-be7d-469c-9647-1eda6ebb874d,93c0ad74-3290-4591-b576-73576626a6b7,Northshore Heights Municipal Surveillance Cam 210,CAM-05-209,municipal_surveillance,4K,pedestrian_walkway,active,rtsp://streaming.internal.crimemind.net/live/cam-05-209,"{""fps"": 30, ""night_vision_ir"": true, ""pan_tilt_zoom"": false}",2021-01-01T00:00:00,2021-01-01T00:00:00
e877cb5f-9077-4ca5-a3f3-21892db6e2d1,675e5431-6b55-4ab0-bf65-7dc4b1136d9d,Silver Lake Tech Park Atm Surveillance Cam 211,CAM-05-210,atm_surveillance,720p,pedestrian_walkway,active,rtsp://streaming.internal.crimemind.net/live/cam-05-210,"{""fps"": 30, ""night_vision_ir"": true, ""pan_tilt_zoom"": true}",2021-01-01T00:00:00,2021-01-01T00:00:00
3cbdaa2a-3340-459b-9459-a920580199b1,3be46386-f610-46f8-92f2-5bbf950bd667,West End Suburbs Traffic Police Cam 212,CAM-05-211,traffic_police,1080p,northbound_entry,active,rtsp://streaming.internal.crimemind.net/live/cam-05-211,"{""fps"": 30, ""night_vision_ir"": true, ""pan_tilt_zoom"": false}",2021-01-01T00:00:00,2021-01-01T00:00:00
a78dd0f9-362f-4e86-95f3-3f3ae97c8054,7d620b2f-2c94-45e0-af25-682a38a5af5e,Harbor Point Terminal Highway Toll Cam 213,CAM-05-212,highway_toll,720p,vault_corridor,active,rtsp://streaming.internal.crimemind.net/live/cam-05-212,"{""fps"": 30, ""night_vision_ir"": true, ""pan_tilt_zoom"": false}",2021-01-01T00:00:00,2021-01-01T00:00:00
6a272579-6c42-4098-92f2-2eec78de7502,86a843ad-fea2-4717-ad3d-ffab0691adb5,Northshore Heights Private Commercial Cam 214,CAM-05-213,private_commercial,1080p,northbound_entry,active,rtsp://streaming.internal.crimemind.net/live/cam-05-213,"{""fps"": 30, ""night_vision_ir"": true, ""pan_tilt_zoom"": true}",2021-01-01T00:00:00,2021-01-01T00:00:00
4f2439f3-1e11-4e91-8d3b-94532953c9ca,9ed52312-8822-448f-9d88-caa22c68814d,Northshore Heights Atm Surveillance Cam 215,CAM-05-214,atm_surveillance,1080p,northbound_entry,active,rtsp://streaming.internal.crimemind.net/live/cam-05-214,"{""fps"": 30, ""night_vision_ir"": true, ""pan_tilt_zoom"": false}",2021-01-01T00:00:00,2021-01-01T00:00:00
dc3bc97e-6b2e-465e-9549-b2d623eb2f2a,92057eae-32ee-41a3-8d66-76e52171efc3,Harbor Point Terminal Traffic Police Cam 216,CAM-05-215,traffic_police,1080p,360_degree_dome,active,rtsp://streaming.internal.crimemind.net/live/cam-05-215,"{""fps"": 30, ""night_vision_ir"": true, ""pan_tilt_zoom"": false}",2021-01-01T00:00:00,2021-01-01T00:00:00
ccdc21bd-6902-418d-abe7-2dbe032992c6,a69a6024-2688-4fa0-9e0f-4a423c487d0a,Industrial Waterfront & Port Traffic Police Cam 217,CAM-05-216,traffic_police,1080p,360_degree_dome,active,rtsp://streaming.internal.crimemind.net/live/cam-05-216,"{""fps"": 30, ""night_vision_ir"": true, ""pan_tilt_zoom"": true}",2021-01-01T00:00:00,2021-01-01T00:00:00
62a33b30-236e-406a-b3f9-64fec0f0a2c2,edcecca9-a5ff-42b5-96c8-33f3933d08b0,Harbor Point Terminal Highway Toll Cam 218,CAM-05-217,highway_toll,4K,vault_corridor,active,rtsp://streaming.internal.crimemind.net/live/cam-05-217,"{""fps"": 30, ""night_vision_ir"": true, ""pan_tilt_zoom"": false}",2021-01-01T00:00:00,2021-01-01T00:00:00
b5eda1e9-a9e9-482c-a412-d7ba40b2b3be,d0962f2b-a88d-47a4-b87f-7e47b003f12f,Eastside Arts Corridor Subway Transit Cam 219,CAM-05-218,subway_transit,1080p,southbound_exit,active,rtsp://streaming.internal.crimemind.net/live/cam-05-218,"{""fps"": 30, ""night_vision_ir"": true, ""pan_tilt_zoom"": false}",2021-01-01T00:00:00,2021-01-01T00:00:00
0075b0c4-855f-46fe-a4d9-ca72cfe06326,b0589843-dc89-46b0-b55f-9df9358ca178,Downtown Commercial District Private Commercial Cam 220,CAM-05-219,private_commercial,4K,pedestrian_walkway,active,rtsp://streaming.internal.crimemind.net/live/cam-05-219,"{""fps"": 30, ""night_vision_ir"": true, ""pan_tilt_zoom"": true}",2021-01-01T00:00:00,2021-01-01T00:00:00
d2c6d251-8cfe-46b4-896d-02d3928777d1,908e26d0-67a4-49bc-b9aa-6093100b1510,South Bay Logistics Hub Private Commercial Cam 221,CAM-05-220,private_commercial,1080p,360_degree_dome,active,rtsp://streaming.internal.crimemind.net/live/cam-05-220,"{""fps"": 30, ""night_vision_ir"": true, ""pan_tilt_zoom"": false}",2021-01-01T00:00:00,2021-01-01T00:00:00
a1117377-b6c1-4017-9f31-96a277871048,36a8ba9c-ba87-4ec4-bcaf-3640bd161807,Downtown Commercial District Subway Transit Cam 222,CAM-05-221,subway_transit,1080p,northbound_entry,active,rtsp://streaming.internal.crimemind.net/live/cam-05-221,"{""fps"": 30, ""night_vision_ir"": true, ""pan_tilt_zoom"": false}",2021-01-01T00:00:00,2021-01-01T00:00:00
4e08c79a-4c37-4097-90ab-c2c713732897,2ce78b24-f1a4-4575-9e1f-82d3190aa3a2,Harbor Point Terminal Atm Surveillance Cam 223,CAM-05-222,atm_surveillance,1080p,pedestrian_walkway,maintenance,rtsp://streaming.internal.crimemind.net/live/cam-05-222,"{""fps"": 30, ""night_vision_ir"": true, ""pan_tilt_zoom"": true}",2021-01-01T00:00:00,2021-01-01T00:00:00
e9b7d3f6-1b5b-4971-a1cf-2d41338b7456,c463b74d-2a19-44be-9be5-2df45e92ec8c,Industrial Waterfront & Port Highway Toll Cam 224,CAM-05-223,highway_toll,4K,pedestrian_walkway,active,rtsp://streaming.internal.crimemind.net/live/cam-05-223,"{""fps"": 30, ""night_vision_ir"": true, ""pan_tilt_zoom"": false}",2021-01-01T00:00:00,2021-01-01T00:00:00
aff5f967-9a04-4b4c-bbbd-493d2c4caaf0,32632b1b-9242-4962-b329-6b24bab84540,West End Suburbs Traffic Police Cam 225,CAM-05-224,traffic_police,720p,northbound_entry,active,rtsp://streaming.internal.crimemind.net/live/cam-05-224,"{""fps"": 30, ""night_vision_ir"": true, ""pan_tilt_zoom"": false}",2021-01-01T00:00:00,2021-01-01T00:00:00
da3f3604-0e7a-4554-99e2-4acce40825ee,f44dfcac-70a1-4c3a-83ac-0150cc804a78,Industrial Waterfront & Port Private Commercial Cam 226,CAM-05-225,private_commercial,4K,pedestrian_walkway,active,rtsp://streaming.internal.crimemind.net/live/cam-05-225,"{""fps"": 30, ""night_vision_ir"": true, ""pan_tilt_zoom"": true}",2021-01-01T00:00:00,2021-01-01T00:00:00
15314084-abf5-4ff8-9898-4b0623922a6b,7681e97d-4b67-4dcd-b79a-2f82cb7b445e,West End Suburbs Residential Ring Cam 227,CAM-05-226,residential_ring,4K,northbound_entry,active,rtsp://streaming.internal.crimemind.net/live/cam-05-226,"{""fps"": 30, ""night_vision_ir"": true, ""pan_tilt_zoom"": false}",2021-01-01T00:00:00,2021-01-01T00:00:00
fae9f0a8-862f-4697-afec-f126809edba4,44f324ba-69e6-40c8-9f5c-0c48c54a0ea9,West End Suburbs Subway Transit Cam 228,CAM-05-227,subway_transit,4K,southbound_exit,active,rtsp://streaming.internal.crimemind.net/live/cam-05-227,"{""fps"": 30, ""night_vision_ir"": true, ""pan_tilt_zoom"": false}",2021-01-01T00:00:00,2021-01-01T00:00:00
13d0f700-9cf1-4682-bb5b-f963cc3b5c57,6724eb73-1525-430f-b23c-80f9b6119826,Northshore Heights Traffic Police Cam 229,CAM-05-228,traffic_police,720p,vault_corridor,active,rtsp://streaming.internal.crimemind.net/live/cam-05-228,"{""fps"": 30, ""night_vision_ir"": true, ""pan_tilt_zoom"": true}",2021-01-01T00:00:00,2021-01-01T00:00:00
8b78e926-d880-4e67-adc3-b17aa01fe618,ceb0273a-8df8-4b19-a456-6bace026080d,South Bay Logistics Hub Municipal Surveillance Cam 230,CAM-05-229,municipal_surveillance,720p,northbound_entry,active,rtsp://streaming.internal.crimemind.net/live/cam-05-229,"{""fps"": 30, ""night_vision_ir"": true, ""pan_tilt_zoom"": false}",2021-01-01T00:00:00,2021-01-01T00:00:00
73220cfa-639b-4f8c-b06b-bf19de6955d0,5fed26a1-f734-477c-a998-3a719a8cbba9,Harbor Point Terminal Municipal Surveillance Cam 231,CAM-05-230,municipal_surveillance,4K,360_degree_dome,active,rtsp://streaming.internal.crimemind.net/live/cam-05-230,"{""fps"": 30, ""night_vision_ir"": true, ""pan_tilt_zoom"": false}",2021-01-01T00:00:00,2021-01-01T00:00:00
ba58440e-5a6c-47cc-b5b2-93c849eb2d5a,ae1c1c5b-d0b0-418e-9b1f-ed3a9efc839a,Eastside Arts Corridor Residential Ring Cam 232,CAM-05-231,residential_ring,1080p,360_degree_dome,active,rtsp://streaming.internal.crimemind.net/live/cam-05-231,"{""fps"": 30, ""night_vision_ir"": true, ""pan_tilt_zoom"": true}",2021-01-01T00:00:00,2021-01-01T00:00:00
b2bf959b-a023-4bc4-b2f0-0c88d1e7f77d,31297265-6d67-43c8-846b-73e1011d2d55,Downtown Commercial District Traffic Police Cam 233,CAM-05-232,traffic_police,4K,360_degree_dome,active,rtsp://streaming.internal.crimemind.net/live/cam-05-232,"{""fps"": 30, ""night_vision_ir"": true, ""pan_tilt_zoom"": false}",2021-01-01T00:00:00,2021-01-01T00:00:00
07a8bdb2-eedf-40f0-a0da-73b775a9d6fc,c16f528a-0540-4e9d-a0cf-5ca0bd036a07,Silver Lake Tech Park Highway Toll Cam 234,CAM-05-233,highway_toll,1080p,360_degree_dome,active,rtsp://streaming.internal.crimemind.net/live/cam-05-233,"{""fps"": 30, ""night_vision_ir"": true, ""pan_tilt_zoom"": false}",2021-01-01T00:00:00,2021-01-01T00:00:00
bffb5147-3154-4d99-933d-d765c17d2949,d540af24-e5ef-444a-95db-3e3258c7d8da,West End Suburbs Highway Toll Cam 235,CAM-05-234,highway_toll,1080p,northbound_entry,active,rtsp://streaming.internal.crimemind.net/live/cam-05-234,"{""fps"": 30, ""night_vision_ir"": true, ""pan_tilt_zoom"": true}",2021-01-01T00:00:00,2021-01-01T00:00:00
208e294e-d55b-4901-a2a1-4044331d581f,a241bd4c-7b25-4a76-8feb-e78846510b6a,Eastside Arts Corridor Residential Ring Cam 236,CAM-05-235,residential_ring,4K,southbound_exit,active,rtsp://streaming.internal.crimemind.net/live/cam-05-235,"{""fps"": 30, ""night_vision_ir"": true, ""pan_tilt_zoom"": false}",2021-01-01T00:00:00,2021-01-01T00:00:00
463e623b-514e-492e-af06-864ad0d4f3fc,a56f19e9-d52b-47a2-9500-43ff05183b14,Northshore Heights Traffic Police Cam 237,CAM-05-236,traffic_police,1080p,vault_corridor,active,rtsp://streaming.internal.crimemind.net/live/cam-05-236,"{""fps"": 30, ""night_vision_ir"": true, ""pan_tilt_zoom"": false}",2021-01-01T00:00:00,2021-01-01T00:00:00
3d09db4a-ecac-4336-a195-c2fbdc161e8e,417b31aa-4d0b-4aa9-a719-4f950b20488c,Harbor Point Terminal Municipal Surveillance Cam 238,CAM-05-237,municipal_surveillance,1080p,360_degree_dome,active,rtsp://streaming.internal.crimemind.net/live/cam-05-237,"{""fps"": 30, ""night_vision_ir"": true, ""pan_tilt_zoom"": true}",2021-01-01T00:00:00,2021-01-01T00:00:00
64ef15de-b36c-4cbc-a63c-5a62ebcbf80a,13e25dad-6f22-40a0-8bc5-a21275e1a1e8,Northshore Heights Municipal Surveillance Cam 239,CAM-05-238,municipal_surveillance,720p,northbound_entry,active,rtsp://streaming.internal.crimemind.net/live/cam-05-238,"{""fps"": 30, ""night_vision_ir"": true, ""pan_tilt_zoom"": false}",2021-01-01T00:00:00,2021-01-01T00:00:00
6a26e94a-486a-40b9-a9cc-578b2221ab5a,12256142-2ca2-47e4-9c30-9a3b96c61b14,Silver Lake Tech Park Municipal Surveillance Cam 240,CAM-05-239,municipal_surveillance,4K,pedestrian_walkway,active,rtsp://streaming.internal.crimemind.net/live/cam-05-239,"{""fps"": 30, ""night_vision_ir"": true, ""pan_tilt_zoom"": false}",2021-01-01T00:00:00,2021-01-01T00:00:00
b23a67fb-28e9-4021-8e40-fddf2225f958,4930f883-3876-49dd-91e9-a050fbe8195c,Eastside Arts Corridor Subway Transit Cam 241,CAM-05-240,subway_transit,1080p,northbound_entry,maintenance,rtsp://streaming.internal.crimemind.net/live/cam-05-240,"{""fps"": 30, ""night_vision_ir"": true, ""pan_tilt_zoom"": true}",2021-01-01T00:00:00,2021-01-01T00:00:00
2e8c5f2d-2461-41f0-9f10-1d8a8ecc3917,81a4d63b-0ad5-44ca-b6b6-790edd0c7180,Downtown Commercial District Subway Transit Cam 242,CAM-05-241,subway_transit,1080p,pedestrian_walkway,active,rtsp://streaming.internal.crimemind.net/live/cam-05-241,"{""fps"": 30, ""night_vision_ir"": true, ""pan_tilt_zoom"": false}",2021-01-01T00:00:00,2021-01-01T00:00:00
347f79bc-c1dd-48e3-be6e-bbe75c3a4f78,f2513dbf-b799-48a1-a5cf-71fb79a22b9c,Silver Lake Tech Park Traffic Police Cam 243,CAM-05-242,traffic_police,1080p,southbound_exit,active,rtsp://streaming.internal.crimemind.net/live/cam-05-242,"{""fps"": 30, ""night_vision_ir"": true, ""pan_tilt_zoom"": false}",2021-01-01T00:00:00,2021-01-01T00:00:00
0088b6ac-bbe3-4583-bf82-a18483da3872,8d5941ff-e026-44c1-822b-e626edb45447,Midtown Financial Plaza Municipal Surveillance Cam 244,CAM-05-243,municipal_surveillance,1080p,360_degree_dome,active,rtsp://streaming.internal.crimemind.net/live/cam-05-243,"{""fps"": 30, ""night_vision_ir"": true, ""pan_tilt_zoom"": true}",2021-01-01T00:00:00,2021-01-01T00:00:00
7b986e55-49b3-44b7-b89d-f56557cc42df,5f0a8a96-7f41-4273-9708-838505940d8d,Industrial Waterfront & Port Traffic Police Cam 245,CAM-05-244,traffic_police,720p,vault_corridor,active,rtsp://streaming.internal.crimemind.net/live/cam-05-244,"{""fps"": 30, ""night_vision_ir"": true, ""pan_tilt_zoom"": false}",2021-01-01T00:00:00,2021-01-01T00:00:00
14d3e211-e995-4f54-966f-92b2e31545ba,7681e97d-4b67-4dcd-b79a-2f82cb7b445e,West End Suburbs Subway Transit Cam 246,CAM-05-245,subway_transit,720p,northbound_entry,active,rtsp://streaming.internal.crimemind.net/live/cam-05-245,"{""fps"": 30, ""night_vision_ir"": true, ""pan_tilt_zoom"": false}",2021-01-01T00:00:00,2021-01-01T00:00:00
859f4589-540a-4ed1-9102-8d408afd4a9b,eb79c5c1-bf40-47d1-865e-411b292a52c6,Midtown Financial Plaza Atm Surveillance Cam 247,CAM-05-246,atm_surveillance,1080p,southbound_exit,active,rtsp://streaming.internal.crimemind.net/live/cam-05-246,"{""fps"": 30, ""night_vision_ir"": true, ""pan_tilt_zoom"": true}",2021-01-01T00:00:00,2021-01-01T00:00:00
9641a29e-58a9-47c8-a8e2-ad726ef88468,5c24bd5b-2dfd-4539-8c80-00a7e807f3fb,West End Suburbs Residential Ring Cam 248,CAM-05-247,residential_ring,1080p,southbound_exit,active,rtsp://streaming.internal.crimemind.net/live/cam-05-247,"{""fps"": 30, ""night_vision_ir"": true, ""pan_tilt_zoom"": false}",2021-01-01T00:00:00,2021-01-01T00:00:00
9d439d21-2cf5-4c0d-a5bf-b49e2033638a,1a8a9b9c-6830-4eea-9eca-08a582ae2a26,Silver Lake Tech Park Highway Toll Cam 249,CAM-05-248,highway_toll,1080p,northbound_entry,active,rtsp://streaming.internal.crimemind.net/live/cam-05-248,"{""fps"": 30, ""night_vision_ir"": true, ""pan_tilt_zoom"": false}",2021-01-01T00:00:00,2021-01-01T00:00:00
d418eb26-73d8-426d-bb37-335923a22b95,d5445155-9df5-4d48-8a3d-4759c44e0630,Midtown Financial Plaza Private Commercial Cam 250,CAM-05-249,private_commercial,4K,pedestrian_walkway,active,rtsp://streaming.internal.crimemind.net/live/cam-05-249,"{""fps"": 30, ""night_vision_ir"": true, ""pan_tilt_zoom"": true}",2021-01-01T00:00:00,2021-01-01T00:00:00
4faa7d5e-4296-4031-8049-a35679e3014c,54fcafef-adc7-4635-98a9-68ce6aeb8307,Midtown Financial Plaza Highway Toll Cam 251,CAM-06-250,highway_toll,1080p,360_degree_dome,active,rtsp://streaming.internal.crimemind.net/live/cam-06-250,"{""fps"": 30, ""night_vision_ir"": true, ""pan_tilt_zoom"": false}",2021-01-01T00:00:00,2021-01-01T00:00:00
1010d6c4-8066-4df1-b564-cec7f3ddb088,0dbf1dec-bd30-4182-ac38-c7ee19587eab,Midtown Financial Plaza Traffic Police Cam 252,CAM-06-251,traffic_police,1080p,southbound_exit,offline,rtsp://streaming.internal.crimemind.net/live/cam-06-251,"{""fps"": 30, ""night_vision_ir"": true, ""pan_tilt_zoom"": false}",2021-01-01T00:00:00,2021-01-01T00:00:00
d4ce8fec-a5b7-4d91-9f93-e389e68910e6,ec79692f-7b1c-4da8-9107-f403deb5941b,Eastside Arts Corridor Highway Toll Cam 253,CAM-06-252,highway_toll,720p,southbound_exit,active,rtsp://streaming.internal.crimemind.net/live/cam-06-252,"{""fps"": 30, ""night_vision_ir"": true, ""pan_tilt_zoom"": true}",2021-01-01T00:00:00,2021-01-01T00:00:00
18a79b2e-3038-4d03-a562-32b335d4fc82,fd9f09aa-5a15-48b3-b6fc-23bc5d1dc57e,Downtown Commercial District Residential Ring Cam 254,CAM-06-253,residential_ring,720p,vault_corridor,active,rtsp://streaming.internal.crimemind.net/live/cam-06-253,"{""fps"": 30, ""night_vision_ir"": true, ""pan_tilt_zoom"": false}",2021-01-01T00:00:00,2021-01-01T00:00:00
db33dad3-fb1c-4b5a-bd95-4b56f8b9422a,9bee4201-30cd-4dd0-b958-f093f283054a,Harbor Point Terminal Traffic Police Cam 255,CAM-06-254,traffic_police,4K,pedestrian_walkway,active,rtsp://streaming.internal.crimemind.net/live/cam-06-254,"{""fps"": 30, ""night_vision_ir"": true, ""pan_tilt_zoom"": false}",2021-01-01T00:00:00,2021-01-01T00:00:00
e5e5d565-a8dd-4a0a-bc66-38c46432a414,a781052a-6a3d-4f98-b09e-ee0cabab9845,Midtown Financial Plaza Atm Surveillance Cam 256,CAM-06-255,atm_surveillance,720p,vault_corridor,active,rtsp://streaming.internal.crimemind.net/live/cam-06-255,"{""fps"": 30, ""night_vision_ir"": true, ""pan_tilt_zoom"": true}",2021-01-01T00:00:00,2021-01-01T00:00:00
67778dab-5544-489e-a11d-8bd0b5bffe73,e176010a-1514-4746-b122-0395fbb7d31e,West End Suburbs Residential Ring Cam 257,CAM-06-256,residential_ring,1080p,vault_corridor,active,rtsp://streaming.internal.crimemind.net/live/cam-06-256,"{""fps"": 30, ""night_vision_ir"": true, ""pan_tilt_zoom"": false}",2021-01-01T00:00:00,2021-01-01T00:00:00
9e92c5ef-3f98-46b5-8189-5e15065808a2,ff070cc6-0659-45d3-befe-a912af927841,Silver Lake Tech Park Atm Surveillance Cam 258,CAM-06-257,atm_surveillance,4K,360_degree_dome,active,rtsp://streaming.internal.crimemind.net/live/cam-06-257,"{""fps"": 30, ""night_vision_ir"": true, ""pan_tilt_zoom"": false}",2021-01-01T00:00:00,2021-01-01T00:00:00
aa6d2d9a-017b-491a-b0e4-d62878cb7aaa,8b4428f1-7da8-4b3c-8fef-2e27c706b1ea,Industrial Waterfront & Port Traffic Police Cam 259,CAM-06-258,traffic_police,1080p,southbound_exit,active,rtsp://streaming.internal.crimemind.net/live/cam-06-258,"{""fps"": 30, ""night_vision_ir"": true, ""pan_tilt_zoom"": true}",2021-01-01T00:00:00,2021-01-01T00:00:00
1deed9ae-ea41-4191-a78c-635187dabb85,0122d678-1e74-4867-a3c4-df936b8fdf55,Midtown Financial Plaza Municipal Surveillance Cam 260,CAM-06-259,municipal_surveillance,1080p,southbound_exit,active,rtsp://streaming.internal.crimemind.net/live/cam-06-259,"{""fps"": 30, ""night_vision_ir"": true, ""pan_tilt_zoom"": false}",2021-01-01T00:00:00,2021-01-01T00:00:00
a7ef1fed-c5dd-4c44-9617-b150d2a6bb8d,18a25ee8-1de5-400e-85b0-24bb0961edfd,Industrial Waterfront & Port Private Commercial Cam 261,CAM-06-260,private_commercial,720p,northbound_entry,active,rtsp://streaming.internal.crimemind.net/live/cam-06-260,"{""fps"": 30, ""night_vision_ir"": true, ""pan_tilt_zoom"": false}",2021-01-01T00:00:00,2021-01-01T00:00:00
3028829d-2716-42b5-88da-6ec969765875,240008ab-6cde-40f5-ad36-f5fe247d753e,Silver Lake Tech Park Residential Ring Cam 262,CAM-06-261,residential_ring,4K,northbound_entry,active,rtsp://streaming.internal.crimemind.net/live/cam-06-261,"{""fps"": 30, ""night_vision_ir"": true, ""pan_tilt_zoom"": true}",2021-01-01T00:00:00,2021-01-01T00:00:00
e1cd2fb8-96ed-4180-bbd7-cd3e4a15e00e,9291dd33-ab3c-4940-8c71-39522ffc0897,Silver Lake Tech Park Subway Transit Cam 263,CAM-06-262,subway_transit,4K,360_degree_dome,maintenance,rtsp://streaming.internal.crimemind.net/live/cam-06-262,"{""fps"": 30, ""night_vision_ir"": true, ""pan_tilt_zoom"": false}",2021-01-01T00:00:00,2021-01-01T00:00:00
329ce3b5-e0bc-4e64-b1d6-f8197f756d0b,ceb0273a-8df8-4b19-a456-6bace026080d,South Bay Logistics Hub Residential Ring Cam 264,CAM-06-263,residential_ring,1080p,pedestrian_walkway,active,rtsp://streaming.internal.crimemind.net/live/cam-06-263,"{""fps"": 30, ""night_vision_ir"": true, ""pan_tilt_zoom"": false}",2021-01-01T00:00:00,2021-01-01T00:00:00
1ab00596-66c2-43f1-81a0-bea472f0e959,90882937-b9c8-4e2e-96ef-00265beefdea,Silver Lake Tech Park Subway Transit Cam 265,CAM-06-264,subway_transit,1080p,pedestrian_walkway,active,rtsp://streaming.internal.crimemind.net/live/cam-06-264,"{""fps"": 30, ""night_vision_ir"": true, ""pan_tilt_zoom"": true}",2021-01-01T00:00:00,2021-01-01T00:00:00
08a3d945-8f82-4227-9566-8b931d686202,921d9478-dc90-4e94-a1a9-879abfcb9093,Old Town Heritage Ward Municipal Surveillance Cam 266,CAM-06-265,municipal_surveillance,4K,southbound_exit,active,rtsp://streaming.internal.crimemind.net/live/cam-06-265,"{""fps"": 30, ""night_vision_ir"": true, ""pan_tilt_zoom"": false}",2021-01-01T00:00:00,2021-01-01T00:00:00
ec6ab3b3-d875-4602-a0f2-d82fe767d63a,570722b3-dfa3-468c-bd47-b905272bc43d,South Bay Logistics Hub Municipal Surveillance Cam 267,CAM-06-266,municipal_surveillance,1080p,vault_corridor,active,rtsp://streaming.internal.crimemind.net/live/cam-06-266,"{""fps"": 30, ""night_vision_ir"": true, ""pan_tilt_zoom"": false}",2021-01-01T00:00:00,2021-01-01T00:00:00
a0978db7-d3f8-41ba-8ffc-58b7ada4df26,0b855202-cc04-4b8e-a443-3ddb2cedd9c0,West End Suburbs Traffic Police Cam 268,CAM-06-267,traffic_police,4K,pedestrian_walkway,active,rtsp://streaming.internal.crimemind.net/live/cam-06-267,"{""fps"": 30, ""night_vision_ir"": true, ""pan_tilt_zoom"": true}",2021-01-01T00:00:00,2021-01-01T00:00:00
f29c7823-6561-4fad-88a9-306e246572d7,97089014-7efb-42a0-b71a-8f3ad7bf26f7,Silver Lake Tech Park Subway Transit Cam 269,CAM-06-268,subway_transit,1080p,pedestrian_walkway,active,rtsp://streaming.internal.crimemind.net/live/cam-06-268,"{""fps"": 30, ""night_vision_ir"": true, ""pan_tilt_zoom"": false}",2021-01-01T00:00:00,2021-01-01T00:00:00
1cf9e398-b5b7-4b06-a7b3-2d552d80b3d8,76b23c6b-bac0-4c8f-8f62-b3a0a5d78fe0,Midtown Financial Plaza Residential Ring Cam 270,CAM-06-269,residential_ring,1080p,southbound_exit,active,rtsp://streaming.internal.crimemind.net/live/cam-06-269,"{""fps"": 30, ""night_vision_ir"": true, ""pan_tilt_zoom"": false}",2021-01-01T00:00:00,2021-01-01T00:00:00
218cc17a-7d4d-4e50-a6c4-125da3b85721,ae91290c-6080-4eb6-b6a0-d38e5ebc0e28,Industrial Waterfront & Port Subway Transit Cam 271,CAM-06-270,subway_transit,1080p,vault_corridor,active,rtsp://streaming.internal.crimemind.net/live/cam-06-270,"{""fps"": 30, ""night_vision_ir"": true, ""pan_tilt_zoom"": true}",2021-01-01T00:00:00,2021-01-01T00:00:00
7611ce2c-449f-4440-84c1-d83d534e588f,af59770b-f6aa-4345-9485-086639cc79cc,Harbor Point Terminal Traffic Police Cam 272,CAM-06-271,traffic_police,1080p,pedestrian_walkway,active,rtsp://streaming.internal.crimemind.net/live/cam-06-271,"{""fps"": 30, ""night_vision_ir"": true, ""pan_tilt_zoom"": false}",2021-01-01T00:00:00,2021-01-01T00:00:00
87494ebc-f997-4db2-9ccc-bd44aeee6d91,26b757aa-14b0-45ce-810b-bde67110bea6,Silver Lake Tech Park Atm Surveillance Cam 273,CAM-06-272,atm_surveillance,1080p,vault_corridor,active,rtsp://streaming.internal.crimemind.net/live/cam-06-272,"{""fps"": 30, ""night_vision_ir"": true, ""pan_tilt_zoom"": false}",2021-01-01T00:00:00,2021-01-01T00:00:00
a9de7568-5663-4986-acc5-86ea0983f18a,6a6a7adc-9056-4931-b116-ba8e97b1763b,Harbor Point Terminal Residential Ring Cam 274,CAM-06-273,residential_ring,4K,southbound_exit,offline,rtsp://streaming.internal.crimemind.net/live/cam-06-273,"{""fps"": 30, ""night_vision_ir"": true, ""pan_tilt_zoom"": true}",2021-01-01T00:00:00,2021-01-01T00:00:00
006c109a-377d-400c-9519-c05662cf6923,aafb415f-37c2-4e3f-93b0-69e54aa2e128,Industrial Waterfront & Port Residential Ring Cam 275,CAM-06-274,residential_ring,4K,northbound_entry,active,rtsp://streaming.internal.crimemind.net/live/cam-06-274,"{""fps"": 30, ""night_vision_ir"": true, ""pan_tilt_zoom"": false}",2021-01-01T00:00:00,2021-01-01T00:00:00
e3c0d426-29ef-4ce7-9ae0-dde115a7c93d,9291dd33-ab3c-4940-8c71-39522ffc0897,Silver Lake Tech Park Traffic Police Cam 276,CAM-06-275,traffic_police,720p,northbound_entry,active,rtsp://streaming.internal.crimemind.net/live/cam-06-275,"{""fps"": 30, ""night_vision_ir"": true, ""pan_tilt_zoom"": false}",2021-01-01T00:00:00,2021-01-01T00:00:00
536e4aea-511a-482b-8200-e3e5143bf4a2,4003c01c-7241-43e0-aa38-2af0343c2ae6,Eastside Arts Corridor Atm Surveillance Cam 277,CAM-06-276,atm_surveillance,1080p,pedestrian_walkway,active,rtsp://streaming.internal.crimemind.net/live/cam-06-276,"{""fps"": 30, ""night_vision_ir"": true, ""pan_tilt_zoom"": true}",2021-01-01T00:00:00,2021-01-01T00:00:00
ad177431-766e-4b03-9591-194c5dd855c4,d3e2367a-197e-4e75-a1b9-ec67f34f4c62,Northshore Heights Highway Toll Cam 278,CAM-06-277,highway_toll,720p,northbound_entry,active,rtsp://streaming.internal.crimemind.net/live/cam-06-277,"{""fps"": 30, ""night_vision_ir"": true, ""pan_tilt_zoom"": false}",2021-01-01T00:00:00,2021-01-01T00:00:00
8344738f-b515-4739-9c69-05a45be5d757,6de8ac97-bdca-4a78-8fda-c7917a7cebda,Silver Lake Tech Park Subway Transit Cam 279,CAM-06-278,subway_transit,720p,northbound_entry,active,rtsp://streaming.internal.crimemind.net/live/cam-06-278,"{""fps"": 30, ""night_vision_ir"": true, ""pan_tilt_zoom"": false}",2021-01-01T00:00:00,2021-01-01T00:00:00
cc41921e-8e8c-4d3b-a0eb-04f8c45f084e,b8ce7cac-f1c0-4ab9-8869-bcae246e5951,West End Suburbs Municipal Surveillance Cam 280,CAM-06-279,municipal_surveillance,1080p,vault_corridor,active,rtsp://streaming.internal.crimemind.net/live/cam-06-279,"{""fps"": 30, ""night_vision_ir"": true, ""pan_tilt_zoom"": true}",2021-01-01T00:00:00,2021-01-01T00:00:00
6b7af0a0-1631-4eb2-85ff-94d3635ff661,f1f6a4ec-f842-428c-b836-79ffa3553b37,Old Town Heritage Ward Municipal Surveillance Cam 281,CAM-06-280,municipal_surveillance,4K,southbound_exit,active,rtsp://streaming.internal.crimemind.net/live/cam-06-280,"{""fps"": 30, ""night_vision_ir"": true, ""pan_tilt_zoom"": false}",2021-01-01T00:00:00,2021-01-01T00:00:00
14951a89-2cda-48be-a21c-5a5738f2575a,993f53ce-89ab-46a7-8dea-1a251968c5d7,Downtown Commercial District Municipal Surveillance Cam 282,CAM-06-281,municipal_surveillance,4K,vault_corridor,active,rtsp://streaming.internal.crimemind.net/live/cam-06-281,"{""fps"": 30, ""night_vision_ir"": true, ""pan_tilt_zoom"": false}",2021-01-01T00:00:00,2021-01-01T00:00:00
f67b6c94-98cf-462c-bb41-a0a61edd5bb7,424fc12d-1221-40b1-9f01-376e8e8990f9,West End Suburbs Traffic Police Cam 283,CAM-06-282,traffic_police,4K,360_degree_dome,active,rtsp://streaming.internal.crimemind.net/live/cam-06-282,"{""fps"": 30, ""night_vision_ir"": true, ""pan_tilt_zoom"": true}",2021-01-01T00:00:00,2021-01-01T00:00:00
c38fc599-1954-4926-94dd-0d49ea256230,4b1ab7b5-26c6-4b29-822a-536ff9bb9616,Old Town Heritage Ward Atm Surveillance Cam 284,CAM-06-283,atm_surveillance,1080p,vault_corridor,offline,rtsp://streaming.internal.crimemind.net/live/cam-06-283,"{""fps"": 30, ""night_vision_ir"": true, ""pan_tilt_zoom"": false}",2021-01-01T00:00:00,2021-01-01T00:00:00
7095ee2a-d5ff-437a-aae2-5d4d18509da4,6d3c8c19-298b-4400-9421-0e3e7066c909,Eastside Arts Corridor Municipal Surveillance Cam 285,CAM-06-284,municipal_surveillance,1080p,southbound_exit,active,rtsp://streaming.internal.crimemind.net/live/cam-06-284,"{""fps"": 30, ""night_vision_ir"": true, ""pan_tilt_zoom"": false}",2021-01-01T00:00:00,2021-01-01T00:00:00
9ee8e74d-2ec9-4970-8b8b-465aed601b92,8497ee87-2689-47b9-befa-8cd208944e88,Downtown Commercial District Municipal Surveillance Cam 286,CAM-06-285,municipal_surveillance,1080p,southbound_exit,maintenance,rtsp://streaming.internal.crimemind.net/live/cam-06-285,"{""fps"": 30, ""night_vision_ir"": true, ""pan_tilt_zoom"": true}",2021-01-01T00:00:00,2021-01-01T00:00:00
9c8f623b-8a85-4380-a0df-1d3476cda225,645b41b1-ac82-4926-b475-3c924cc047bc,Old Town Heritage Ward Traffic Police Cam 287,CAM-06-286,traffic_police,1080p,pedestrian_walkway,active,rtsp://streaming.internal.crimemind.net/live/cam-06-286,"{""fps"": 30, ""night_vision_ir"": true, ""pan_tilt_zoom"": false}",2021-01-01T00:00:00,2021-01-01T00:00:00
771a48e6-b050-4f10-9822-8991e40021ad,b5a7b3b8-ac33-4311-92e7-4b92e84da72b,Old Town Heritage Ward Subway Transit Cam 288,CAM-06-287,subway_transit,1080p,southbound_exit,active,rtsp://streaming.internal.crimemind.net/live/cam-06-287,"{""fps"": 30, ""night_vision_ir"": true, ""pan_tilt_zoom"": false}",2021-01-01T00:00:00,2021-01-01T00:00:00
f6083cfb-78cb-482f-9a7e-4df40d2f5144,7546a5bb-7508-497a-a2ab-cde246b035d3,Industrial Waterfront & Port Municipal Surveillance Cam 289,CAM-06-288,municipal_surveillance,4K,360_degree_dome,active,rtsp://streaming.internal.crimemind.net/live/cam-06-288,"{""fps"": 30, ""night_vision_ir"": true, ""pan_tilt_zoom"": true}",2021-01-01T00:00:00,2021-01-01T00:00:00
d40fd112-bb4e-4e46-9cad-b3650bbfb4f7,2ceda3b8-acd5-4b88-a47e-cf0b7e2bc11b,Midtown Financial Plaza Residential Ring Cam 290,CAM-06-289,residential_ring,1080p,southbound_exit,active,rtsp://streaming.internal.crimemind.net/live/cam-06-289,"{""fps"": 30, ""night_vision_ir"": true, ""pan_tilt_zoom"": false}",2021-01-01T00:00:00,2021-01-01T00:00:00
362f4f6b-ecc2-4704-94c0-bd71241be02a,0d0d86f8-b3dc-4044-845a-e8ce266f324a,Silver Lake Tech Park Municipal Surveillance Cam 291,CAM-06-290,municipal_surveillance,1080p,northbound_entry,active,rtsp://streaming.internal.crimemind.net/live/cam-06-290,"{""fps"": 30, ""night_vision_ir"": true, ""pan_tilt_zoom"": false}",2021-01-01T00:00:00,2021-01-01T00:00:00
ff4c5e8a-98bf-42fc-8149-2cbfc2b1471c,490a205b-d32b-4666-b8e3-216b1d40c8f7,Harbor Point Terminal Highway Toll Cam 292,CAM-06-291,highway_toll,4K,vault_corridor,active,rtsp://streaming.internal.crimemind.net/live/cam-06-291,"{""fps"": 30, ""night_vision_ir"": true, ""pan_tilt_zoom"": true}",2021-01-01T00:00:00,2021-01-01T00:00:00
d7bd759b-da54-44de-be39-475b15ee63ca,5551d093-2249-40e5-816c-53847e335cdb,Northshore Heights Highway Toll Cam 293,CAM-06-292,highway_toll,1080p,pedestrian_walkway,active,rtsp://streaming.internal.crimemind.net/live/cam-06-292,"{""fps"": 30, ""night_vision_ir"": true, ""pan_tilt_zoom"": false}",2021-01-01T00:00:00,2021-01-01T00:00:00
283f9885-3344-42c4-a5e3-f297041fc9f9,fd56529e-163b-4635-8361-f85708688a6e,Old Town Heritage Ward Private Commercial Cam 294,CAM-06-293,private_commercial,1080p,vault_corridor,active,rtsp://streaming.internal.crimemind.net/live/cam-06-293,"{""fps"": 30, ""night_vision_ir"": true, ""pan_tilt_zoom"": false}",2021-01-01T00:00:00,2021-01-01T00:00:00
aaee787c-86c5-4628-a54b-7ef424ec10ff,73ff1f16-a103-4868-97a5-91e8313b9268,Old Town Heritage Ward Municipal Surveillance Cam 295,CAM-06-294,municipal_surveillance,720p,northbound_entry,active,rtsp://streaming.internal.crimemind.net/live/cam-06-294,"{""fps"": 30, ""night_vision_ir"": true, ""pan_tilt_zoom"": true}",2021-01-01T00:00:00,2021-01-01T00:00:00
0c8ec4fd-2fe2-4b5c-a44f-fa3341e32597,c5a2c20b-d63b-4526-92ba-15655e15a29d,Old Town Heritage Ward Traffic Police Cam 296,CAM-06-295,traffic_police,720p,360_degree_dome,active,rtsp://streaming.internal.crimemind.net/live/cam-06-295,"{""fps"": 30, ""night_vision_ir"": true, ""pan_tilt_zoom"": false}",2021-01-01T00:00:00,2021-01-01T00:00:00
e6e1c04b-66da-4d93-a1d7-c2b2f081e6e1,46d1ecc1-756d-48f7-9d5a-040b87c8969d,Harbor Point Terminal Highway Toll Cam 297,CAM-06-296,highway_toll,1080p,vault_corridor,active,rtsp://streaming.internal.crimemind.net/live/cam-06-296,"{""fps"": 30, ""night_vision_ir"": true, ""pan_tilt_zoom"": false}",2021-01-01T00:00:00,2021-01-01T00:00:00
30fc25d7-8fff-446a-a76a-01d1e98c9203,56cececb-b228-42b6-9bbd-bd723c2a99b4,South Bay Logistics Hub Residential Ring Cam 298,CAM-06-297,residential_ring,1080p,pedestrian_walkway,active,rtsp://streaming.internal.crimemind.net/live/cam-06-297,"{""fps"": 30, ""night_vision_ir"": true, ""pan_tilt_zoom"": true}",2021-01-01T00:00:00,2021-01-01T00:00:00
0a465720-0489-4c12-a49a-0cab8a4ee3c9,f28a940f-a528-48e9-8ad6-3d38e51fa804,Industrial Waterfront & Port Traffic Police Cam 299,CAM-06-298,traffic_police,1080p,southbound_exit,active,rtsp://streaming.internal.crimemind.net/live/cam-06-298,"{""fps"": 30, ""night_vision_ir"": true, ""pan_tilt_zoom"": false}",2021-01-01T00:00:00,2021-01-01T00:00:00
426edf4d-061c-47f2-925b-a04f28dd1afd,4930f883-3876-49dd-91e9-a050fbe8195c,Eastside Arts Corridor Municipal Surveillance Cam 300,CAM-06-299,municipal_surveillance,1080p,northbound_entry,active,rtsp://streaming.internal.crimemind.net/live/cam-06-299,"{""fps"": 30, ""night_vision_ir"": true, ""pan_tilt_zoom"": false}",2021-01-01T00:00:00,2021-01-01T00:00:00
36c23106-bd55-43f6-87db-da799f8a9aad,40c601f0-19ce-43a6-9b21-b3a1950e6c61,Eastside Arts Corridor Private Commercial Cam 301,CAM-07-300,private_commercial,720p,southbound_exit,active,rtsp://streaming.internal.crimemind.net/live/cam-07-300,"{""fps"": 30, ""night_vision_ir"": true, ""pan_tilt_zoom"": true}",2021-01-01T00:00:00,2021-01-01T00:00:00
810c96bd-59bb-4f53-b3ad-7047aea8236a,4436b022-6336-4508-b43e-744f2673284e,West End Suburbs Subway Transit Cam 302,CAM-07-301,subway_transit,4K,360_degree_dome,offline,rtsp://streaming.internal.crimemind.net/live/cam-07-301,"{""fps"": 30, ""night_vision_ir"": true, ""pan_tilt_zoom"": false}",2021-01-01T00:00:00,2021-01-01T00:00:00
afa1883b-6cf2-4bdf-b69e-371a223a19cd,0f66bcfd-7080-4d2e-ac20-744f6c7822e2,South Bay Logistics Hub Municipal Surveillance Cam 303,CAM-07-302,municipal_surveillance,1080p,southbound_exit,active,rtsp://streaming.internal.crimemind.net/live/cam-07-302,"{""fps"": 30, ""night_vision_ir"": true, ""pan_tilt_zoom"": false}",2021-01-01T00:00:00,2021-01-01T00:00:00
8060dffa-7c53-4c57-89d4-8da08d08feef,3f62216d-4700-478a-943c-e9e60d4c6eed,Old Town Heritage Ward Residential Ring Cam 304,CAM-07-303,residential_ring,1080p,vault_corridor,active,rtsp://streaming.internal.crimemind.net/live/cam-07-303,"{""fps"": 30, ""night_vision_ir"": true, ""pan_tilt_zoom"": true}",2021-01-01T00:00:00,2021-01-01T00:00:00
32f74509-9007-4310-b558-a86f5a003f76,036915f1-c857-4f29-8d1e-82bbb869f1df,Eastside Arts Corridor Private Commercial Cam 305,CAM-07-304,private_commercial,1080p,pedestrian_walkway,active,rtsp://streaming.internal.crimemind.net/live/cam-07-304,"{""fps"": 30, ""night_vision_ir"": true, ""pan_tilt_zoom"": false}",2021-01-01T00:00:00,2021-01-01T00:00:00
dff9047a-737a-4811-bb08-42e7ee087115,a7440253-2527-4ea4-83b3-3364aeb8a8c3,Eastside Arts Corridor Subway Transit Cam 306,CAM-07-305,subway_transit,1080p,vault_corridor,offline,rtsp://streaming.internal.crimemind.net/live/cam-07-305,"{""fps"": 30, ""night_vision_ir"": true, ""pan_tilt_zoom"": false}",2021-01-01T00:00:00,2021-01-01T00:00:00
a8ac3ffd-a172-4627-8f4c-0b5780f4a0e9,3e637ea8-e4fd-4195-ad0f-a47fbb524252,Old Town Heritage Ward Subway Transit Cam 307,CAM-07-306,subway_transit,4K,vault_corridor,active,rtsp://streaming.internal.crimemind.net/live/cam-07-306,"{""fps"": 30, ""night_vision_ir"": true, ""pan_tilt_zoom"": true}",2021-01-01T00:00:00,2021-01-01T00:00:00
1943b6dd-4b15-4e40-86cf-df6fa8ee6d67,0df3f1c6-24b2-4129-a6cb-5172bed28809,Midtown Financial Plaza Private Commercial Cam 308,CAM-07-307,private_commercial,720p,northbound_entry,active,rtsp://streaming.internal.crimemind.net/live/cam-07-307,"{""fps"": 30, ""night_vision_ir"": true, ""pan_tilt_zoom"": false}",2021-01-01T00:00:00,2021-01-01T00:00:00
0fd3a26a-f536-40d0-b4e0-60d935eec91d,69c5b43d-f50c-4fde-8018-c2678a04ef1e,South Bay Logistics Hub Traffic Police Cam 309,CAM-07-308,traffic_police,720p,pedestrian_walkway,active,rtsp://streaming.internal.crimemind.net/live/cam-07-308,"{""fps"": 30, ""night_vision_ir"": true, ""pan_tilt_zoom"": false}",2021-01-01T00:00:00,2021-01-01T00:00:00
be2c9ec9-5370-40f0-8574-888fb473558a,279a5653-fa96-4338-8df4-46b561ce940e,South Bay Logistics Hub Residential Ring Cam 310,CAM-07-309,residential_ring,720p,vault_corridor,active,rtsp://streaming.internal.crimemind.net/live/cam-07-309,"{""fps"": 30, ""night_vision_ir"": true, ""pan_tilt_zoom"": true}",2021-01-01T00:00:00,2021-01-01T00:00:00
9df3348e-3f2a-4f4a-858c-b68eb7401e47,b68a993a-09b7-4e7b-8372-8cb38941c9a0,Harbor Point Terminal Municipal Surveillance Cam 311,CAM-07-310,municipal_surveillance,1080p,northbound_entry,active,rtsp://streaming.internal.crimemind.net/live/cam-07-310,"{""fps"": 30, ""night_vision_ir"": true, ""pan_tilt_zoom"": false}",2021-01-01T00:00:00,2021-01-01T00:00:00
09b18f5f-126e-4dbd-b6b5-6481ff413c92,85178281-d00b-4054-bfd3-32bee753c107,West End Suburbs Highway Toll Cam 312,CAM-07-311,highway_toll,720p,northbound_entry,active,rtsp://streaming.internal.crimemind.net/live/cam-07-311,"{""fps"": 30, ""night_vision_ir"": true, ""pan_tilt_zoom"": false}",2021-01-01T00:00:00,2021-01-01T00:00:00
7ed4347f-3925-43fe-ad8b-883a8a759f5e,1b5a9663-6c6a-4168-bb2e-3fbc653d4b5f,South Bay Logistics Hub Private Commercial Cam 313,CAM-07-312,private_commercial,1080p,vault_corridor,active,rtsp://streaming.internal.crimemind.net/live/cam-07-312,"{""fps"": 30, ""night_vision_ir"": true, ""pan_tilt_zoom"": true}",2021-01-01T00:00:00,2021-01-01T00:00:00
b6f6de3a-4020-4601-9f4f-87acb0b801e9,a5364309-fb09-4f17-a7bc-8544f269b2fd,South Bay Logistics Hub Municipal Surveillance Cam 314,CAM-07-313,municipal_surveillance,1080p,pedestrian_walkway,active,rtsp://streaming.internal.crimemind.net/live/cam-07-313,"{""fps"": 30, ""night_vision_ir"": true, ""pan_tilt_zoom"": false}",2021-01-01T00:00:00,2021-01-01T00:00:00
8e0eabbd-461f-416a-aa8c-11c7e3dcec95,a606c9a5-a66d-4638-bce2-9d67eab94819,Old Town Heritage Ward Residential Ring Cam 315,CAM-07-314,residential_ring,4K,northbound_entry,active,rtsp://streaming.internal.crimemind.net/live/cam-07-314,"{""fps"": 30, ""night_vision_ir"": true, ""pan_tilt_zoom"": false}",2021-01-01T00:00:00,2021-01-01T00:00:00
f047a277-0c05-428e-b1e9-bf1ca98b384a,a2f2d463-e5da-46d9-8924-baacfdeae93e,Northshore Heights Atm Surveillance Cam 316,CAM-07-315,atm_surveillance,720p,360_degree_dome,maintenance,rtsp://streaming.internal.crimemind.net/live/cam-07-315,"{""fps"": 30, ""night_vision_ir"": true, ""pan_tilt_zoom"": true}",2021-01-01T00:00:00,2021-01-01T00:00:00
4421ed9d-7218-4e29-aa22-4b5b9196f68f,27dd8391-7f50-4b5b-be1a-f1a61e81eafb,Silver Lake Tech Park Highway Toll Cam 317,CAM-07-316,highway_toll,720p,pedestrian_walkway,active,rtsp://streaming.internal.crimemind.net/live/cam-07-316,"{""fps"": 30, ""night_vision_ir"": true, ""pan_tilt_zoom"": false}",2021-01-01T00:00:00,2021-01-01T00:00:00
fc138e5f-5267-408c-9892-d6915a940546,2a169775-9f72-4d00-803a-3a08beb7857b,Industrial Waterfront & Port Highway Toll Cam 318,CAM-07-317,highway_toll,1080p,pedestrian_walkway,active,rtsp://streaming.internal.crimemind.net/live/cam-07-317,"{""fps"": 30, ""night_vision_ir"": true, ""pan_tilt_zoom"": false}",2021-01-01T00:00:00,2021-01-01T00:00:00
f1603e6f-5173-4323-9c19-873312de0f2b,e38ce774-3200-4cb0-a53c-94b9b4d62be3,Downtown Commercial District Municipal Surveillance Cam 319,CAM-07-318,municipal_surveillance,4K,360_degree_dome,active,rtsp://streaming.internal.crimemind.net/live/cam-07-318,"{""fps"": 30, ""night_vision_ir"": true, ""pan_tilt_zoom"": true}",2021-01-01T00:00:00,2021-01-01T00:00:00
d966aa70-40de-4e00-9fc5-5ffb4e29ea8d,7af2277f-631a-48f6-bcf4-b99bf94c1fa7,South Bay Logistics Hub Private Commercial Cam 320,CAM-07-319,private_commercial,720p,pedestrian_walkway,active,rtsp://streaming.internal.crimemind.net/live/cam-07-319,"{""fps"": 30, ""night_vision_ir"": true, ""pan_tilt_zoom"": false}",2021-01-01T00:00:00,2021-01-01T00:00:00
fdd8927b-9f8d-4cff-898d-82ea87829abe,a72ffd12-d698-4403-a43e-f4f936447702,South Bay Logistics Hub Traffic Police Cam 321,CAM-07-320,traffic_police,1080p,360_degree_dome,active,rtsp://streaming.internal.crimemind.net/live/cam-07-320,"{""fps"": 30, ""night_vision_ir"": true, ""pan_tilt_zoom"": false}",2021-01-01T00:00:00,2021-01-01T00:00:00
39fd935d-5e7e-4f99-b4a7-87a8b43b10b5,7e7d1b96-df15-46b1-9fff-12e3b3452230,Midtown Financial Plaza Private Commercial Cam 322,CAM-07-321,private_commercial,1080p,northbound_entry,active,rtsp://streaming.internal.crimemind.net/live/cam-07-321,"{""fps"": 30, ""night_vision_ir"": true, ""pan_tilt_zoom"": true}",2021-01-01T00:00:00,2021-01-01T00:00:00
3d7b0585-fcdc-40d6-a489-a744df91b9dc,2b140c90-ca8f-4e62-8ebb-361b33b6e72a,South Bay Logistics Hub Residential Ring Cam 323,CAM-07-322,residential_ring,720p,vault_corridor,active,rtsp://streaming.internal.crimemind.net/live/cam-07-322,"{""fps"": 30, ""night_vision_ir"": true, ""pan_tilt_zoom"": false}",2021-01-01T00:00:00,2021-01-01T00:00:00
214ea066-9c67-432d-8391-1c9291476cf1,3e514786-79dd-4225-8f1d-e786ba1a4fa4,West End Suburbs Subway Transit Cam 324,CAM-07-323,subway_transit,720p,southbound_exit,active,rtsp://streaming.internal.crimemind.net/live/cam-07-323,"{""fps"": 30, ""night_vision_ir"": true, ""pan_tilt_zoom"": false}",2021-01-01T00:00:00,2021-01-01T00:00:00
c4186dda-8de7-4ae2-b404-aaacc06d8a1b,7b67baba-b8a6-4d44-ab99-fb75473fda20,Silver Lake Tech Park Residential Ring Cam 325,CAM-07-324,residential_ring,1080p,vault_corridor,active,rtsp://streaming.internal.crimemind.net/live/cam-07-324,"{""fps"": 30, ""night_vision_ir"": true, ""pan_tilt_zoom"": true}",2021-01-01T00:00:00,2021-01-01T00:00:00
c65656a5-2dd9-49aa-997e-c96a232b8e8f,65fe16d2-dab4-4e9c-8e7c-e4f222206d3d,Harbor Point Terminal Municipal Surveillance Cam 326,CAM-07-325,municipal_surveillance,4K,southbound_exit,active,rtsp://streaming.internal.crimemind.net/live/cam-07-325,"{""fps"": 30, ""night_vision_ir"": true, ""pan_tilt_zoom"": false}",2021-01-01T00:00:00,2021-01-01T00:00:00
38089fdb-3046-4fdb-b84a-0daa65656b98,9f48198a-4276-42c6-8c4f-83d9f66eeb24,West End Suburbs Municipal Surveillance Cam 327,CAM-07-326,municipal_surveillance,4K,pedestrian_walkway,maintenance,rtsp://streaming.internal.crimemind.net/live/cam-07-326,"{""fps"": 30, ""night_vision_ir"": true, ""pan_tilt_zoom"": false}",2021-01-01T00:00:00,2021-01-01T00:00:00
cb387a4e-2ece-41a2-99ff-7c0fcc8fd059,93e3016a-0bfb-47c4-8809-3c6b960b0755,Midtown Financial Plaza Highway Toll Cam 328,CAM-07-327,highway_toll,1080p,360_degree_dome,active,rtsp://streaming.internal.crimemind.net/live/cam-07-327,"{""fps"": 30, ""night_vision_ir"": true, ""pan_tilt_zoom"": true}",2021-01-01T00:00:00,2021-01-01T00:00:00
ea7301cd-f9af-48e2-bb1f-821b1a54b680,0385de4b-f44f-4dd5-914c-cffd78f80429,Industrial Waterfront & Port Private Commercial Cam 329,CAM-07-328,private_commercial,1080p,pedestrian_walkway,maintenance,rtsp://streaming.internal.crimemind.net/live/cam-07-328,"{""fps"": 30, ""night_vision_ir"": true, ""pan_tilt_zoom"": false}",2021-01-01T00:00:00,2021-01-01T00:00:00
e1c19ad1-555f-41d0-85aa-f525d80063f2,68f95fc0-4823-499a-b899-4d7a39b23dc0,Eastside Arts Corridor Subway Transit Cam 330,CAM-07-329,subway_transit,720p,vault_corridor,active,rtsp://streaming.internal.crimemind.net/live/cam-07-329,"{""fps"": 30, ""night_vision_ir"": true, ""pan_tilt_zoom"": false}",2021-01-01T00:00:00,2021-01-01T00:00:00
4878b3ff-0875-4047-8755-345b8b7c79fd,1c541fcf-11e1-41ed-83ae-94743df66d97,Eastside Arts Corridor Subway Transit Cam 331,CAM-07-330,subway_transit,4K,pedestrian_walkway,active,rtsp://streaming.internal.crimemind.net/live/cam-07-330,"{""fps"": 30, ""night_vision_ir"": true, ""pan_tilt_zoom"": true}",2021-01-01T00:00:00,2021-01-01T00:00:00
0a9fcb37-d7c0-4270-ac8f-aa12e295411a,57154d46-0f85-4d5d-a773-5f849432748c,South Bay Logistics Hub Atm Surveillance Cam 332,CAM-07-331,atm_surveillance,720p,northbound_entry,active,rtsp://streaming.internal.crimemind.net/live/cam-07-331,"{""fps"": 30, ""night_vision_ir"": true, ""pan_tilt_zoom"": false}",2021-01-01T00:00:00,2021-01-01T00:00:00
ee953a90-029e-4648-ad43-ad5690ef3474,2295e607-6c14-4397-8182-289640bde83b,Harbor Point Terminal Subway Transit Cam 333,CAM-07-332,subway_transit,1080p,southbound_exit,active,rtsp://streaming.internal.crimemind.net/live/cam-07-332,"{""fps"": 30, ""night_vision_ir"": true, ""pan_tilt_zoom"": false}",2021-01-01T00:00:00,2021-01-01T00:00:00
ec624320-cd0b-426b-88ed-015330096dce,10ecf933-756e-4cca-b45d-37f43ae76a73,Harbor Point Terminal Private Commercial Cam 334,CAM-07-333,private_commercial,1080p,vault_corridor,active,rtsp://streaming.internal.crimemind.net/live/cam-07-333,"{""fps"": 30, ""night_vision_ir"": true, ""pan_tilt_zoom"": true}",2021-01-01T00:00:00,2021-01-01T00:00:00
b6ccd3b0-88c1-4a67-bc89-72d1d69a5ec9,6c8a59c2-926c-4d4c-954b-17fd319ce087,Eastside Arts Corridor Subway Transit Cam 335,CAM-07-334,subway_transit,720p,pedestrian_walkway,active,rtsp://streaming.internal.crimemind.net/live/cam-07-334,"{""fps"": 30, ""night_vision_ir"": true, ""pan_tilt_zoom"": false}",2021-01-01T00:00:00,2021-01-01T00:00:00
8f9d1314-a0da-4e2e-822a-ed369cb4a96b,761d6936-1634-4023-8f61-339ff60c3a37,Northshore Heights Private Commercial Cam 336,CAM-07-335,private_commercial,720p,vault_corridor,offline,rtsp://streaming.internal.crimemind.net/live/cam-07-335,"{""fps"": 30, ""night_vision_ir"": true, ""pan_tilt_zoom"": false}",2021-01-01T00:00:00,2021-01-01T00:00:00
70212e0d-8e83-4147-9174-1034d10dfbc3,f1f6a4ec-f842-428c-b836-79ffa3553b37,Old Town Heritage Ward Municipal Surveillance Cam 337,CAM-07-336,municipal_surveillance,4K,pedestrian_walkway,active,rtsp://streaming.internal.crimemind.net/live/cam-07-336,"{""fps"": 30, ""night_vision_ir"": true, ""pan_tilt_zoom"": true}",2021-01-01T00:00:00,2021-01-01T00:00:00
f10d563f-68a7-4f5f-9b67-28fd7f5fb106,23b5463e-4ab0-40e4-a86c-d7b0133bf507,Northshore Heights Atm Surveillance Cam 338,CAM-07-337,atm_surveillance,4K,vault_corridor,active,rtsp://streaming.internal.crimemind.net/live/cam-07-337,"{""fps"": 30, ""night_vision_ir"": true, ""pan_tilt_zoom"": false}",2021-01-01T00:00:00,2021-01-01T00:00:00
4dce7c34-31b5-488f-92fb-307c42f7d703,3228bdf6-4cf1-49a2-bed5-520dc99f6360,Harbor Point Terminal Highway Toll Cam 339,CAM-07-338,highway_toll,720p,southbound_exit,active,rtsp://streaming.internal.crimemind.net/live/cam-07-338,"{""fps"": 30, ""night_vision_ir"": true, ""pan_tilt_zoom"": false}",2021-01-01T00:00:00,2021-01-01T00:00:00
21c27d7c-891d-4749-8409-bc055f2f97d5,b21952c4-5842-4f2c-a736-0cb9a6676599,Silver Lake Tech Park Municipal Surveillance Cam 340,CAM-07-339,municipal_surveillance,1080p,360_degree_dome,active,rtsp://streaming.internal.crimemind.net/live/cam-07-339,"{""fps"": 30, ""night_vision_ir"": true, ""pan_tilt_zoom"": true}",2021-01-01T00:00:00,2021-01-01T00:00:00
73a3d9da-c87b-4c06-b027-c7fee3772094,8c1a5aa5-5e29-46f5-bed9-ed1b0655b7a9,Industrial Waterfront & Port Municipal Surveillance Cam 341,CAM-07-340,municipal_surveillance,720p,vault_corridor,maintenance,rtsp://streaming.internal.crimemind.net/live/cam-07-340,"{""fps"": 30, ""night_vision_ir"": true, ""pan_tilt_zoom"": false}",2021-01-01T00:00:00,2021-01-01T00:00:00
5975d9c7-f67e-4adc-8cbe-920f183fda9c,bc0cbd2c-4b18-4361-b85e-14c5b86e28b6,West End Suburbs Subway Transit Cam 342,CAM-07-341,subway_transit,720p,vault_corridor,active,rtsp://streaming.internal.crimemind.net/live/cam-07-341,"{""fps"": 30, ""night_vision_ir"": true, ""pan_tilt_zoom"": false}",2021-01-01T00:00:00,2021-01-01T00:00:00
85153172-5a14-4b0f-a5c4-35f45dad52a1,39b9d483-59c5-4b08-9c55-6a8d78eae1ad,Midtown Financial Plaza Subway Transit Cam 343,CAM-07-342,subway_transit,1080p,pedestrian_walkway,active,rtsp://streaming.internal.crimemind.net/live/cam-07-342,"{""fps"": 30, ""night_vision_ir"": true, ""pan_tilt_zoom"": true}",2021-01-01T00:00:00,2021-01-01T00:00:00
28552eec-2ced-44e4-ad31-0049fe88dcbb,21f254c7-91d9-47a2-8ab7-410f047ccd64,Silver Lake Tech Park Atm Surveillance Cam 344,CAM-07-343,atm_surveillance,720p,360_degree_dome,active,rtsp://streaming.internal.crimemind.net/live/cam-07-343,"{""fps"": 30, ""night_vision_ir"": true, ""pan_tilt_zoom"": false}",2021-01-01T00:00:00,2021-01-01T00:00:00
bfd5daaa-5fa9-4027-a2cd-f9e2ba4317a7,f39f9855-ea02-4084-ade8-3774457e6481,West End Suburbs Municipal Surveillance Cam 345,CAM-07-344,municipal_surveillance,1080p,pedestrian_walkway,active,rtsp://streaming.internal.crimemind.net/live/cam-07-344,"{""fps"": 30, ""night_vision_ir"": true, ""pan_tilt_zoom"": false}",2021-01-01T00:00:00,2021-01-01T00:00:00
3743b0cb-72ea-4c7f-a379-68b98b3df9ff,86993052-aa5e-488e-b0d4-c16014b41585,Midtown Financial Plaza Municipal Surveillance Cam 346,CAM-07-345,municipal_surveillance,1080p,northbound_entry,active,rtsp://streaming.internal.crimemind.net/live/cam-07-345,"{""fps"": 30, ""night_vision_ir"": true, ""pan_tilt_zoom"": true}",2021-01-01T00:00:00,2021-01-01T00:00:00
24d770b4-1050-4c49-9d18-3a77e26cda37,6eff1961-a69f-4218-ab17-043cf5114ee0,Downtown Commercial District Subway Transit Cam 347,CAM-07-346,subway_transit,1080p,southbound_exit,active,rtsp://streaming.internal.crimemind.net/live/cam-07-346,"{""fps"": 30, ""night_vision_ir"": true, ""pan_tilt_zoom"": false}",2021-01-01T00:00:00,2021-01-01T00:00:00
091ce7d5-b6b2-4dfa-b263-caf5dd7d873b,22e8b139-e857-413f-98ea-a0b08fe76837,Northshore Heights Subway Transit Cam 348,CAM-07-347,subway_transit,4K,360_degree_dome,active,rtsp://streaming.internal.crimemind.net/live/cam-07-347,"{""fps"": 30, ""night_vision_ir"": true, ""pan_tilt_zoom"": false}",2021-01-01T00:00:00,2021-01-01T00:00:00
b6cd499c-6736-4100-bea7-6a1713613ca9,22e8b139-e857-413f-98ea-a0b08fe76837,Northshore Heights Municipal Surveillance Cam 349,CAM-07-348,municipal_surveillance,1080p,360_degree_dome,active,rtsp://streaming.internal.crimemind.net/live/cam-07-348,"{""fps"": 30, ""night_vision_ir"": true, ""pan_tilt_zoom"": true}",2021-01-01T00:00:00,2021-01-01T00:00:00
a40dacde-9693-4f93-9d86-06bd94381ff8,980ee939-bc27-47b6-a857-82b4478127a5,Northshore Heights Highway Toll Cam 350,CAM-07-349,highway_toll,1080p,southbound_exit,active,rtsp://streaming.internal.crimemind.net/live/cam-07-349,"{""fps"": 30, ""night_vision_ir"": true, ""pan_tilt_zoom"": false}",2021-01-01T00:00:00,2021-01-01T00:00:00
910dd8a9-9f8b-4c65-9c89-738be18a8ffb,8c6280a9-49e0-40ad-a5f8-f058f7cdd208,Industrial Waterfront & Port Residential Ring Cam 351,CAM-08-350,residential_ring,4K,vault_corridor,offline,rtsp://streaming.internal.crimemind.net/live/cam-08-350,"{""fps"": 30, ""night_vision_ir"": true, ""pan_tilt_zoom"": false}",2021-01-01T00:00:00,2021-01-01T00:00:00
0b752417-7409-407f-a3bf-88fc4af751b2,27ad2250-afb9-411f-b40f-5e0a94ce82ed,Old Town Heritage Ward Atm Surveillance Cam 352,CAM-08-351,atm_surveillance,720p,360_degree_dome,active,rtsp://streaming.internal.crimemind.net/live/cam-08-351,"{""fps"": 30, ""night_vision_ir"": true, ""pan_tilt_zoom"": true}",2021-01-01T00:00:00,2021-01-01T00:00:00
94b1a405-db5a-428f-9f72-8da31ac5730b,4e789ee2-4a76-43f1-ab79-b96b434ddbd0,Eastside Arts Corridor Residential Ring Cam 353,CAM-08-352,residential_ring,4K,pedestrian_walkway,offline,rtsp://streaming.internal.crimemind.net/live/cam-08-352,"{""fps"": 30, ""night_vision_ir"": true, ""pan_tilt_zoom"": false}",2021-01-01T00:00:00,2021-01-01T00:00:00
73e6e928-f665-49c9-bfe2-2d5d9f3cdad2,1fdf75ba-3cff-4ded-8806-3f5cbbd345aa,Silver Lake Tech Park Residential Ring Cam 354,CAM-08-353,residential_ring,1080p,vault_corridor,active,rtsp://streaming.internal.crimemind.net/live/cam-08-353,"{""fps"": 30, ""night_vision_ir"": true, ""pan_tilt_zoom"": false}",2021-01-01T00:00:00,2021-01-01T00:00:00
4181d61b-64d2-43ff-879d-cf1ae3b0cd59,84613017-8042-4756-8841-290bb1deaedb,Industrial Waterfront & Port Municipal Surveillance Cam 355,CAM-08-354,municipal_surveillance,4K,vault_corridor,active,rtsp://streaming.internal.crimemind.net/live/cam-08-354,"{""fps"": 30, ""night_vision_ir"": true, ""pan_tilt_zoom"": true}",2021-01-01T00:00:00,2021-01-01T00:00:00
9102f7fb-9650-4285-b6a5-2a4dfc9165d9,fe4737a5-95b8-4cf8-a27b-e5c7ca38edca,Eastside Arts Corridor Highway Toll Cam 356,CAM-08-355,highway_toll,720p,southbound_exit,active,rtsp://streaming.internal.crimemind.net/live/cam-08-355,"{""fps"": 30, ""night_vision_ir"": true, ""pan_tilt_zoom"": false}",2021-01-01T00:00:00,2021-01-01T00:00:00
b96ef803-5c27-4031-96a5-7796cacfeff6,356ecdc6-330b-4e94-82b1-48f5080a2fd8,Eastside Arts Corridor Private Commercial Cam 357,CAM-08-356,private_commercial,4K,360_degree_dome,active,rtsp://streaming.internal.crimemind.net/live/cam-08-356,"{""fps"": 30, ""night_vision_ir"": true, ""pan_tilt_zoom"": false}",2021-01-01T00:00:00,2021-01-01T00:00:00
f075fe95-978a-4594-9f3b-bb6abed31bf6,7e594370-bd84-44cc-8d9e-4bbab9457dce,Midtown Financial Plaza Municipal Surveillance Cam 358,CAM-08-357,municipal_surveillance,4K,360_degree_dome,active,rtsp://streaming.internal.crimemind.net/live/cam-08-357,"{""fps"": 30, ""night_vision_ir"": true, ""pan_tilt_zoom"": true}",2021-01-01T00:00:00,2021-01-01T00:00:00
29acd8ed-55cb-44ff-a441-241166c0184b,417b31aa-4d0b-4aa9-a719-4f950b20488c,Harbor Point Terminal Municipal Surveillance Cam 359,CAM-08-358,municipal_surveillance,720p,360_degree_dome,active,rtsp://streaming.internal.crimemind.net/live/cam-08-358,"{""fps"": 30, ""night_vision_ir"": true, ""pan_tilt_zoom"": false}",2021-01-01T00:00:00,2021-01-01T00:00:00
86939da0-2f64-44b6-964c-a173b726ff12,d9b3e6d6-bd01-4b10-a46e-00244999fc66,Downtown Commercial District Residential Ring Cam 360,CAM-08-359,residential_ring,1080p,northbound_entry,active,rtsp://streaming.internal.crimemind.net/live/cam-08-359,"{""fps"": 30, ""night_vision_ir"": true, ""pan_tilt_zoom"": false}",2021-01-01T00:00:00,2021-01-01T00:00:00
17a4626c-3caa-41d2-8769-2197ee7fc45b,80917acb-b3f0-4374-b7ff-52ae3f74e4d4,West End Suburbs Private Commercial Cam 361,CAM-08-360,private_commercial,4K,vault_corridor,active,rtsp://streaming.internal.crimemind.net/live/cam-08-360,"{""fps"": 30, ""night_vision_ir"": true, ""pan_tilt_zoom"": true}",2021-01-01T00:00:00,2021-01-01T00:00:00
cd650843-6580-4413-97f9-eee214a95a75,8284db65-2ec0-4a09-9a4d-dd983d575666,Midtown Financial Plaza Highway Toll Cam 362,CAM-08-361,highway_toll,1080p,360_degree_dome,active,rtsp://streaming.internal.crimemind.net/live/cam-08-361,"{""fps"": 30, ""night_vision_ir"": true, ""pan_tilt_zoom"": false}",2021-01-01T00:00:00,2021-01-01T00:00:00
9c364f55-168f-4e60-9666-79968c39d5fa,197f1e33-c5c3-40a2-998a-40aae125eeb7,Harbor Point Terminal Subway Transit Cam 363,CAM-08-362,subway_transit,1080p,vault_corridor,active,rtsp://streaming.internal.crimemind.net/live/cam-08-362,"{""fps"": 30, ""night_vision_ir"": true, ""pan_tilt_zoom"": false}",2021-01-01T00:00:00,2021-01-01T00:00:00
36a5d39d-aad9-41fb-9ae9-d18b024b118b,880d397e-b159-477b-986a-485d7d54f61e,Eastside Arts Corridor Residential Ring Cam 364,CAM-08-363,residential_ring,1080p,360_degree_dome,active,rtsp://streaming.internal.crimemind.net/live/cam-08-363,"{""fps"": 30, ""night_vision_ir"": true, ""pan_tilt_zoom"": true}",2021-01-01T00:00:00,2021-01-01T00:00:00
c3c0b83a-c50a-4e12-ace9-a435b5dc2477,8705ab05-2c89-4e5f-baa5-c2b7028f848e,Midtown Financial Plaza Traffic Police Cam 365,CAM-08-364,traffic_police,1080p,360_degree_dome,active,rtsp://streaming.internal.crimemind.net/live/cam-08-364,"{""fps"": 30, ""night_vision_ir"": true, ""pan_tilt_zoom"": false}",2021-01-01T00:00:00,2021-01-01T00:00:00
10f708fb-0255-4bdb-a51a-de434637edd7,27dd8391-7f50-4b5b-be1a-f1a61e81eafb,Silver Lake Tech Park Highway Toll Cam 366,CAM-08-365,highway_toll,4K,pedestrian_walkway,active,rtsp://streaming.internal.crimemind.net/live/cam-08-365,"{""fps"": 30, ""night_vision_ir"": true, ""pan_tilt_zoom"": false}",2021-01-01T00:00:00,2021-01-01T00:00:00
2130c1f8-38de-423d-9ac3-8390448e34e8,23ab6a84-df17-4a38-bdf3-305fc4eeaf13,Old Town Heritage Ward Residential Ring Cam 367,CAM-08-366,residential_ring,1080p,pedestrian_walkway,maintenance,rtsp://streaming.internal.crimemind.net/live/cam-08-366,"{""fps"": 30, ""night_vision_ir"": true, ""pan_tilt_zoom"": true}",2021-01-01T00:00:00,2021-01-01T00:00:00
07b6efe7-3e6a-47cc-8e15-78a111ae2b72,1a8a9b9c-6830-4eea-9eca-08a582ae2a26,Silver Lake Tech Park Traffic Police Cam 368,CAM-08-367,traffic_police,720p,pedestrian_walkway,active,rtsp://streaming.internal.crimemind.net/live/cam-08-367,"{""fps"": 30, ""night_vision_ir"": true, ""pan_tilt_zoom"": false}",2021-01-01T00:00:00,2021-01-01T00:00:00
ecd9a640-61ca-4633-925a-99e6139b84fc,eafce050-e516-4d45-be0e-38fb6417f409,West End Suburbs Highway Toll Cam 369,CAM-08-368,highway_toll,4K,northbound_entry,active,rtsp://streaming.internal.crimemind.net/live/cam-08-368,"{""fps"": 30, ""night_vision_ir"": true, ""pan_tilt_zoom"": false}",2021-01-01T00:00:00,2021-01-01T00:00:00
e1b01034-c68a-4b51-935c-f40c5c757144,60b96941-7e40-470e-b34c-534d351ce717,Northshore Heights Subway Transit Cam 370,CAM-08-369,subway_transit,1080p,360_degree_dome,offline,rtsp://streaming.internal.crimemind.net/live/cam-08-369,"{""fps"": 30, ""night_vision_ir"": true, ""pan_tilt_zoom"": true}",2021-01-01T00:00:00,2021-01-01T00:00:00
1324745c-70b0-4bba-9ec4-263aca941afe,a9ab2c5b-7247-4cf6-9601-b30759896542,South Bay Logistics Hub Residential Ring Cam 371,CAM-08-370,residential_ring,1080p,northbound_entry,active,rtsp://streaming.internal.crimemind.net/live/cam-08-370,"{""fps"": 30, ""night_vision_ir"": true, ""pan_tilt_zoom"": false}",2021-01-01T00:00:00,2021-01-01T00:00:00
fb0bb1f2-1bda-4e48-b65d-75eb25ddc59e,9288f331-7d7d-4146-8d70-6cd942d5d668,Old Town Heritage Ward Municipal Surveillance Cam 372,CAM-08-371,municipal_surveillance,4K,vault_corridor,active,rtsp://streaming.internal.crimemind.net/live/cam-08-371,"{""fps"": 30, ""night_vision_ir"": true, ""pan_tilt_zoom"": false}",2021-01-01T00:00:00,2021-01-01T00:00:00
ae209b8a-b3f5-472b-a6d5-c248bf9ea5fb,84c75f61-2b13-427f-8bf6-a206a380e6de,Midtown Financial Plaza Atm Surveillance Cam 373,CAM-08-372,atm_surveillance,4K,northbound_entry,active,rtsp://streaming.internal.crimemind.net/live/cam-08-372,"{""fps"": 30, ""night_vision_ir"": true, ""pan_tilt_zoom"": true}",2021-01-01T00:00:00,2021-01-01T00:00:00
bb00cac6-05f1-4180-8394-343bc3be7c95,1f3a36ba-18dd-4644-a8e6-1cb8c07b47c6,Harbor Point Terminal Traffic Police Cam 374,CAM-08-373,traffic_police,1080p,southbound_exit,active,rtsp://streaming.internal.crimemind.net/live/cam-08-373,"{""fps"": 30, ""night_vision_ir"": true, ""pan_tilt_zoom"": false}",2021-01-01T00:00:00,2021-01-01T00:00:00
9b401b68-5905-4d34-bf60-b3293d7890fc,300b126f-5c6b-4ee2-bbd8-68bc58337be5,Harbor Point Terminal Subway Transit Cam 375,CAM-08-374,subway_transit,4K,southbound_exit,active,rtsp://streaming.internal.crimemind.net/live/cam-08-374,"{""fps"": 30, ""night_vision_ir"": true, ""pan_tilt_zoom"": false}",2021-01-01T00:00:00,2021-01-01T00:00:00
6ce44d41-456b-4bd0-a106-cf64a4cdb545,c83e063a-2e95-4878-9d4a-454430af2804,Harbor Point Terminal Municipal Surveillance Cam 376,CAM-08-375,municipal_surveillance,1080p,vault_corridor,active,rtsp://streaming.internal.crimemind.net/live/cam-08-375,"{""fps"": 30, ""night_vision_ir"": true, ""pan_tilt_zoom"": true}",2021-01-01T00:00:00,2021-01-01T00:00:00
c5bed33a-d278-436a-985d-c7d85c3ffbd4,019dbaf8-6f53-4ff4-904e-58cbe6a632a4,Industrial Waterfront & Port Subway Transit Cam 377,CAM-08-376,subway_transit,720p,pedestrian_walkway,active,rtsp://streaming.internal.crimemind.net/live/cam-08-376,"{""fps"": 30, ""night_vision_ir"": true, ""pan_tilt_zoom"": false}",2021-01-01T00:00:00,2021-01-01T00:00:00
43dd2305-9821-49ed-8b42-0f170eb036ab,ea0e1398-b976-4705-9623-f6654dbf640e,Old Town Heritage Ward Traffic Police Cam 378,CAM-08-377,traffic_police,1080p,northbound_entry,active,rtsp://streaming.internal.crimemind.net/live/cam-08-377,"{""fps"": 30, ""night_vision_ir"": true, ""pan_tilt_zoom"": false}",2021-01-01T00:00:00,2021-01-01T00:00:00
047e99c4-5521-4c5f-9b16-993e7b36fd22,f5395d25-6313-4042-adbb-e347f72383e5,South Bay Logistics Hub Residential Ring Cam 379,CAM-08-378,residential_ring,1080p,vault_corridor,active,rtsp://streaming.internal.crimemind.net/live/cam-08-378,"{""fps"": 30, ""night_vision_ir"": true, ""pan_tilt_zoom"": true}",2021-01-01T00:00:00,2021-01-01T00:00:00
2f7135d5-6f21-4f6a-9437-ba126305d33c,978149f8-a71a-4cd9-bbe9-354cb86df6a7,Midtown Financial Plaza Traffic Police Cam 380,CAM-08-379,traffic_police,4K,pedestrian_walkway,active,rtsp://streaming.internal.crimemind.net/live/cam-08-379,"{""fps"": 30, ""night_vision_ir"": true, ""pan_tilt_zoom"": false}",2021-01-01T00:00:00,2021-01-01T00:00:00
8fd37fb5-eb10-4f40-ae74-5062d63ce6e5,7edc2582-a17d-4ca6-b31a-c905856f9b03,Harbor Point Terminal Residential Ring Cam 381,CAM-08-380,residential_ring,1080p,southbound_exit,active,rtsp://streaming.internal.crimemind.net/live/cam-08-380,"{""fps"": 30, ""night_vision_ir"": true, ""pan_tilt_zoom"": false}",2021-01-01T00:00:00,2021-01-01T00:00:00
12b1bb6f-ca61-4a08-a395-b3f67c1162bf,9431c415-7ec7-4e9e-9624-9c92de4fc045,Harbor Point Terminal Residential Ring Cam 382,CAM-08-381,residential_ring,4K,vault_corridor,active,rtsp://streaming.internal.crimemind.net/live/cam-08-381,"{""fps"": 30, ""night_vision_ir"": true, ""pan_tilt_zoom"": true}",2021-01-01T00:00:00,2021-01-01T00:00:00
fc03b743-c437-4a63-90cc-0825a788e9ff,d677f190-b045-4c6f-a4b8-63da28e9afc3,Old Town Heritage Ward Residential Ring Cam 383,CAM-08-382,residential_ring,4K,360_degree_dome,maintenance,rtsp://streaming.internal.crimemind.net/live/cam-08-382,"{""fps"": 30, ""night_vision_ir"": true, ""pan_tilt_zoom"": false}",2021-01-01T00:00:00,2021-01-01T00:00:00
63aa1f8d-645f-4868-a12c-687909e191fc,277f87ab-a7a8-4b1f-936b-752ea5528c57,Northshore Heights Atm Surveillance Cam 384,CAM-08-383,atm_surveillance,720p,southbound_exit,active,rtsp://streaming.internal.crimemind.net/live/cam-08-383,"{""fps"": 30, ""night_vision_ir"": true, ""pan_tilt_zoom"": false}",2021-01-01T00:00:00,2021-01-01T00:00:00
cb2bd598-c489-4b51-b44c-54de21c34755,86e4819e-cb85-417c-a492-a022c71ee96e,Industrial Waterfront & Port Private Commercial Cam 385,CAM-08-384,private_commercial,720p,360_degree_dome,active,rtsp://streaming.internal.crimemind.net/live/cam-08-384,"{""fps"": 30, ""night_vision_ir"": true, ""pan_tilt_zoom"": true}",2021-01-01T00:00:00,2021-01-01T00:00:00
5cb3d962-7dcb-4349-bc00-957c0140e341,c9424a8f-0f58-43a4-a89c-1166864e65eb,Harbor Point Terminal Residential Ring Cam 386,CAM-08-385,residential_ring,4K,southbound_exit,active,rtsp://streaming.internal.crimemind.net/live/cam-08-385,"{""fps"": 30, ""night_vision_ir"": true, ""pan_tilt_zoom"": false}",2021-01-01T00:00:00,2021-01-01T00:00:00
8535b8e6-dbb0-42d9-9e39-67cd736f8871,a19ea947-a04a-460f-819b-e3c741c6e0bc,Midtown Financial Plaza Subway Transit Cam 387,CAM-08-386,subway_transit,1080p,southbound_exit,active,rtsp://streaming.internal.crimemind.net/live/cam-08-386,"{""fps"": 30, ""night_vision_ir"": true, ""pan_tilt_zoom"": false}",2021-01-01T00:00:00,2021-01-01T00:00:00
72cc01e2-c3bc-4fd5-ba70-91ee77efa7de,95cb9c85-a5a2-412b-bf57-4396f532d35f,Old Town Heritage Ward Municipal Surveillance Cam 388,CAM-08-387,municipal_surveillance,1080p,southbound_exit,active,rtsp://streaming.internal.crimemind.net/live/cam-08-387,"{""fps"": 30, ""night_vision_ir"": true, ""pan_tilt_zoom"": true}",2021-01-01T00:00:00,2021-01-01T00:00:00
2bf81324-2303-45c9-a405-d383b36f12d2,e5143d8f-f9a5-4f40-9d0a-0bc5ab74e41f,Midtown Financial Plaza Traffic Police Cam 389,CAM-08-388,traffic_police,720p,vault_corridor,active,rtsp://streaming.internal.crimemind.net/live/cam-08-388,"{""fps"": 30, ""night_vision_ir"": true, ""pan_tilt_zoom"": false}",2021-01-01T00:00:00,2021-01-01T00:00:00
a0bf3bdf-1965-4119-a233-316e009a5187,1d8e7ee3-15bf-442e-a021-372d60d7fab3,West End Suburbs Atm Surveillance Cam 390,CAM-08-389,atm_surveillance,1080p,pedestrian_walkway,active,rtsp://streaming.internal.crimemind.net/live/cam-08-389,"{""fps"": 30, ""night_vision_ir"": true, ""pan_tilt_zoom"": false}",2021-01-01T00:00:00,2021-01-01T00:00:00
085468c4-8d57-4a16-8390-42cbf489c809,287921e5-1e8a-433f-8edc-dc32b843c677,Silver Lake Tech Park Atm Surveillance Cam 391,CAM-08-390,atm_surveillance,4K,360_degree_dome,active,rtsp://streaming.internal.crimemind.net/live/cam-08-390,"{""fps"": 30, ""night_vision_ir"": true, ""pan_tilt_zoom"": true}",2021-01-01T00:00:00,2021-01-01T00:00:00
1c13cf8b-bdde-4f3c-9bcd-1a0079e2d3bf,c5a2c20b-d63b-4526-92ba-15655e15a29d,Old Town Heritage Ward Atm Surveillance Cam 392,CAM-08-391,atm_surveillance,720p,pedestrian_walkway,active,rtsp://streaming.internal.crimemind.net/live/cam-08-391,"{""fps"": 30, ""night_vision_ir"": true, ""pan_tilt_zoom"": false}",2021-01-01T00:00:00,2021-01-01T00:00:00
2f885edb-6e14-483e-87fb-6eb9a345f0ef,7c421533-629c-4430-a5d0-cf15b65efe13,Harbor Point Terminal Traffic Police Cam 393,CAM-08-392,traffic_police,4K,360_degree_dome,active,rtsp://streaming.internal.crimemind.net/live/cam-08-392,"{""fps"": 30, ""night_vision_ir"": true, ""pan_tilt_zoom"": false}",2021-01-01T00:00:00,2021-01-01T00:00:00
1b8c2deb-2996-47c8-b4bd-4babce6542c0,5ae17be1-b088-4bf7-9fef-f0837914f9e4,Old Town Heritage Ward Municipal Surveillance Cam 394,CAM-08-393,municipal_surveillance,1080p,pedestrian_walkway,active,rtsp://streaming.internal.crimemind.net/live/cam-08-393,"{""fps"": 30, ""night_vision_ir"": true, ""pan_tilt_zoom"": true}",2021-01-01T00:00:00,2021-01-01T00:00:00
98684fd1-7397-49d8-ab11-1a70b5cd2777,e82290ee-69c8-4de7-8324-a7f8a26fa777,Eastside Arts Corridor Traffic Police Cam 395,CAM-08-394,traffic_police,1080p,vault_corridor,active,rtsp://streaming.internal.crimemind.net/live/cam-08-394,"{""fps"": 30, ""night_vision_ir"": true, ""pan_tilt_zoom"": false}",2021-01-01T00:00:00,2021-01-01T00:00:00
a849045f-883e-4dab-bfa5-bd9d1c5b0bcb,81e7569e-b281-4acf-a95d-1bd3461b7546,Northshore Heights Municipal Surveillance Cam 396,CAM-08-395,municipal_surveillance,1080p,360_degree_dome,active,rtsp://streaming.internal.crimemind.net/live/cam-08-395,"{""fps"": 30, ""night_vision_ir"": true, ""pan_tilt_zoom"": false}",2021-01-01T00:00:00,2021-01-01T00:00:00
c18aeaea-aa8d-4e9a-b637-c62022ab052b,7bf3b58e-899b-4ed6-b87b-9d255b294b49,South Bay Logistics Hub Municipal Surveillance Cam 397,CAM-08-396,municipal_surveillance,720p,southbound_exit,active,rtsp://streaming.internal.crimemind.net/live/cam-08-396,"{""fps"": 30, ""night_vision_ir"": true, ""pan_tilt_zoom"": true}",2021-01-01T00:00:00,2021-01-01T00:00:00
445eede6-1c59-4f48-85cb-c34c55ffa3ac,5fed26a1-f734-477c-a998-3a719a8cbba9,Harbor Point Terminal Municipal Surveillance Cam 398,CAM-08-397,municipal_surveillance,1080p,southbound_exit,active,rtsp://streaming.internal.crimemind.net/live/cam-08-397,"{""fps"": 30, ""night_vision_ir"": true, ""pan_tilt_zoom"": false}",2021-01-01T00:00:00,2021-01-01T00:00:00
27e1f9a5-46f9-4415-9f65-10ca8498066f,eb597e57-8f25-43f1-9f9c-6493b42f60e1,Old Town Heritage Ward Residential Ring Cam 399,CAM-08-398,residential_ring,1080p,pedestrian_walkway,active,rtsp://streaming.internal.crimemind.net/live/cam-08-398,"{""fps"": 30, ""night_vision_ir"": true, ""pan_tilt_zoom"": false}",2021-01-01T00:00:00,2021-01-01T00:00:00
e755eb70-dafd-41d8-91ae-cfb786c5a9b0,6af669df-7df8-4417-a6b6-76adf4ab758f,Eastside Arts Corridor Private Commercial Cam 400,CAM-08-399,private_commercial,1080p,pedestrian_walkway,active,rtsp://streaming.internal.crimemind.net/live/cam-08-399,"{""fps"": 30, ""night_vision_ir"": true, ""pan_tilt_zoom"": true}",2021-01-01T00:00:00,2021-01-01T00:00:00
90db33a7-dbb4-4282-ab6e-a131b84740ef,d703289f-55ed-42c0-ac78-62367a588703,Harbor Point Terminal Residential Ring Cam 401,CAM-09-400,residential_ring,1080p,pedestrian_walkway,active,rtsp://streaming.internal.crimemind.net/live/cam-09-400,"{""fps"": 30, ""night_vision_ir"": true, ""pan_tilt_zoom"": false}",2021-01-01T00:00:00,2021-01-01T00:00:00
18036c5f-2552-4506-9815-3bb805dd458c,26b757aa-14b0-45ce-810b-bde67110bea6,Silver Lake Tech Park Residential Ring Cam 402,CAM-09-401,residential_ring,1080p,southbound_exit,maintenance,rtsp://streaming.internal.crimemind.net/live/cam-09-401,"{""fps"": 30, ""night_vision_ir"": true, ""pan_tilt_zoom"": false}",2021-01-01T00:00:00,2021-01-01T00:00:00
cda861b9-b04d-4937-9c9d-c37edfb7e6b5,e1721b6e-6fcd-4292-a4f7-824897bcd9e5,Midtown Financial Plaza Municipal Surveillance Cam 403,CAM-09-402,municipal_surveillance,4K,360_degree_dome,active,rtsp://streaming.internal.crimemind.net/live/cam-09-402,"{""fps"": 30, ""night_vision_ir"": true, ""pan_tilt_zoom"": true}",2021-01-01T00:00:00,2021-01-01T00:00:00
8f3dc36b-79e5-476c-b2f5-2f25441467ea,377f6f02-4f91-4308-8add-251e2fae3e64,Midtown Financial Plaza Municipal Surveillance Cam 404,CAM-09-403,municipal_surveillance,1080p,pedestrian_walkway,active,rtsp://streaming.internal.crimemind.net/live/cam-09-403,"{""fps"": 30, ""night_vision_ir"": true, ""pan_tilt_zoom"": false}",2021-01-01T00:00:00,2021-01-01T00:00:00
96dac2cf-4ccc-4dc0-9da8-783c910f99bf,25cbe297-dc4b-49e0-813d-79d8ff78c077,Northshore Heights Traffic Police Cam 405,CAM-09-404,traffic_police,1080p,vault_corridor,offline,rtsp://streaming.internal.crimemind.net/live/cam-09-404,"{""fps"": 30, ""night_vision_ir"": true, ""pan_tilt_zoom"": false}",2021-01-01T00:00:00,2021-01-01T00:00:00
87f14f12-267f-48c1-b38b-9eca022b2341,0485cf94-edae-4612-84ed-06739bb68ec6,Silver Lake Tech Park Private Commercial Cam 406,CAM-09-405,private_commercial,1080p,360_degree_dome,active,rtsp://streaming.internal.crimemind.net/live/cam-09-405,"{""fps"": 30, ""night_vision_ir"": true, ""pan_tilt_zoom"": true}",2021-01-01T00:00:00,2021-01-01T00:00:00
b884d91c-82ab-4c5b-8aaf-44bee58dee24,f563ff93-a74b-4a1d-a6ea-062004a4564d,Old Town Heritage Ward Municipal Surveillance Cam 407,CAM-09-406,municipal_surveillance,1080p,southbound_exit,active,rtsp://streaming.internal.crimemind.net/live/cam-09-406,"{""fps"": 30, ""night_vision_ir"": true, ""pan_tilt_zoom"": false}",2021-01-01T00:00:00,2021-01-01T00:00:00
c9c669c5-7881-4fc3-8a93-554ab6d3f8a8,820f1e5f-665c-4572-9e42-c6980a0c1972,Silver Lake Tech Park Private Commercial Cam 408,CAM-09-407,private_commercial,4K,northbound_entry,active,rtsp://streaming.internal.crimemind.net/live/cam-09-407,"{""fps"": 30, ""night_vision_ir"": true, ""pan_tilt_zoom"": false}",2021-01-01T00:00:00,2021-01-01T00:00:00
918d3b6d-d47e-4aa3-8567-90c5adf7bcc9,7415bc68-8ed9-4b2d-b35e-437c15370e4d,Northshore Heights Traffic Police Cam 409,CAM-09-408,traffic_police,1080p,northbound_entry,active,rtsp://streaming.internal.crimemind.net/live/cam-09-408,"{""fps"": 30, ""night_vision_ir"": true, ""pan_tilt_zoom"": true}",2021-01-01T00:00:00,2021-01-01T00:00:00
bda74c32-9b95-49f7-a68b-d4b6325247b0,fa0f2010-fa72-40c6-b6cd-5623437bf351,Industrial Waterfront & Port Subway Transit Cam 410,CAM-09-409,subway_transit,720p,360_degree_dome,active,rtsp://streaming.internal.crimemind.net/live/cam-09-409,"{""fps"": 30, ""night_vision_ir"": true, ""pan_tilt_zoom"": false}",2021-01-01T00:00:00,2021-01-01T00:00:00
24169421-d7f1-4afe-aa56-c6bc25a2286f,0b024afd-6db4-40bd-9f2c-916f3845de22,Industrial Waterfront & Port Atm Surveillance Cam 411,CAM-09-410,atm_surveillance,720p,pedestrian_walkway,offline,rtsp://streaming.internal.crimemind.net/live/cam-09-410,"{""fps"": 30, ""night_vision_ir"": true, ""pan_tilt_zoom"": false}",2021-01-01T00:00:00,2021-01-01T00:00:00
679033cb-626b-4e67-be6a-9cee24d8dd5d,8a96a2d6-b9ae-4594-bd90-a804d50d66b0,Old Town Heritage Ward Highway Toll Cam 412,CAM-09-411,highway_toll,720p,northbound_entry,active,rtsp://streaming.internal.crimemind.net/live/cam-09-411,"{""fps"": 30, ""night_vision_ir"": true, ""pan_tilt_zoom"": true}",2021-01-01T00:00:00,2021-01-01T00:00:00
4b24e726-5129-40a3-adb6-b8fd10476c70,2b136722-281e-40f8-b4ed-e9cf89f6f1dc,West End Suburbs Subway Transit Cam 413,CAM-09-412,subway_transit,1080p,southbound_exit,active,rtsp://streaming.internal.crimemind.net/live/cam-09-412,"{""fps"": 30, ""night_vision_ir"": true, ""pan_tilt_zoom"": false}",2021-01-01T00:00:00,2021-01-01T00:00:00
1a0dd931-d896-4bf3-9199-0a04b17698ca,baa399a6-26fd-446c-a57e-5b3a9435dfb5,Old Town Heritage Ward Subway Transit Cam 414,CAM-09-413,subway_transit,4K,360_degree_dome,active,rtsp://streaming.internal.crimemind.net/live/cam-09-413,"{""fps"": 30, ""night_vision_ir"": true, ""pan_tilt_zoom"": false}",2021-01-01T00:00:00,2021-01-01T00:00:00
e8f3ac10-a61e-443d-9fdd-0c720f74f2b3,372de6eb-6bc5-4c57-b340-022b8e524c39,Northshore Heights Municipal Surveillance Cam 415,CAM-09-414,municipal_surveillance,4K,360_degree_dome,active,rtsp://streaming.internal.crimemind.net/live/cam-09-414,"{""fps"": 30, ""night_vision_ir"": true, ""pan_tilt_zoom"": true}",2021-01-01T00:00:00,2021-01-01T00:00:00
0d117067-a54e-41c4-978d-c1f3811aaf15,62256e63-edb2-4f16-aa22-c95b2589f586,Eastside Arts Corridor Highway Toll Cam 416,CAM-09-415,highway_toll,720p,northbound_entry,active,rtsp://streaming.internal.crimemind.net/live/cam-09-415,"{""fps"": 30, ""night_vision_ir"": true, ""pan_tilt_zoom"": false}",2021-01-01T00:00:00,2021-01-01T00:00:00
a067e3dc-a8db-47bc-b21b-bae56f6c9d92,b1a8182d-c022-4a78-a526-d6e74215bc1c,Silver Lake Tech Park Traffic Police Cam 417,CAM-09-416,traffic_police,1080p,southbound_exit,active,rtsp://streaming.internal.crimemind.net/live/cam-09-416,"{""fps"": 30, ""night_vision_ir"": true, ""pan_tilt_zoom"": false}",2021-01-01T00:00:00,2021-01-01T00:00:00
908948ca-fe41-4bc4-8e40-5d9f318f064c,ad1840bd-8ef8-484b-a6e7-9911a33fdc5c,Old Town Heritage Ward Highway Toll Cam 418,CAM-09-417,highway_toll,1080p,northbound_entry,active,rtsp://streaming.internal.crimemind.net/live/cam-09-417,"{""fps"": 30, ""night_vision_ir"": true, ""pan_tilt_zoom"": true}",2021-01-01T00:00:00,2021-01-01T00:00:00
72c88cc3-a4fc-4194-977c-693aed0b41ce,2494825d-5fca-4829-8e47-037a94d65954,Northshore Heights Residential Ring Cam 419,CAM-09-418,residential_ring,720p,vault_corridor,active,rtsp://streaming.internal.crimemind.net/live/cam-09-418,"{""fps"": 30, ""night_vision_ir"": true, ""pan_tilt_zoom"": false}",2021-01-01T00:00:00,2021-01-01T00:00:00
151e11ee-a590-4b46-8b53-7345cd14083b,ea0e1398-b976-4705-9623-f6654dbf640e,Old Town Heritage Ward Traffic Police Cam 420,CAM-09-419,traffic_police,1080p,southbound_exit,active,rtsp://streaming.internal.crimemind.net/live/cam-09-419,"{""fps"": 30, ""night_vision_ir"": true, ""pan_tilt_zoom"": false}",2021-01-01T00:00:00,2021-01-01T00:00:00
6ce1b0ad-1aab-47f0-bb86-ec9836e01e59,72ea8a4c-6851-49c5-9f05-11d0da92fafa,Old Town Heritage Ward Highway Toll Cam 421,CAM-09-420,highway_toll,1080p,northbound_entry,active,rtsp://streaming.internal.crimemind.net/live/cam-09-420,"{""fps"": 30, ""night_vision_ir"": true, ""pan_tilt_zoom"": true}",2021-01-01T00:00:00,2021-01-01T00:00:00
f92bf414-4df0-436a-a435-fec2340e5b6e,b586b8b3-7c76-422f-972c-b76b86288d6e,Old Town Heritage Ward Subway Transit Cam 422,CAM-09-421,subway_transit,1080p,northbound_entry,active,rtsp://streaming.internal.crimemind.net/live/cam-09-421,"{""fps"": 30, ""night_vision_ir"": true, ""pan_tilt_zoom"": false}",2021-01-01T00:00:00,2021-01-01T00:00:00
8765e908-9fb0-46a5-8ad8-b21ab62dd478,40c601f0-19ce-43a6-9b21-b3a1950e6c61,Eastside Arts Corridor Traffic Police Cam 423,CAM-09-422,traffic_police,1080p,360_degree_dome,active,rtsp://streaming.internal.crimemind.net/live/cam-09-422,"{""fps"": 30, ""night_vision_ir"": true, ""pan_tilt_zoom"": false}",2021-01-01T00:00:00,2021-01-01T00:00:00
0c75c9ba-3e7b-459e-a647-f8abe35d6489,92236067-bc29-43f2-9506-458e3b8ef280,Northshore Heights Residential Ring Cam 424,CAM-09-423,residential_ring,1080p,southbound_exit,active,rtsp://streaming.internal.crimemind.net/live/cam-09-423,"{""fps"": 30, ""night_vision_ir"": true, ""pan_tilt_zoom"": true}",2021-01-01T00:00:00,2021-01-01T00:00:00
58e6404e-4397-45f3-9dac-54381549ff28,6c500b08-8a33-4322-abd3-02ed09e3170a,Old Town Heritage Ward Municipal Surveillance Cam 425,CAM-09-424,municipal_surveillance,1080p,pedestrian_walkway,active,rtsp://streaming.internal.crimemind.net/live/cam-09-424,"{""fps"": 30, ""night_vision_ir"": true, ""pan_tilt_zoom"": false}",2021-01-01T00:00:00,2021-01-01T00:00:00
448f8312-8bf9-45ed-bfac-23a6fe211e8f,85178281-d00b-4054-bfd3-32bee753c107,West End Suburbs Atm Surveillance Cam 426,CAM-09-425,atm_surveillance,720p,vault_corridor,active,rtsp://streaming.internal.crimemind.net/live/cam-09-425,"{""fps"": 30, ""night_vision_ir"": true, ""pan_tilt_zoom"": false}",2021-01-01T00:00:00,2021-01-01T00:00:00
242f70b1-2743-4dd0-85f4-1853ce42dce2,c1469cf0-0edd-410e-8436-8cb2f5542484,Downtown Commercial District Private Commercial Cam 427,CAM-09-426,private_commercial,1080p,360_degree_dome,active,rtsp://streaming.internal.crimemind.net/live/cam-09-426,"{""fps"": 30, ""night_vision_ir"": true, ""pan_tilt_zoom"": true}",2021-01-01T00:00:00,2021-01-01T00:00:00
b59de011-0f45-4f5b-af3a-303fd345593f,9d7a71a8-a620-488b-9a23-d54de7ba3ed4,Harbor Point Terminal Subway Transit Cam 428,CAM-09-427,subway_transit,720p,northbound_entry,active,rtsp://streaming.internal.crimemind.net/live/cam-09-427,"{""fps"": 30, ""night_vision_ir"": true, ""pan_tilt_zoom"": false}",2021-01-01T00:00:00,2021-01-01T00:00:00
76c4f1fe-1177-45bf-ba0a-cdecb7743c93,5fed26a1-f734-477c-a998-3a719a8cbba9,Harbor Point Terminal Traffic Police Cam 429,CAM-09-428,traffic_police,1080p,vault_corridor,active,rtsp://streaming.internal.crimemind.net/live/cam-09-428,"{""fps"": 30, ""night_vision_ir"": true, ""pan_tilt_zoom"": false}",2021-01-01T00:00:00,2021-01-01T00:00:00
5ba775e0-9cd8-4ba7-9d3a-e2145d3e88c2,f87d9a92-d9f1-47cd-9130-e94a84f6064f,Midtown Financial Plaza Residential Ring Cam 430,CAM-09-429,residential_ring,1080p,360_degree_dome,active,rtsp://streaming.internal.crimemind.net/live/cam-09-429,"{""fps"": 30, ""night_vision_ir"": true, ""pan_tilt_zoom"": true}",2021-01-01T00:00:00,2021-01-01T00:00:00
42f6cdac-620d-4dbc-9337-996a0d6df4e6,880d397e-b159-477b-986a-485d7d54f61e,Eastside Arts Corridor Traffic Police Cam 431,CAM-09-430,traffic_police,1080p,360_degree_dome,active,rtsp://streaming.internal.crimemind.net/live/cam-09-430,"{""fps"": 30, ""night_vision_ir"": true, ""pan_tilt_zoom"": false}",2021-01-01T00:00:00,2021-01-01T00:00:00
8ac99c71-7dc0-4e68-8899-48357f926904,94ed9ba3-f091-4ba6-a2e3-f3b2f2f5f947,Midtown Financial Plaza Private Commercial Cam 432,CAM-09-431,private_commercial,4K,360_degree_dome,active,rtsp://streaming.internal.crimemind.net/live/cam-09-431,"{""fps"": 30, ""night_vision_ir"": true, ""pan_tilt_zoom"": false}",2021-01-01T00:00:00,2021-01-01T00:00:00
9208a056-7d87-47c0-9a4e-e8ad2783bc49,1020c4b7-55c2-4a49-af2a-0cb0f865b162,Northshore Heights Traffic Police Cam 433,CAM-09-432,traffic_police,720p,pedestrian_walkway,active,rtsp://streaming.internal.crimemind.net/live/cam-09-432,"{""fps"": 30, ""night_vision_ir"": true, ""pan_tilt_zoom"": true}",2021-01-01T00:00:00,2021-01-01T00:00:00
4de06530-f01b-49c9-885d-e95d6d5657a1,d18fbe3d-63f3-4ef9-8843-851f4a55ab99,West End Suburbs Subway Transit Cam 434,CAM-09-433,subway_transit,1080p,pedestrian_walkway,active,rtsp://streaming.internal.crimemind.net/live/cam-09-433,"{""fps"": 30, ""night_vision_ir"": true, ""pan_tilt_zoom"": false}",2021-01-01T00:00:00,2021-01-01T00:00:00
5646bf59-bb9e-42da-a597-9bd5283b5b03,f08af27c-00de-4d07-a377-f3b27f8e502b,Northshore Heights Private Commercial Cam 435,CAM-09-434,private_commercial,1080p,vault_corridor,active,rtsp://streaming.internal.crimemind.net/live/cam-09-434,"{""fps"": 30, ""night_vision_ir"": true, ""pan_tilt_zoom"": false}",2021-01-01T00:00:00,2021-01-01T00:00:00
d5b5d49f-2291-48d8-8ccd-44d7e5be85f9,18e13caa-32c4-42a0-a28d-9ef377626db3,South Bay Logistics Hub Municipal Surveillance Cam 436,CAM-09-435,municipal_surveillance,4K,vault_corridor,active,rtsp://streaming.internal.crimemind.net/live/cam-09-435,"{""fps"": 30, ""night_vision_ir"": true, ""pan_tilt_zoom"": true}",2021-01-01T00:00:00,2021-01-01T00:00:00
70fa006f-727e-40db-a17a-7a9597a99746,a0fc4c8e-413a-431c-b217-80f81676d3ed,West End Suburbs Subway Transit Cam 437,CAM-09-436,subway_transit,1080p,northbound_entry,active,rtsp://streaming.internal.crimemind.net/live/cam-09-436,"{""fps"": 30, ""night_vision_ir"": true, ""pan_tilt_zoom"": false}",2021-01-01T00:00:00,2021-01-01T00:00:00
b097678b-9bbb-4cfe-a3be-128c5da4d610,eb597e57-8f25-43f1-9f9c-6493b42f60e1,Old Town Heritage Ward Traffic Police Cam 438,CAM-09-437,traffic_police,4K,southbound_exit,active,rtsp://streaming.internal.crimemind.net/live/cam-09-437,"{""fps"": 30, ""night_vision_ir"": true, ""pan_tilt_zoom"": false}",2021-01-01T00:00:00,2021-01-01T00:00:00
79c38336-cb0f-4823-8436-83585065f8ae,1faae716-853b-4c40-8e23-618b275e173d,West End Suburbs Municipal Surveillance Cam 439,CAM-09-438,municipal_surveillance,720p,pedestrian_walkway,active,rtsp://streaming.internal.crimemind.net/live/cam-09-438,"{""fps"": 30, ""night_vision_ir"": true, ""pan_tilt_zoom"": true}",2021-01-01T00:00:00,2021-01-01T00:00:00
d5501b20-0edc-45a5-8058-d4a4944070e3,824b17b5-5686-49e3-94ec-29356716425d,Harbor Point Terminal Private Commercial Cam 440,CAM-09-439,private_commercial,1080p,northbound_entry,active,rtsp://streaming.internal.crimemind.net/live/cam-09-439,"{""fps"": 30, ""night_vision_ir"": true, ""pan_tilt_zoom"": false}",2021-01-01T00:00:00,2021-01-01T00:00:00
f212683a-f106-4734-853e-fb7043402d6e,47fe4fcf-5588-4208-8d0c-eb7960573b36,Eastside Arts Corridor Atm Surveillance Cam 441,CAM-09-440,atm_surveillance,1080p,pedestrian_walkway,active,rtsp://streaming.internal.crimemind.net/live/cam-09-440,"{""fps"": 30, ""night_vision_ir"": true, ""pan_tilt_zoom"": false}",2021-01-01T00:00:00,2021-01-01T00:00:00
215555ff-b082-499a-81c6-4b0f50e7d924,4ffc46e3-0813-4c6a-8190-51f8e4fe015d,Harbor Point Terminal Highway Toll Cam 442,CAM-09-441,highway_toll,4K,pedestrian_walkway,active,rtsp://streaming.internal.crimemind.net/live/cam-09-441,"{""fps"": 30, ""night_vision_ir"": true, ""pan_tilt_zoom"": true}",2021-01-01T00:00:00,2021-01-01T00:00:00
8963fb81-bc26-4fb1-9f57-ad2a13c9c07b,2809ad9d-c846-4224-9083-4bf966dd999a,Northshore Heights Atm Surveillance Cam 443,CAM-09-442,atm_surveillance,1080p,northbound_entry,active,rtsp://streaming.internal.crimemind.net/live/cam-09-442,"{""fps"": 30, ""night_vision_ir"": true, ""pan_tilt_zoom"": false}",2021-01-01T00:00:00,2021-01-01T00:00:00
7b7c4bff-a5f3-4bd2-9355-767cc623ff9f,0b4d98d4-656d-42e5-b53f-26d6bf7cd8e3,Old Town Heritage Ward Highway Toll Cam 444,CAM-09-443,highway_toll,4K,360_degree_dome,active,rtsp://streaming.internal.crimemind.net/live/cam-09-443,"{""fps"": 30, ""night_vision_ir"": true, ""pan_tilt_zoom"": false}",2021-01-01T00:00:00,2021-01-01T00:00:00
78734f38-8a70-45de-bb89-61cc273a5dba,f1f6a4ec-f842-428c-b836-79ffa3553b37,Old Town Heritage Ward Residential Ring Cam 445,CAM-09-444,residential_ring,720p,southbound_exit,offline,rtsp://streaming.internal.crimemind.net/live/cam-09-444,"{""fps"": 30, ""night_vision_ir"": true, ""pan_tilt_zoom"": true}",2021-01-01T00:00:00,2021-01-01T00:00:00
f6a5c37b-d2fb-4bb1-8954-b1cdddb43059,c463b74d-2a19-44be-9be5-2df45e92ec8c,Industrial Waterfront & Port Subway Transit Cam 446,CAM-09-445,subway_transit,720p,southbound_exit,active,rtsp://streaming.internal.crimemind.net/live/cam-09-445,"{""fps"": 30, ""night_vision_ir"": true, ""pan_tilt_zoom"": false}",2021-01-01T00:00:00,2021-01-01T00:00:00
08f2b70f-035e-4b10-af83-43aa78cd1371,c16f528a-0540-4e9d-a0cf-5ca0bd036a07,Silver Lake Tech Park Highway Toll Cam 447,CAM-09-446,highway_toll,1080p,southbound_exit,active,rtsp://streaming.internal.crimemind.net/live/cam-09-446,"{""fps"": 30, ""night_vision_ir"": true, ""pan_tilt_zoom"": false}",2021-01-01T00:00:00,2021-01-01T00:00:00
f842f81a-3ce1-4698-9aae-b69e153c13f1,5250dd6f-517e-45bc-b6bc-e46433cad704,Old Town Heritage Ward Highway Toll Cam 448,CAM-09-447,highway_toll,720p,360_degree_dome,active,rtsp://streaming.internal.crimemind.net/live/cam-09-447,"{""fps"": 30, ""night_vision_ir"": true, ""pan_tilt_zoom"": true}",2021-01-01T00:00:00,2021-01-01T00:00:00
ec21fede-5319-4d79-957e-d0a6d532f743,05bac9c1-4e34-4945-8d7c-cad664fc5d81,Downtown Commercial District Subway Transit Cam 449,CAM-09-448,subway_transit,1080p,northbound_entry,offline,rtsp://streaming.internal.crimemind.net/live/cam-09-448,"{""fps"": 30, ""night_vision_ir"": true, ""pan_tilt_zoom"": false}",2021-01-01T00:00:00,2021-01-01T00:00:00
6dba7c69-9bf7-40ca-b592-eb0342d53f62,af5680a1-577a-4194-bae4-a47a1e289172,Silver Lake Tech Park Subway Transit Cam 450,CAM-09-449,subway_transit,4K,southbound_exit,active,rtsp://streaming.internal.crimemind.net/live/cam-09-449,"{""fps"": 30, ""night_vision_ir"": true, ""pan_tilt_zoom"": false}",2021-01-01T00:00:00,2021-01-01T00:00:00
0d17f666-d10a-4af1-9ec2-b2b12f7fa0dc,a1607338-c65b-4115-ab0e-33d4b22aafca,Northshore Heights Atm Surveillance Cam 451,CAM-10-450,atm_surveillance,720p,southbound_exit,active,rtsp://streaming.internal.crimemind.net/live/cam-10-450,"{""fps"": 30, ""night_vision_ir"": true, ""pan_tilt_zoom"": true}",2021-01-01T00:00:00,2021-01-01T00:00:00
80054e39-bcb4-4fc4-9e19-92b38d957cad,96ac76fe-a6d3-4587-bbac-0ce472d7a9e8,Northshore Heights Traffic Police Cam 452,CAM-10-451,traffic_police,720p,360_degree_dome,maintenance,rtsp://streaming.internal.crimemind.net/live/cam-10-451,"{""fps"": 30, ""night_vision_ir"": true, ""pan_tilt_zoom"": false}",2021-01-01T00:00:00,2021-01-01T00:00:00
a6e78459-412e-4725-9ee2-1d169295159e,7c6e5013-4d27-4544-9961-2b1c0baeeed4,West End Suburbs Residential Ring Cam 453,CAM-10-452,residential_ring,4K,southbound_exit,active,rtsp://streaming.internal.crimemind.net/live/cam-10-452,"{""fps"": 30, ""night_vision_ir"": true, ""pan_tilt_zoom"": false}",2021-01-01T00:00:00,2021-01-01T00:00:00
e903022a-58ff-4dec-9730-f096c2223b97,279a5653-fa96-4338-8df4-46b561ce940e,South Bay Logistics Hub Private Commercial Cam 454,CAM-10-453,private_commercial,720p,vault_corridor,active,rtsp://streaming.internal.crimemind.net/live/cam-10-453,"{""fps"": 30, ""night_vision_ir"": true, ""pan_tilt_zoom"": true}",2021-01-01T00:00:00,2021-01-01T00:00:00
67c65b76-f9da-46a4-ab8e-dfa7bc69ab4e,35323ddf-26f0-40e7-a0e7-8a4cf64800cb,Midtown Financial Plaza Private Commercial Cam 455,CAM-10-454,private_commercial,4K,360_degree_dome,active,rtsp://streaming.internal.crimemind.net/live/cam-10-454,"{""fps"": 30, ""night_vision_ir"": true, ""pan_tilt_zoom"": false}",2021-01-01T00:00:00,2021-01-01T00:00:00
8b352e8b-f7b1-4555-b64b-d4d000cf345a,01c00065-710e-4255-a60d-3136f6a1594e,Silver Lake Tech Park Highway Toll Cam 456,CAM-10-455,highway_toll,1080p,pedestrian_walkway,active,rtsp://streaming.internal.crimemind.net/live/cam-10-455,"{""fps"": 30, ""night_vision_ir"": true, ""pan_tilt_zoom"": false}",2021-01-01T00:00:00,2021-01-01T00:00:00
1fd7258b-b630-4974-a7a3-5265a347599f,c245cebd-bd5e-49a7-ab79-1bb1db88ff26,South Bay Logistics Hub Highway Toll Cam 457,CAM-10-456,highway_toll,1080p,southbound_exit,active,rtsp://streaming.internal.crimemind.net/live/cam-10-456,"{""fps"": 30, ""night_vision_ir"": true, ""pan_tilt_zoom"": true}",2021-01-01T00:00:00,2021-01-01T00:00:00
7fd2f69e-febf-4b67-9668-d85f0d847261,1ef56009-83d8-4e5b-ac8c-2fd9ce94c47d,Eastside Arts Corridor Residential Ring Cam 458,CAM-10-457,residential_ring,4K,pedestrian_walkway,active,rtsp://streaming.internal.crimemind.net/live/cam-10-457,"{""fps"": 30, ""night_vision_ir"": true, ""pan_tilt_zoom"": false}",2021-01-01T00:00:00,2021-01-01T00:00:00
9332e246-ba91-4bc4-aaf1-c48f0964dfe4,5551d093-2249-40e5-816c-53847e335cdb,Northshore Heights Private Commercial Cam 459,CAM-10-458,private_commercial,4K,southbound_exit,active,rtsp://streaming.internal.crimemind.net/live/cam-10-458,"{""fps"": 30, ""night_vision_ir"": true, ""pan_tilt_zoom"": false}",2021-01-01T00:00:00,2021-01-01T00:00:00
0eea0f63-4303-4c50-89bd-e0519d2b9583,1b5a9663-6c6a-4168-bb2e-3fbc653d4b5f,South Bay Logistics Hub Highway Toll Cam 460,CAM-10-459,highway_toll,1080p,360_degree_dome,active,rtsp://streaming.internal.crimemind.net/live/cam-10-459,"{""fps"": 30, ""night_vision_ir"": true, ""pan_tilt_zoom"": true}",2021-01-01T00:00:00,2021-01-01T00:00:00
1e63e39f-c8d0-48cf-8a2a-573258a6ff49,8cf3ceb4-d5b8-4a78-afec-982d26be2238,Industrial Waterfront & Port Private Commercial Cam 461,CAM-10-460,private_commercial,1080p,360_degree_dome,active,rtsp://streaming.internal.crimemind.net/live/cam-10-460,"{""fps"": 30, ""night_vision_ir"": true, ""pan_tilt_zoom"": false}",2021-01-01T00:00:00,2021-01-01T00:00:00
c25ea781-ce6c-4757-a37a-c4ee7353496c,a2b30144-68d2-4532-89f3-3d2b2872a331,West End Suburbs Residential Ring Cam 462,CAM-10-461,residential_ring,1080p,360_degree_dome,active,rtsp://streaming.internal.crimemind.net/live/cam-10-461,"{""fps"": 30, ""night_vision_ir"": true, ""pan_tilt_zoom"": false}",2021-01-01T00:00:00,2021-01-01T00:00:00
bc548ec2-97b3-40f7-811e-4e84288e3363,75e67c12-77ee-4ddc-bb83-22239ad1091c,Harbor Point Terminal Private Commercial Cam 463,CAM-10-462,private_commercial,1080p,vault_corridor,active,rtsp://streaming.internal.crimemind.net/live/cam-10-462,"{""fps"": 30, ""night_vision_ir"": true, ""pan_tilt_zoom"": true}",2021-01-01T00:00:00,2021-01-01T00:00:00
15c1c830-b9d8-41b3-8690-8f2c841acbae,fdd98281-d6c0-4433-83df-e6e3ef3b138c,Eastside Arts Corridor Traffic Police Cam 464,CAM-10-463,traffic_police,1080p,southbound_exit,active,rtsp://streaming.internal.crimemind.net/live/cam-10-463,"{""fps"": 30, ""night_vision_ir"": true, ""pan_tilt_zoom"": false}",2021-01-01T00:00:00,2021-01-01T00:00:00
9565f187-1f3e-43d1-b8a0-da70d6d8e402,21bb7fe8-99c7-442a-b1d8-21cb2bbebcc7,South Bay Logistics Hub Residential Ring Cam 465,CAM-10-464,residential_ring,1080p,southbound_exit,active,rtsp://streaming.internal.crimemind.net/live/cam-10-464,"{""fps"": 30, ""night_vision_ir"": true, ""pan_tilt_zoom"": false}",2021-01-01T00:00:00,2021-01-01T00:00:00
e522b58a-403d-4248-8d23-7bf2846e21f1,9ccf7b92-ec8c-4291-a80a-ec21be42823b,Silver Lake Tech Park Private Commercial Cam 466,CAM-10-465,private_commercial,4K,pedestrian_walkway,active,rtsp://streaming.internal.crimemind.net/live/cam-10-465,"{""fps"": 30, ""night_vision_ir"": true, ""pan_tilt_zoom"": true}",2021-01-01T00:00:00,2021-01-01T00:00:00
42a988fb-a05f-4582-8bbc-6941d8bf61d9,c1eb2051-d9fc-4f02-b0c1-527d479b44ad,Harbor Point Terminal Private Commercial Cam 467,CAM-10-466,private_commercial,1080p,vault_corridor,active,rtsp://streaming.internal.crimemind.net/live/cam-10-466,"{""fps"": 30, ""night_vision_ir"": true, ""pan_tilt_zoom"": false}",2021-01-01T00:00:00,2021-01-01T00:00:00
c42592e5-aec4-4e87-a1ed-42c210952f24,860e6ee5-6e75-4ffd-9347-9a4ff0a8947d,West End Suburbs Residential Ring Cam 468,CAM-10-467,residential_ring,1080p,vault_corridor,active,rtsp://streaming.internal.crimemind.net/live/cam-10-467,"{""fps"": 30, ""night_vision_ir"": true, ""pan_tilt_zoom"": false}",2021-01-01T00:00:00,2021-01-01T00:00:00
8a7d406d-dca9-4d7e-9ba5-73c8e1ddb584,c83e063a-2e95-4878-9d4a-454430af2804,Harbor Point Terminal Private Commercial Cam 469,CAM-10-468,private_commercial,4K,pedestrian_walkway,active,rtsp://streaming.internal.crimemind.net/live/cam-10-468,"{""fps"": 30, ""night_vision_ir"": true, ""pan_tilt_zoom"": true}",2021-01-01T00:00:00,2021-01-01T00:00:00
a041f735-2212-4040-9ac0-dc20beba5681,cd612269-f000-4471-af44-56ef53d5ccae,Industrial Waterfront & Port Private Commercial Cam 470,CAM-10-469,private_commercial,1080p,southbound_exit,active,rtsp://streaming.internal.crimemind.net/live/cam-10-469,"{""fps"": 30, ""night_vision_ir"": true, ""pan_tilt_zoom"": false}",2021-01-01T00:00:00,2021-01-01T00:00:00
eefd0dc4-d87a-4953-a0a2-362f8daf7733,7e6758f7-7be4-484f-9154-1cc94ce54a4f,Silver Lake Tech Park Atm Surveillance Cam 471,CAM-10-470,atm_surveillance,4K,pedestrian_walkway,active,rtsp://streaming.internal.crimemind.net/live/cam-10-470,"{""fps"": 30, ""night_vision_ir"": true, ""pan_tilt_zoom"": false}",2021-01-01T00:00:00,2021-01-01T00:00:00
de9bd909-53c6-49fa-9832-d8cb9aca3a97,287fcda2-723d-4d0c-a35f-d2d3c912b266,Northshore Heights Municipal Surveillance Cam 472,CAM-10-471,municipal_surveillance,4K,vault_corridor,active,rtsp://streaming.internal.crimemind.net/live/cam-10-471,"{""fps"": 30, ""night_vision_ir"": true, ""pan_tilt_zoom"": true}",2021-01-01T00:00:00,2021-01-01T00:00:00
bf44c7ba-6801-44b1-8b84-b48295a2f765,d703289f-55ed-42c0-ac78-62367a588703,Harbor Point Terminal Atm Surveillance Cam 473,CAM-10-472,atm_surveillance,1080p,pedestrian_walkway,active,rtsp://streaming.internal.crimemind.net/live/cam-10-472,"{""fps"": 30, ""night_vision_ir"": true, ""pan_tilt_zoom"": false}",2021-01-01T00:00:00,2021-01-01T00:00:00
198ae114-8d7b-44f7-bba2-93a5a381bf82,ff174201-cfbc-43e8-8b69-ea76cce93a1f,Old Town Heritage Ward Residential Ring Cam 474,CAM-10-473,residential_ring,720p,pedestrian_walkway,active,rtsp://streaming.internal.crimemind.net/live/cam-10-473,"{""fps"": 30, ""night_vision_ir"": true, ""pan_tilt_zoom"": false}",2021-01-01T00:00:00,2021-01-01T00:00:00
c329b7b3-6413-4640-b008-b0fb5e305c8c,c53489b4-6209-41e1-8791-58b92d8026ce,Downtown Commercial District Municipal Surveillance Cam 475,CAM-10-474,municipal_surveillance,720p,360_degree_dome,active,rtsp://streaming.internal.crimemind.net/live/cam-10-474,"{""fps"": 30, ""night_vision_ir"": true, ""pan_tilt_zoom"": true}",2021-01-01T00:00:00,2021-01-01T00:00:00
9fbdb3ef-ce2b-4753-8aec-03de26abd70c,f4340fec-d7cb-497d-b5c1-d0e82b84111b,Midtown Financial Plaza Highway Toll Cam 476,CAM-10-475,highway_toll,4K,vault_corridor,active,rtsp://streaming.internal.crimemind.net/live/cam-10-475,"{""fps"": 30, ""night_vision_ir"": true, ""pan_tilt_zoom"": false}",2021-01-01T00:00:00,2021-01-01T00:00:00
9770b316-ead3-4444-814c-6b2d018c6c4e,34de3e7c-790b-488d-94c1-7fe56d2a7934,Midtown Financial Plaza Atm Surveillance Cam 477,CAM-10-476,atm_surveillance,1080p,360_degree_dome,active,rtsp://streaming.internal.crimemind.net/live/cam-10-476,"{""fps"": 30, ""night_vision_ir"": true, ""pan_tilt_zoom"": false}",2021-01-01T00:00:00,2021-01-01T00:00:00
dfbc7bf4-d2f5-4e52-ab9e-490c3d90c362,82a9f55e-ae91-4f9e-b006-477647fb84a6,Old Town Heritage Ward Traffic Police Cam 478,CAM-10-477,traffic_police,720p,360_degree_dome,active,rtsp://streaming.internal.crimemind.net/live/cam-10-477,"{""fps"": 30, ""night_vision_ir"": true, ""pan_tilt_zoom"": true}",2021-01-01T00:00:00,2021-01-01T00:00:00
df4ecb53-4b85-468a-8ac6-f7c8bbc9c812,5250dd6f-517e-45bc-b6bc-e46433cad704,Old Town Heritage Ward Residential Ring Cam 479,CAM-10-478,residential_ring,1080p,360_degree_dome,active,rtsp://streaming.internal.crimemind.net/live/cam-10-478,"{""fps"": 30, ""night_vision_ir"": true, ""pan_tilt_zoom"": false}",2021-01-01T00:00:00,2021-01-01T00:00:00
c5745a04-db4d-4d43-b479-60bd29283d30,b586b8b3-7c76-422f-972c-b76b86288d6e,Old Town Heritage Ward Private Commercial Cam 480,CAM-10-479,private_commercial,1080p,southbound_exit,active,rtsp://streaming.internal.crimemind.net/live/cam-10-479,"{""fps"": 30, ""night_vision_ir"": true, ""pan_tilt_zoom"": false}",2021-01-01T00:00:00,2021-01-01T00:00:00
cd83b053-b193-4cad-82ec-4c4b8aec6620,13f03a82-2742-40ed-9890-941f9dae24d2,Eastside Arts Corridor Highway Toll Cam 481,CAM-10-480,highway_toll,1080p,360_degree_dome,active,rtsp://streaming.internal.crimemind.net/live/cam-10-480,"{""fps"": 30, ""night_vision_ir"": true, ""pan_tilt_zoom"": true}",2021-01-01T00:00:00,2021-01-01T00:00:00
6d751260-b556-4399-b546-6a85ca9cbb37,ba5904b6-21f7-47c6-8743-7a91b8250b5f,Old Town Heritage Ward Subway Transit Cam 482,CAM-10-481,subway_transit,1080p,northbound_entry,active,rtsp://streaming.internal.crimemind.net/live/cam-10-481,"{""fps"": 30, ""night_vision_ir"": true, ""pan_tilt_zoom"": false}",2021-01-01T00:00:00,2021-01-01T00:00:00
78f6f73b-0eca-4d74-9720-33fceb56aa74,914694f7-8c63-406a-8e23-2aafb4ae15a6,Industrial Waterfront & Port Subway Transit Cam 483,CAM-10-482,subway_transit,720p,northbound_entry,active,rtsp://streaming.internal.crimemind.net/live/cam-10-482,"{""fps"": 30, ""night_vision_ir"": true, ""pan_tilt_zoom"": false}",2021-01-01T00:00:00,2021-01-01T00:00:00
ee923ea6-5df0-4a76-ad1b-01b6357c1925,a56f19e9-d52b-47a2-9500-43ff05183b14,Northshore Heights Private Commercial Cam 484,CAM-10-483,private_commercial,1080p,360_degree_dome,active,rtsp://streaming.internal.crimemind.net/live/cam-10-483,"{""fps"": 30, ""night_vision_ir"": true, ""pan_tilt_zoom"": true}",2021-01-01T00:00:00,2021-01-01T00:00:00
6a367930-59c1-45bf-ae60-bf7d5747b524,2bf099c6-dc67-4292-bb10-c5da921c9afc,West End Suburbs Municipal Surveillance Cam 485,CAM-10-484,municipal_surveillance,1080p,360_degree_dome,active,rtsp://streaming.internal.crimemind.net/live/cam-10-484,"{""fps"": 30, ""night_vision_ir"": true, ""pan_tilt_zoom"": false}",2021-01-01T00:00:00,2021-01-01T00:00:00
c7e5f026-f13d-461d-801d-5e08553bc9ae,01d0da07-d364-4fb1-9164-57c574af181e,Downtown Commercial District Atm Surveillance Cam 486,CAM-10-485,atm_surveillance,1080p,northbound_entry,active,rtsp://streaming.internal.crimemind.net/live/cam-10-485,"{""fps"": 30, ""night_vision_ir"": true, ""pan_tilt_zoom"": false}",2021-01-01T00:00:00,2021-01-01T00:00:00
876e27f0-e35b-4f9c-ac31-847be9d68a26,0a5f39f8-5678-4760-b135-04909c4c3a0c,South Bay Logistics Hub Municipal Surveillance Cam 487,CAM-10-486,municipal_surveillance,720p,pedestrian_walkway,active,rtsp://streaming.internal.crimemind.net/live/cam-10-486,"{""fps"": 30, ""night_vision_ir"": true, ""pan_tilt_zoom"": true}",2021-01-01T00:00:00,2021-01-01T00:00:00
8829d0af-5349-4d20-952f-4386a7d147c2,f96f7963-3610-4120-9e31-1c54ae87459a,Harbor Point Terminal Private Commercial Cam 488,CAM-10-487,private_commercial,720p,pedestrian_walkway,offline,rtsp://streaming.internal.crimemind.net/live/cam-10-487,"{""fps"": 30, ""night_vision_ir"": true, ""pan_tilt_zoom"": false}",2021-01-01T00:00:00,2021-01-01T00:00:00
ff499d54-683b-49d5-8ecc-195a97986076,b582a813-967d-4ade-9413-a08e1f052c86,Silver Lake Tech Park Highway Toll Cam 489,CAM-10-488,highway_toll,1080p,vault_corridor,active,rtsp://streaming.internal.crimemind.net/live/cam-10-488,"{""fps"": 30, ""night_vision_ir"": true, ""pan_tilt_zoom"": false}",2021-01-01T00:00:00,2021-01-01T00:00:00
78f191b6-659b-4811-9959-037846450a33,7f669fe7-5d95-4b36-8df9-fd1b21ac16f8,Midtown Financial Plaza Residential Ring Cam 490,CAM-10-489,residential_ring,4K,360_degree_dome,active,rtsp://streaming.internal.crimemind.net/live/cam-10-489,"{""fps"": 30, ""night_vision_ir"": true, ""pan_tilt_zoom"": true}",2021-01-01T00:00:00,2021-01-01T00:00:00
0f8b8b22-97e5-4eed-a9f7-8d36b37ce7c0,0b024afd-6db4-40bd-9f2c-916f3845de22,Industrial Waterfront & Port Traffic Police Cam 491,CAM-10-490,traffic_police,4K,pedestrian_walkway,active,rtsp://streaming.internal.crimemind.net/live/cam-10-490,"{""fps"": 30, ""night_vision_ir"": true, ""pan_tilt_zoom"": false}",2021-01-01T00:00:00,2021-01-01T00:00:00
b8275097-65cb-40ac-8acc-67c20e95a3d5,78bbbcd3-69bb-4f08-9f9d-f0e818bfa31b,Harbor Point Terminal Subway Transit Cam 492,CAM-10-491,subway_transit,1080p,vault_corridor,active,rtsp://streaming.internal.crimemind.net/live/cam-10-491,"{""fps"": 30, ""night_vision_ir"": true, ""pan_tilt_zoom"": false}",2021-01-01T00:00:00,2021-01-01T00:00:00
8b518715-fd23-4fe9-a071-2d5730ee40d8,c7dc4eb6-c7aa-46e7-9a22-78212133e6c0,South Bay Logistics Hub Residential Ring Cam 493,CAM-10-492,residential_ring,720p,360_degree_dome,active,rtsp://streaming.internal.crimemind.net/live/cam-10-492,"{""fps"": 30, ""night_vision_ir"": true, ""pan_tilt_zoom"": true}",2021-01-01T00:00:00,2021-01-01T00:00:00
ad0944a9-3f42-4395-9b6a-911f2969b53f,05a44ed5-56fb-48d8-b082-7f7eadc06bf1,South Bay Logistics Hub Traffic Police Cam 494,CAM-10-493,traffic_police,1080p,southbound_exit,active,rtsp://streaming.internal.crimemind.net/live/cam-10-493,"{""fps"": 30, ""night_vision_ir"": true, ""pan_tilt_zoom"": false}",2021-01-01T00:00:00,2021-01-01T00:00:00
8c1727c5-9a97-4bfc-b28e-35c4d13015dd,400e3068-5d07-4ba3-9c34-c8d00f2925a4,Northshore Heights Residential Ring Cam 495,CAM-10-494,residential_ring,1080p,vault_corridor,active,rtsp://streaming.internal.crimemind.net/live/cam-10-494,"{""fps"": 30, ""night_vision_ir"": true, ""pan_tilt_zoom"": false}",2021-01-01T00:00:00,2021-01-01T00:00:00
3be749b2-b4a0-41df-bb88-350ce552fa34,ae5f9fc3-9b80-4ae7-b39d-45c7bcd87cc8,West End Suburbs Municipal Surveillance Cam 496,CAM-10-495,municipal_surveillance,1080p,northbound_entry,active,rtsp://streaming.internal.crimemind.net/live/cam-10-495,"{""fps"": 30, ""night_vision_ir"": true, ""pan_tilt_zoom"": true}",2021-01-01T00:00:00,2021-01-01T00:00:00
8eefa614-8d27-4c2a-84c3-8976d6a2e9ad,305caa4b-767b-4db0-9ca8-dc0b09c747cc,Harbor Point Terminal Private Commercial Cam 497,CAM-10-496,private_commercial,1080p,northbound_entry,active,rtsp://streaming.internal.crimemind.net/live/cam-10-496,"{""fps"": 30, ""night_vision_ir"": true, ""pan_tilt_zoom"": false}",2021-01-01T00:00:00,2021-01-01T00:00:00
af2f12d3-fa75-45e5-b41f-fbb0d1c9f33e,af59770b-f6aa-4345-9485-086639cc79cc,Harbor Point Terminal Traffic Police Cam 498,CAM-10-497,traffic_police,1080p,vault_corridor,active,rtsp://streaming.internal.crimemind.net/live/cam-10-497,"{""fps"": 30, ""night_vision_ir"": true, ""pan_tilt_zoom"": false}",2021-01-01T00:00:00,2021-01-01T00:00:00
b7a6ef02-7d09-46dc-bd57-063bde034f5b,8ca4beae-eb5e-48cd-bf6f-d0c9a26a51f7,Northshore Heights Traffic Police Cam 499,CAM-10-498,traffic_police,4K,southbound_exit,active,rtsp://streaming.internal.crimemind.net/live/cam-10-498,"{""fps"": 30, ""night_vision_ir"": true, ""pan_tilt_zoom"": true}",2021-01-01T00:00:00,2021-01-01T00:00:00
3abadb7e-79df-41be-b202-702f9f821308,72c5a451-b7c0-49e5-9c72-350c2d6fca0f,Downtown Commercial District Private Commercial Cam 500,CAM-10-499,private_commercial,720p,northbound_entry,active,rtsp://streaming.internal.crimemind.net/live/cam-10-499,"{""fps"": 30, ""night_vision_ir"": true, ""pan_tilt_zoom"": false}",2021-01-01T00:00:00,2021-01-01T00:00:00
12b734db-70f0-4a51-baa5-adc367192913,5d7738b7-c927-48fb-81d6-6076ba14f46a,Northshore Heights Residential Ring Cam 501,CAM-11-500,residential_ring,1080p,pedestrian_walkway,active,rtsp://streaming.internal.crimemind.net/live/cam-11-500,"{""fps"": 30, ""night_vision_ir"": true, ""pan_tilt_zoom"": false}",2021-01-01T00:00:00,2021-01-01T00:00:00
470e0d3f-4c83-4d2a-8009-8eefc3357bd1,d43c8901-3c11-42ec-9396-e0e88e176994,Industrial Waterfront & Port Atm Surveillance Cam 502,CAM-11-501,atm_surveillance,4K,vault_corridor,active,rtsp://streaming.internal.crimemind.net/live/cam-11-501,"{""fps"": 30, ""night_vision_ir"": true, ""pan_tilt_zoom"": true}",2021-01-01T00:00:00,2021-01-01T00:00:00
11ed2a27-7ff3-44a5-8118-32cb538a7905,acf22532-5c9d-4e8e-beb6-69af502b5739,Northshore Heights Highway Toll Cam 503,CAM-11-502,highway_toll,1080p,northbound_entry,active,rtsp://streaming.internal.crimemind.net/live/cam-11-502,"{""fps"": 30, ""night_vision_ir"": true, ""pan_tilt_zoom"": false}",2021-01-01T00:00:00,2021-01-01T00:00:00
6554723b-7b94-41e9-9402-0fb829789e1f,3fc03956-5e35-45f0-bbb1-f5cca2f4f94a,Northshore Heights Private Commercial Cam 504,CAM-11-503,private_commercial,720p,360_degree_dome,active,rtsp://streaming.internal.crimemind.net/live/cam-11-503,"{""fps"": 30, ""night_vision_ir"": true, ""pan_tilt_zoom"": false}",2021-01-01T00:00:00,2021-01-01T00:00:00
1dfab148-522c-4a07-bfac-5b4b67fe390f,356ecdc6-330b-4e94-82b1-48f5080a2fd8,Eastside Arts Corridor Traffic Police Cam 505,CAM-11-504,traffic_police,1080p,360_degree_dome,active,rtsp://streaming.internal.crimemind.net/live/cam-11-504,"{""fps"": 30, ""night_vision_ir"": true, ""pan_tilt_zoom"": true}",2021-01-01T00:00:00,2021-01-01T00:00:00
a1660344-5719-4be4-909a-1ef1d7da6693,a5364309-fb09-4f17-a7bc-8544f269b2fd,South Bay Logistics Hub Private Commercial Cam 506,CAM-11-505,private_commercial,4K,northbound_entry,active,rtsp://streaming.internal.crimemind.net/live/cam-11-505,"{""fps"": 30, ""night_vision_ir"": true, ""pan_tilt_zoom"": false}",2021-01-01T00:00:00,2021-01-01T00:00:00
f0dafab5-5387-4915-b9c3-b7ee1f38e719,4f0d260c-768c-4163-afbc-a4f68d0a0ff9,Harbor Point Terminal Subway Transit Cam 507,CAM-11-506,subway_transit,720p,pedestrian_walkway,maintenance,rtsp://streaming.internal.crimemind.net/live/cam-11-506,"{""fps"": 30, ""night_vision_ir"": true, ""pan_tilt_zoom"": false}",2021-01-01T00:00:00,2021-01-01T00:00:00
d00527a3-8604-4806-94cd-e001ef19bfd8,25e380f3-bbf6-48ad-934c-53114591491c,West End Suburbs Atm Surveillance Cam 508,CAM-11-507,atm_surveillance,1080p,360_degree_dome,active,rtsp://streaming.internal.crimemind.net/live/cam-11-507,"{""fps"": 30, ""night_vision_ir"": true, ""pan_tilt_zoom"": true}",2021-01-01T00:00:00,2021-01-01T00:00:00
a00ec759-dea4-4ae6-94c6-f3724b88aaec,69c5b43d-f50c-4fde-8018-c2678a04ef1e,South Bay Logistics Hub Residential Ring Cam 509,CAM-11-508,residential_ring,1080p,vault_corridor,active,rtsp://streaming.internal.crimemind.net/live/cam-11-508,"{""fps"": 30, ""night_vision_ir"": true, ""pan_tilt_zoom"": false}",2021-01-01T00:00:00,2021-01-01T00:00:00
2a352880-5959-457d-99bf-30a5a2336cbf,5a42fc4a-b949-4361-99ac-c1576e1883c4,Old Town Heritage Ward Traffic Police Cam 510,CAM-11-509,traffic_police,1080p,360_degree_dome,active,rtsp://streaming.internal.crimemind.net/live/cam-11-509,"{""fps"": 30, ""night_vision_ir"": true, ""pan_tilt_zoom"": false}",2021-01-01T00:00:00,2021-01-01T00:00:00
20c33858-ab81-4421-aa51-e0bc794c3f22,ae1c1c5b-d0b0-418e-9b1f-ed3a9efc839a,Eastside Arts Corridor Traffic Police Cam 511,CAM-11-510,traffic_police,4K,northbound_entry,active,rtsp://streaming.internal.crimemind.net/live/cam-11-510,"{""fps"": 30, ""night_vision_ir"": true, ""pan_tilt_zoom"": true}",2021-01-01T00:00:00,2021-01-01T00:00:00
e5ccf07c-beb2-4260-a899-b0f5db4eec8b,37a006ea-af46-4110-b306-0056759d6fed,Eastside Arts Corridor Subway Transit Cam 512,CAM-11-511,subway_transit,1080p,northbound_entry,active,rtsp://streaming.internal.crimemind.net/live/cam-11-511,"{""fps"": 30, ""night_vision_ir"": true, ""pan_tilt_zoom"": false}",2021-01-01T00:00:00,2021-01-01T00:00:00
8d14e644-4787-4853-a592-71e1c349e40d,8a597ea0-7538-4ae0-a4f1-a9fd0ede4952,Eastside Arts Corridor Residential Ring Cam 513,CAM-11-512,residential_ring,4K,360_degree_dome,active,rtsp://streaming.internal.crimemind.net/live/cam-11-512,"{""fps"": 30, ""night_vision_ir"": true, ""pan_tilt_zoom"": false}",2021-01-01T00:00:00,2021-01-01T00:00:00
e9cdc9fe-d561-4891-ac54-b1878ca11fdc,30b1c777-8d10-4af2-8fd2-3f4602447ab3,Old Town Heritage Ward Traffic Police Cam 514,CAM-11-513,traffic_police,1080p,northbound_entry,active,rtsp://streaming.internal.crimemind.net/live/cam-11-513,"{""fps"": 30, ""night_vision_ir"": true, ""pan_tilt_zoom"": true}",2021-01-01T00:00:00,2021-01-01T00:00:00
e19944d4-8ced-4ff5-ae84-0f1d30bf52ea,1ab5810c-a222-4750-ab98-a3e6c9ce0a8d,Harbor Point Terminal Highway Toll Cam 515,CAM-11-514,highway_toll,720p,vault_corridor,active,rtsp://streaming.internal.crimemind.net/live/cam-11-514,"{""fps"": 30, ""night_vision_ir"": true, ""pan_tilt_zoom"": false}",2021-01-01T00:00:00,2021-01-01T00:00:00
6a423261-ce21-45cc-afe9-e51ca1a23aea,4367fc33-e282-4938-9fc1-3118075b0e20,South Bay Logistics Hub Private Commercial Cam 516,CAM-11-515,private_commercial,4K,vault_corridor,active,rtsp://streaming.internal.crimemind.net/live/cam-11-515,"{""fps"": 30, ""night_vision_ir"": true, ""pan_tilt_zoom"": false}",2021-01-01T00:00:00,2021-01-01T00:00:00
ca4e31e7-b31f-4778-9157-cdc3195d88a6,c7e1c1f0-c7d4-4383-9155-087a1644e548,Downtown Commercial District Atm Surveillance Cam 517,CAM-11-516,atm_surveillance,720p,vault_corridor,active,rtsp://streaming.internal.crimemind.net/live/cam-11-516,"{""fps"": 30, ""night_vision_ir"": true, ""pan_tilt_zoom"": true}",2021-01-01T00:00:00,2021-01-01T00:00:00
d4e05f04-11aa-4aeb-b339-7266b8f91994,c53489b4-6209-41e1-8791-58b92d8026ce,Downtown Commercial District Highway Toll Cam 518,CAM-11-517,highway_toll,4K,360_degree_dome,active,rtsp://streaming.internal.crimemind.net/live/cam-11-517,"{""fps"": 30, ""night_vision_ir"": true, ""pan_tilt_zoom"": false}",2021-01-01T00:00:00,2021-01-01T00:00:00
9c672ecc-f194-4248-a054-a814bb23d97d,bb391965-861a-48d3-891b-64ecab19fa8d,Old Town Heritage Ward Highway Toll Cam 519,CAM-11-518,highway_toll,1080p,vault_corridor,active,rtsp://streaming.internal.crimemind.net/live/cam-11-518,"{""fps"": 30, ""night_vision_ir"": true, ""pan_tilt_zoom"": false}",2021-01-01T00:00:00,2021-01-01T00:00:00
fbf68b7a-19b1-423b-9dc3-027eea5537d9,ab4d0cf9-7e18-49cb-8fda-0f1dfc4fbe96,Eastside Arts Corridor Private Commercial Cam 520,CAM-11-519,private_commercial,1080p,360_degree_dome,active,rtsp://streaming.internal.crimemind.net/live/cam-11-519,"{""fps"": 30, ""night_vision_ir"": true, ""pan_tilt_zoom"": true}",2021-01-01T00:00:00,2021-01-01T00:00:00
674f23b4-b23f-49e8-89ad-b782b2d9a1b2,233b4206-5e37-4304-8f22-fd2fba2f0eab,Old Town Heritage Ward Atm Surveillance Cam 521,CAM-11-520,atm_surveillance,1080p,360_degree_dome,active,rtsp://streaming.internal.crimemind.net/live/cam-11-520,"{""fps"": 30, ""night_vision_ir"": true, ""pan_tilt_zoom"": false}",2021-01-01T00:00:00,2021-01-01T00:00:00
a18d6dd3-473a-4f26-9ec5-66937ddf8a38,e279c52e-2b3e-4f6e-8d7f-dd5110510741,Silver Lake Tech Park Highway Toll Cam 522,CAM-11-521,highway_toll,1080p,pedestrian_walkway,active,rtsp://streaming.internal.crimemind.net/live/cam-11-521,"{""fps"": 30, ""night_vision_ir"": true, ""pan_tilt_zoom"": false}",2021-01-01T00:00:00,2021-01-01T00:00:00
280bc56b-b3c2-40f0-bd0b-f7a80cb8c64b,e0445507-50fb-4ef9-89cf-a9c7c2d159ec,Silver Lake Tech Park Highway Toll Cam 523,CAM-11-522,highway_toll,4K,southbound_exit,active,rtsp://streaming.internal.crimemind.net/live/cam-11-522,"{""fps"": 30, ""night_vision_ir"": true, ""pan_tilt_zoom"": true}",2021-01-01T00:00:00,2021-01-01T00:00:00
5abeea8d-ddde-48ec-b6d2-00494de5058d,94ed9ba3-f091-4ba6-a2e3-f3b2f2f5f947,Midtown Financial Plaza Traffic Police Cam 524,CAM-11-523,traffic_police,1080p,pedestrian_walkway,active,rtsp://streaming.internal.crimemind.net/live/cam-11-523,"{""fps"": 30, ""night_vision_ir"": true, ""pan_tilt_zoom"": false}",2021-01-01T00:00:00,2021-01-01T00:00:00
145315a4-0f1d-4873-9289-65209f66d203,aa198d3c-5f0f-426d-a32b-ba6668fb91cf,West End Suburbs Subway Transit Cam 525,CAM-11-524,subway_transit,1080p,vault_corridor,active,rtsp://streaming.internal.crimemind.net/live/cam-11-524,"{""fps"": 30, ""night_vision_ir"": true, ""pan_tilt_zoom"": false}",2021-01-01T00:00:00,2021-01-01T00:00:00
0e9e2491-dc72-4d92-808c-21423f0c01d8,a7440253-2527-4ea4-83b3-3364aeb8a8c3,Eastside Arts Corridor Subway Transit Cam 526,CAM-11-525,subway_transit,1080p,360_degree_dome,active,rtsp://streaming.internal.crimemind.net/live/cam-11-525,"{""fps"": 30, ""night_vision_ir"": true, ""pan_tilt_zoom"": true}",2021-01-01T00:00:00,2021-01-01T00:00:00
c75b83e7-aa6e-4f22-87f5-eb1d9fbfc324,34fda582-9f71-44cb-915c-0116f2955e03,Downtown Commercial District Traffic Police Cam 527,CAM-11-526,traffic_police,1080p,360_degree_dome,active,rtsp://streaming.internal.crimemind.net/live/cam-11-526,"{""fps"": 30, ""night_vision_ir"": true, ""pan_tilt_zoom"": false}",2021-01-01T00:00:00,2021-01-01T00:00:00
680ea3c5-f1bf-4f39-b8e1-e38010e407fd,0896011c-440d-4079-ba02-eb424a858617,Harbor Point Terminal Highway Toll Cam 528,CAM-11-527,highway_toll,1080p,360_degree_dome,active,rtsp://streaming.internal.crimemind.net/live/cam-11-527,"{""fps"": 30, ""night_vision_ir"": true, ""pan_tilt_zoom"": false}",2021-01-01T00:00:00,2021-01-01T00:00:00
8b1c9053-2973-454f-b72e-63ad8c932d6d,69c5b43d-f50c-4fde-8018-c2678a04ef1e,South Bay Logistics Hub Highway Toll Cam 529,CAM-11-528,highway_toll,1080p,southbound_exit,offline,rtsp://streaming.internal.crimemind.net/live/cam-11-528,"{""fps"": 30, ""night_vision_ir"": true, ""pan_tilt_zoom"": true}",2021-01-01T00:00:00,2021-01-01T00:00:00
2b8d2844-d8a5-4068-814d-1397cc383c57,0b855202-cc04-4b8e-a443-3ddb2cedd9c0,West End Suburbs Atm Surveillance Cam 530,CAM-11-529,atm_surveillance,1080p,vault_corridor,active,rtsp://streaming.internal.crimemind.net/live/cam-11-529,"{""fps"": 30, ""night_vision_ir"": true, ""pan_tilt_zoom"": false}",2021-01-01T00:00:00,2021-01-01T00:00:00
592db091-adf3-4dc7-b5b5-35ece73eccff,b5a7b3b8-ac33-4311-92e7-4b92e84da72b,Old Town Heritage Ward Private Commercial Cam 531,CAM-11-530,private_commercial,1080p,360_degree_dome,active,rtsp://streaming.internal.crimemind.net/live/cam-11-530,"{""fps"": 30, ""night_vision_ir"": true, ""pan_tilt_zoom"": false}",2021-01-01T00:00:00,2021-01-01T00:00:00
57b73e46-517c-478c-bba8-0a59105d2626,a442f5fe-b54c-46f5-9f1e-ce32ad9ca563,Harbor Point Terminal Traffic Police Cam 532,CAM-11-531,traffic_police,1080p,pedestrian_walkway,active,rtsp://streaming.internal.crimemind.net/live/cam-11-531,"{""fps"": 30, ""night_vision_ir"": true, ""pan_tilt_zoom"": true}",2021-01-01T00:00:00,2021-01-01T00:00:00
fa250c77-03da-4eca-a5cd-d46074211373,9a4c0cbb-2814-4b6e-a8c9-e4b2a08423d9,Old Town Heritage Ward Municipal Surveillance Cam 533,CAM-11-532,municipal_surveillance,1080p,360_degree_dome,active,rtsp://streaming.internal.crimemind.net/live/cam-11-532,"{""fps"": 30, ""night_vision_ir"": true, ""pan_tilt_zoom"": false}",2021-01-01T00:00:00,2021-01-01T00:00:00
5fd880de-da4c-4c49-a572-c97db9462c31,29f5909b-453b-45a0-98b6-b6cca5a76fd0,Eastside Arts Corridor Atm Surveillance Cam 534,CAM-11-533,atm_surveillance,720p,360_degree_dome,active,rtsp://streaming.internal.crimemind.net/live/cam-11-533,"{""fps"": 30, ""night_vision_ir"": true, ""pan_tilt_zoom"": false}",2021-01-01T00:00:00,2021-01-01T00:00:00
41590544-8cb6-4488-8eba-011002638ef7,a2f0ff1d-b435-4472-b99d-73cc32027f39,Harbor Point Terminal Residential Ring Cam 535,CAM-11-534,residential_ring,720p,northbound_entry,active,rtsp://streaming.internal.crimemind.net/live/cam-11-534,"{""fps"": 30, ""night_vision_ir"": true, ""pan_tilt_zoom"": true}",2021-01-01T00:00:00,2021-01-01T00:00:00
12eccadf-c59a-48de-ae57-d5aa0889eb08,c37d5006-175c-473b-822e-665c50811270,South Bay Logistics Hub Atm Surveillance Cam 536,CAM-11-535,atm_surveillance,4K,360_degree_dome,active,rtsp://streaming.internal.crimemind.net/live/cam-11-535,"{""fps"": 30, ""night_vision_ir"": true, ""pan_tilt_zoom"": false}",2021-01-01T00:00:00,2021-01-01T00:00:00
8ea967e8-bdd8-4966-9373-e09775641623,7ecec235-6c76-4897-a552-38facc4f4dd6,Silver Lake Tech Park Private Commercial Cam 537,CAM-11-536,private_commercial,4K,southbound_exit,active,rtsp://streaming.internal.crimemind.net/live/cam-11-536,"{""fps"": 30, ""night_vision_ir"": true, ""pan_tilt_zoom"": false}",2021-01-01T00:00:00,2021-01-01T00:00:00
932d2c31-5cf5-465d-b86f-82f899aa1308,f0e121ad-a22e-4419-998d-aaa85dc3819c,Old Town Heritage Ward Traffic Police Cam 538,CAM-11-537,traffic_police,4K,360_degree_dome,active,rtsp://streaming.internal.crimemind.net/live/cam-11-537,"{""fps"": 30, ""night_vision_ir"": true, ""pan_tilt_zoom"": true}",2021-01-01T00:00:00,2021-01-01T00:00:00
1113291a-e873-4536-bdfc-486db01f9816,6a6a7adc-9056-4931-b116-ba8e97b1763b,Harbor Point Terminal Residential Ring Cam 539,CAM-11-538,residential_ring,1080p,360_degree_dome,active,rtsp://streaming.internal.crimemind.net/live/cam-11-538,"{""fps"": 30, ""night_vision_ir"": true, ""pan_tilt_zoom"": false}",2021-01-01T00:00:00,2021-01-01T00:00:00
8dfe4022-ad47-4455-85cf-30d1dfac77ce,1f60851c-938b-43c6-ba5e-32b830cd433b,Midtown Financial Plaza Highway Toll Cam 540,CAM-11-539,highway_toll,1080p,360_degree_dome,active,rtsp://streaming.internal.crimemind.net/live/cam-11-539,"{""fps"": 30, ""night_vision_ir"": true, ""pan_tilt_zoom"": false}",2021-01-01T00:00:00,2021-01-01T00:00:00
ba748255-df15-407f-b148-8dbd65d16b71,6fe8a8c9-7cf6-4d39-9ba5-7d8bd675182e,Downtown Commercial District Traffic Police Cam 541,CAM-11-540,traffic_police,1080p,360_degree_dome,active,rtsp://streaming.internal.crimemind.net/live/cam-11-540,"{""fps"": 30, ""night_vision_ir"": true, ""pan_tilt_zoom"": true}",2021-01-01T00:00:00,2021-01-01T00:00:00
cdae5f1b-3595-4e52-9af2-b0907aa0075b,a1607338-c65b-4115-ab0e-33d4b22aafca,Northshore Heights Private Commercial Cam 542,CAM-11-541,private_commercial,4K,vault_corridor,active,rtsp://streaming.internal.crimemind.net/live/cam-11-541,"{""fps"": 30, ""night_vision_ir"": true, ""pan_tilt_zoom"": false}",2021-01-01T00:00:00,2021-01-01T00:00:00
1d8f16cd-320d-4d95-9316-befe7c1c802a,7a966992-1c9d-4e61-9215-b3b82382c957,Eastside Arts Corridor Subway Transit Cam 543,CAM-11-542,subway_transit,1080p,360_degree_dome,active,rtsp://streaming.internal.crimemind.net/live/cam-11-542,"{""fps"": 30, ""night_vision_ir"": true, ""pan_tilt_zoom"": false}",2021-01-01T00:00:00,2021-01-01T00:00:00
d1c429d2-ee41-4e7d-8f27-81b8b41499ba,417b31aa-4d0b-4aa9-a719-4f950b20488c,Harbor Point Terminal Traffic Police Cam 544,CAM-11-543,traffic_police,720p,southbound_exit,active,rtsp://streaming.internal.crimemind.net/live/cam-11-543,"{""fps"": 30, ""night_vision_ir"": true, ""pan_tilt_zoom"": true}",2021-01-01T00:00:00,2021-01-01T00:00:00
885ce42f-d4f8-4290-a75b-02ebd74623b5,af5680a1-577a-4194-bae4-a47a1e289172,Silver Lake Tech Park Residential Ring Cam 545,CAM-11-544,residential_ring,1080p,southbound_exit,active,rtsp://streaming.internal.crimemind.net/live/cam-11-544,"{""fps"": 30, ""night_vision_ir"": true, ""pan_tilt_zoom"": false}",2021-01-01T00:00:00,2021-01-01T00:00:00
534dbdd4-9b2b-4bc8-8012-e7cfad090217,51277754-f213-4124-ab4a-ccc1b83ac30b,Silver Lake Tech Park Highway Toll Cam 546,CAM-11-545,highway_toll,4K,vault_corridor,active,rtsp://streaming.internal.crimemind.net/live/cam-11-545,"{""fps"": 30, ""night_vision_ir"": true, ""pan_tilt_zoom"": false}",2021-01-01T00:00:00,2021-01-01T00:00:00
7cb22b1a-e18a-4e7b-8f87-018ae96ebce6,5c63611c-a208-41c7-8323-7b8449d9e847,West End Suburbs Subway Transit Cam 547,CAM-11-546,subway_transit,1080p,360_degree_dome,active,rtsp://streaming.internal.crimemind.net/live/cam-11-546,"{""fps"": 30, ""night_vision_ir"": true, ""pan_tilt_zoom"": true}",2021-01-01T00:00:00,2021-01-01T00:00:00
8ca4ee70-74ce-472e-9882-474dd05da91b,5ac11cdb-98b1-46fa-9eb3-8cb0d7baa140,South Bay Logistics Hub Subway Transit Cam 548,CAM-11-547,subway_transit,720p,southbound_exit,active,rtsp://streaming.internal.crimemind.net/live/cam-11-547,"{""fps"": 30, ""night_vision_ir"": true, ""pan_tilt_zoom"": false}",2021-01-01T00:00:00,2021-01-01T00:00:00
59fdfcbd-334b-44c8-9d26-bf92c1dccbde,165deef0-afaa-466d-b5f7-ec108f29b67a,Midtown Financial Plaza Highway Toll Cam 549,CAM-11-548,highway_toll,4K,southbound_exit,active,rtsp://streaming.internal.crimemind.net/live/cam-11-548,"{""fps"": 30, ""night_vision_ir"": true, ""pan_tilt_zoom"": false}",2021-01-01T00:00:00,2021-01-01T00:00:00
3f895ce4-5b90-4c82-8413-0094102d418c,639ee1bb-8f44-459a-bd87-a8d21d6203f9,Northshore Heights Municipal Surveillance Cam 550,CAM-11-549,municipal_surveillance,1080p,northbound_entry,active,rtsp://streaming.internal.crimemind.net/live/cam-11-549,"{""fps"": 30, ""night_vision_ir"": true, ""pan_tilt_zoom"": true}",2021-01-01T00:00:00,2021-01-01T00:00:00
f7f95c8a-8e94-4e48-ad9d-f0f7f1e8c001,b582a813-967d-4ade-9413-a08e1f052c86,Silver Lake Tech Park Subway Transit Cam 551,CAM-12-550,subway_transit,720p,pedestrian_walkway,maintenance,rtsp://streaming.internal.crimemind.net/live/cam-12-550,"{""fps"": 30, ""night_vision_ir"": true, ""pan_tilt_zoom"": false}",2021-01-01T00:00:00,2021-01-01T00:00:00
70891e66-199b-49a1-b729-d9720772f8d0,22ef74b2-45ce-45fb-8f5b-4b3d393625c5,Industrial Waterfront & Port Residential Ring Cam 552,CAM-12-551,residential_ring,1080p,southbound_exit,active,rtsp://streaming.internal.crimemind.net/live/cam-12-551,"{""fps"": 30, ""night_vision_ir"": true, ""pan_tilt_zoom"": false}",2021-01-01T00:00:00,2021-01-01T00:00:00
6e1fe2c7-cd29-4d2b-8129-8921a96fb63b,675e5431-6b55-4ab0-bf65-7dc4b1136d9d,Silver Lake Tech Park Private Commercial Cam 553,CAM-12-552,private_commercial,1080p,360_degree_dome,active,rtsp://streaming.internal.crimemind.net/live/cam-12-552,"{""fps"": 30, ""night_vision_ir"": true, ""pan_tilt_zoom"": true}",2021-01-01T00:00:00,2021-01-01T00:00:00
768dc647-370e-41ba-b4d9-547d0f69f1e0,675e5431-6b55-4ab0-bf65-7dc4b1136d9d,Silver Lake Tech Park Residential Ring Cam 554,CAM-12-553,residential_ring,1080p,pedestrian_walkway,active,rtsp://streaming.internal.crimemind.net/live/cam-12-553,"{""fps"": 30, ""night_vision_ir"": true, ""pan_tilt_zoom"": false}",2021-01-01T00:00:00,2021-01-01T00:00:00
2e91e7a8-e320-4d55-b3f6-b447a8d74e18,86936087-e19b-40c3-9e03-361b246251b6,Silver Lake Tech Park Traffic Police Cam 555,CAM-12-554,traffic_police,4K,pedestrian_walkway,active,rtsp://streaming.internal.crimemind.net/live/cam-12-554,"{""fps"": 30, ""night_vision_ir"": true, ""pan_tilt_zoom"": false}",2021-01-01T00:00:00,2021-01-01T00:00:00
8e01e589-31a5-4bdb-b5f9-2146ff38688a,73ff1f16-a103-4868-97a5-91e8313b9268,Old Town Heritage Ward Atm Surveillance Cam 556,CAM-12-555,atm_surveillance,1080p,southbound_exit,active,rtsp://streaming.internal.crimemind.net/live/cam-12-555,"{""fps"": 30, ""night_vision_ir"": true, ""pan_tilt_zoom"": true}",2021-01-01T00:00:00,2021-01-01T00:00:00
85f1d592-5ce5-4060-ab8c-fbd5f2f34ce4,36a55299-9d1f-4ac0-8500-234b0e857b7a,Midtown Financial Plaza Municipal Surveillance Cam 557,CAM-12-556,municipal_surveillance,1080p,southbound_exit,active,rtsp://streaming.internal.crimemind.net/live/cam-12-556,"{""fps"": 30, ""night_vision_ir"": true, ""pan_tilt_zoom"": false}",2021-01-01T00:00:00,2021-01-01T00:00:00
61c9f39f-4850-4f43-bda6-a559fda0bcf5,480ddc54-e2c4-4a4d-9165-5974cd3a7560,Downtown Commercial District Highway Toll Cam 558,CAM-12-557,highway_toll,1080p,southbound_exit,active,rtsp://streaming.internal.crimemind.net/live/cam-12-557,"{""fps"": 30, ""night_vision_ir"": true, ""pan_tilt_zoom"": false}",2021-01-01T00:00:00,2021-01-01T00:00:00
056e33f1-c0e4-4a9b-91a8-5cc2ea3fd487,f44dfcac-70a1-4c3a-83ac-0150cc804a78,Industrial Waterfront & Port Highway Toll Cam 559,CAM-12-558,highway_toll,720p,360_degree_dome,active,rtsp://streaming.internal.crimemind.net/live/cam-12-558,"{""fps"": 30, ""night_vision_ir"": true, ""pan_tilt_zoom"": true}",2021-01-01T00:00:00,2021-01-01T00:00:00
6d1f4897-65f0-43f7-9761-392a74722b19,465265ed-d998-4491-b061-657418fefe00,Midtown Financial Plaza Residential Ring Cam 560,CAM-12-559,residential_ring,1080p,vault_corridor,active,rtsp://streaming.internal.crimemind.net/live/cam-12-559,"{""fps"": 30, ""night_vision_ir"": true, ""pan_tilt_zoom"": false}",2021-01-01T00:00:00,2021-01-01T00:00:00
a5d4f3f2-ac57-4d5d-aac0-3d375598eb25,78e8efd4-213d-4096-8853-a6cc4ea67e5c,South Bay Logistics Hub Subway Transit Cam 561,CAM-12-560,subway_transit,1080p,northbound_entry,maintenance,rtsp://streaming.internal.crimemind.net/live/cam-12-560,"{""fps"": 30, ""night_vision_ir"": true, ""pan_tilt_zoom"": false}",2021-01-01T00:00:00,2021-01-01T00:00:00
0c6c7817-e9bb-4141-b97b-af4eb47b4375,80834e1c-9f14-4325-b4fb-c07cc6325107,Northshore Heights Subway Transit Cam 562,CAM-12-561,subway_transit,4K,northbound_entry,active,rtsp://streaming.internal.crimemind.net/live/cam-12-561,"{""fps"": 30, ""night_vision_ir"": true, ""pan_tilt_zoom"": true}",2021-01-01T00:00:00,2021-01-01T00:00:00
53099a4d-8eef-49f1-b66c-f680bb93d9d1,6d161bf0-352e-4b0c-99d9-383b5261a462,Harbor Point Terminal Highway Toll Cam 563,CAM-12-562,highway_toll,1080p,360_degree_dome,offline,rtsp://streaming.internal.crimemind.net/live/cam-12-562,"{""fps"": 30, ""night_vision_ir"": true, ""pan_tilt_zoom"": false}",2021-01-01T00:00:00,2021-01-01T00:00:00
e38d97f9-81b6-4730-94f7-fa20ff49433f,32df3275-761e-40eb-bab8-6c5432bd45a5,Old Town Heritage Ward Private Commercial Cam 564,CAM-12-563,private_commercial,1080p,vault_corridor,active,rtsp://streaming.internal.crimemind.net/live/cam-12-563,"{""fps"": 30, ""night_vision_ir"": true, ""pan_tilt_zoom"": false}",2021-01-01T00:00:00,2021-01-01T00:00:00
985089aa-4ae5-4e7d-9dc2-3ba7c31e105c,63106a90-26fd-4d9d-bdf4-5d147bd2f4b7,Harbor Point Terminal Private Commercial Cam 565,CAM-12-564,private_commercial,1080p,southbound_exit,active,rtsp://streaming.internal.crimemind.net/live/cam-12-564,"{""fps"": 30, ""night_vision_ir"": true, ""pan_tilt_zoom"": true}",2021-01-01T00:00:00,2021-01-01T00:00:00
97e35a7e-e81f-4c09-ad8f-11a58c4ccb2e,55561ee0-fb60-4273-81c4-b4c0105307a1,Industrial Waterfront & Port Municipal Surveillance Cam 566,CAM-12-565,municipal_surveillance,1080p,vault_corridor,active,rtsp://streaming.internal.crimemind.net/live/cam-12-565,"{""fps"": 30, ""night_vision_ir"": true, ""pan_tilt_zoom"": false}",2021-01-01T00:00:00,2021-01-01T00:00:00
15615a5a-2091-4aef-bfc2-e4a4846d9846,ae320517-8e2f-4875-bd33-b8b5579d7c39,West End Suburbs Highway Toll Cam 567,CAM-12-566,highway_toll,4K,pedestrian_walkway,active,rtsp://streaming.internal.crimemind.net/live/cam-12-566,"{""fps"": 30, ""night_vision_ir"": true, ""pan_tilt_zoom"": false}",2021-01-01T00:00:00,2021-01-01T00:00:00
cd865f93-835f-4a03-81d0-70c53d51d00e,afe70f3d-5456-48a9-b4c1-1e21a91a8884,Northshore Heights Municipal Surveillance Cam 568,CAM-12-567,municipal_surveillance,720p,360_degree_dome,maintenance,rtsp://streaming.internal.crimemind.net/live/cam-12-567,"{""fps"": 30, ""night_vision_ir"": true, ""pan_tilt_zoom"": true}",2021-01-01T00:00:00,2021-01-01T00:00:00
65d26238-e64c-4a97-8e0c-5c75e6ccab2f,5032aacc-23db-481e-ba2e-ae3fb37078a8,Industrial Waterfront & Port Subway Transit Cam 569,CAM-12-568,subway_transit,4K,pedestrian_walkway,active,rtsp://streaming.internal.crimemind.net/live/cam-12-568,"{""fps"": 30, ""night_vision_ir"": true, ""pan_tilt_zoom"": false}",2021-01-01T00:00:00,2021-01-01T00:00:00
bb41b11c-c665-4bd5-8224-f5a0fcb22674,96d7aabd-d966-4f0b-80a4-5414f81ee2b4,West End Suburbs Private Commercial Cam 570,CAM-12-569,private_commercial,1080p,360_degree_dome,active,rtsp://streaming.internal.crimemind.net/live/cam-12-569,"{""fps"": 30, ""night_vision_ir"": true, ""pan_tilt_zoom"": false}",2021-01-01T00:00:00,2021-01-01T00:00:00
a6da8b19-9242-4418-ad98-cb89e7814401,bceaa541-b62f-4da6-a808-3c4acfa407c7,South Bay Logistics Hub Highway Toll Cam 571,CAM-12-570,highway_toll,1080p,southbound_exit,active,rtsp://streaming.internal.crimemind.net/live/cam-12-570,"{""fps"": 30, ""night_vision_ir"": true, ""pan_tilt_zoom"": true}",2021-01-01T00:00:00,2021-01-01T00:00:00
744efe60-072d-47d4-82fa-55cd4d9ca493,34de3e7c-790b-488d-94c1-7fe56d2a7934,Midtown Financial Plaza Traffic Police Cam 572,CAM-12-571,traffic_police,4K,northbound_entry,active,rtsp://streaming.internal.crimemind.net/live/cam-12-571,"{""fps"": 30, ""night_vision_ir"": true, ""pan_tilt_zoom"": false}",2021-01-01T00:00:00,2021-01-01T00:00:00
863aad33-52e4-4c49-85e1-3db15da8b485,431acb26-6afa-44f0-b420-12c90d34caea,Industrial Waterfront & Port Traffic Police Cam 573,CAM-12-572,traffic_police,1080p,360_degree_dome,active,rtsp://streaming.internal.crimemind.net/live/cam-12-572,"{""fps"": 30, ""night_vision_ir"": true, ""pan_tilt_zoom"": false}",2021-01-01T00:00:00,2021-01-01T00:00:00
47117e1d-f5d0-4610-8dd5-898562408ed7,b75fe1ff-29db-4860-b556-51ed15a966f4,Silver Lake Tech Park Highway Toll Cam 574,CAM-12-573,highway_toll,720p,vault_corridor,active,rtsp://streaming.internal.crimemind.net/live/cam-12-573,"{""fps"": 30, ""night_vision_ir"": true, ""pan_tilt_zoom"": true}",2021-01-01T00:00:00,2021-01-01T00:00:00
6f132355-8a7c-4b33-b80d-0c6389e2d9e5,465265ed-d998-4491-b061-657418fefe00,Midtown Financial Plaza Subway Transit Cam 575,CAM-12-574,subway_transit,4K,360_degree_dome,maintenance,rtsp://streaming.internal.crimemind.net/live/cam-12-574,"{""fps"": 30, ""night_vision_ir"": true, ""pan_tilt_zoom"": false}",2021-01-01T00:00:00,2021-01-01T00:00:00
e78d25cf-6f58-4f9d-84f1-5859b89123d3,64061bcc-0501-48b3-b0ce-c33242de65d6,South Bay Logistics Hub Private Commercial Cam 576,CAM-12-575,private_commercial,1080p,southbound_exit,active,rtsp://streaming.internal.crimemind.net/live/cam-12-575,"{""fps"": 30, ""night_vision_ir"": true, ""pan_tilt_zoom"": false}",2021-01-01T00:00:00,2021-01-01T00:00:00
cb641ec8-32db-46e2-8eba-d400c0d4f7e7,6e695c3b-f736-42a3-847b-538b16d0f08a,Downtown Commercial District Atm Surveillance Cam 577,CAM-12-576,atm_surveillance,4K,southbound_exit,active,rtsp://streaming.internal.crimemind.net/live/cam-12-576,"{""fps"": 30, ""night_vision_ir"": true, ""pan_tilt_zoom"": true}",2021-01-01T00:00:00,2021-01-01T00:00:00
4718a490-faa0-457e-99a6-f2e0d6119fe3,acf22532-5c9d-4e8e-beb6-69af502b5739,Northshore Heights Residential Ring Cam 578,CAM-12-577,residential_ring,1080p,vault_corridor,active,rtsp://streaming.internal.crimemind.net/live/cam-12-577,"{""fps"": 30, ""night_vision_ir"": true, ""pan_tilt_zoom"": false}",2021-01-01T00:00:00,2021-01-01T00:00:00
9d3a397a-8542-4b6d-a3d1-00a4c480efa1,3a073171-fadc-4006-8621-c17fcf275b6f,Downtown Commercial District Private Commercial Cam 579,CAM-12-578,private_commercial,1080p,pedestrian_walkway,active,rtsp://streaming.internal.crimemind.net/live/cam-12-578,"{""fps"": 30, ""night_vision_ir"": true, ""pan_tilt_zoom"": false}",2021-01-01T00:00:00,2021-01-01T00:00:00
ddbd379c-03f6-4fb1-9d9a-743c85cbfaeb,0161450c-a14c-4a4e-89a5-7c03328a9149,Downtown Commercial District Private Commercial Cam 580,CAM-12-579,private_commercial,4K,360_degree_dome,active,rtsp://streaming.internal.crimemind.net/live/cam-12-579,"{""fps"": 30, ""night_vision_ir"": true, ""pan_tilt_zoom"": true}",2021-01-01T00:00:00,2021-01-01T00:00:00
ebd2c4ee-878c-4fd7-9caa-47a0e63a07a8,9280ca4a-cbdf-49ef-a9a0-1c533357951a,Eastside Arts Corridor Private Commercial Cam 581,CAM-12-580,private_commercial,720p,southbound_exit,active,rtsp://streaming.internal.crimemind.net/live/cam-12-580,"{""fps"": 30, ""night_vision_ir"": true, ""pan_tilt_zoom"": false}",2021-01-01T00:00:00,2021-01-01T00:00:00
f7be4f9e-8e3d-4876-b82b-fbb4fbde1464,19a7e8d7-a390-45c3-8681-5991d3f9ab7d,Midtown Financial Plaza Atm Surveillance Cam 582,CAM-12-581,atm_surveillance,1080p,northbound_entry,active,rtsp://streaming.internal.crimemind.net/live/cam-12-581,"{""fps"": 30, ""night_vision_ir"": true, ""pan_tilt_zoom"": false}",2021-01-01T00:00:00,2021-01-01T00:00:00
bd0fe394-cdde-442a-90ce-282d92ec42c8,f53717bc-8e2f-44bb-a48f-ead9c84f69d9,West End Suburbs Traffic Police Cam 583,CAM-12-582,traffic_police,1080p,360_degree_dome,active,rtsp://streaming.internal.crimemind.net/live/cam-12-582,"{""fps"": 30, ""night_vision_ir"": true, ""pan_tilt_zoom"": true}",2021-01-01T00:00:00,2021-01-01T00:00:00
1008edc0-fa25-4589-ac4b-1e07796f56a5,d703289f-55ed-42c0-ac78-62367a588703,Harbor Point Terminal Atm Surveillance Cam 584,CAM-12-583,atm_surveillance,1080p,northbound_entry,active,rtsp://streaming.internal.crimemind.net/live/cam-12-583,"{""fps"": 30, ""night_vision_ir"": true, ""pan_tilt_zoom"": false}",2021-01-01T00:00:00,2021-01-01T00:00:00
f603f031-7a4f-481d-9361-2ddd651f180b,eba82a65-6037-4335-900b-9fd538d6755f,Northshore Heights Municipal Surveillance Cam 585,CAM-12-584,municipal_surveillance,4K,pedestrian_walkway,active,rtsp://streaming.internal.crimemind.net/live/cam-12-584,"{""fps"": 30, ""night_vision_ir"": true, ""pan_tilt_zoom"": false}",2021-01-01T00:00:00,2021-01-01T00:00:00
47fe9e55-64b1-49c9-989b-f1733ba12848,e101743c-7ac9-4916-9429-f7226c29976c,Old Town Heritage Ward Municipal Surveillance Cam 586,CAM-12-585,municipal_surveillance,4K,vault_corridor,active,rtsp://streaming.internal.crimemind.net/live/cam-12-585,"{""fps"": 30, ""night_vision_ir"": true, ""pan_tilt_zoom"": true}",2021-01-01T00:00:00,2021-01-01T00:00:00
94ff8b39-6b51-49a1-ab52-58d749df02f0,69764e6e-f862-4d3d-95f4-2be47a501c03,South Bay Logistics Hub Subway Transit Cam 587,CAM-12-586,subway_transit,720p,vault_corridor,active,rtsp://streaming.internal.crimemind.net/live/cam-12-586,"{""fps"": 30, ""night_vision_ir"": true, ""pan_tilt_zoom"": false}",2021-01-01T00:00:00,2021-01-01T00:00:00
1e98160b-3d30-4814-a181-bd18b987bbbc,97089014-7efb-42a0-b71a-8f3ad7bf26f7,Silver Lake Tech Park Highway Toll Cam 588,CAM-12-587,highway_toll,1080p,vault_corridor,active,rtsp://streaming.internal.crimemind.net/live/cam-12-587,"{""fps"": 30, ""night_vision_ir"": true, ""pan_tilt_zoom"": false}",2021-01-01T00:00:00,2021-01-01T00:00:00
abfd43d1-766d-4fde-9b84-7d94e8a6a80c,5d6b40fe-33be-4c90-9005-cb7c4dd18e5a,Harbor Point Terminal Atm Surveillance Cam 589,CAM-12-588,atm_surveillance,720p,southbound_exit,active,rtsp://streaming.internal.crimemind.net/live/cam-12-588,"{""fps"": 30, ""night_vision_ir"": true, ""pan_tilt_zoom"": true}",2021-01-01T00:00:00,2021-01-01T00:00:00
40b2865b-f3e1-4ba3-975e-90399e84f165,94ed9ba3-f091-4ba6-a2e3-f3b2f2f5f947,Midtown Financial Plaza Private Commercial Cam 590,CAM-12-589,private_commercial,4K,southbound_exit,active,rtsp://streaming.internal.crimemind.net/live/cam-12-589,"{""fps"": 30, ""night_vision_ir"": true, ""pan_tilt_zoom"": false}",2021-01-01T00:00:00,2021-01-01T00:00:00
c4366ca0-a71c-4577-b6e3-70b131490c38,7c30a5a5-3e40-417e-8c8a-46ad8faea377,South Bay Logistics Hub Traffic Police Cam 591,CAM-12-590,traffic_police,720p,southbound_exit,active,rtsp://streaming.internal.crimemind.net/live/cam-12-590,"{""fps"": 30, ""night_vision_ir"": true, ""pan_tilt_zoom"": false}",2021-01-01T00:00:00,2021-01-01T00:00:00
aed1dcb4-ca29-449f-9e4e-863d5996c2ac,db7c792c-2d54-4d50-bc80-cc14e1f7275f,Industrial Waterfront & Port Subway Transit Cam 592,CAM-12-591,subway_transit,4K,pedestrian_walkway,active,rtsp://streaming.internal.crimemind.net/live/cam-12-591,"{""fps"": 30, ""night_vision_ir"": true, ""pan_tilt_zoom"": true}",2021-01-01T00:00:00,2021-01-01T00:00:00
04efa17e-a1d3-4691-98c4-5fd7bcb4faf2,65b2194c-1a95-45b3-be0a-7dca59fb2c53,Northshore Heights Private Commercial Cam 593,CAM-12-592,private_commercial,1080p,southbound_exit,active,rtsp://streaming.internal.crimemind.net/live/cam-12-592,"{""fps"": 30, ""night_vision_ir"": true, ""pan_tilt_zoom"": false}",2021-01-01T00:00:00,2021-01-01T00:00:00
10fb6772-7bfe-413a-aa45-bc866df7a17a,1a8a9b9c-6830-4eea-9eca-08a582ae2a26,Silver Lake Tech Park Private Commercial Cam 594,CAM-12-593,private_commercial,720p,vault_corridor,active,rtsp://streaming.internal.crimemind.net/live/cam-12-593,"{""fps"": 30, ""night_vision_ir"": true, ""pan_tilt_zoom"": false}",2021-01-01T00:00:00,2021-01-01T00:00:00
f0de7cff-d307-473f-96bf-86bffa2b1546,5e73a0a2-451f-4157-b1af-7e68d1f6bec3,Industrial Waterfront & Port Traffic Police Cam 595,CAM-12-594,traffic_police,4K,vault_corridor,active,rtsp://streaming.internal.crimemind.net/live/cam-12-594,"{""fps"": 30, ""night_vision_ir"": true, ""pan_tilt_zoom"": true}",2021-01-01T00:00:00,2021-01-01T00:00:00
49b3c153-8d5e-4e76-809d-cbb484cdbbe0,ae28ef94-9623-4ff0-a37c-8ad1b6427603,Downtown Commercial District Subway Transit Cam 596,CAM-12-595,subway_transit,4K,vault_corridor,active,rtsp://streaming.internal.crimemind.net/live/cam-12-595,"{""fps"": 30, ""night_vision_ir"": true, ""pan_tilt_zoom"": false}",2021-01-01T00:00:00,2021-01-01T00:00:00
648dba2e-4d3e-4807-bc90-e19d104fdc19,b4e6271b-9020-4783-95fd-beef318c3d27,West End Suburbs Private Commercial Cam 597,CAM-12-596,private_commercial,1080p,360_degree_dome,active,rtsp://streaming.internal.crimemind.net/live/cam-12-596,"{""fps"": 30, ""night_vision_ir"": true, ""pan_tilt_zoom"": false}",2021-01-01T00:00:00,2021-01-01T00:00:00
8fddd71d-2df2-461a-ae6a-8e43a1364632,c74bc7d9-2cda-4084-aa64-b48a00c395ca,Eastside Arts Corridor Atm Surveillance Cam 598,CAM-12-597,atm_surveillance,4K,vault_corridor,active,rtsp://streaming.internal.crimemind.net/live/cam-12-597,"{""fps"": 30, ""night_vision_ir"": true, ""pan_tilt_zoom"": true}",2021-01-01T00:00:00,2021-01-01T00:00:00
229185fb-dd3b-48e9-a709-67ca00d5a22c,95f80194-24c6-43ed-8284-1e1550b18b5e,Midtown Financial Plaza Traffic Police Cam 599,CAM-12-598,traffic_police,720p,360_degree_dome,active,rtsp://streaming.internal.crimemind.net/live/cam-12-598,"{""fps"": 30, ""night_vision_ir"": true, ""pan_tilt_zoom"": false}",2021-01-01T00:00:00,2021-01-01T00:00:00
c0703176-b0f7-4ea1-9b41-76d5a2765186,5e73a0a2-451f-4157-b1af-7e68d1f6bec3,Industrial Waterfront & Port Private Commercial Cam 600,CAM-12-599,private_commercial,720p,360_degree_dome,active,rtsp://streaming.internal.crimemind.net/live/cam-12-599,"{""fps"": 30, ""night_vision_ir"": true, ""pan_tilt_zoom"": false}",2021-01-01T00:00:00,2021-01-01T00:00:00
a91ebefb-a463-4553-b881-a40ec4a392a5,385ee430-aaff-4e6c-ad9e-0cb293a10652,West End Suburbs Highway Toll Cam 601,CAM-13-600,highway_toll,720p,360_degree_dome,active,rtsp://streaming.internal.crimemind.net/live/cam-13-600,"{""fps"": 30, ""night_vision_ir"": true, ""pan_tilt_zoom"": true}",2021-01-01T00:00:00,2021-01-01T00:00:00
3f168e4f-6309-448b-9edc-2138a6bdb904,69c5b43d-f50c-4fde-8018-c2678a04ef1e,South Bay Logistics Hub Traffic Police Cam 602,CAM-13-601,traffic_police,720p,pedestrian_walkway,active,rtsp://streaming.internal.crimemind.net/live/cam-13-601,"{""fps"": 30, ""night_vision_ir"": true, ""pan_tilt_zoom"": false}",2021-01-01T00:00:00,2021-01-01T00:00:00
1794638c-0d0d-4943-9387-64c26022f5c5,3feacb6d-9081-4b9b-9a03-e4187dae24c3,Eastside Arts Corridor Subway Transit Cam 603,CAM-13-602,subway_transit,4K,southbound_exit,active,rtsp://streaming.internal.crimemind.net/live/cam-13-602,"{""fps"": 30, ""night_vision_ir"": true, ""pan_tilt_zoom"": false}",2021-01-01T00:00:00,2021-01-01T00:00:00
9d58cfd1-ba2b-4c26-867a-aef941b5f32f,1cf74a19-9225-426e-81a8-24b13698bf1a,Midtown Financial Plaza Atm Surveillance Cam 604,CAM-13-603,atm_surveillance,1080p,360_degree_dome,active,rtsp://streaming.internal.crimemind.net/live/cam-13-603,"{""fps"": 30, ""night_vision_ir"": true, ""pan_tilt_zoom"": true}",2021-01-01T00:00:00,2021-01-01T00:00:00
9e413c1a-cb53-45f1-877d-9eeaf145ba7e,dfc0b267-6bbf-4c1c-a5e7-b682879527a0,Industrial Waterfront & Port Residential Ring Cam 605,CAM-13-604,residential_ring,720p,pedestrian_walkway,active,rtsp://streaming.internal.crimemind.net/live/cam-13-604,"{""fps"": 30, ""night_vision_ir"": true, ""pan_tilt_zoom"": false}",2021-01-01T00:00:00,2021-01-01T00:00:00
b6e3a348-6b16-4173-a274-36ed08cbb787,47e400c3-c14a-4af5-b416-d98c7e7c3052,Silver Lake Tech Park Private Commercial Cam 606,CAM-13-605,private_commercial,720p,northbound_entry,active,rtsp://streaming.internal.crimemind.net/live/cam-13-605,"{""fps"": 30, ""night_vision_ir"": true, ""pan_tilt_zoom"": false}",2021-01-01T00:00:00,2021-01-01T00:00:00
ac3c0480-87b6-40da-a729-90d079e176ff,b6a8fcd6-de60-409a-9be3-06cedca075d6,West End Suburbs Municipal Surveillance Cam 607,CAM-13-606,municipal_surveillance,4K,360_degree_dome,active,rtsp://streaming.internal.crimemind.net/live/cam-13-606,"{""fps"": 30, ""night_vision_ir"": true, ""pan_tilt_zoom"": true}",2021-01-01T00:00:00,2021-01-01T00:00:00
30a41618-c91a-4c2f-abf1-8eac93b841b0,1f4aa675-0b3c-447d-8ab6-7813702e5627,West End Suburbs Subway Transit Cam 608,CAM-13-607,subway_transit,720p,pedestrian_walkway,active,rtsp://streaming.internal.crimemind.net/live/cam-13-607,"{""fps"": 30, ""night_vision_ir"": true, ""pan_tilt_zoom"": false}",2021-01-01T00:00:00,2021-01-01T00:00:00
427634cd-a69b-43ed-b1df-318f22b568df,2448892f-fb66-4d04-a7d1-4f95e5a6f4ee,West End Suburbs Atm Surveillance Cam 609,CAM-13-608,atm_surveillance,1080p,360_degree_dome,active,rtsp://streaming.internal.crimemind.net/live/cam-13-608,"{""fps"": 30, ""night_vision_ir"": true, ""pan_tilt_zoom"": false}",2021-01-01T00:00:00,2021-01-01T00:00:00
109051ff-6667-4f78-b8c5-cf5aed249729,4062a2b0-c967-44a4-9ae8-b626e349f524,Silver Lake Tech Park Private Commercial Cam 610,CAM-13-609,private_commercial,1080p,vault_corridor,active,rtsp://streaming.internal.crimemind.net/live/cam-13-609,"{""fps"": 30, ""night_vision_ir"": true, ""pan_tilt_zoom"": true}",2021-01-01T00:00:00,2021-01-01T00:00:00
1bd995ec-75d7-4a5b-8974-637d1467797a,86a843ad-fea2-4717-ad3d-ffab0691adb5,Northshore Heights Atm Surveillance Cam 611,CAM-13-610,atm_surveillance,720p,southbound_exit,active,rtsp://streaming.internal.crimemind.net/live/cam-13-610,"{""fps"": 30, ""night_vision_ir"": true, ""pan_tilt_zoom"": false}",2021-01-01T00:00:00,2021-01-01T00:00:00
8de31db3-fff0-4faa-9aa8-fe61add72702,0a1094c2-ad09-48ec-a872-4d3d1a33a3df,Downtown Commercial District Highway Toll Cam 612,CAM-13-611,highway_toll,4K,northbound_entry,active,rtsp://streaming.internal.crimemind.net/live/cam-13-611,"{""fps"": 30, ""night_vision_ir"": true, ""pan_tilt_zoom"": false}",2021-01-01T00:00:00,2021-01-01T00:00:00
c3a9b215-d1a1-473e-a49c-4b72824ae664,639ee1bb-8f44-459a-bd87-a8d21d6203f9,Northshore Heights Residential Ring Cam 613,CAM-13-612,residential_ring,1080p,vault_corridor,active,rtsp://streaming.internal.crimemind.net/live/cam-13-612,"{""fps"": 30, ""night_vision_ir"": true, ""pan_tilt_zoom"": true}",2021-01-01T00:00:00,2021-01-01T00:00:00
9665986e-b1b0-41e1-9c68-ad4ec39638ab,95cb9c85-a5a2-412b-bf57-4396f532d35f,Old Town Heritage Ward Municipal Surveillance Cam 614,CAM-13-613,municipal_surveillance,1080p,southbound_exit,active,rtsp://streaming.internal.crimemind.net/live/cam-13-613,"{""fps"": 30, ""night_vision_ir"": true, ""pan_tilt_zoom"": false}",2021-01-01T00:00:00,2021-01-01T00:00:00
23ba4e19-7089-48b5-8cd0-bafc15f07205,c1cf7cda-af89-4100-a68a-13a3cf1c521b,Silver Lake Tech Park Private Commercial Cam 615,CAM-13-614,private_commercial,720p,pedestrian_walkway,active,rtsp://streaming.internal.crimemind.net/live/cam-13-614,"{""fps"": 30, ""night_vision_ir"": true, ""pan_tilt_zoom"": false}",2021-01-01T00:00:00,2021-01-01T00:00:00
caee666b-b7dc-4c26-b812-840c554f927e,ee8cbe21-694e-4549-b239-8f3d9e8c24df,Old Town Heritage Ward Private Commercial Cam 616,CAM-13-615,private_commercial,1080p,vault_corridor,active,rtsp://streaming.internal.crimemind.net/live/cam-13-615,"{""fps"": 30, ""night_vision_ir"": true, ""pan_tilt_zoom"": true}",2021-01-01T00:00:00,2021-01-01T00:00:00
ede06897-6d34-4e73-bfbe-5329077dbba6,d8371b74-3109-4411-8cda-568bc0a76dd4,Midtown Financial Plaza Subway Transit Cam 617,CAM-13-616,subway_transit,1080p,northbound_entry,active,rtsp://streaming.internal.crimemind.net/live/cam-13-616,"{""fps"": 30, ""night_vision_ir"": true, ""pan_tilt_zoom"": false}",2021-01-01T00:00:00,2021-01-01T00:00:00
d8c598cc-7f38-4967-9bf8-0b4dee3213df,84434c8b-5876-474b-842e-1c8b4bb5f174,Old Town Heritage Ward Highway Toll Cam 618,CAM-13-617,highway_toll,4K,360_degree_dome,active,rtsp://streaming.internal.crimemind.net/live/cam-13-617,"{""fps"": 30, ""night_vision_ir"": true, ""pan_tilt_zoom"": false}",2021-01-01T00:00:00,2021-01-01T00:00:00
805af929-42ec-4d83-bb46-d935b4eab87c,e43f5fee-cf94-42bb-bdf2-3bde8f98b05e,South Bay Logistics Hub Atm Surveillance Cam 619,CAM-13-618,atm_surveillance,4K,360_degree_dome,active,rtsp://streaming.internal.crimemind.net/live/cam-13-618,"{""fps"": 30, ""night_vision_ir"": true, ""pan_tilt_zoom"": true}",2021-01-01T00:00:00,2021-01-01T00:00:00
02c556a3-0a7f-4aa5-91f4-a185192520a9,7b73abbf-1ea2-4e92-b19e-914a98eca966,West End Suburbs Private Commercial Cam 620,CAM-13-619,private_commercial,4K,southbound_exit,maintenance,rtsp://streaming.internal.crimemind.net/live/cam-13-619,"{""fps"": 30, ""night_vision_ir"": true, ""pan_tilt_zoom"": false}",2021-01-01T00:00:00,2021-01-01T00:00:00
bb2c91d0-2b72-41b6-a341-ebdc2dda8ed1,4da3b975-2f78-4392-b3f9-2e41d63f5af3,Eastside Arts Corridor Residential Ring Cam 621,CAM-13-620,residential_ring,720p,vault_corridor,active,rtsp://streaming.internal.crimemind.net/live/cam-13-620,"{""fps"": 30, ""night_vision_ir"": true, ""pan_tilt_zoom"": false}",2021-01-01T00:00:00,2021-01-01T00:00:00
ab8a2034-faf8-4923-bf9b-19518777f460,9b173b01-83d9-4560-8f2e-bebf289a8410,Industrial Waterfront & Port Private Commercial Cam 622,CAM-13-621,private_commercial,1080p,360_degree_dome,active,rtsp://streaming.internal.crimemind.net/live/cam-13-621,"{""fps"": 30, ""night_vision_ir"": true, ""pan_tilt_zoom"": true}",2021-01-01T00:00:00,2021-01-01T00:00:00
9083ecd0-07d8-4678-8a04-deb456912dd8,455bc549-f7a4-420f-8a2e-4f99645a423a,Industrial Waterfront & Port Residential Ring Cam 623,CAM-13-622,residential_ring,1080p,360_degree_dome,active,rtsp://streaming.internal.crimemind.net/live/cam-13-622,"{""fps"": 30, ""night_vision_ir"": true, ""pan_tilt_zoom"": false}",2021-01-01T00:00:00,2021-01-01T00:00:00
54043308-d9fb-47f2-9f1b-1786db0e7110,0dbf1dec-bd30-4182-ac38-c7ee19587eab,Midtown Financial Plaza Subway Transit Cam 624,CAM-13-623,subway_transit,1080p,southbound_exit,active,rtsp://streaming.internal.crimemind.net/live/cam-13-623,"{""fps"": 30, ""night_vision_ir"": true, ""pan_tilt_zoom"": false}",2021-01-01T00:00:00,2021-01-01T00:00:00
7099257b-0276-4d9b-9081-2c021590555c,133fbf85-840b-4993-a3df-9b1812bee8e6,Harbor Point Terminal Subway Transit Cam 625,CAM-13-624,subway_transit,1080p,southbound_exit,active,rtsp://streaming.internal.crimemind.net/live/cam-13-624,"{""fps"": 30, ""night_vision_ir"": true, ""pan_tilt_zoom"": true}",2021-01-01T00:00:00,2021-01-01T00:00:00
c41b53bd-34ed-40aa-9188-bd069452c177,49e535af-df2e-49c5-8831-602c4fd71829,Silver Lake Tech Park Private Commercial Cam 626,CAM-13-625,private_commercial,720p,vault_corridor,active,rtsp://streaming.internal.crimemind.net/live/cam-13-625,"{""fps"": 30, ""night_vision_ir"": true, ""pan_tilt_zoom"": false}",2021-01-01T00:00:00,2021-01-01T00:00:00
ae177235-398d-4b83-a831-994c9df7728a,af9d8bfa-c2ac-49c5-822b-d33a1cd49ba7,Eastside Arts Corridor Subway Transit Cam 627,CAM-13-626,subway_transit,1080p,360_degree_dome,active,rtsp://streaming.internal.crimemind.net/live/cam-13-626,"{""fps"": 30, ""night_vision_ir"": true, ""pan_tilt_zoom"": false}",2021-01-01T00:00:00,2021-01-01T00:00:00
c676f922-ec8b-43b7-a772-b83c8e9f0640,bd485a44-26d8-4405-919e-7040e22e83bf,Eastside Arts Corridor Private Commercial Cam 628,CAM-13-627,private_commercial,4K,vault_corridor,active,rtsp://streaming.internal.crimemind.net/live/cam-13-627,"{""fps"": 30, ""night_vision_ir"": true, ""pan_tilt_zoom"": true}",2021-01-01T00:00:00,2021-01-01T00:00:00
49d97883-aeac-454d-866a-0f590706d710,c4be08d6-aaad-4df7-8679-67a7966a509d,West End Suburbs Subway Transit Cam 629,CAM-13-628,subway_transit,1080p,northbound_entry,active,rtsp://streaming.internal.crimemind.net/live/cam-13-628,"{""fps"": 30, ""night_vision_ir"": true, ""pan_tilt_zoom"": false}",2021-01-01T00:00:00,2021-01-01T00:00:00
df0d4b19-291f-4137-8e49-a70a1e96c523,bb391965-861a-48d3-891b-64ecab19fa8d,Old Town Heritage Ward Highway Toll Cam 630,CAM-13-629,highway_toll,4K,northbound_entry,active,rtsp://streaming.internal.crimemind.net/live/cam-13-629,"{""fps"": 30, ""night_vision_ir"": true, ""pan_tilt_zoom"": false}",2021-01-01T00:00:00,2021-01-01T00:00:00
3095ec47-2708-49f1-876e-8faa524c282d,bfb9eafe-130b-401c-9e20-b074e4703d37,Old Town Heritage Ward Residential Ring Cam 631,CAM-13-630,residential_ring,4K,pedestrian_walkway,active,rtsp://streaming.internal.crimemind.net/live/cam-13-630,"{""fps"": 30, ""night_vision_ir"": true, ""pan_tilt_zoom"": true}",2021-01-01T00:00:00,2021-01-01T00:00:00
475f9c6b-2fce-48cd-9948-58613857c6fa,65fe16d2-dab4-4e9c-8e7c-e4f222206d3d,Harbor Point Terminal Subway Transit Cam 632,CAM-13-631,subway_transit,1080p,vault_corridor,active,rtsp://streaming.internal.crimemind.net/live/cam-13-631,"{""fps"": 30, ""night_vision_ir"": true, ""pan_tilt_zoom"": false}",2021-01-01T00:00:00,2021-01-01T00:00:00
5c9d835a-b080-40bc-967c-f67ba47a7d4a,f690577a-c62c-460d-be73-9e706197196a,Old Town Heritage Ward Municipal Surveillance Cam 633,CAM-13-632,municipal_surveillance,720p,360_degree_dome,active,rtsp://streaming.internal.crimemind.net/live/cam-13-632,"{""fps"": 30, ""night_vision_ir"": true, ""pan_tilt_zoom"": false}",2021-01-01T00:00:00,2021-01-01T00:00:00
6de1079e-cabc-45ca-a390-29b7bf5b225c,0870ec67-88a5-463b-8873-8003856e2dfb,Old Town Heritage Ward Subway Transit Cam 634,CAM-13-633,subway_transit,4K,360_degree_dome,active,rtsp://streaming.internal.crimemind.net/live/cam-13-633,"{""fps"": 30, ""night_vision_ir"": true, ""pan_tilt_zoom"": true}",2021-01-01T00:00:00,2021-01-01T00:00:00
87b06d54-95c0-4a7b-a1e0-90e33ff13adf,a7440253-2527-4ea4-83b3-3364aeb8a8c3,Eastside Arts Corridor Atm Surveillance Cam 635,CAM-13-634,atm_surveillance,720p,vault_corridor,active,rtsp://streaming.internal.crimemind.net/live/cam-13-634,"{""fps"": 30, ""night_vision_ir"": true, ""pan_tilt_zoom"": false}",2021-01-01T00:00:00,2021-01-01T00:00:00
aa19c8de-d04e-44fa-b18c-a81fb2389d9c,279a5653-fa96-4338-8df4-46b561ce940e,South Bay Logistics Hub Residential Ring Cam 636,CAM-13-635,residential_ring,4K,southbound_exit,active,rtsp://streaming.internal.crimemind.net/live/cam-13-635,"{""fps"": 30, ""night_vision_ir"": true, ""pan_tilt_zoom"": false}",2021-01-01T00:00:00,2021-01-01T00:00:00
65438e2a-6fa3-4a8e-92b1-6acecd01b587,e9af5c14-4ae5-43a3-8232-b735289662bc,Midtown Financial Plaza Subway Transit Cam 637,CAM-13-636,subway_transit,720p,pedestrian_walkway,active,rtsp://streaming.internal.crimemind.net/live/cam-13-636,"{""fps"": 30, ""night_vision_ir"": true, ""pan_tilt_zoom"": true}",2021-01-01T00:00:00,2021-01-01T00:00:00
7e23e906-8f87-4c2b-b92b-e84f3014e2b5,d515b932-d77e-4e28-8c41-3407f65a4862,Downtown Commercial District Atm Surveillance Cam 638,CAM-13-637,atm_surveillance,1080p,vault_corridor,active,rtsp://streaming.internal.crimemind.net/live/cam-13-637,"{""fps"": 30, ""night_vision_ir"": true, ""pan_tilt_zoom"": false}",2021-01-01T00:00:00,2021-01-01T00:00:00
63c6608f-2f48-4b83-8868-c6ce6578a719,30b1c777-8d10-4af2-8fd2-3f4602447ab3,Old Town Heritage Ward Traffic Police Cam 639,CAM-13-638,traffic_police,1080p,southbound_exit,active,rtsp://streaming.internal.crimemind.net/live/cam-13-638,"{""fps"": 30, ""night_vision_ir"": true, ""pan_tilt_zoom"": false}",2021-01-01T00:00:00,2021-01-01T00:00:00
afaaa9f9-2448-4bbd-a1d8-59fdebd65287,1c88a365-1a8c-423b-8461-8c60167e83d2,Industrial Waterfront & Port Private Commercial Cam 640,CAM-13-639,private_commercial,4K,pedestrian_walkway,active,rtsp://streaming.internal.crimemind.net/live/cam-13-639,"{""fps"": 30, ""night_vision_ir"": true, ""pan_tilt_zoom"": true}",2021-01-01T00:00:00,2021-01-01T00:00:00
461cda57-c1bf-40d6-9758-dfb613ccc0cb,58c1adb3-eb5b-4763-9b64-44b0f59fa172,South Bay Logistics Hub Private Commercial Cam 641,CAM-13-640,private_commercial,1080p,southbound_exit,active,rtsp://streaming.internal.crimemind.net/live/cam-13-640,"{""fps"": 30, ""night_vision_ir"": true, ""pan_tilt_zoom"": false}",2021-01-01T00:00:00,2021-01-01T00:00:00
4e6bd310-3f57-4330-b5ca-cd1e592e3a62,55e6442a-bbd9-47f9-80fa-9c21296fe32a,Harbor Point Terminal Highway Toll Cam 642,CAM-13-641,highway_toll,720p,pedestrian_walkway,active,rtsp://streaming.internal.crimemind.net/live/cam-13-641,"{""fps"": 30, ""night_vision_ir"": true, ""pan_tilt_zoom"": false}",2021-01-01T00:00:00,2021-01-01T00:00:00
bfb7dfe5-4dd6-493c-832a-e309664d0268,0adfdc01-0192-4b90-a6ff-fc4a2f63215e,Northshore Heights Municipal Surveillance Cam 643,CAM-13-642,municipal_surveillance,1080p,southbound_exit,active,rtsp://streaming.internal.crimemind.net/live/cam-13-642,"{""fps"": 30, ""night_vision_ir"": true, ""pan_tilt_zoom"": true}",2021-01-01T00:00:00,2021-01-01T00:00:00
9f1fc5d4-171f-4209-8fc5-66471cae1b4f,338ad2d9-05b7-4a1a-875d-1b0abc8d9cb9,Harbor Point Terminal Municipal Surveillance Cam 644,CAM-13-643,municipal_surveillance,1080p,southbound_exit,active,rtsp://streaming.internal.crimemind.net/live/cam-13-643,"{""fps"": 30, ""night_vision_ir"": true, ""pan_tilt_zoom"": false}",2021-01-01T00:00:00,2021-01-01T00:00:00
047ec6ea-c99c-486e-ac0e-20455126342a,8c1a5aa5-5e29-46f5-bed9-ed1b0655b7a9,Industrial Waterfront & Port Residential Ring Cam 645,CAM-13-644,residential_ring,720p,pedestrian_walkway,active,rtsp://streaming.internal.crimemind.net/live/cam-13-644,"{""fps"": 30, ""night_vision_ir"": true, ""pan_tilt_zoom"": false}",2021-01-01T00:00:00,2021-01-01T00:00:00
678ba3b5-6e9a-48dc-a3ee-197dda260da4,6f9aab03-811e-4003-9a8b-7a5135a87d99,Northshore Heights Private Commercial Cam 646,CAM-13-645,private_commercial,720p,northbound_entry,active,rtsp://streaming.internal.crimemind.net/live/cam-13-645,"{""fps"": 30, ""night_vision_ir"": true, ""pan_tilt_zoom"": true}",2021-01-01T00:00:00,2021-01-01T00:00:00
0d9e4cad-c9ca-4490-ab66-0a3d050188de,fe98d357-dcfc-42a1-b993-2fc20482eb30,Industrial Waterfront & Port Private Commercial Cam 647,CAM-13-646,private_commercial,720p,pedestrian_walkway,active,rtsp://streaming.internal.crimemind.net/live/cam-13-646,"{""fps"": 30, ""night_vision_ir"": true, ""pan_tilt_zoom"": false}",2021-01-01T00:00:00,2021-01-01T00:00:00
197457e9-5553-4850-a6e8-04f33d971985,5fe8c3ba-de73-4084-86d9-9640fa8acf19,West End Suburbs Atm Surveillance Cam 648,CAM-13-647,atm_surveillance,4K,360_degree_dome,maintenance,rtsp://streaming.internal.crimemind.net/live/cam-13-647,"{""fps"": 30, ""night_vision_ir"": true, ""pan_tilt_zoom"": false}",2021-01-01T00:00:00,2021-01-01T00:00:00
d6b3bf86-25a7-4a54-abe9-bbe3a8b026c0,a8afd599-19d8-40b1-8041-350de298e168,South Bay Logistics Hub Traffic Police Cam 649,CAM-13-648,traffic_police,1080p,360_degree_dome,active,rtsp://streaming.internal.crimemind.net/live/cam-13-648,"{""fps"": 30, ""night_vision_ir"": true, ""pan_tilt_zoom"": true}",2021-01-01T00:00:00,2021-01-01T00:00:00
120dd26c-0aea-4846-bc4e-e9d59e29341f,36430605-9a2d-4cd0-9d5c-01b53d7fd1f3,Industrial Waterfront & Port Highway Toll Cam 650,CAM-13-649,highway_toll,1080p,southbound_exit,active,rtsp://streaming.internal.crimemind.net/live/cam-13-649,"{""fps"": 30, ""night_vision_ir"": true, ""pan_tilt_zoom"": false}",2021-01-01T00:00:00,2021-01-01T00:00:00
4cdafa5c-d693-4ca8-8fbc-299ab44e3837,64a7d431-2f0b-4f0b-b167-825c8b252c3e,Midtown Financial Plaza Municipal Surveillance Cam 651,CAM-14-650,municipal_surveillance,1080p,vault_corridor,active,rtsp://streaming.internal.crimemind.net/live/cam-14-650,"{""fps"": 30, ""night_vision_ir"": true, ""pan_tilt_zoom"": false}",2021-01-01T00:00:00,2021-01-01T00:00:00
a0fcb524-ed95-462a-97da-120ff9f9cab2,783152c1-d8c0-4715-a600-1a313e767968,Industrial Waterfront & Port Traffic Police Cam 652,CAM-14-651,traffic_police,4K,vault_corridor,active,rtsp://streaming.internal.crimemind.net/live/cam-14-651,"{""fps"": 30, ""night_vision_ir"": true, ""pan_tilt_zoom"": true}",2021-01-01T00:00:00,2021-01-01T00:00:00
d1c365fd-f68d-4aa9-a4c7-e0aa6754de40,cf93a126-fb78-4586-9b86-ed852ff4d968,Silver Lake Tech Park Private Commercial Cam 653,CAM-14-652,private_commercial,4K,southbound_exit,active,rtsp://streaming.internal.crimemind.net/live/cam-14-652,"{""fps"": 30, ""night_vision_ir"": true, ""pan_tilt_zoom"": false}",2021-01-01T00:00:00,2021-01-01T00:00:00
c98d07aa-8cbb-4b28-9a5a-282c9db37b82,2ef75dcf-a183-41ba-9c12-3b199197e857,Industrial Waterfront & Port Atm Surveillance Cam 654,CAM-14-653,atm_surveillance,4K,360_degree_dome,active,rtsp://streaming.internal.crimemind.net/live/cam-14-653,"{""fps"": 30, ""night_vision_ir"": true, ""pan_tilt_zoom"": false}",2021-01-01T00:00:00,2021-01-01T00:00:00
9d24fc0e-d524-4939-9fd7-1ef2416360e4,5d96f792-223e-469c-926a-01d3eae09198,South Bay Logistics Hub Highway Toll Cam 655,CAM-14-654,highway_toll,1080p,vault_corridor,active,rtsp://streaming.internal.crimemind.net/live/cam-14-654,"{""fps"": 30, ""night_vision_ir"": true, ""pan_tilt_zoom"": true}",2021-01-01T00:00:00,2021-01-01T00:00:00
ef9d33c4-d8d0-48ad-a3fe-aa0019a2db7b,da41db37-0c86-4be2-af4f-aedabcaed7b4,Old Town Heritage Ward Municipal Surveillance Cam 656,CAM-14-655,municipal_surveillance,4K,southbound_exit,active,rtsp://streaming.internal.crimemind.net/live/cam-14-655,"{""fps"": 30, ""night_vision_ir"": true, ""pan_tilt_zoom"": false}",2021-01-01T00:00:00,2021-01-01T00:00:00
c545587d-f3a2-4917-8f0a-7f2af861e7f4,e176010a-1514-4746-b122-0395fbb7d31e,West End Suburbs Subway Transit Cam 657,CAM-14-656,subway_transit,4K,360_degree_dome,active,rtsp://streaming.internal.crimemind.net/live/cam-14-656,"{""fps"": 30, ""night_vision_ir"": true, ""pan_tilt_zoom"": false}",2021-01-01T00:00:00,2021-01-01T00:00:00
e603fdfa-0e44-483c-90fe-c7abeb1e876a,a6cd0339-ff07-4022-bfc8-5783000d411a,Silver Lake Tech Park Highway Toll Cam 658,CAM-14-657,highway_toll,720p,pedestrian_walkway,active,rtsp://streaming.internal.crimemind.net/live/cam-14-657,"{""fps"": 30, ""night_vision_ir"": true, ""pan_tilt_zoom"": true}",2021-01-01T00:00:00,2021-01-01T00:00:00
fda6c739-54b8-44e6-9d2e-3fe9b01ed6c5,20593c7e-e4cc-46f2-b1bf-6074c39087f4,Industrial Waterfront & Port Highway Toll Cam 659,CAM-14-658,highway_toll,1080p,360_degree_dome,active,rtsp://streaming.internal.crimemind.net/live/cam-14-658,"{""fps"": 30, ""night_vision_ir"": true, ""pan_tilt_zoom"": false}",2021-01-01T00:00:00,2021-01-01T00:00:00
9c453c55-300b-413b-bc2a-783c62dfd79d,e4002e47-1a3a-4469-bb27-f971302b76e1,Eastside Arts Corridor Municipal Surveillance Cam 660,CAM-14-659,municipal_surveillance,1080p,vault_corridor,active,rtsp://streaming.internal.crimemind.net/live/cam-14-659,"{""fps"": 30, ""night_vision_ir"": true, ""pan_tilt_zoom"": false}",2021-01-01T00:00:00,2021-01-01T00:00:00
198a458b-7980-433c-84ac-f0384af4771d,bfb9eafe-130b-401c-9e20-b074e4703d37,Old Town Heritage Ward Municipal Surveillance Cam 661,CAM-14-660,municipal_surveillance,720p,northbound_entry,active,rtsp://streaming.internal.crimemind.net/live/cam-14-660,"{""fps"": 30, ""night_vision_ir"": true, ""pan_tilt_zoom"": true}",2021-01-01T00:00:00,2021-01-01T00:00:00
f1936a5f-d791-45c5-b530-b8e1d50c267c,a1e291ef-8ac8-4bda-847d-57d56e2649fb,Midtown Financial Plaza Highway Toll Cam 662,CAM-14-661,highway_toll,1080p,pedestrian_walkway,active,rtsp://streaming.internal.crimemind.net/live/cam-14-661,"{""fps"": 30, ""night_vision_ir"": true, ""pan_tilt_zoom"": false}",2021-01-01T00:00:00,2021-01-01T00:00:00
d676991e-7f6c-4c87-9dbf-53d044d92e32,84c75f61-2b13-427f-8bf6-a206a380e6de,Midtown Financial Plaza Private Commercial Cam 663,CAM-14-662,private_commercial,1080p,pedestrian_walkway,active,rtsp://streaming.internal.crimemind.net/live/cam-14-662,"{""fps"": 30, ""night_vision_ir"": true, ""pan_tilt_zoom"": false}",2021-01-01T00:00:00,2021-01-01T00:00:00
c7c42865-f74a-46e0-ada5-5e49ab9412c2,ae320517-8e2f-4875-bd33-b8b5579d7c39,West End Suburbs Subway Transit Cam 664,CAM-14-663,subway_transit,720p,pedestrian_walkway,active,rtsp://streaming.internal.crimemind.net/live/cam-14-663,"{""fps"": 30, ""night_vision_ir"": true, ""pan_tilt_zoom"": true}",2021-01-01T00:00:00,2021-01-01T00:00:00
37cfcedb-d81e-4956-accc-5d3b365c50f1,8783823e-85d1-4155-9b0a-ea5022a4eeac,Harbor Point Terminal Traffic Police Cam 665,CAM-14-664,traffic_police,720p,vault_corridor,active,rtsp://streaming.internal.crimemind.net/live/cam-14-664,"{""fps"": 30, ""night_vision_ir"": true, ""pan_tilt_zoom"": false}",2021-01-01T00:00:00,2021-01-01T00:00:00
b6b4592e-ea1a-4924-8a4f-e730a4d50a55,9d9ae307-dd63-4b4d-b918-4c96be6693eb,Northshore Heights Subway Transit Cam 666,CAM-14-665,subway_transit,4K,pedestrian_walkway,active,rtsp://streaming.internal.crimemind.net/live/cam-14-665,"{""fps"": 30, ""night_vision_ir"": true, ""pan_tilt_zoom"": false}",2021-01-01T00:00:00,2021-01-01T00:00:00
1d1aaedc-3288-4670-aa9b-5a35c6da747b,d6877b8c-f8ab-4af9-8ada-163b963fa91d,Northshore Heights Subway Transit Cam 667,CAM-14-666,subway_transit,720p,southbound_exit,active,rtsp://streaming.internal.crimemind.net/live/cam-14-666,"{""fps"": 30, ""night_vision_ir"": true, ""pan_tilt_zoom"": true}",2021-01-01T00:00:00,2021-01-01T00:00:00
0c227276-056d-4282-9b09-df9d1768b53e,743f4a74-8c65-431c-859a-b601a2b21e27,Northshore Heights Residential Ring Cam 668,CAM-14-667,residential_ring,4K,vault_corridor,offline,rtsp://streaming.internal.crimemind.net/live/cam-14-667,"{""fps"": 30, ""night_vision_ir"": true, ""pan_tilt_zoom"": false}",2021-01-01T00:00:00,2021-01-01T00:00:00
7ed132c8-9f0a-4eb5-8d45-7193c33e17bc,515483af-3797-4e1a-9da0-fe43fed94fde,Eastside Arts Corridor Highway Toll Cam 669,CAM-14-668,highway_toll,4K,pedestrian_walkway,active,rtsp://streaming.internal.crimemind.net/live/cam-14-668,"{""fps"": 30, ""night_vision_ir"": true, ""pan_tilt_zoom"": false}",2021-01-01T00:00:00,2021-01-01T00:00:00
19d012b0-9a5c-4a41-bf4d-1011a1efc0e3,72c5a451-b7c0-49e5-9c72-350c2d6fca0f,Downtown Commercial District Municipal Surveillance Cam 670,CAM-14-669,municipal_surveillance,1080p,southbound_exit,active,rtsp://streaming.internal.crimemind.net/live/cam-14-669,"{""fps"": 30, ""night_vision_ir"": true, ""pan_tilt_zoom"": true}",2021-01-01T00:00:00,2021-01-01T00:00:00
ed298c15-147a-4ade-aa5e-15fad1b0e312,eeabd89f-179e-4048-9a7d-569e3e41c74c,Northshore Heights Municipal Surveillance Cam 671,CAM-14-670,municipal_surveillance,4K,northbound_entry,active,rtsp://streaming.internal.crimemind.net/live/cam-14-670,"{""fps"": 30, ""night_vision_ir"": true, ""pan_tilt_zoom"": false}",2021-01-01T00:00:00,2021-01-01T00:00:00
fec94b54-f4e4-4c5e-8735-632b2fca7c8f,1791cbad-19df-42a5-a3e9-a86f1b0f35b7,Silver Lake Tech Park Atm Surveillance Cam 672,CAM-14-671,atm_surveillance,4K,360_degree_dome,active,rtsp://streaming.internal.crimemind.net/live/cam-14-671,"{""fps"": 30, ""night_vision_ir"": true, ""pan_tilt_zoom"": false}",2021-01-01T00:00:00,2021-01-01T00:00:00
3e2e1d75-02db-4da3-93b6-d6f448f7a058,9ccf7b92-ec8c-4291-a80a-ec21be42823b,Silver Lake Tech Park Atm Surveillance Cam 673,CAM-14-672,atm_surveillance,4K,360_degree_dome,active,rtsp://streaming.internal.crimemind.net/live/cam-14-672,"{""fps"": 30, ""night_vision_ir"": true, ""pan_tilt_zoom"": true}",2021-01-01T00:00:00,2021-01-01T00:00:00
7193dd4b-6dca-4f6a-9256-bd83c4f1b45b,81582aea-2d0c-4038-9060-359a696e29ec,Downtown Commercial District Residential Ring Cam 674,CAM-14-673,residential_ring,1080p,southbound_exit,active,rtsp://streaming.internal.crimemind.net/live/cam-14-673,"{""fps"": 30, ""night_vision_ir"": true, ""pan_tilt_zoom"": false}",2021-01-01T00:00:00,2021-01-01T00:00:00
3396c6f5-8620-4e49-a6ac-9219f61f64a7,014e23d9-4941-4e1f-a602-26e391decf8d,Eastside Arts Corridor Private Commercial Cam 675,CAM-14-674,private_commercial,720p,360_degree_dome,active,rtsp://streaming.internal.crimemind.net/live/cam-14-674,"{""fps"": 30, ""night_vision_ir"": true, ""pan_tilt_zoom"": false}",2021-01-01T00:00:00,2021-01-01T00:00:00
3e2abdd3-d168-4909-90dd-49fdc62e82b8,f17fcfb0-c9f8-4f4e-9c76-e80b03a70b37,Downtown Commercial District Highway Toll Cam 676,CAM-14-675,highway_toll,720p,vault_corridor,active,rtsp://streaming.internal.crimemind.net/live/cam-14-675,"{""fps"": 30, ""night_vision_ir"": true, ""pan_tilt_zoom"": true}",2021-01-01T00:00:00,2021-01-01T00:00:00
537b3bc7-0e47-4bc4-b231-acb00f0fba7a,3d80d5fe-cbc0-4ffb-9a5e-5a7d0cd1bcc7,Eastside Arts Corridor Private Commercial Cam 677,CAM-14-676,private_commercial,720p,pedestrian_walkway,active,rtsp://streaming.internal.crimemind.net/live/cam-14-676,"{""fps"": 30, ""night_vision_ir"": true, ""pan_tilt_zoom"": false}",2021-01-01T00:00:00,2021-01-01T00:00:00
886daa6f-0c9f-4348-808b-d190e720b528,1d2f8bfe-0e9f-4a5e-854e-455df277912b,Old Town Heritage Ward Municipal Surveillance Cam 678,CAM-14-677,municipal_surveillance,720p,360_degree_dome,active,rtsp://streaming.internal.crimemind.net/live/cam-14-677,"{""fps"": 30, ""night_vision_ir"": true, ""pan_tilt_zoom"": false}",2021-01-01T00:00:00,2021-01-01T00:00:00
a3425eee-3f3e-49ce-bb62-1633c6126ee3,c16f528a-0540-4e9d-a0cf-5ca0bd036a07,Silver Lake Tech Park Traffic Police Cam 679,CAM-14-678,traffic_police,1080p,northbound_entry,active,rtsp://streaming.internal.crimemind.net/live/cam-14-678,"{""fps"": 30, ""night_vision_ir"": true, ""pan_tilt_zoom"": true}",2021-01-01T00:00:00,2021-01-01T00:00:00
6a354317-def0-4ae1-8b94-eb2ad3594d2c,39f591fb-b645-4a8e-b31e-ad9a86ac3ca4,Eastside Arts Corridor Municipal Surveillance Cam 680,CAM-14-679,municipal_surveillance,720p,pedestrian_walkway,active,rtsp://streaming.internal.crimemind.net/live/cam-14-679,"{""fps"": 30, ""night_vision_ir"": true, ""pan_tilt_zoom"": false}",2021-01-01T00:00:00,2021-01-01T00:00:00
6a751386-64c8-4ce6-8983-b7db8abf2609,5d6b40fe-33be-4c90-9005-cb7c4dd18e5a,Harbor Point Terminal Residential Ring Cam 681,CAM-14-680,residential_ring,4K,vault_corridor,active,rtsp://streaming.internal.crimemind.net/live/cam-14-680,"{""fps"": 30, ""night_vision_ir"": true, ""pan_tilt_zoom"": false}",2021-01-01T00:00:00,2021-01-01T00:00:00
97bdef45-2a36-44b3-8812-86f52d078b7d,7d620b2f-2c94-45e0-af25-682a38a5af5e,Harbor Point Terminal Private Commercial Cam 682,CAM-14-681,private_commercial,1080p,pedestrian_walkway,offline,rtsp://streaming.internal.crimemind.net/live/cam-14-681,"{""fps"": 30, ""night_vision_ir"": true, ""pan_tilt_zoom"": true}",2021-01-01T00:00:00,2021-01-01T00:00:00
93634457-2575-49cd-8b98-95d964797ea2,5c24bd5b-2dfd-4539-8c80-00a7e807f3fb,West End Suburbs Atm Surveillance Cam 683,CAM-14-682,atm_surveillance,1080p,vault_corridor,active,rtsp://streaming.internal.crimemind.net/live/cam-14-682,"{""fps"": 30, ""night_vision_ir"": true, ""pan_tilt_zoom"": false}",2021-01-01T00:00:00,2021-01-01T00:00:00
3b00f8a7-c04e-45be-9a89-7afb4b860af0,860e6ee5-6e75-4ffd-9347-9a4ff0a8947d,West End Suburbs Subway Transit Cam 684,CAM-14-683,subway_transit,4K,northbound_entry,active,rtsp://streaming.internal.crimemind.net/live/cam-14-683,"{""fps"": 30, ""night_vision_ir"": true, ""pan_tilt_zoom"": false}",2021-01-01T00:00:00,2021-01-01T00:00:00
81a11c8c-59c1-47de-9cd7-58bafbd8d3fd,fde4e4df-557d-486a-8c1f-b543ea86435a,Eastside Arts Corridor Highway Toll Cam 685,CAM-14-684,highway_toll,1080p,vault_corridor,active,rtsp://streaming.internal.crimemind.net/live/cam-14-684,"{""fps"": 30, ""night_vision_ir"": true, ""pan_tilt_zoom"": true}",2021-01-01T00:00:00,2021-01-01T00:00:00
ea59bdad-058c-473e-8482-d15732a2a23e,d43c8901-3c11-42ec-9396-e0e88e176994,Industrial Waterfront & Port Residential Ring Cam 686,CAM-14-685,residential_ring,4K,southbound_exit,maintenance,rtsp://streaming.internal.crimemind.net/live/cam-14-685,"{""fps"": 30, ""night_vision_ir"": true, ""pan_tilt_zoom"": false}",2021-01-01T00:00:00,2021-01-01T00:00:00
0a9e7e16-2fbe-4b76-a1a6-6c3df215ab3d,2e106899-a737-4a3e-be0e-5b1c1e1ea3e7,Old Town Heritage Ward Traffic Police Cam 687,CAM-14-686,traffic_police,720p,360_degree_dome,active,rtsp://streaming.internal.crimemind.net/live/cam-14-686,"{""fps"": 30, ""night_vision_ir"": true, ""pan_tilt_zoom"": false}",2021-01-01T00:00:00,2021-01-01T00:00:00
20e493ab-fb08-4ad8-9210-07c024e267cc,fe09376a-f832-409b-9b7a-3a211983cd94,Midtown Financial Plaza Traffic Police Cam 688,CAM-14-687,traffic_police,720p,360_degree_dome,offline,rtsp://streaming.internal.crimemind.net/live/cam-14-687,"{""fps"": 30, ""night_vision_ir"": true, ""pan_tilt_zoom"": true}",2021-01-01T00:00:00,2021-01-01T00:00:00
db10aa3e-b7f6-40ae-8797-392afd2e62b3,e31bbd3c-0fe7-46dd-8ed1-405e91df5430,Industrial Waterfront & Port Private Commercial Cam 689,CAM-14-688,private_commercial,4K,northbound_entry,active,rtsp://streaming.internal.crimemind.net/live/cam-14-688,"{""fps"": 30, ""night_vision_ir"": true, ""pan_tilt_zoom"": false}",2021-01-01T00:00:00,2021-01-01T00:00:00
b51fdffd-6a34-43e6-a96e-762c06b4b65c,4b08da45-e652-4bb0-bbd2-f3fcb35dc258,Harbor Point Terminal Residential Ring Cam 690,CAM-14-689,residential_ring,1080p,360_degree_dome,active,rtsp://streaming.internal.crimemind.net/live/cam-14-689,"{""fps"": 30, ""night_vision_ir"": true, ""pan_tilt_zoom"": false}",2021-01-01T00:00:00,2021-01-01T00:00:00
93d80ba1-8fae-43ed-b24b-6add23b52818,1bd40c37-d1a1-4483-8084-2b5bfd7a0493,Silver Lake Tech Park Atm Surveillance Cam 691,CAM-14-690,atm_surveillance,4K,360_degree_dome,active,rtsp://streaming.internal.crimemind.net/live/cam-14-690,"{""fps"": 30, ""night_vision_ir"": true, ""pan_tilt_zoom"": true}",2021-01-01T00:00:00,2021-01-01T00:00:00
c81e941f-18fb-4509-83b2-fdd1919c6b1a,4003c01c-7241-43e0-aa38-2af0343c2ae6,Eastside Arts Corridor Traffic Police Cam 692,CAM-14-691,traffic_police,1080p,360_degree_dome,maintenance,rtsp://streaming.internal.crimemind.net/live/cam-14-691,"{""fps"": 30, ""night_vision_ir"": true, ""pan_tilt_zoom"": false}",2021-01-01T00:00:00,2021-01-01T00:00:00
dc4c7659-b993-432a-b340-b024e0ec672f,6af669df-7df8-4417-a6b6-76adf4ab758f,Eastside Arts Corridor Private Commercial Cam 693,CAM-14-692,private_commercial,720p,vault_corridor,active,rtsp://streaming.internal.crimemind.net/live/cam-14-692,"{""fps"": 30, ""night_vision_ir"": true, ""pan_tilt_zoom"": false}",2021-01-01T00:00:00,2021-01-01T00:00:00
e2e21441-3169-4d6e-8f37-97fc1aa730b3,2adf83e0-ec34-4c99-a172-87c202fef7d1,Old Town Heritage Ward Atm Surveillance Cam 694,CAM-14-693,atm_surveillance,720p,southbound_exit,active,rtsp://streaming.internal.crimemind.net/live/cam-14-693,"{""fps"": 30, ""night_vision_ir"": true, ""pan_tilt_zoom"": true}",2021-01-01T00:00:00,2021-01-01T00:00:00
62fa9cac-7a21-46e8-8628-4e01e100c3a1,ffda55c2-48a3-4779-be20-166c264c7ad5,Eastside Arts Corridor Municipal Surveillance Cam 695,CAM-14-694,municipal_surveillance,4K,360_degree_dome,active,rtsp://streaming.internal.crimemind.net/live/cam-14-694,"{""fps"": 30, ""night_vision_ir"": true, ""pan_tilt_zoom"": false}",2021-01-01T00:00:00,2021-01-01T00:00:00
d20350a5-b2db-4a94-83e9-1ed4e336d797,304a7c22-d8f7-47c2-8861-2a923d7b4a5d,Harbor Point Terminal Traffic Police Cam 696,CAM-14-695,traffic_police,1080p,vault_corridor,active,rtsp://streaming.internal.crimemind.net/live/cam-14-695,"{""fps"": 30, ""night_vision_ir"": true, ""pan_tilt_zoom"": false}",2021-01-01T00:00:00,2021-01-01T00:00:00
b12fd170-c546-4f17-a0c1-c8291c3d6f09,f68c77c0-f1b6-4671-bf40-b28d0d619abf,Industrial Waterfront & Port Atm Surveillance Cam 697,CAM-14-696,atm_surveillance,720p,southbound_exit,active,rtsp://streaming.internal.crimemind.net/live/cam-14-696,"{""fps"": 30, ""night_vision_ir"": true, ""pan_tilt_zoom"": true}",2021-01-01T00:00:00,2021-01-01T00:00:00
e417a35a-9e21-420d-8f91-84d2acea9215,2932b1fb-6a52-4280-8d1a-a78a9587b832,Industrial Waterfront & Port Highway Toll Cam 698,CAM-14-697,highway_toll,720p,northbound_entry,active,rtsp://streaming.internal.crimemind.net/live/cam-14-697,"{""fps"": 30, ""night_vision_ir"": true, ""pan_tilt_zoom"": false}",2021-01-01T00:00:00,2021-01-01T00:00:00
13250c44-5434-4dec-a3ba-6a2b5f635966,d8371b74-3109-4411-8cda-568bc0a76dd4,Midtown Financial Plaza Traffic Police Cam 699,CAM-14-698,traffic_police,1080p,vault_corridor,active,rtsp://streaming.internal.crimemind.net/live/cam-14-698,"{""fps"": 30, ""night_vision_ir"": true, ""pan_tilt_zoom"": false}",2021-01-01T00:00:00,2021-01-01T00:00:00
96535002-79b5-4efb-a1ac-ad8cbad2cbb1,78f18c00-250f-4a0a-8aa4-8831f9ffdd80,Downtown Commercial District Residential Ring Cam 700,CAM-14-699,residential_ring,1080p,southbound_exit,active,rtsp://streaming.internal.crimemind.net/live/cam-14-699,"{""fps"": 30, ""night_vision_ir"": true, ""pan_tilt_zoom"": true}",2021-01-01T00:00:00,2021-01-01T00:00:00
329542dc-5cbb-4620-8bc2-59680570b024,a2f0ff1d-b435-4472-b99d-73cc32027f39,Harbor Point Terminal Traffic Police Cam 701,CAM-15-700,traffic_police,720p,pedestrian_walkway,active,rtsp://streaming.internal.crimemind.net/live/cam-15-700,"{""fps"": 30, ""night_vision_ir"": true, ""pan_tilt_zoom"": false}",2021-01-01T00:00:00,2021-01-01T00:00:00
3282fc84-b90d-4bf8-b3f0-93efdabc0ab3,8bf9e63d-d87f-459e-805c-5d14dcbf280b,Midtown Financial Plaza Private Commercial Cam 702,CAM-15-701,private_commercial,1080p,northbound_entry,active,rtsp://streaming.internal.crimemind.net/live/cam-15-701,"{""fps"": 30, ""night_vision_ir"": true, ""pan_tilt_zoom"": false}",2021-01-01T00:00:00,2021-01-01T00:00:00
eced6319-17ea-4a8b-938b-4427c9c26df6,f703b45b-a3a0-4266-80b0-0831f3dfbc29,Old Town Heritage Ward Highway Toll Cam 703,CAM-15-702,highway_toll,720p,pedestrian_walkway,active,rtsp://streaming.internal.crimemind.net/live/cam-15-702,"{""fps"": 30, ""night_vision_ir"": true, ""pan_tilt_zoom"": true}",2021-01-01T00:00:00,2021-01-01T00:00:00
1db467bf-b7d7-4d28-b2ff-5078eadcdae3,f68c77c0-f1b6-4671-bf40-b28d0d619abf,Industrial Waterfront & Port Private Commercial Cam 704,CAM-15-703,private_commercial,1080p,vault_corridor,active,rtsp://streaming.internal.crimemind.net/live/cam-15-703,"{""fps"": 30, ""night_vision_ir"": true, ""pan_tilt_zoom"": false}",2021-01-01T00:00:00,2021-01-01T00:00:00
d48c7039-f3c4-4233-82d9-18973ca0b1c5,57154d46-0f85-4d5d-a773-5f849432748c,South Bay Logistics Hub Subway Transit Cam 705,CAM-15-704,subway_transit,1080p,northbound_entry,active,rtsp://streaming.internal.crimemind.net/live/cam-15-704,"{""fps"": 30, ""night_vision_ir"": true, ""pan_tilt_zoom"": false}",2021-01-01T00:00:00,2021-01-01T00:00:00
e7d19284-bbbc-4b42-b4aa-fc8efafe9caf,14ef5685-facc-4e79-b6fc-1053cfc1b831,Old Town Heritage Ward Residential Ring Cam 706,CAM-15-705,residential_ring,720p,southbound_exit,active,rtsp://streaming.internal.crimemind.net/live/cam-15-705,"{""fps"": 30, ""night_vision_ir"": true, ""pan_tilt_zoom"": true}",2021-01-01T00:00:00,2021-01-01T00:00:00
833440e7-f00b-4406-88df-f948ec2383d8,012fa082-3372-42b0-b766-5af2cdb0a035,Northshore Heights Residential Ring Cam 707,CAM-15-706,residential_ring,1080p,northbound_entry,active,rtsp://streaming.internal.crimemind.net/live/cam-15-706,"{""fps"": 30, ""night_vision_ir"": true, ""pan_tilt_zoom"": false}",2021-01-01T00:00:00,2021-01-01T00:00:00
47f8fb73-cd06-4b35-baa2-0ab4a3d22dce,11f49e54-0065-470a-8306-77e685919c8e,Harbor Point Terminal Highway Toll Cam 708,CAM-15-707,highway_toll,720p,southbound_exit,active,rtsp://streaming.internal.crimemind.net/live/cam-15-707,"{""fps"": 30, ""night_vision_ir"": true, ""pan_tilt_zoom"": false}",2021-01-01T00:00:00,2021-01-01T00:00:00
f817024b-6890-4d1c-9334-446eaec1a6b8,a9a0de92-5672-4b7c-ae9c-129e809d669b,West End Suburbs Atm Surveillance Cam 709,CAM-15-708,atm_surveillance,4K,pedestrian_walkway,active,rtsp://streaming.internal.crimemind.net/live/cam-15-708,"{""fps"": 30, ""night_vision_ir"": true, ""pan_tilt_zoom"": true}",2021-01-01T00:00:00,2021-01-01T00:00:00
7874dfe4-8a92-43a0-9274-8341ce6d53ac,9e999b4e-2b25-4071-bac1-622f4731f902,Eastside Arts Corridor Traffic Police Cam 710,CAM-15-709,traffic_police,720p,southbound_exit,active,rtsp://streaming.internal.crimemind.net/live/cam-15-709,"{""fps"": 30, ""night_vision_ir"": true, ""pan_tilt_zoom"": false}",2021-01-01T00:00:00,2021-01-01T00:00:00
abd75b07-2ecb-47cf-a194-d4be5a804dbe,e31bbd3c-0fe7-46dd-8ed1-405e91df5430,Industrial Waterfront & Port Atm Surveillance Cam 711,CAM-15-710,atm_surveillance,1080p,southbound_exit,active,rtsp://streaming.internal.crimemind.net/live/cam-15-710,"{""fps"": 30, ""night_vision_ir"": true, ""pan_tilt_zoom"": false}",2021-01-01T00:00:00,2021-01-01T00:00:00
718eafaf-8d96-4f76-8aa4-fb71d0b07221,4fd54756-f63e-483b-8ac2-16fa7b170a36,South Bay Logistics Hub Private Commercial Cam 712,CAM-15-711,private_commercial,1080p,vault_corridor,active,rtsp://streaming.internal.crimemind.net/live/cam-15-711,"{""fps"": 30, ""night_vision_ir"": true, ""pan_tilt_zoom"": true}",2021-01-01T00:00:00,2021-01-01T00:00:00
11eef408-1c7d-4b88-97cb-7ce9cfdda467,c7dc4eb6-c7aa-46e7-9a22-78212133e6c0,South Bay Logistics Hub Subway Transit Cam 713,CAM-15-712,subway_transit,720p,pedestrian_walkway,active,rtsp://streaming.internal.crimemind.net/live/cam-15-712,"{""fps"": 30, ""night_vision_ir"": true, ""pan_tilt_zoom"": false}",2021-01-01T00:00:00,2021-01-01T00:00:00
36457f12-1ac0-4028-985f-28b59f848b6c,277f87ab-a7a8-4b1f-936b-752ea5528c57,Northshore Heights Private Commercial Cam 714,CAM-15-713,private_commercial,1080p,vault_corridor,active,rtsp://streaming.internal.crimemind.net/live/cam-15-713,"{""fps"": 30, ""night_vision_ir"": true, ""pan_tilt_zoom"": false}",2021-01-01T00:00:00,2021-01-01T00:00:00
e978065d-af6d-4941-b00f-ab3549754e26,68c419ff-7e85-4b65-b88e-2b2cf32ed518,Old Town Heritage Ward Atm Surveillance Cam 715,CAM-15-714,atm_surveillance,720p,pedestrian_walkway,active,rtsp://streaming.internal.crimemind.net/live/cam-15-714,"{""fps"": 30, ""night_vision_ir"": true, ""pan_tilt_zoom"": true}",2021-01-01T00:00:00,2021-01-01T00:00:00
c61417cf-3bf0-4b65-b8b1-c8f092dd4e41,a2d27fcd-9fe6-4776-87a7-f691d671ff26,Harbor Point Terminal Highway Toll Cam 716,CAM-15-715,highway_toll,1080p,360_degree_dome,active,rtsp://streaming.internal.crimemind.net/live/cam-15-715,"{""fps"": 30, ""night_vision_ir"": true, ""pan_tilt_zoom"": false}",2021-01-01T00:00:00,2021-01-01T00:00:00
5b4d7378-0bd2-4133-9256-07763e0d9637,f7615a4d-e1d2-4d0b-b4c3-fe4d67f78ab6,South Bay Logistics Hub Subway Transit Cam 717,CAM-15-716,subway_transit,4K,northbound_entry,active,rtsp://streaming.internal.crimemind.net/live/cam-15-716,"{""fps"": 30, ""night_vision_ir"": true, ""pan_tilt_zoom"": false}",2021-01-01T00:00:00,2021-01-01T00:00:00
bffe8d62-fd0d-478f-bae0-f467c9a968d3,6010373f-fdca-4228-84ff-1b53093658e5,Midtown Financial Plaza Municipal Surveillance Cam 718,CAM-15-717,municipal_surveillance,720p,360_degree_dome,active,rtsp://streaming.internal.crimemind.net/live/cam-15-717,"{""fps"": 30, ""night_vision_ir"": true, ""pan_tilt_zoom"": true}",2021-01-01T00:00:00,2021-01-01T00:00:00
1ccc4e2d-44e7-4339-88f5-657f06165453,442bf876-ae0f-4b32-a714-a76b503215f3,Northshore Heights Private Commercial Cam 719,CAM-15-718,private_commercial,4K,vault_corridor,active,rtsp://streaming.internal.crimemind.net/live/cam-15-718,"{""fps"": 30, ""night_vision_ir"": true, ""pan_tilt_zoom"": false}",2021-01-01T00:00:00,2021-01-01T00:00:00
f9f07a5b-b717-41f1-bbbe-3bc061a5ae8d,80b8f6fb-8ccd-4a32-ad76-c65f6a2b2d91,Harbor Point Terminal Highway Toll Cam 720,CAM-15-719,highway_toll,1080p,northbound_entry,active,rtsp://streaming.internal.crimemind.net/live/cam-15-719,"{""fps"": 30, ""night_vision_ir"": true, ""pan_tilt_zoom"": false}",2021-01-01T00:00:00,2021-01-01T00:00:00
01c39980-ecb0-4f3c-a89f-0fb7020a51fd,2448d0e3-a852-4ffa-9eda-9134b08129cd,Silver Lake Tech Park Atm Surveillance Cam 721,CAM-15-720,atm_surveillance,1080p,pedestrian_walkway,active,rtsp://streaming.internal.crimemind.net/live/cam-15-720,"{""fps"": 30, ""night_vision_ir"": true, ""pan_tilt_zoom"": true}",2021-01-01T00:00:00,2021-01-01T00:00:00
6abd4820-e978-422e-8830-7b15531ae883,429f1845-4ea0-4d00-a373-2554d21dd5b9,Harbor Point Terminal Municipal Surveillance Cam 722,CAM-15-721,municipal_surveillance,4K,vault_corridor,active,rtsp://streaming.internal.crimemind.net/live/cam-15-721,"{""fps"": 30, ""night_vision_ir"": true, ""pan_tilt_zoom"": false}",2021-01-01T00:00:00,2021-01-01T00:00:00
eb1482c0-1fd1-4208-b8ed-ac46ffc5dade,4134bf0a-c213-4851-8b6f-a4aff2ad3baa,South Bay Logistics Hub Municipal Surveillance Cam 723,CAM-15-722,municipal_surveillance,4K,pedestrian_walkway,active,rtsp://streaming.internal.crimemind.net/live/cam-15-722,"{""fps"": 30, ""night_vision_ir"": true, ""pan_tilt_zoom"": false}",2021-01-01T00:00:00,2021-01-01T00:00:00
680e1358-9095-4cd1-95dd-d89bb81a21a1,65fe16d2-dab4-4e9c-8e7c-e4f222206d3d,Harbor Point Terminal Subway Transit Cam 724,CAM-15-723,subway_transit,720p,northbound_entry,active,rtsp://streaming.internal.crimemind.net/live/cam-15-723,"{""fps"": 30, ""night_vision_ir"": true, ""pan_tilt_zoom"": true}",2021-01-01T00:00:00,2021-01-01T00:00:00
f6fb17db-2bb2-4a7e-a32b-651a0131dd2d,18e13caa-32c4-42a0-a28d-9ef377626db3,South Bay Logistics Hub Private Commercial Cam 725,CAM-15-724,private_commercial,1080p,vault_corridor,active,rtsp://streaming.internal.crimemind.net/live/cam-15-724,"{""fps"": 30, ""night_vision_ir"": true, ""pan_tilt_zoom"": false}",2021-01-01T00:00:00,2021-01-01T00:00:00
7193ef62-e338-4550-8269-2528a4ec359e,9051c16d-34a1-4186-a550-eae27f0d5dea,Industrial Waterfront & Port Residential Ring Cam 726,CAM-15-725,residential_ring,1080p,vault_corridor,maintenance,rtsp://streaming.internal.crimemind.net/live/cam-15-725,"{""fps"": 30, ""night_vision_ir"": true, ""pan_tilt_zoom"": false}",2021-01-01T00:00:00,2021-01-01T00:00:00
03130c8f-4247-4e77-96ff-0a90ee5e150d,25cbe297-dc4b-49e0-813d-79d8ff78c077,Northshore Heights Municipal Surveillance Cam 727,CAM-15-726,municipal_surveillance,1080p,northbound_entry,active,rtsp://streaming.internal.crimemind.net/live/cam-15-726,"{""fps"": 30, ""night_vision_ir"": true, ""pan_tilt_zoom"": true}",2021-01-01T00:00:00,2021-01-01T00:00:00
ec65906a-08b7-4308-aa22-89238fa1d503,9615a6cb-a883-402d-9922-003d50ed0435,Harbor Point Terminal Private Commercial Cam 728,CAM-15-727,private_commercial,1080p,northbound_entry,active,rtsp://streaming.internal.crimemind.net/live/cam-15-727,"{""fps"": 30, ""night_vision_ir"": true, ""pan_tilt_zoom"": false}",2021-01-01T00:00:00,2021-01-01T00:00:00
535debcd-421c-4eda-aaf8-eaa6278cde7b,8cf3ceb4-d5b8-4a78-afec-982d26be2238,Industrial Waterfront & Port Subway Transit Cam 729,CAM-15-728,subway_transit,1080p,pedestrian_walkway,active,rtsp://streaming.internal.crimemind.net/live/cam-15-728,"{""fps"": 30, ""night_vision_ir"": true, ""pan_tilt_zoom"": false}",2021-01-01T00:00:00,2021-01-01T00:00:00
11ebf473-48c6-4c88-b2a4-f329274ad020,44a08753-1fa2-4612-a6b8-f3bb6867b0d8,Midtown Financial Plaza Private Commercial Cam 730,CAM-15-729,private_commercial,4K,northbound_entry,active,rtsp://streaming.internal.crimemind.net/live/cam-15-729,"{""fps"": 30, ""night_vision_ir"": true, ""pan_tilt_zoom"": true}",2021-01-01T00:00:00,2021-01-01T00:00:00
2fcea3d7-0ca5-483d-8d9e-b5d2e7b15517,c1d297e6-7ed0-4109-8fd7-ba4524ea9529,Silver Lake Tech Park Subway Transit Cam 731,CAM-15-730,subway_transit,1080p,northbound_entry,active,rtsp://streaming.internal.crimemind.net/live/cam-15-730,"{""fps"": 30, ""night_vision_ir"": true, ""pan_tilt_zoom"": false}",2021-01-01T00:00:00,2021-01-01T00:00:00
b102d0a8-357a-4aa1-84e1-f6a0917f536f,5560e26b-cd0c-4c41-828a-73183a9abf04,Old Town Heritage Ward Private Commercial Cam 732,CAM-15-731,private_commercial,720p,northbound_entry,active,rtsp://streaming.internal.crimemind.net/live/cam-15-731,"{""fps"": 30, ""night_vision_ir"": true, ""pan_tilt_zoom"": false}",2021-01-01T00:00:00,2021-01-01T00:00:00
d233d246-16f1-48bd-a86f-74f6b398d0a2,e6e9e914-37c1-4b77-9d6b-7653353a471d,Industrial Waterfront & Port Traffic Police Cam 733,CAM-15-732,traffic_police,4K,southbound_exit,active,rtsp://streaming.internal.crimemind.net/live/cam-15-732,"{""fps"": 30, ""night_vision_ir"": true, ""pan_tilt_zoom"": true}",2021-01-01T00:00:00,2021-01-01T00:00:00
af0f1431-dd75-4075-b8a8-f4a961f53418,afe70f3d-5456-48a9-b4c1-1e21a91a8884,Northshore Heights Private Commercial Cam 734,CAM-15-733,private_commercial,1080p,pedestrian_walkway,active,rtsp://streaming.internal.crimemind.net/live/cam-15-733,"{""fps"": 30, ""night_vision_ir"": true, ""pan_tilt_zoom"": false}",2021-01-01T00:00:00,2021-01-01T00:00:00
d33af13c-60b9-47dd-b428-774638c71bad,2494825d-5fca-4829-8e47-037a94d65954,Northshore Heights Private Commercial Cam 735,CAM-15-734,private_commercial,720p,northbound_entry,active,rtsp://streaming.internal.crimemind.net/live/cam-15-734,"{""fps"": 30, ""night_vision_ir"": true, ""pan_tilt_zoom"": false}",2021-01-01T00:00:00,2021-01-01T00:00:00
a011a306-5fda-4220-ab42-591c1aaca697,dff3b94b-be27-4bff-a677-cf7c5bce815a,Downtown Commercial District Residential Ring Cam 736,CAM-15-735,residential_ring,4K,vault_corridor,active,rtsp://streaming.internal.crimemind.net/live/cam-15-735,"{""fps"": 30, ""night_vision_ir"": true, ""pan_tilt_zoom"": true}",2021-01-01T00:00:00,2021-01-01T00:00:00
0fd2d27c-4ae7-409d-b047-ce217e47b872,f44dfcac-70a1-4c3a-83ac-0150cc804a78,Industrial Waterfront & Port Private Commercial Cam 737,CAM-15-736,private_commercial,1080p,northbound_entry,active,rtsp://streaming.internal.crimemind.net/live/cam-15-736,"{""fps"": 30, ""night_vision_ir"": true, ""pan_tilt_zoom"": false}",2021-01-01T00:00:00,2021-01-01T00:00:00
881e756a-240b-47ec-954e-c433138841be,7546a5bb-7508-497a-a2ab-cde246b035d3,Industrial Waterfront & Port Atm Surveillance Cam 738,CAM-15-737,atm_surveillance,1080p,360_degree_dome,active,rtsp://streaming.internal.crimemind.net/live/cam-15-737,"{""fps"": 30, ""night_vision_ir"": true, ""pan_tilt_zoom"": false}",2021-01-01T00:00:00,2021-01-01T00:00:00
635ec039-8cd6-4a81-85e2-c383336d2c8c,639ee1bb-8f44-459a-bd87-a8d21d6203f9,Northshore Heights Private Commercial Cam 739,CAM-15-738,private_commercial,4K,pedestrian_walkway,active,rtsp://streaming.internal.crimemind.net/live/cam-15-738,"{""fps"": 30, ""night_vision_ir"": true, ""pan_tilt_zoom"": true}",2021-01-01T00:00:00,2021-01-01T00:00:00
28f2bed5-1afa-43ca-966a-f8370bc2ddb2,db7c792c-2d54-4d50-bc80-cc14e1f7275f,Industrial Waterfront & Port Atm Surveillance Cam 740,CAM-15-739,atm_surveillance,4K,pedestrian_walkway,active,rtsp://streaming.internal.crimemind.net/live/cam-15-739,"{""fps"": 30, ""night_vision_ir"": true, ""pan_tilt_zoom"": false}",2021-01-01T00:00:00,2021-01-01T00:00:00
5a3a899f-b655-480f-a4f0-04593e78908b,259141ed-8121-42e7-a435-a4526ff19c75,Silver Lake Tech Park Private Commercial Cam 741,CAM-15-740,private_commercial,720p,vault_corridor,active,rtsp://streaming.internal.crimemind.net/live/cam-15-740,"{""fps"": 30, ""night_vision_ir"": true, ""pan_tilt_zoom"": false}",2021-01-01T00:00:00,2021-01-01T00:00:00
984dd323-be40-46ec-95b1-b5ab72f483c6,c9424a8f-0f58-43a4-a89c-1166864e65eb,Harbor Point Terminal Subway Transit Cam 742,CAM-15-741,subway_transit,1080p,southbound_exit,active,rtsp://streaming.internal.crimemind.net/live/cam-15-741,"{""fps"": 30, ""night_vision_ir"": true, ""pan_tilt_zoom"": true}",2021-01-01T00:00:00,2021-01-01T00:00:00
e4816ad2-2872-4bdf-a13d-c9b4e0e6fe72,cf9fc7b4-318e-4335-9ff5-c544315e338d,West End Suburbs Traffic Police Cam 743,CAM-15-742,traffic_police,720p,pedestrian_walkway,active,rtsp://streaming.internal.crimemind.net/live/cam-15-742,"{""fps"": 30, ""night_vision_ir"": true, ""pan_tilt_zoom"": false}",2021-01-01T00:00:00,2021-01-01T00:00:00
9b36e48e-c01c-4731-8c3e-f2fae90002af,0198c363-0a3a-4e5a-ab65-5a485e24f8a7,West End Suburbs Traffic Police Cam 744,CAM-15-743,traffic_police,1080p,southbound_exit,active,rtsp://streaming.internal.crimemind.net/live/cam-15-743,"{""fps"": 30, ""night_vision_ir"": true, ""pan_tilt_zoom"": false}",2021-01-01T00:00:00,2021-01-01T00:00:00
6dcd3a33-614c-436f-9646-dbebd43c9fdf,e5809c09-8423-4a5d-a025-75e795b61d5c,Harbor Point Terminal Traffic Police Cam 745,CAM-15-744,traffic_police,1080p,pedestrian_walkway,active,rtsp://streaming.internal.crimemind.net/live/cam-15-744,"{""fps"": 30, ""night_vision_ir"": true, ""pan_tilt_zoom"": true}",2021-01-01T00:00:00,2021-01-01T00:00:00
d71fe9dc-898e-413d-8fd1-c05483d38a25,95ee9501-7572-4b28-a20d-d2151051912e,Old Town Heritage Ward Atm Surveillance Cam 746,CAM-15-745,atm_surveillance,720p,pedestrian_walkway,active,rtsp://streaming.internal.crimemind.net/live/cam-15-745,"{""fps"": 30, ""night_vision_ir"": true, ""pan_tilt_zoom"": false}",2021-01-01T00:00:00,2021-01-01T00:00:00
64017609-3983-416b-ba90-08f072e4ce8f,cf6a3a05-39de-47d4-88e4-8cd3e6652bc6,Old Town Heritage Ward Private Commercial Cam 747,CAM-15-746,private_commercial,1080p,vault_corridor,active,rtsp://streaming.internal.crimemind.net/live/cam-15-746,"{""fps"": 30, ""night_vision_ir"": true, ""pan_tilt_zoom"": false}",2021-01-01T00:00:00,2021-01-01T00:00:00
9c18e9ab-6545-4c1a-81d2-3156f88e83b7,e1c01a72-f269-4062-a5b2-5a66c0c63443,Downtown Commercial District Private Commercial Cam 748,CAM-15-747,private_commercial,1080p,northbound_entry,active,rtsp://streaming.internal.crimemind.net/live/cam-15-747,"{""fps"": 30, ""night_vision_ir"": true, ""pan_tilt_zoom"": true}",2021-01-01T00:00:00,2021-01-01T00:00:00
d5083cb9-51d3-4966-8f82-6aaec160cb97,acf22532-5c9d-4e8e-beb6-69af502b5739,Northshore Heights Municipal Surveillance Cam 749,CAM-15-748,municipal_surveillance,720p,pedestrian_walkway,active,rtsp://streaming.internal.crimemind.net/live/cam-15-748,"{""fps"": 30, ""night_vision_ir"": true, ""pan_tilt_zoom"": false}",2021-01-01T00:00:00,2021-01-01T00:00:00
e3b9d114-8ad7-4615-861c-5d6fd3fa8af4,f3cb7a21-e20e-4b35-bac9-7f6d7914d4bc,Harbor Point Terminal Residential Ring Cam 750,CAM-15-749,residential_ring,1080p,northbound_entry,active,rtsp://streaming.internal.crimemind.net/live/cam-15-749,"{""fps"": 30, ""night_vision_ir"": true, ""pan_tilt_zoom"": false}",2021-01-01T00:00:00,2021-01-01T00:00:00
c638a32e-3d47-4fca-b918-bd029b3056aa,994a9e55-2291-4e87-8920-657b1dc271f1,Midtown Financial Plaza Atm Surveillance Cam 751,CAM-16-750,atm_surveillance,4K,vault_corridor,active,rtsp://streaming.internal.crimemind.net/live/cam-16-750,"{""fps"": 30, ""night_vision_ir"": true, ""pan_tilt_zoom"": true}",2021-01-01T00:00:00,2021-01-01T00:00:00
4fc8c22e-590b-4b78-9c53-97e5118ada46,82098974-e98a-4d15-9e63-f0598a258bd4,Silver Lake Tech Park Subway Transit Cam 752,CAM-16-751,subway_transit,1080p,360_degree_dome,offline,rtsp://streaming.internal.crimemind.net/live/cam-16-751,"{""fps"": 30, ""night_vision_ir"": true, ""pan_tilt_zoom"": false}",2021-01-01T00:00:00,2021-01-01T00:00:00
f0771e20-e99c-448e-af75-fa09bdd28c6b,424fc12d-1221-40b1-9f01-376e8e8990f9,West End Suburbs Highway Toll Cam 753,CAM-16-752,highway_toll,4K,southbound_exit,active,rtsp://streaming.internal.crimemind.net/live/cam-16-752,"{""fps"": 30, ""night_vision_ir"": true, ""pan_tilt_zoom"": false}",2021-01-01T00:00:00,2021-01-01T00:00:00
1d3a2a92-3932-4f27-b039-65aefdd830bc,fc0cac47-e41f-4d9e-84f2-2d879b3793c1,Industrial Waterfront & Port Residential Ring Cam 754,CAM-16-753,residential_ring,1080p,northbound_entry,active,rtsp://streaming.internal.crimemind.net/live/cam-16-753,"{""fps"": 30, ""night_vision_ir"": true, ""pan_tilt_zoom"": true}",2021-01-01T00:00:00,2021-01-01T00:00:00
bb46a928-8d77-443a-ab03-ac7fa6cb13e5,7256c576-bdac-4caf-9de6-4e21b0abde47,Downtown Commercial District Private Commercial Cam 755,CAM-16-754,private_commercial,1080p,360_degree_dome,active,rtsp://streaming.internal.crimemind.net/live/cam-16-754,"{""fps"": 30, ""night_vision_ir"": true, ""pan_tilt_zoom"": false}",2021-01-01T00:00:00,2021-01-01T00:00:00
f6c331e6-d515-4f00-9dc6-fec241433b68,f08af27c-00de-4d07-a377-f3b27f8e502b,Northshore Heights Residential Ring Cam 756,CAM-16-755,residential_ring,1080p,northbound_entry,active,rtsp://streaming.internal.crimemind.net/live/cam-16-755,"{""fps"": 30, ""night_vision_ir"": true, ""pan_tilt_zoom"": false}",2021-01-01T00:00:00,2021-01-01T00:00:00
503e0bf0-241d-47c4-b0d0-b7cc90ea8e14,45e267b2-faf4-48dd-8341-684dee81089e,Old Town Heritage Ward Highway Toll Cam 757,CAM-16-756,highway_toll,1080p,360_degree_dome,active,rtsp://streaming.internal.crimemind.net/live/cam-16-756,"{""fps"": 30, ""night_vision_ir"": true, ""pan_tilt_zoom"": true}",2021-01-01T00:00:00,2021-01-01T00:00:00
e885cf9a-cb7e-448e-bdeb-2945d52defeb,6c253304-52d8-4b5e-94ff-197e2a51964b,South Bay Logistics Hub Municipal Surveillance Cam 758,CAM-16-757,municipal_surveillance,720p,vault_corridor,active,rtsp://streaming.internal.crimemind.net/live/cam-16-757,"{""fps"": 30, ""night_vision_ir"": true, ""pan_tilt_zoom"": false}",2021-01-01T00:00:00,2021-01-01T00:00:00
1b21e0cb-731d-4635-bdf7-2ceb24add1b7,715f5baf-74dc-40f0-989d-be94906803ab,Old Town Heritage Ward Residential Ring Cam 759,CAM-16-758,residential_ring,720p,pedestrian_walkway,active,rtsp://streaming.internal.crimemind.net/live/cam-16-758,"{""fps"": 30, ""night_vision_ir"": true, ""pan_tilt_zoom"": false}",2021-01-01T00:00:00,2021-01-01T00:00:00
5a80fec7-6ae2-427c-8f91-39ddc8f09979,d3e19a2e-4725-4dfe-97ab-32a561a74b4d,South Bay Logistics Hub Residential Ring Cam 760,CAM-16-759,residential_ring,4K,southbound_exit,active,rtsp://streaming.internal.crimemind.net/live/cam-16-759,"{""fps"": 30, ""night_vision_ir"": true, ""pan_tilt_zoom"": true}",2021-01-01T00:00:00,2021-01-01T00:00:00
a8539b4a-50f9-4962-9813-32e63007b7e4,0122d678-1e74-4867-a3c4-df936b8fdf55,Midtown Financial Plaza Residential Ring Cam 761,CAM-16-760,residential_ring,1080p,southbound_exit,active,rtsp://streaming.internal.crimemind.net/live/cam-16-760,"{""fps"": 30, ""night_vision_ir"": true, ""pan_tilt_zoom"": false}",2021-01-01T00:00:00,2021-01-01T00:00:00
4fdf11d1-8051-4ad7-8826-16f602d1a207,f47373bc-c135-4e20-a741-364083df58d4,Downtown Commercial District Atm Surveillance Cam 762,CAM-16-761,atm_surveillance,720p,vault_corridor,active,rtsp://streaming.internal.crimemind.net/live/cam-16-761,"{""fps"": 30, ""night_vision_ir"": true, ""pan_tilt_zoom"": false}",2021-01-01T00:00:00,2021-01-01T00:00:00
ebbe7837-2bb5-4913-83da-f040912d4167,4ffc46e3-0813-4c6a-8190-51f8e4fe015d,Harbor Point Terminal Subway Transit Cam 763,CAM-16-762,subway_transit,1080p,northbound_entry,active,rtsp://streaming.internal.crimemind.net/live/cam-16-762,"{""fps"": 30, ""night_vision_ir"": true, ""pan_tilt_zoom"": true}",2021-01-01T00:00:00,2021-01-01T00:00:00
180c0630-75a0-4eae-b77f-1ac058737910,183cb9c3-d69b-48a8-9cc7-593793a01672,Harbor Point Terminal Highway Toll Cam 764,CAM-16-763,highway_toll,4K,southbound_exit,active,rtsp://streaming.internal.crimemind.net/live/cam-16-763,"{""fps"": 30, ""night_vision_ir"": true, ""pan_tilt_zoom"": false}",2021-01-01T00:00:00,2021-01-01T00:00:00
622d2859-f1c0-49a6-934c-4678adc8165a,da51f552-5142-4bb0-8095-abf2070612a9,West End Suburbs Highway Toll Cam 765,CAM-16-764,highway_toll,1080p,vault_corridor,active,rtsp://streaming.internal.crimemind.net/live/cam-16-764,"{""fps"": 30, ""night_vision_ir"": true, ""pan_tilt_zoom"": false}",2021-01-01T00:00:00,2021-01-01T00:00:00
7c7119fe-9c5b-483c-afcf-05bae81f0fd1,daefcb8b-1951-455f-99b5-37607132513c,Old Town Heritage Ward Municipal Surveillance Cam 766,CAM-16-765,municipal_surveillance,4K,northbound_entry,active,rtsp://streaming.internal.crimemind.net/live/cam-16-765,"{""fps"": 30, ""night_vision_ir"": true, ""pan_tilt_zoom"": true}",2021-01-01T00:00:00,2021-01-01T00:00:00
d2440610-0ecc-43c0-8331-3623e6de07f0,86936087-e19b-40c3-9e03-361b246251b6,Silver Lake Tech Park Traffic Police Cam 767,CAM-16-766,traffic_police,1080p,pedestrian_walkway,active,rtsp://streaming.internal.crimemind.net/live/cam-16-766,"{""fps"": 30, ""night_vision_ir"": true, ""pan_tilt_zoom"": false}",2021-01-01T00:00:00,2021-01-01T00:00:00
6a6e22e3-45c0-4e64-bbd9-635dc12a32e9,675e5431-6b55-4ab0-bf65-7dc4b1136d9d,Silver Lake Tech Park Subway Transit Cam 768,CAM-16-767,subway_transit,4K,pedestrian_walkway,active,rtsp://streaming.internal.crimemind.net/live/cam-16-767,"{""fps"": 30, ""night_vision_ir"": true, ""pan_tilt_zoom"": false}",2021-01-01T00:00:00,2021-01-01T00:00:00
525b915c-728a-41cd-a097-09d4afd6fa90,8000ddfd-49b9-499c-b703-a3c710211653,Old Town Heritage Ward Residential Ring Cam 769,CAM-16-768,residential_ring,720p,360_degree_dome,active,rtsp://streaming.internal.crimemind.net/live/cam-16-768,"{""fps"": 30, ""night_vision_ir"": true, ""pan_tilt_zoom"": true}",2021-01-01T00:00:00,2021-01-01T00:00:00
212399ee-f056-4ee7-863a-1644afcab32d,3c4daf85-ffe9-46b0-8993-9f84ce6e00a1,Eastside Arts Corridor Traffic Police Cam 770,CAM-16-769,traffic_police,4K,pedestrian_walkway,active,rtsp://streaming.internal.crimemind.net/live/cam-16-769,"{""fps"": 30, ""night_vision_ir"": true, ""pan_tilt_zoom"": false}",2021-01-01T00:00:00,2021-01-01T00:00:00
e7dab15a-d530-467c-9f70-772fe5e76690,90882937-b9c8-4e2e-96ef-00265beefdea,Silver Lake Tech Park Residential Ring Cam 771,CAM-16-770,residential_ring,1080p,southbound_exit,active,rtsp://streaming.internal.crimemind.net/live/cam-16-770,"{""fps"": 30, ""night_vision_ir"": true, ""pan_tilt_zoom"": false}",2021-01-01T00:00:00,2021-01-01T00:00:00
759ebdfc-fa73-43a6-83db-6f0c8cfc788b,79f75138-4cb8-4cf7-9e7b-e29a6a6e4757,Harbor Point Terminal Subway Transit Cam 772,CAM-16-771,subway_transit,720p,360_degree_dome,active,rtsp://streaming.internal.crimemind.net/live/cam-16-771,"{""fps"": 30, ""night_vision_ir"": true, ""pan_tilt_zoom"": true}",2021-01-01T00:00:00,2021-01-01T00:00:00
a63ac70b-f64a-479c-b1ef-8dd3637cf8d8,f987ddd4-6670-43f6-841e-712c071e66c2,Midtown Financial Plaza Atm Surveillance Cam 773,CAM-16-772,atm_surveillance,720p,pedestrian_walkway,active,rtsp://streaming.internal.crimemind.net/live/cam-16-772,"{""fps"": 30, ""night_vision_ir"": true, ""pan_tilt_zoom"": false}",2021-01-01T00:00:00,2021-01-01T00:00:00
77923cf8-09e0-472e-949d-89253e03bbe8,99be2c61-b699-4ce3-b2cf-c83a9de38b70,Harbor Point Terminal Residential Ring Cam 774,CAM-16-773,residential_ring,1080p,southbound_exit,active,rtsp://streaming.internal.crimemind.net/live/cam-16-773,"{""fps"": 30, ""night_vision_ir"": true, ""pan_tilt_zoom"": false}",2021-01-01T00:00:00,2021-01-01T00:00:00
b9ff5c38-9674-4225-ac1e-514926efb90b,23d80291-aada-4c55-8123-7b3a19bbe7e3,Silver Lake Tech Park Atm Surveillance Cam 775,CAM-16-774,atm_surveillance,720p,vault_corridor,active,rtsp://streaming.internal.crimemind.net/live/cam-16-774,"{""fps"": 30, ""night_vision_ir"": true, ""pan_tilt_zoom"": true}",2021-01-01T00:00:00,2021-01-01T00:00:00
0142da0a-f935-4a75-abf0-5398d970d98e,9ccf7b92-ec8c-4291-a80a-ec21be42823b,Silver Lake Tech Park Subway Transit Cam 776,CAM-16-775,subway_transit,1080p,vault_corridor,offline,rtsp://streaming.internal.crimemind.net/live/cam-16-775,"{""fps"": 30, ""night_vision_ir"": true, ""pan_tilt_zoom"": false}",2021-01-01T00:00:00,2021-01-01T00:00:00
d9ec1cc1-d18d-4c94-a08b-bfdc422fd802,cc522908-6374-4533-943f-729a5bcbee78,Industrial Waterfront & Port Highway Toll Cam 777,CAM-16-776,highway_toll,4K,pedestrian_walkway,active,rtsp://streaming.internal.crimemind.net/live/cam-16-776,"{""fps"": 30, ""night_vision_ir"": true, ""pan_tilt_zoom"": false}",2021-01-01T00:00:00,2021-01-01T00:00:00
5eeaca5e-5f63-4806-a23a-553789c9abcb,3f847fdd-399f-4f94-8ab2-91dbaa611808,West End Suburbs Highway Toll Cam 778,CAM-16-777,highway_toll,1080p,northbound_entry,active,rtsp://streaming.internal.crimemind.net/live/cam-16-777,"{""fps"": 30, ""night_vision_ir"": true, ""pan_tilt_zoom"": true}",2021-01-01T00:00:00,2021-01-01T00:00:00
50b5e56b-0754-4ae7-a16d-d00fc67e3b5c,bceaa541-b62f-4da6-a808-3c4acfa407c7,South Bay Logistics Hub Traffic Police Cam 779,CAM-16-778,traffic_police,720p,pedestrian_walkway,active,rtsp://streaming.internal.crimemind.net/live/cam-16-778,"{""fps"": 30, ""night_vision_ir"": true, ""pan_tilt_zoom"": false}",2021-01-01T00:00:00,2021-01-01T00:00:00
b31ccf2b-a25a-42a9-a212-c9e5bc6100f0,ed080058-9e09-45b6-9b40-84884b35b6f9,Northshore Heights Municipal Surveillance Cam 780,CAM-16-779,municipal_surveillance,1080p,pedestrian_walkway,active,rtsp://streaming.internal.crimemind.net/live/cam-16-779,"{""fps"": 30, ""night_vision_ir"": true, ""pan_tilt_zoom"": false}",2021-01-01T00:00:00,2021-01-01T00:00:00
d4cfad5c-9bc3-4732-8dce-90fbee658b68,6b145a03-b478-4d8f-9525-c05f45ee67fb,South Bay Logistics Hub Atm Surveillance Cam 781,CAM-16-780,atm_surveillance,1080p,southbound_exit,active,rtsp://streaming.internal.crimemind.net/live/cam-16-780,"{""fps"": 30, ""night_vision_ir"": true, ""pan_tilt_zoom"": true}",2021-01-01T00:00:00,2021-01-01T00:00:00
7b2a3c8e-4d36-4183-9e42-e1431c3df774,2b136722-281e-40f8-b4ed-e9cf89f6f1dc,West End Suburbs Highway Toll Cam 782,CAM-16-781,highway_toll,1080p,vault_corridor,active,rtsp://streaming.internal.crimemind.net/live/cam-16-781,"{""fps"": 30, ""night_vision_ir"": true, ""pan_tilt_zoom"": false}",2021-01-01T00:00:00,2021-01-01T00:00:00
4636b034-124a-44e8-859d-a29cf1fc6aa2,b65439a6-2adc-46d3-a497-517d03d35514,Harbor Point Terminal Private Commercial Cam 783,CAM-16-782,private_commercial,720p,360_degree_dome,active,rtsp://streaming.internal.crimemind.net/live/cam-16-782,"{""fps"": 30, ""night_vision_ir"": true, ""pan_tilt_zoom"": false}",2021-01-01T00:00:00,2021-01-01T00:00:00
80cd4268-8f71-4fe0-b23f-82f1c95ca7f3,f5590b19-d0be-49ab-bc6b-2905fa3952cb,Harbor Point Terminal Subway Transit Cam 784,CAM-16-783,subway_transit,1080p,vault_corridor,active,rtsp://streaming.internal.crimemind.net/live/cam-16-783,"{""fps"": 30, ""night_vision_ir"": true, ""pan_tilt_zoom"": true}",2021-01-01T00:00:00,2021-01-01T00:00:00
309ca493-c0f9-4eff-8190-79e37e5f1fc4,014e23d9-4941-4e1f-a602-26e391decf8d,Eastside Arts Corridor Atm Surveillance Cam 785,CAM-16-784,atm_surveillance,720p,northbound_entry,active,rtsp://streaming.internal.crimemind.net/live/cam-16-784,"{""fps"": 30, ""night_vision_ir"": true, ""pan_tilt_zoom"": false}",2021-01-01T00:00:00,2021-01-01T00:00:00
bd7d7af3-4e25-45a1-922c-2f44af5b0cd4,de08386e-6d31-4d15-b0e0-edebb060c380,Northshore Heights Municipal Surveillance Cam 786,CAM-16-785,municipal_surveillance,4K,northbound_entry,active,rtsp://streaming.internal.crimemind.net/live/cam-16-785,"{""fps"": 30, ""night_vision_ir"": true, ""pan_tilt_zoom"": false}",2021-01-01T00:00:00,2021-01-01T00:00:00
c4001528-7896-4edb-a2e6-28ce06a609d8,73ff1f16-a103-4868-97a5-91e8313b9268,Old Town Heritage Ward Private Commercial Cam 787,CAM-16-786,private_commercial,1080p,pedestrian_walkway,active,rtsp://streaming.internal.crimemind.net/live/cam-16-786,"{""fps"": 30, ""night_vision_ir"": true, ""pan_tilt_zoom"": true}",2021-01-01T00:00:00,2021-01-01T00:00:00
979929a7-b488-4efc-a8bb-894c1ff2b9a7,269abe40-71d6-48ef-8633-49cc918813a8,Old Town Heritage Ward Highway Toll Cam 788,CAM-16-787,highway_toll,720p,360_degree_dome,active,rtsp://streaming.internal.crimemind.net/live/cam-16-787,"{""fps"": 30, ""night_vision_ir"": true, ""pan_tilt_zoom"": false}",2021-01-01T00:00:00,2021-01-01T00:00:00
89b1a289-64fc-484b-8525-caebf555cb8a,f713088d-6559-4e8b-ab2c-7ebf5b595cfe,Northshore Heights Municipal Surveillance Cam 789,CAM-16-788,municipal_surveillance,4K,vault_corridor,offline,rtsp://streaming.internal.crimemind.net/live/cam-16-788,"{""fps"": 30, ""night_vision_ir"": true, ""pan_tilt_zoom"": false}",2021-01-01T00:00:00,2021-01-01T00:00:00
7b2bc9bb-f845-4478-8a48-f3860f7dcb17,79f75138-4cb8-4cf7-9e7b-e29a6a6e4757,Harbor Point Terminal Residential Ring Cam 790,CAM-16-789,residential_ring,1080p,southbound_exit,maintenance,rtsp://streaming.internal.crimemind.net/live/cam-16-789,"{""fps"": 30, ""night_vision_ir"": true, ""pan_tilt_zoom"": true}",2021-01-01T00:00:00,2021-01-01T00:00:00
37879a19-736c-45ec-807f-716cc32dbbef,b0a92b69-5fe4-40d7-ae09-f3866116e937,Industrial Waterfront & Port Residential Ring Cam 791,CAM-16-790,residential_ring,720p,360_degree_dome,active,rtsp://streaming.internal.crimemind.net/live/cam-16-790,"{""fps"": 30, ""night_vision_ir"": true, ""pan_tilt_zoom"": false}",2021-01-01T00:00:00,2021-01-01T00:00:00
a280797a-bc90-478c-853b-b2205ad717be,abb790d0-642d-4201-b063-561471851daf,West End Suburbs Subway Transit Cam 792,CAM-16-791,subway_transit,1080p,pedestrian_walkway,maintenance,rtsp://streaming.internal.crimemind.net/live/cam-16-791,"{""fps"": 30, ""night_vision_ir"": true, ""pan_tilt_zoom"": false}",2021-01-01T00:00:00,2021-01-01T00:00:00
389fefc1-dc86-4b6a-97bf-6beba88f6e0b,113bcd60-8a2b-4ad8-931b-1250fad5185c,Downtown Commercial District Atm Surveillance Cam 793,CAM-16-792,atm_surveillance,1080p,southbound_exit,active,rtsp://streaming.internal.crimemind.net/live/cam-16-792,"{""fps"": 30, ""night_vision_ir"": true, ""pan_tilt_zoom"": true}",2021-01-01T00:00:00,2021-01-01T00:00:00
d1b22d4b-9fcd-4c2f-bd45-4d2df294aebf,0d20ea06-4abe-4998-8b1f-b673822087cc,Industrial Waterfront & Port Highway Toll Cam 794,CAM-16-793,highway_toll,4K,360_degree_dome,active,rtsp://streaming.internal.crimemind.net/live/cam-16-793,"{""fps"": 30, ""night_vision_ir"": true, ""pan_tilt_zoom"": false}",2021-01-01T00:00:00,2021-01-01T00:00:00
1fa2a2eb-aba7-48a1-8e3b-aa6c4f01f166,cd7c1ecb-7d8b-479c-a0b6-abe5a910cc92,Eastside Arts Corridor Traffic Police Cam 795,CAM-16-794,traffic_police,720p,southbound_exit,active,rtsp://streaming.internal.crimemind.net/live/cam-16-794,"{""fps"": 30, ""night_vision_ir"": true, ""pan_tilt_zoom"": false}",2021-01-01T00:00:00,2021-01-01T00:00:00
12396f42-515f-475b-b565-b0aae4a6a3d6,9615a6cb-a883-402d-9922-003d50ed0435,Harbor Point Terminal Private Commercial Cam 796,CAM-16-795,private_commercial,1080p,vault_corridor,active,rtsp://streaming.internal.crimemind.net/live/cam-16-795,"{""fps"": 30, ""night_vision_ir"": true, ""pan_tilt_zoom"": true}",2021-01-01T00:00:00,2021-01-01T00:00:00
aa179a76-44d2-42e9-9a6e-6a52b244a536,7681e97d-4b67-4dcd-b79a-2f82cb7b445e,West End Suburbs Subway Transit Cam 797,CAM-16-796,subway_transit,1080p,southbound_exit,active,rtsp://streaming.internal.crimemind.net/live/cam-16-796,"{""fps"": 30, ""night_vision_ir"": true, ""pan_tilt_zoom"": false}",2021-01-01T00:00:00,2021-01-01T00:00:00
7b57182e-be00-4b8f-b1c7-5f23491bbb76,c7e1c1f0-c7d4-4383-9155-087a1644e548,Downtown Commercial District Municipal Surveillance Cam 798,CAM-16-797,municipal_surveillance,720p,northbound_entry,active,rtsp://streaming.internal.crimemind.net/live/cam-16-797,"{""fps"": 30, ""night_vision_ir"": true, ""pan_tilt_zoom"": false}",2021-01-01T00:00:00,2021-01-01T00:00:00
89bd1720-9b32-46e2-894c-53f3c2b244ba,5349e028-0796-4095-8438-17b06e078805,Northshore Heights Atm Surveillance Cam 799,CAM-16-798,atm_surveillance,1080p,360_degree_dome,active,rtsp://streaming.internal.crimemind.net/live/cam-16-798,"{""fps"": 30, ""night_vision_ir"": true, ""pan_tilt_zoom"": true}",2021-01-01T00:00:00,2021-01-01T00:00:00
f190c030-7757-41cb-bff6-581d1cd3f433,10c31b58-29d8-4010-8820-ddae1c30970d,Harbor Point Terminal Subway Transit Cam 800,CAM-16-799,subway_transit,1080p,northbound_entry,active,rtsp://streaming.internal.crimemind.net/live/cam-16-799,"{""fps"": 30, ""night_vision_ir"": true, ""pan_tilt_zoom"": false}",2021-01-01T00:00:00,2021-01-01T00:00:00
13941b90-be29-4642-a1cb-a4d33a110a05,c1cf7cda-af89-4100-a68a-13a3cf1c521b,Silver Lake Tech Park Subway Transit Cam 801,CAM-17-800,subway_transit,720p,vault_corridor,active,rtsp://streaming.internal.crimemind.net/live/cam-17-800,"{""fps"": 30, ""night_vision_ir"": true, ""pan_tilt_zoom"": false}",2021-01-01T00:00:00,2021-01-01T00:00:00
6c1a50f2-1d02-42ac-8604-f52ec58505c0,e5143d8f-f9a5-4f40-9d0a-0bc5ab74e41f,Midtown Financial Plaza Atm Surveillance Cam 802,CAM-17-801,atm_surveillance,720p,pedestrian_walkway,maintenance,rtsp://streaming.internal.crimemind.net/live/cam-17-801,"{""fps"": 30, ""night_vision_ir"": true, ""pan_tilt_zoom"": true}",2021-01-01T00:00:00,2021-01-01T00:00:00
37612ea1-6041-4a9a-835f-0bddb85bc6ee,55561ee0-fb60-4273-81c4-b4c0105307a1,Industrial Waterfront & Port Private Commercial Cam 803,CAM-17-802,private_commercial,1080p,southbound_exit,active,rtsp://streaming.internal.crimemind.net/live/cam-17-802,"{""fps"": 30, ""night_vision_ir"": true, ""pan_tilt_zoom"": false}",2021-01-01T00:00:00,2021-01-01T00:00:00
476d9500-746d-4a95-86c2-ec30d74d6f65,ae5f9fc3-9b80-4ae7-b39d-45c7bcd87cc8,West End Suburbs Traffic Police Cam 804,CAM-17-803,traffic_police,720p,pedestrian_walkway,active,rtsp://streaming.internal.crimemind.net/live/cam-17-803,"{""fps"": 30, ""night_vision_ir"": true, ""pan_tilt_zoom"": false}",2021-01-01T00:00:00,2021-01-01T00:00:00
46526021-73ee-4b5f-be64-918e544caecc,49149b0c-f122-4331-b42a-8c47074d421c,Midtown Financial Plaza Subway Transit Cam 805,CAM-17-804,subway_transit,720p,southbound_exit,active,rtsp://streaming.internal.crimemind.net/live/cam-17-804,"{""fps"": 30, ""night_vision_ir"": true, ""pan_tilt_zoom"": true}",2021-01-01T00:00:00,2021-01-01T00:00:00
5827abfe-98a2-44f4-b339-e08ef2829862,4b66084f-450b-4bf7-9ef9-95086a92abed,Midtown Financial Plaza Municipal Surveillance Cam 806,CAM-17-805,municipal_surveillance,720p,vault_corridor,offline,rtsp://streaming.internal.crimemind.net/live/cam-17-805,"{""fps"": 30, ""night_vision_ir"": true, ""pan_tilt_zoom"": false}",2021-01-01T00:00:00,2021-01-01T00:00:00
81c9bc1e-df88-4bd6-977c-91d244d9b1d9,300b126f-5c6b-4ee2-bbd8-68bc58337be5,Harbor Point Terminal Traffic Police Cam 807,CAM-17-806,traffic_police,1080p,southbound_exit,active,rtsp://streaming.internal.crimemind.net/live/cam-17-806,"{""fps"": 30, ""night_vision_ir"": true, ""pan_tilt_zoom"": false}",2021-01-01T00:00:00,2021-01-01T00:00:00
badeb303-f300-4e82-9b9b-fcc3180ded40,70d1e9e3-02fc-42c4-9d90-c148572b829f,Eastside Arts Corridor Residential Ring Cam 808,CAM-17-807,residential_ring,720p,360_degree_dome,active,rtsp://streaming.internal.crimemind.net/live/cam-17-807,"{""fps"": 30, ""night_vision_ir"": true, ""pan_tilt_zoom"": true}",2021-01-01T00:00:00,2021-01-01T00:00:00
7be26677-de40-46fc-83a1-4ca9cf63384e,a1589432-4445-4e26-8c56-2e252e087649,Downtown Commercial District Traffic Police Cam 809,CAM-17-808,traffic_police,1080p,vault_corridor,active,rtsp://streaming.internal.crimemind.net/live/cam-17-808,"{""fps"": 30, ""night_vision_ir"": true, ""pan_tilt_zoom"": false}",2021-01-01T00:00:00,2021-01-01T00:00:00
2cc247cd-00c5-4f3e-8aa5-664503b8d98d,84c75f61-2b13-427f-8bf6-a206a380e6de,Midtown Financial Plaza Highway Toll Cam 810,CAM-17-809,highway_toll,1080p,vault_corridor,active,rtsp://streaming.internal.crimemind.net/live/cam-17-809,"{""fps"": 30, ""night_vision_ir"": true, ""pan_tilt_zoom"": false}",2021-01-01T00:00:00,2021-01-01T00:00:00
34f4e274-4d93-4b6f-ba4f-816ccaa7caaa,0adfdc01-0192-4b90-a6ff-fc4a2f63215e,Northshore Heights Residential Ring Cam 811,CAM-17-810,residential_ring,4K,pedestrian_walkway,active,rtsp://streaming.internal.crimemind.net/live/cam-17-810,"{""fps"": 30, ""night_vision_ir"": true, ""pan_tilt_zoom"": true}",2021-01-01T00:00:00,2021-01-01T00:00:00
4f89686a-ca12-4360-8b14-03fed16a61bc,7f669fe7-5d95-4b36-8df9-fd1b21ac16f8,Midtown Financial Plaza Municipal Surveillance Cam 812,CAM-17-811,municipal_surveillance,720p,northbound_entry,active,rtsp://streaming.internal.crimemind.net/live/cam-17-811,"{""fps"": 30, ""night_vision_ir"": true, ""pan_tilt_zoom"": false}",2021-01-01T00:00:00,2021-01-01T00:00:00
330bc4d0-c5e5-46a2-b837-840294c2fdc4,da89ae6c-0d25-4eb5-8b9a-d501efd44687,West End Suburbs Atm Surveillance Cam 813,CAM-17-812,atm_surveillance,1080p,northbound_entry,active,rtsp://streaming.internal.crimemind.net/live/cam-17-812,"{""fps"": 30, ""night_vision_ir"": true, ""pan_tilt_zoom"": false}",2021-01-01T00:00:00,2021-01-01T00:00:00
bc07ad6d-82a2-4b3e-8866-91a2de002009,e1c01a72-f269-4062-a5b2-5a66c0c63443,Downtown Commercial District Atm Surveillance Cam 814,CAM-17-813,atm_surveillance,720p,southbound_exit,active,rtsp://streaming.internal.crimemind.net/live/cam-17-813,"{""fps"": 30, ""night_vision_ir"": true, ""pan_tilt_zoom"": true}",2021-01-01T00:00:00,2021-01-01T00:00:00
fea705ea-ef3b-4209-b39c-dab5f92c667d,efee4ec3-47df-41e0-b718-dca7dfcb4d38,Eastside Arts Corridor Atm Surveillance Cam 815,CAM-17-814,atm_surveillance,1080p,southbound_exit,active,rtsp://streaming.internal.crimemind.net/live/cam-17-814,"{""fps"": 30, ""night_vision_ir"": true, ""pan_tilt_zoom"": false}",2021-01-01T00:00:00,2021-01-01T00:00:00
50655879-3a3c-4dc8-b4e6-1fd002c5fbbe,34209fbc-ce98-48dd-8eac-b9faa3f59956,South Bay Logistics Hub Subway Transit Cam 816,CAM-17-815,subway_transit,1080p,vault_corridor,active,rtsp://streaming.internal.crimemind.net/live/cam-17-815,"{""fps"": 30, ""night_vision_ir"": true, ""pan_tilt_zoom"": false}",2021-01-01T00:00:00,2021-01-01T00:00:00
9ec1f7a9-d88c-4192-8f2e-14d4400c2bf9,d515b932-d77e-4e28-8c41-3407f65a4862,Downtown Commercial District Traffic Police Cam 817,CAM-17-816,traffic_police,720p,pedestrian_walkway,active,rtsp://streaming.internal.crimemind.net/live/cam-17-816,"{""fps"": 30, ""night_vision_ir"": true, ""pan_tilt_zoom"": true}",2021-01-01T00:00:00,2021-01-01T00:00:00
582fbd9d-92d8-4e96-ba8c-a97d78701fe0,b48fcf74-45a1-4baa-91ca-664ff117d70d,Midtown Financial Plaza Highway Toll Cam 818,CAM-17-817,highway_toll,720p,northbound_entry,maintenance,rtsp://streaming.internal.crimemind.net/live/cam-17-817,"{""fps"": 30, ""night_vision_ir"": true, ""pan_tilt_zoom"": false}",2021-01-01T00:00:00,2021-01-01T00:00:00
7da87cb9-793c-4dda-8507-d5b4937f666b,824b17b5-5686-49e3-94ec-29356716425d,Harbor Point Terminal Residential Ring Cam 819,CAM-17-818,residential_ring,1080p,360_degree_dome,active,rtsp://streaming.internal.crimemind.net/live/cam-17-818,"{""fps"": 30, ""night_vision_ir"": true, ""pan_tilt_zoom"": false}",2021-01-01T00:00:00,2021-01-01T00:00:00
dd4b8e50-a442-44b3-95e4-92e3341e09c8,c55c21ec-c49b-4191-bb04-80db31360f5d,Northshore Heights Highway Toll Cam 820,CAM-17-819,highway_toll,720p,northbound_entry,active,rtsp://streaming.internal.crimemind.net/live/cam-17-819,"{""fps"": 30, ""night_vision_ir"": true, ""pan_tilt_zoom"": true}",2021-01-01T00:00:00,2021-01-01T00:00:00
447b63d1-266e-46e6-8785-d8246a99055a,06c8d048-9753-4e41-9b8a-69ad1c0ce0cd,South Bay Logistics Hub Residential Ring Cam 821,CAM-17-820,residential_ring,720p,pedestrian_walkway,active,rtsp://streaming.internal.crimemind.net/live/cam-17-820,"{""fps"": 30, ""night_vision_ir"": true, ""pan_tilt_zoom"": false}",2021-01-01T00:00:00,2021-01-01T00:00:00
0e426819-2673-40a9-9f02-01e0deaecd1c,e03976b8-2bc7-444c-8a10-455e039960b5,Industrial Waterfront & Port Atm Surveillance Cam 822,CAM-17-821,atm_surveillance,4K,northbound_entry,active,rtsp://streaming.internal.crimemind.net/live/cam-17-821,"{""fps"": 30, ""night_vision_ir"": true, ""pan_tilt_zoom"": false}",2021-01-01T00:00:00,2021-01-01T00:00:00
0444ead6-12b1-4ab2-b3d8-3204c204b04c,af59770b-f6aa-4345-9485-086639cc79cc,Harbor Point Terminal Municipal Surveillance Cam 823,CAM-17-822,municipal_surveillance,720p,360_degree_dome,active,rtsp://streaming.internal.crimemind.net/live/cam-17-822,"{""fps"": 30, ""night_vision_ir"": true, ""pan_tilt_zoom"": true}",2021-01-01T00:00:00,2021-01-01T00:00:00
50d02563-926b-4992-baa6-3404d0cfc745,1f60851c-938b-43c6-ba5e-32b830cd433b,Midtown Financial Plaza Traffic Police Cam 824,CAM-17-823,traffic_police,720p,360_degree_dome,maintenance,rtsp://streaming.internal.crimemind.net/live/cam-17-823,"{""fps"": 30, ""night_vision_ir"": true, ""pan_tilt_zoom"": false}",2021-01-01T00:00:00,2021-01-01T00:00:00
5ea7050e-c250-4de6-acca-89b73d020db5,311e869d-b87e-4d54-a54a-970d3187ff09,Silver Lake Tech Park Subway Transit Cam 825,CAM-17-824,subway_transit,720p,vault_corridor,active,rtsp://streaming.internal.crimemind.net/live/cam-17-824,"{""fps"": 30, ""night_vision_ir"": true, ""pan_tilt_zoom"": false}",2021-01-01T00:00:00,2021-01-01T00:00:00
af74721d-a8e5-49df-9add-70bef4b19e21,da93ffbf-c054-4d19-9b96-4fe0217b0cc8,Downtown Commercial District Highway Toll Cam 826,CAM-17-825,highway_toll,4K,pedestrian_walkway,active,rtsp://streaming.internal.crimemind.net/live/cam-17-825,"{""fps"": 30, ""night_vision_ir"": true, ""pan_tilt_zoom"": true}",2021-01-01T00:00:00,2021-01-01T00:00:00
eb8e2043-fa90-49b7-b518-d203f7f934e8,43b09447-d386-409e-a829-5a1e84cd9e23,Downtown Commercial District Traffic Police Cam 827,CAM-17-826,traffic_police,720p,northbound_entry,active,rtsp://streaming.internal.crimemind.net/live/cam-17-826,"{""fps"": 30, ""night_vision_ir"": true, ""pan_tilt_zoom"": false}",2021-01-01T00:00:00,2021-01-01T00:00:00
5a4017f3-df3d-485d-a258-c1e9b9cb8a79,b65439a6-2adc-46d3-a497-517d03d35514,Harbor Point Terminal Municipal Surveillance Cam 828,CAM-17-827,municipal_surveillance,1080p,northbound_entry,active,rtsp://streaming.internal.crimemind.net/live/cam-17-827,"{""fps"": 30, ""night_vision_ir"": true, ""pan_tilt_zoom"": false}",2021-01-01T00:00:00,2021-01-01T00:00:00
4629627d-fbfa-44be-aa89-20ab3b389a2a,3a04736e-843c-44e3-ba51-300105fecdae,Old Town Heritage Ward Traffic Police Cam 829,CAM-17-828,traffic_police,720p,northbound_entry,active,rtsp://streaming.internal.crimemind.net/live/cam-17-828,"{""fps"": 30, ""night_vision_ir"": true, ""pan_tilt_zoom"": true}",2021-01-01T00:00:00,2021-01-01T00:00:00
0549df28-0bab-476d-b51c-def85b3547e3,7e6758f7-7be4-484f-9154-1cc94ce54a4f,Silver Lake Tech Park Atm Surveillance Cam 830,CAM-17-829,atm_surveillance,1080p,vault_corridor,active,rtsp://streaming.internal.crimemind.net/live/cam-17-829,"{""fps"": 30, ""night_vision_ir"": true, ""pan_tilt_zoom"": false}",2021-01-01T00:00:00,2021-01-01T00:00:00
bb70cc93-e1e1-4f30-9846-cecc5b7285d8,5ca3be26-8ec2-4bca-9b22-9c1b2577f397,Northshore Heights Traffic Police Cam 831,CAM-17-830,traffic_police,720p,360_degree_dome,active,rtsp://streaming.internal.crimemind.net/live/cam-17-830,"{""fps"": 30, ""night_vision_ir"": true, ""pan_tilt_zoom"": false}",2021-01-01T00:00:00,2021-01-01T00:00:00
f1a5bc52-ffbc-4f2f-9ea1-1ddb8e6bd478,39b9d483-59c5-4b08-9c55-6a8d78eae1ad,Midtown Financial Plaza Subway Transit Cam 832,CAM-17-831,subway_transit,720p,vault_corridor,offline,rtsp://streaming.internal.crimemind.net/live/cam-17-831,"{""fps"": 30, ""night_vision_ir"": true, ""pan_tilt_zoom"": true}",2021-01-01T00:00:00,2021-01-01T00:00:00
bee23a86-229c-4bb7-8034-0b120923d767,2e1ce0b6-34b2-4f0e-811d-5087f1fcbdea,Industrial Waterfront & Port Municipal Surveillance Cam 833,CAM-17-832,municipal_surveillance,720p,southbound_exit,active,rtsp://streaming.internal.crimemind.net/live/cam-17-832,"{""fps"": 30, ""night_vision_ir"": true, ""pan_tilt_zoom"": false}",2021-01-01T00:00:00,2021-01-01T00:00:00
ab373141-be48-45a6-bd3d-a6645e2ef9c5,b46ecc58-389c-47a9-b2c8-e880a1f4ad98,Silver Lake Tech Park Municipal Surveillance Cam 834,CAM-17-833,municipal_surveillance,1080p,pedestrian_walkway,active,rtsp://streaming.internal.crimemind.net/live/cam-17-833,"{""fps"": 30, ""night_vision_ir"": true, ""pan_tilt_zoom"": false}",2021-01-01T00:00:00,2021-01-01T00:00:00
8d480877-fc6b-4093-8f8f-8af24fa27732,ae91290c-6080-4eb6-b6a0-d38e5ebc0e28,Industrial Waterfront & Port Private Commercial Cam 835,CAM-17-834,private_commercial,720p,360_degree_dome,active,rtsp://streaming.internal.crimemind.net/live/cam-17-834,"{""fps"": 30, ""night_vision_ir"": true, ""pan_tilt_zoom"": true}",2021-01-01T00:00:00,2021-01-01T00:00:00
f73cfc9d-515d-44e5-a239-b015ebf721ce,1cad1461-adcb-436c-9b11-764fe7c2d9f2,South Bay Logistics Hub Subway Transit Cam 836,CAM-17-835,subway_transit,720p,pedestrian_walkway,active,rtsp://streaming.internal.crimemind.net/live/cam-17-835,"{""fps"": 30, ""night_vision_ir"": true, ""pan_tilt_zoom"": false}",2021-01-01T00:00:00,2021-01-01T00:00:00
9d18bd68-415c-44e3-afe8-1929cbdd4e97,dc45ece8-a7b9-495a-9f77-f604cbcf31ab,Silver Lake Tech Park Traffic Police Cam 837,CAM-17-836,traffic_police,1080p,vault_corridor,active,rtsp://streaming.internal.crimemind.net/live/cam-17-836,"{""fps"": 30, ""night_vision_ir"": true, ""pan_tilt_zoom"": false}",2021-01-01T00:00:00,2021-01-01T00:00:00
412b6918-338d-4576-ba7b-93451871a164,cc522908-6374-4533-943f-729a5bcbee78,Industrial Waterfront & Port Subway Transit Cam 838,CAM-17-837,subway_transit,4K,southbound_exit,active,rtsp://streaming.internal.crimemind.net/live/cam-17-837,"{""fps"": 30, ""night_vision_ir"": true, ""pan_tilt_zoom"": true}",2021-01-01T00:00:00,2021-01-01T00:00:00
9a46e475-b769-4a0a-903f-0cc88fbe5d8f,e17107fe-6a65-470d-8588-a8e7f3bfcba8,Northshore Heights Traffic Police Cam 839,CAM-17-838,traffic_police,4K,pedestrian_walkway,active,rtsp://streaming.internal.crimemind.net/live/cam-17-838,"{""fps"": 30, ""night_vision_ir"": true, ""pan_tilt_zoom"": false}",2021-01-01T00:00:00,2021-01-01T00:00:00
1916921e-f70b-46e3-80e2-4d297e880413,b6b4afe5-f7f7-4556-b0fd-bae1a1560317,Midtown Financial Plaza Private Commercial Cam 840,CAM-17-839,private_commercial,1080p,pedestrian_walkway,active,rtsp://streaming.internal.crimemind.net/live/cam-17-839,"{""fps"": 30, ""night_vision_ir"": true, ""pan_tilt_zoom"": false}",2021-01-01T00:00:00,2021-01-01T00:00:00
d6c852bd-eab8-47fc-a46d-872573525289,71f5f3ab-e71b-4793-b9da-52b4441ca282,Industrial Waterfront & Port Highway Toll Cam 841,CAM-17-840,highway_toll,4K,southbound_exit,active,rtsp://streaming.internal.crimemind.net/live/cam-17-840,"{""fps"": 30, ""night_vision_ir"": true, ""pan_tilt_zoom"": true}",2021-01-01T00:00:00,2021-01-01T00:00:00
f2f12c67-0b27-4f7b-9ef2-771a040500b4,ae5f9fc3-9b80-4ae7-b39d-45c7bcd87cc8,West End Suburbs Private Commercial Cam 842,CAM-17-841,private_commercial,720p,southbound_exit,active,rtsp://streaming.internal.crimemind.net/live/cam-17-841,"{""fps"": 30, ""night_vision_ir"": true, ""pan_tilt_zoom"": false}",2021-01-01T00:00:00,2021-01-01T00:00:00
cdee5170-3c95-4c92-b7d4-f8ab930610a4,449eba7d-7c18-4ac0-8ee3-94b9379398f2,Downtown Commercial District Highway Toll Cam 843,CAM-17-842,highway_toll,4K,northbound_entry,active,rtsp://streaming.internal.crimemind.net/live/cam-17-842,"{""fps"": 30, ""night_vision_ir"": true, ""pan_tilt_zoom"": false}",2021-01-01T00:00:00,2021-01-01T00:00:00
c0a3261d-258e-41a0-a953-bfc30dd69599,795b705e-2bba-466d-a77a-b0587ce5d5db,Silver Lake Tech Park Traffic Police Cam 844,CAM-17-843,traffic_police,1080p,vault_corridor,active,rtsp://streaming.internal.crimemind.net/live/cam-17-843,"{""fps"": 30, ""night_vision_ir"": true, ""pan_tilt_zoom"": true}",2021-01-01T00:00:00,2021-01-01T00:00:00
60c2d7ab-e11f-4bbd-ab2e-aeacc267465c,b4a048bd-8572-44c1-ba1d-261121d4d5f4,Downtown Commercial District Private Commercial Cam 845,CAM-17-844,private_commercial,4K,vault_corridor,active,rtsp://streaming.internal.crimemind.net/live/cam-17-844,"{""fps"": 30, ""night_vision_ir"": true, ""pan_tilt_zoom"": false}",2021-01-01T00:00:00,2021-01-01T00:00:00
fa935149-4326-429b-9ee2-f4094f59cc44,f62b3e10-0037-4072-94a4-a5f1aca843f8,South Bay Logistics Hub Subway Transit Cam 846,CAM-17-845,subway_transit,720p,southbound_exit,active,rtsp://streaming.internal.crimemind.net/live/cam-17-845,"{""fps"": 30, ""night_vision_ir"": true, ""pan_tilt_zoom"": false}",2021-01-01T00:00:00,2021-01-01T00:00:00
efe84a41-d56e-462c-ab05-a9e0de8af173,f987ddd4-6670-43f6-841e-712c071e66c2,Midtown Financial Plaza Traffic Police Cam 847,CAM-17-846,traffic_police,1080p,pedestrian_walkway,active,rtsp://streaming.internal.crimemind.net/live/cam-17-846,"{""fps"": 30, ""night_vision_ir"": true, ""pan_tilt_zoom"": true}",2021-01-01T00:00:00,2021-01-01T00:00:00
37b1d6d2-20e6-462f-8374-872ba7880d81,9a4c0cbb-2814-4b6e-a8c9-e4b2a08423d9,Old Town Heritage Ward Municipal Surveillance Cam 848,CAM-17-847,municipal_surveillance,4K,vault_corridor,active,rtsp://streaming.internal.crimemind.net/live/cam-17-847,"{""fps"": 30, ""night_vision_ir"": true, ""pan_tilt_zoom"": false}",2021-01-01T00:00:00,2021-01-01T00:00:00
ee7da5f2-4894-455c-b5b7-f081de838116,5ced877c-5160-4833-b312-e844d688fca3,South Bay Logistics Hub Municipal Surveillance Cam 849,CAM-17-848,municipal_surveillance,1080p,southbound_exit,active,rtsp://streaming.internal.crimemind.net/live/cam-17-848,"{""fps"": 30, ""night_vision_ir"": true, ""pan_tilt_zoom"": false}",2021-01-01T00:00:00,2021-01-01T00:00:00
51fab759-fa9a-4612-8530-61d8d09ac70f,91569440-b9f7-4ce1-aa8c-db0cf4a96584,Silver Lake Tech Park Residential Ring Cam 850,CAM-17-849,residential_ring,720p,vault_corridor,active,rtsp://streaming.internal.crimemind.net/live/cam-17-849,"{""fps"": 30, ""night_vision_ir"": true, ""pan_tilt_zoom"": true}",2021-01-01T00:00:00,2021-01-01T00:00:00
7f921e36-9baf-4746-9004-88f4a7c673db,66d605ca-aa34-4407-8905-8fa1afcb8b55,Silver Lake Tech Park Subway Transit Cam 851,CAM-18-850,subway_transit,4K,vault_corridor,active,rtsp://streaming.internal.crimemind.net/live/cam-18-850,"{""fps"": 30, ""night_vision_ir"": true, ""pan_tilt_zoom"": false}",2021-01-01T00:00:00,2021-01-01T00:00:00
ee877a6d-4931-42cf-ac5d-9edcbd3c14cc,95cb9c85-a5a2-412b-bf57-4396f532d35f,Old Town Heritage Ward Atm Surveillance Cam 852,CAM-18-851,atm_surveillance,1080p,pedestrian_walkway,active,rtsp://streaming.internal.crimemind.net/live/cam-18-851,"{""fps"": 30, ""night_vision_ir"": true, ""pan_tilt_zoom"": false}",2021-01-01T00:00:00,2021-01-01T00:00:00
88daf39c-d1fd-42ee-885b-f0359f368a25,da41db37-0c86-4be2-af4f-aedabcaed7b4,Old Town Heritage Ward Subway Transit Cam 853,CAM-18-852,subway_transit,4K,vault_corridor,active,rtsp://streaming.internal.crimemind.net/live/cam-18-852,"{""fps"": 30, ""night_vision_ir"": true, ""pan_tilt_zoom"": true}",2021-01-01T00:00:00,2021-01-01T00:00:00
0628a640-6dd6-4ba1-a1c4-6a2636e9eedb,bd73149f-0971-4f16-920a-dfaaa58fe44e,Midtown Financial Plaza Residential Ring Cam 854,CAM-18-853,residential_ring,1080p,360_degree_dome,active,rtsp://streaming.internal.crimemind.net/live/cam-18-853,"{""fps"": 30, ""night_vision_ir"": true, ""pan_tilt_zoom"": false}",2021-01-01T00:00:00,2021-01-01T00:00:00
db24a05d-ab6b-4bf4-9a1c-dc0dacfdad8e,424fc12d-1221-40b1-9f01-376e8e8990f9,West End Suburbs Traffic Police Cam 855,CAM-18-854,traffic_police,4K,northbound_entry,active,rtsp://streaming.internal.crimemind.net/live/cam-18-854,"{""fps"": 30, ""night_vision_ir"": true, ""pan_tilt_zoom"": false}",2021-01-01T00:00:00,2021-01-01T00:00:00
5f37d5f3-dd58-4994-b217-afb041f4ed6d,6010373f-fdca-4228-84ff-1b53093658e5,Midtown Financial Plaza Subway Transit Cam 856,CAM-18-855,subway_transit,4K,southbound_exit,active,rtsp://streaming.internal.crimemind.net/live/cam-18-855,"{""fps"": 30, ""night_vision_ir"": true, ""pan_tilt_zoom"": true}",2021-01-01T00:00:00,2021-01-01T00:00:00
07519fcd-3a0d-495b-9919-2dfb8b2fe9f9,35fd4f4d-3092-445c-95f5-0b344946a5ba,West End Suburbs Subway Transit Cam 857,CAM-18-856,subway_transit,1080p,vault_corridor,active,rtsp://streaming.internal.crimemind.net/live/cam-18-856,"{""fps"": 30, ""night_vision_ir"": true, ""pan_tilt_zoom"": false}",2021-01-01T00:00:00,2021-01-01T00:00:00
cc58edf2-db14-49e7-b67b-f90ea68f19df,ffda55c2-48a3-4779-be20-166c264c7ad5,Eastside Arts Corridor Private Commercial Cam 858,CAM-18-857,private_commercial,1080p,pedestrian_walkway,active,rtsp://streaming.internal.crimemind.net/live/cam-18-857,"{""fps"": 30, ""night_vision_ir"": true, ""pan_tilt_zoom"": false}",2021-01-01T00:00:00,2021-01-01T00:00:00
e46c5d57-1916-492f-944f-2d1bd2696c8d,5cad1f7c-bfbf-45c3-a244-c94e6c283e89,Industrial Waterfront & Port Atm Surveillance Cam 859,CAM-18-858,atm_surveillance,1080p,southbound_exit,active,rtsp://streaming.internal.crimemind.net/live/cam-18-858,"{""fps"": 30, ""night_vision_ir"": true, ""pan_tilt_zoom"": true}",2021-01-01T00:00:00,2021-01-01T00:00:00
be40b1e2-4126-44e4-8a6a-534885020312,de08386e-6d31-4d15-b0e0-edebb060c380,Northshore Heights Highway Toll Cam 860,CAM-18-859,highway_toll,1080p,360_degree_dome,active,rtsp://streaming.internal.crimemind.net/live/cam-18-859,"{""fps"": 30, ""night_vision_ir"": true, ""pan_tilt_zoom"": false}",2021-01-01T00:00:00,2021-01-01T00:00:00
62ff94ec-0ea0-4807-8a55-59b01547f8fb,36021d23-412e-4915-814d-5fa94b0f4f28,Midtown Financial Plaza Traffic Police Cam 861,CAM-18-860,traffic_police,4K,southbound_exit,active,rtsp://streaming.internal.crimemind.net/live/cam-18-860,"{""fps"": 30, ""night_vision_ir"": true, ""pan_tilt_zoom"": false}",2021-01-01T00:00:00,2021-01-01T00:00:00
350f589f-0894-4a71-a6ea-4fcd03f2fa81,539dd2f1-e79a-4cc8-b36a-cdbd94e0f320,West End Suburbs Subway Transit Cam 862,CAM-18-861,subway_transit,4K,northbound_entry,active,rtsp://streaming.internal.crimemind.net/live/cam-18-861,"{""fps"": 30, ""night_vision_ir"": true, ""pan_tilt_zoom"": true}",2021-01-01T00:00:00,2021-01-01T00:00:00
fef230eb-733d-40cc-b1d6-dc8db20eab81,95ee9501-7572-4b28-a20d-d2151051912e,Old Town Heritage Ward Traffic Police Cam 863,CAM-18-862,traffic_police,1080p,vault_corridor,active,rtsp://streaming.internal.crimemind.net/live/cam-18-862,"{""fps"": 30, ""night_vision_ir"": true, ""pan_tilt_zoom"": false}",2021-01-01T00:00:00,2021-01-01T00:00:00
3d9aa9e7-b80c-4f1a-b137-b5b28f1058a7,a69a6024-2688-4fa0-9e0f-4a423c487d0a,Industrial Waterfront & Port Municipal Surveillance Cam 864,CAM-18-863,municipal_surveillance,4K,360_degree_dome,active,rtsp://streaming.internal.crimemind.net/live/cam-18-863,"{""fps"": 30, ""night_vision_ir"": true, ""pan_tilt_zoom"": false}",2021-01-01T00:00:00,2021-01-01T00:00:00
5db2af43-d55d-4f33-bccb-fe9f77e033b8,88c14a82-fb9e-4af6-968b-f7645ada3a5b,Midtown Financial Plaza Atm Surveillance Cam 865,CAM-18-864,atm_surveillance,1080p,360_degree_dome,active,rtsp://streaming.internal.crimemind.net/live/cam-18-864,"{""fps"": 30, ""night_vision_ir"": true, ""pan_tilt_zoom"": true}",2021-01-01T00:00:00,2021-01-01T00:00:00
951f45cf-eaa4-4b67-8356-0d4381934e4c,269abe40-71d6-48ef-8633-49cc918813a8,Old Town Heritage Ward Atm Surveillance Cam 866,CAM-18-865,atm_surveillance,720p,pedestrian_walkway,active,rtsp://streaming.internal.crimemind.net/live/cam-18-865,"{""fps"": 30, ""night_vision_ir"": true, ""pan_tilt_zoom"": false}",2021-01-01T00:00:00,2021-01-01T00:00:00
bc5e0398-b693-4325-bc64-94870e90e8cc,83e72128-baf7-4d1d-91d7-ca755c5265c7,Downtown Commercial District Private Commercial Cam 867,CAM-18-866,private_commercial,1080p,northbound_entry,active,rtsp://streaming.internal.crimemind.net/live/cam-18-866,"{""fps"": 30, ""night_vision_ir"": true, ""pan_tilt_zoom"": false}",2021-01-01T00:00:00,2021-01-01T00:00:00
81243ae2-fcc8-4813-b611-402751e9577c,4436b022-6336-4508-b43e-744f2673284e,West End Suburbs Municipal Surveillance Cam 868,CAM-18-867,municipal_surveillance,720p,northbound_entry,active,rtsp://streaming.internal.crimemind.net/live/cam-18-867,"{""fps"": 30, ""night_vision_ir"": true, ""pan_tilt_zoom"": true}",2021-01-01T00:00:00,2021-01-01T00:00:00
9aa27e77-07cb-46df-8857-3cb51c47d098,a19ea947-a04a-460f-819b-e3c741c6e0bc,Midtown Financial Plaza Atm Surveillance Cam 869,CAM-18-868,atm_surveillance,720p,southbound_exit,active,rtsp://streaming.internal.crimemind.net/live/cam-18-868,"{""fps"": 30, ""night_vision_ir"": true, ""pan_tilt_zoom"": false}",2021-01-01T00:00:00,2021-01-01T00:00:00
ae1f0111-341e-4112-9ceb-672d353fbd9e,ee6fc55b-3aa7-4f54-a23b-548ebe0f1764,Old Town Heritage Ward Residential Ring Cam 870,CAM-18-869,residential_ring,1080p,pedestrian_walkway,active,rtsp://streaming.internal.crimemind.net/live/cam-18-869,"{""fps"": 30, ""night_vision_ir"": true, ""pan_tilt_zoom"": false}",2021-01-01T00:00:00,2021-01-01T00:00:00
6d5c4095-d9e6-4943-9ea5-273c84e0f152,b0ab7aa9-94a5-4572-adcd-110e48e68d92,Industrial Waterfront & Port Atm Surveillance Cam 871,CAM-18-870,atm_surveillance,720p,360_degree_dome,active,rtsp://streaming.internal.crimemind.net/live/cam-18-870,"{""fps"": 30, ""night_vision_ir"": true, ""pan_tilt_zoom"": true}",2021-01-01T00:00:00,2021-01-01T00:00:00
ce9d1f71-01a7-4e05-98b1-7ca3eb0e259a,cc58d100-3db8-465a-a63a-32bab1dd1959,Northshore Heights Atm Surveillance Cam 872,CAM-18-871,atm_surveillance,1080p,pedestrian_walkway,active,rtsp://streaming.internal.crimemind.net/live/cam-18-871,"{""fps"": 30, ""night_vision_ir"": true, ""pan_tilt_zoom"": false}",2021-01-01T00:00:00,2021-01-01T00:00:00
f316d3f5-e73d-4ac0-8ea0-4f81d7d7d09f,e5143d8f-f9a5-4f40-9d0a-0bc5ab74e41f,Midtown Financial Plaza Atm Surveillance Cam 873,CAM-18-872,atm_surveillance,720p,vault_corridor,active,rtsp://streaming.internal.crimemind.net/live/cam-18-872,"{""fps"": 30, ""night_vision_ir"": true, ""pan_tilt_zoom"": false}",2021-01-01T00:00:00,2021-01-01T00:00:00
a4114188-a0c4-46fc-bd66-a84f3a95eed1,435e7c01-c96d-4f60-8a74-0695c7630f3f,Harbor Point Terminal Private Commercial Cam 874,CAM-18-873,private_commercial,4K,southbound_exit,active,rtsp://streaming.internal.crimemind.net/live/cam-18-873,"{""fps"": 30, ""night_vision_ir"": true, ""pan_tilt_zoom"": true}",2021-01-01T00:00:00,2021-01-01T00:00:00
756a6d65-8bbe-4990-bc65-41ec81862b95,c9400dcc-856f-4eff-9bca-bc2e7d0f9481,Downtown Commercial District Atm Surveillance Cam 875,CAM-18-874,atm_surveillance,1080p,pedestrian_walkway,active,rtsp://streaming.internal.crimemind.net/live/cam-18-874,"{""fps"": 30, ""night_vision_ir"": true, ""pan_tilt_zoom"": false}",2021-01-01T00:00:00,2021-01-01T00:00:00
723f092a-4da6-4375-866d-3ca867686472,67f33014-c113-4c1d-b0c3-3f21dfbeae73,South Bay Logistics Hub Residential Ring Cam 876,CAM-18-875,residential_ring,1080p,southbound_exit,active,rtsp://streaming.internal.crimemind.net/live/cam-18-875,"{""fps"": 30, ""night_vision_ir"": true, ""pan_tilt_zoom"": false}",2021-01-01T00:00:00,2021-01-01T00:00:00
8b26284d-63ac-4bf7-8ef1-ff2561625845,b6a8fcd6-de60-409a-9be3-06cedca075d6,West End Suburbs Residential Ring Cam 877,CAM-18-876,residential_ring,720p,northbound_entry,active,rtsp://streaming.internal.crimemind.net/live/cam-18-876,"{""fps"": 30, ""night_vision_ir"": true, ""pan_tilt_zoom"": true}",2021-01-01T00:00:00,2021-01-01T00:00:00
285c105a-728f-418b-b9ae-3bd9043b9001,9e4301a6-8696-4680-927c-3728a8099cf8,South Bay Logistics Hub Subway Transit Cam 878,CAM-18-877,subway_transit,1080p,360_degree_dome,maintenance,rtsp://streaming.internal.crimemind.net/live/cam-18-877,"{""fps"": 30, ""night_vision_ir"": true, ""pan_tilt_zoom"": false}",2021-01-01T00:00:00,2021-01-01T00:00:00
3b7f788d-5712-462d-90ad-2aacee996db0,6c636585-9811-4465-8727-5f9bdd5e08e6,West End Suburbs Private Commercial Cam 879,CAM-18-878,private_commercial,4K,northbound_entry,active,rtsp://streaming.internal.crimemind.net/live/cam-18-878,"{""fps"": 30, ""night_vision_ir"": true, ""pan_tilt_zoom"": false}",2021-01-01T00:00:00,2021-01-01T00:00:00
b6249555-d301-4bd5-a62e-9d98d20a686d,d8371b74-3109-4411-8cda-568bc0a76dd4,Midtown Financial Plaza Traffic Police Cam 880,CAM-18-879,traffic_police,1080p,vault_corridor,active,rtsp://streaming.internal.crimemind.net/live/cam-18-879,"{""fps"": 30, ""night_vision_ir"": true, ""pan_tilt_zoom"": true}",2021-01-01T00:00:00,2021-01-01T00:00:00
cb52e228-c1b9-47d5-923e-5f88ed820c5d,86e4819e-cb85-417c-a492-a022c71ee96e,Industrial Waterfront & Port Residential Ring Cam 881,CAM-18-880,residential_ring,1080p,southbound_exit,maintenance,rtsp://streaming.internal.crimemind.net/live/cam-18-880,"{""fps"": 30, ""night_vision_ir"": true, ""pan_tilt_zoom"": false}",2021-01-01T00:00:00,2021-01-01T00:00:00
4dc0bd2c-ea66-48f3-8cd1-f21062ccb6e8,9cd93795-240f-4139-91eb-14a996df58a6,Eastside Arts Corridor Atm Surveillance Cam 882,CAM-18-881,atm_surveillance,4K,southbound_exit,active,rtsp://streaming.internal.crimemind.net/live/cam-18-881,"{""fps"": 30, ""night_vision_ir"": true, ""pan_tilt_zoom"": false}",2021-01-01T00:00:00,2021-01-01T00:00:00
a1ac6de9-666a-457c-af65-544269205c3e,56a58252-ee07-4f26-93fd-ddd732d0aea7,Downtown Commercial District Highway Toll Cam 883,CAM-18-882,highway_toll,4K,northbound_entry,active,rtsp://streaming.internal.crimemind.net/live/cam-18-882,"{""fps"": 30, ""night_vision_ir"": true, ""pan_tilt_zoom"": true}",2021-01-01T00:00:00,2021-01-01T00:00:00
4761001b-738b-466d-9b9e-a2fd636ec7c1,6c5b5cd6-40fc-44d1-a29a-f5b97e37b300,Old Town Heritage Ward Private Commercial Cam 884,CAM-18-883,private_commercial,720p,vault_corridor,active,rtsp://streaming.internal.crimemind.net/live/cam-18-883,"{""fps"": 30, ""night_vision_ir"": true, ""pan_tilt_zoom"": false}",2021-01-01T00:00:00,2021-01-01T00:00:00
d49fb7c6-5a3f-41d0-9287-0af9c0b19f08,bcf833df-ebd2-4568-847c-daaf21ff5834,West End Suburbs Traffic Police Cam 885,CAM-18-884,traffic_police,1080p,pedestrian_walkway,maintenance,rtsp://streaming.internal.crimemind.net/live/cam-18-884,"{""fps"": 30, ""night_vision_ir"": true, ""pan_tilt_zoom"": false}",2021-01-01T00:00:00,2021-01-01T00:00:00
aacd338e-057c-4f0b-b0fd-dffbeac4db1c,d0e5e062-b9a2-4365-ba66-f91bf6841205,West End Suburbs Private Commercial Cam 886,CAM-18-885,private_commercial,4K,southbound_exit,active,rtsp://streaming.internal.crimemind.net/live/cam-18-885,"{""fps"": 30, ""night_vision_ir"": true, ""pan_tilt_zoom"": true}",2021-01-01T00:00:00,2021-01-01T00:00:00
42b7117d-d0cc-4779-88e9-2ae08bfd2814,bf15204c-cfaf-44fb-a2f7-520b9ea7af82,Downtown Commercial District Highway Toll Cam 887,CAM-18-886,highway_toll,1080p,pedestrian_walkway,active,rtsp://streaming.internal.crimemind.net/live/cam-18-886,"{""fps"": 30, ""night_vision_ir"": true, ""pan_tilt_zoom"": false}",2021-01-01T00:00:00,2021-01-01T00:00:00
6642cd49-bb50-4301-9779-ab9baa7d7bd1,72c5a451-b7c0-49e5-9c72-350c2d6fca0f,Downtown Commercial District Residential Ring Cam 888,CAM-18-887,residential_ring,720p,360_degree_dome,active,rtsp://streaming.internal.crimemind.net/live/cam-18-887,"{""fps"": 30, ""night_vision_ir"": true, ""pan_tilt_zoom"": false}",2021-01-01T00:00:00,2021-01-01T00:00:00
41bd785d-266c-48b3-9f5a-ccd51766b54b,f7367e21-54f9-4b3e-b73a-d3de273b8a3a,Midtown Financial Plaza Municipal Surveillance Cam 889,CAM-18-888,municipal_surveillance,720p,southbound_exit,active,rtsp://streaming.internal.crimemind.net/live/cam-18-888,"{""fps"": 30, ""night_vision_ir"": true, ""pan_tilt_zoom"": true}",2021-01-01T00:00:00,2021-01-01T00:00:00
3a743853-fb88-4b50-81ae-5512a70e2021,6541da71-13f1-4674-af1c-effeec59a961,Old Town Heritage Ward Residential Ring Cam 890,CAM-18-889,residential_ring,1080p,360_degree_dome,active,rtsp://streaming.internal.crimemind.net/live/cam-18-889,"{""fps"": 30, ""night_vision_ir"": true, ""pan_tilt_zoom"": false}",2021-01-01T00:00:00,2021-01-01T00:00:00
331654dc-90b0-494e-b977-30d2b8f7cd49,ffda55c2-48a3-4779-be20-166c264c7ad5,Eastside Arts Corridor Traffic Police Cam 891,CAM-18-890,traffic_police,1080p,southbound_exit,active,rtsp://streaming.internal.crimemind.net/live/cam-18-890,"{""fps"": 30, ""night_vision_ir"": true, ""pan_tilt_zoom"": false}",2021-01-01T00:00:00,2021-01-01T00:00:00
2449dd60-acf6-4d7e-9c02-8827a3c11ac9,49769cab-76f9-4d45-a3b4-941641359e0b,Silver Lake Tech Park Private Commercial Cam 892,CAM-18-891,private_commercial,720p,pedestrian_walkway,active,rtsp://streaming.internal.crimemind.net/live/cam-18-891,"{""fps"": 30, ""night_vision_ir"": true, ""pan_tilt_zoom"": true}",2021-01-01T00:00:00,2021-01-01T00:00:00
5de0de2d-2809-4c49-bb62-99c69b35ec85,e29777f0-d73b-4396-b242-b1b3526146bf,Downtown Commercial District Subway Transit Cam 893,CAM-18-892,subway_transit,4K,northbound_entry,active,rtsp://streaming.internal.crimemind.net/live/cam-18-892,"{""fps"": 30, ""night_vision_ir"": true, ""pan_tilt_zoom"": false}",2021-01-01T00:00:00,2021-01-01T00:00:00
b6a03773-b825-4d95-ba43-c8ff04316019,4a848185-1d79-4034-a6d3-dbf484cbe6d8,Midtown Financial Plaza Highway Toll Cam 894,CAM-18-893,highway_toll,1080p,360_degree_dome,active,rtsp://streaming.internal.crimemind.net/live/cam-18-893,"{""fps"": 30, ""night_vision_ir"": true, ""pan_tilt_zoom"": false}",2021-01-01T00:00:00,2021-01-01T00:00:00
8a21c035-4693-407c-abd3-ff9c4ddc64ad,0e2c616b-16a4-40b7-80c9-126bf96b936e,Downtown Commercial District Private Commercial Cam 895,CAM-18-894,private_commercial,720p,vault_corridor,active,rtsp://streaming.internal.crimemind.net/live/cam-18-894,"{""fps"": 30, ""night_vision_ir"": true, ""pan_tilt_zoom"": true}",2021-01-01T00:00:00,2021-01-01T00:00:00
6d69496c-f997-47a6-b8c0-727299b1d6b5,b38bcab7-2e31-455f-8e84-977ffafd8b2b,Old Town Heritage Ward Highway Toll Cam 896,CAM-18-895,highway_toll,720p,pedestrian_walkway,active,rtsp://streaming.internal.crimemind.net/live/cam-18-895,"{""fps"": 30, ""night_vision_ir"": true, ""pan_tilt_zoom"": false}",2021-01-01T00:00:00,2021-01-01T00:00:00
889704bd-d8b5-4336-8a75-c3d159e4c957,aaf9affd-0d29-4792-b12d-a9d5a4bdce69,Old Town Heritage Ward Municipal Surveillance Cam 897,CAM-18-896,municipal_surveillance,1080p,360_degree_dome,active,rtsp://streaming.internal.crimemind.net/live/cam-18-896,"{""fps"": 30, ""night_vision_ir"": true, ""pan_tilt_zoom"": false}",2021-01-01T00:00:00,2021-01-01T00:00:00
7c37ebff-dcfb-4a5d-8546-a944df13f349,35323ddf-26f0-40e7-a0e7-8a4cf64800cb,Midtown Financial Plaza Atm Surveillance Cam 898,CAM-18-897,atm_surveillance,1080p,pedestrian_walkway,maintenance,rtsp://streaming.internal.crimemind.net/live/cam-18-897,"{""fps"": 30, ""night_vision_ir"": true, ""pan_tilt_zoom"": true}",2021-01-01T00:00:00,2021-01-01T00:00:00
47cea0ea-0c6f-4ff7-a4bf-c30af79ae2fd,880d397e-b159-477b-986a-485d7d54f61e,Eastside Arts Corridor Residential Ring Cam 899,CAM-18-898,residential_ring,4K,360_degree_dome,active,rtsp://streaming.internal.crimemind.net/live/cam-18-898,"{""fps"": 30, ""night_vision_ir"": true, ""pan_tilt_zoom"": false}",2021-01-01T00:00:00,2021-01-01T00:00:00
41a5cc25-7aa3-428a-a0b8-19d80718359b,fbed759f-113c-4c15-b6eb-5ee941529cd9,Industrial Waterfront & Port Highway Toll Cam 900,CAM-18-899,highway_toll,4K,northbound_entry,active,rtsp://streaming.internal.crimemind.net/live/cam-18-899,"{""fps"": 30, ""night_vision_ir"": true, ""pan_tilt_zoom"": false}",2021-01-01T00:00:00,2021-01-01T00:00:00
0872b952-e0db-40ff-b98a-d7a274e9ebe7,01fba7bb-5e1a-4311-8db0-d077da8d120a,Midtown Financial Plaza Traffic Police Cam 901,CAM-19-900,traffic_police,1080p,pedestrian_walkway,active,rtsp://streaming.internal.crimemind.net/live/cam-19-900,"{""fps"": 30, ""night_vision_ir"": true, ""pan_tilt_zoom"": true}",2021-01-01T00:00:00,2021-01-01T00:00:00
1420887e-ef56-4172-9b14-02c88c247bc4,78e8efd4-213d-4096-8853-a6cc4ea67e5c,South Bay Logistics Hub Atm Surveillance Cam 902,CAM-19-901,atm_surveillance,1080p,vault_corridor,active,rtsp://streaming.internal.crimemind.net/live/cam-19-901,"{""fps"": 30, ""night_vision_ir"": true, ""pan_tilt_zoom"": false}",2021-01-01T00:00:00,2021-01-01T00:00:00
2e9a15ce-14be-4df0-a462-0c25c904bb95,b4a048bd-8572-44c1-ba1d-261121d4d5f4,Downtown Commercial District Subway Transit Cam 903,CAM-19-902,subway_transit,1080p,northbound_entry,active,rtsp://streaming.internal.crimemind.net/live/cam-19-902,"{""fps"": 30, ""night_vision_ir"": true, ""pan_tilt_zoom"": false}",2021-01-01T00:00:00,2021-01-01T00:00:00
edbe5007-29a5-4be2-ac85-ba2d7e1f53a7,e0445507-50fb-4ef9-89cf-a9c7c2d159ec,Silver Lake Tech Park Highway Toll Cam 904,CAM-19-903,highway_toll,1080p,southbound_exit,active,rtsp://streaming.internal.crimemind.net/live/cam-19-903,"{""fps"": 30, ""night_vision_ir"": true, ""pan_tilt_zoom"": true}",2021-01-01T00:00:00,2021-01-01T00:00:00
7dd6df9f-7565-4af2-a2cb-faf91b8ff30c,7edc2582-a17d-4ca6-b31a-c905856f9b03,Harbor Point Terminal Subway Transit Cam 905,CAM-19-904,subway_transit,4K,northbound_entry,active,rtsp://streaming.internal.crimemind.net/live/cam-19-904,"{""fps"": 30, ""night_vision_ir"": true, ""pan_tilt_zoom"": false}",2021-01-01T00:00:00,2021-01-01T00:00:00
490ae3c0-df9f-4a24-aa9e-d7b763d41105,9a4c0cbb-2814-4b6e-a8c9-e4b2a08423d9,Old Town Heritage Ward Residential Ring Cam 906,CAM-19-905,residential_ring,1080p,southbound_exit,active,rtsp://streaming.internal.crimemind.net/live/cam-19-905,"{""fps"": 30, ""night_vision_ir"": true, ""pan_tilt_zoom"": false}",2021-01-01T00:00:00,2021-01-01T00:00:00
48491122-c39a-4a8f-aa98-723480246808,64061bcc-0501-48b3-b0ce-c33242de65d6,South Bay Logistics Hub Private Commercial Cam 907,CAM-19-906,private_commercial,1080p,northbound_entry,active,rtsp://streaming.internal.crimemind.net/live/cam-19-906,"{""fps"": 30, ""night_vision_ir"": true, ""pan_tilt_zoom"": true}",2021-01-01T00:00:00,2021-01-01T00:00:00
1bcd365a-5034-429d-a5b7-d747b94e98da,5ac11cdb-98b1-46fa-9eb3-8cb0d7baa140,South Bay Logistics Hub Residential Ring Cam 908,CAM-19-907,residential_ring,720p,pedestrian_walkway,active,rtsp://streaming.internal.crimemind.net/live/cam-19-907,"{""fps"": 30, ""night_vision_ir"": true, ""pan_tilt_zoom"": false}",2021-01-01T00:00:00,2021-01-01T00:00:00
cce73c77-0b2a-4a97-97d7-6a5e5ac809a5,e1df21ac-b81a-4131-a8af-501d8370977f,Old Town Heritage Ward Municipal Surveillance Cam 909,CAM-19-908,municipal_surveillance,1080p,360_degree_dome,active,rtsp://streaming.internal.crimemind.net/live/cam-19-908,"{""fps"": 30, ""night_vision_ir"": true, ""pan_tilt_zoom"": false}",2021-01-01T00:00:00,2021-01-01T00:00:00
002fa0cc-180a-4ad1-a5c4-631f8327ad09,4022c8bd-adbe-475d-bb27-5bb0f60a7584,West End Suburbs Atm Surveillance Cam 910,CAM-19-909,atm_surveillance,1080p,vault_corridor,active,rtsp://streaming.internal.crimemind.net/live/cam-19-909,"{""fps"": 30, ""night_vision_ir"": true, ""pan_tilt_zoom"": true}",2021-01-01T00:00:00,2021-01-01T00:00:00
397c2464-f544-4025-b7d9-8596f33996af,d287f8dc-2d62-4317-948b-2ecdd4aa6f70,Silver Lake Tech Park Private Commercial Cam 911,CAM-19-910,private_commercial,1080p,360_degree_dome,active,rtsp://streaming.internal.crimemind.net/live/cam-19-910,"{""fps"": 30, ""night_vision_ir"": true, ""pan_tilt_zoom"": false}",2021-01-01T00:00:00,2021-01-01T00:00:00
6013ca3d-eb7f-40dc-a9b2-fa55bb40e13c,e65f9937-83ea-4b67-8a06-c63492ff36fc,South Bay Logistics Hub Highway Toll Cam 912,CAM-19-911,highway_toll,1080p,vault_corridor,active,rtsp://streaming.internal.crimemind.net/live/cam-19-911,"{""fps"": 30, ""night_vision_ir"": true, ""pan_tilt_zoom"": false}",2021-01-01T00:00:00,2021-01-01T00:00:00
a0ecb5c4-9a7f-410a-8288-91087f05a965,93c0ad74-3290-4591-b576-73576626a6b7,Northshore Heights Highway Toll Cam 913,CAM-19-912,highway_toll,1080p,vault_corridor,maintenance,rtsp://streaming.internal.crimemind.net/live/cam-19-912,"{""fps"": 30, ""night_vision_ir"": true, ""pan_tilt_zoom"": true}",2021-01-01T00:00:00,2021-01-01T00:00:00
e34371eb-1174-4edb-8050-bbaf6db2895c,166f14b4-c701-47d7-9c4e-ae91faa94c61,Eastside Arts Corridor Highway Toll Cam 914,CAM-19-913,highway_toll,1080p,pedestrian_walkway,active,rtsp://streaming.internal.crimemind.net/live/cam-19-913,"{""fps"": 30, ""night_vision_ir"": true, ""pan_tilt_zoom"": false}",2021-01-01T00:00:00,2021-01-01T00:00:00
c9f6aaba-18ff-40a1-b83c-e17f4768dc71,1449ab18-faee-45e8-a022-8df400035935,Downtown Commercial District Residential Ring Cam 915,CAM-19-914,residential_ring,4K,southbound_exit,active,rtsp://streaming.internal.crimemind.net/live/cam-19-914,"{""fps"": 30, ""night_vision_ir"": true, ""pan_tilt_zoom"": false}",2021-01-01T00:00:00,2021-01-01T00:00:00
fa4d97f1-3233-48ea-83be-043a1df392db,94ed9ba3-f091-4ba6-a2e3-f3b2f2f5f947,Midtown Financial Plaza Private Commercial Cam 916,CAM-19-915,private_commercial,720p,vault_corridor,active,rtsp://streaming.internal.crimemind.net/live/cam-19-915,"{""fps"": 30, ""night_vision_ir"": true, ""pan_tilt_zoom"": true}",2021-01-01T00:00:00,2021-01-01T00:00:00
32f72e11-6153-4d6e-ac51-34c53bd73c86,455bc549-f7a4-420f-8a2e-4f99645a423a,Industrial Waterfront & Port Municipal Surveillance Cam 917,CAM-19-916,municipal_surveillance,720p,vault_corridor,active,rtsp://streaming.internal.crimemind.net/live/cam-19-916,"{""fps"": 30, ""night_vision_ir"": true, ""pan_tilt_zoom"": false}",2021-01-01T00:00:00,2021-01-01T00:00:00
57f51ce7-c4b4-4d10-8777-e98c3b52a81a,96375a85-31ed-4651-8816-996db8737131,Downtown Commercial District Municipal Surveillance Cam 918,CAM-19-917,municipal_surveillance,1080p,northbound_entry,active,rtsp://streaming.internal.crimemind.net/live/cam-19-917,"{""fps"": 30, ""night_vision_ir"": true, ""pan_tilt_zoom"": false}",2021-01-01T00:00:00,2021-01-01T00:00:00
2631b1d3-b944-48bd-a960-57dafd0756d6,1bde0930-bbea-46b6-a824-2c09dc380439,West End Suburbs Private Commercial Cam 919,CAM-19-918,private_commercial,4K,vault_corridor,active,rtsp://streaming.internal.crimemind.net/live/cam-19-918,"{""fps"": 30, ""night_vision_ir"": true, ""pan_tilt_zoom"": true}",2021-01-01T00:00:00,2021-01-01T00:00:00
6feb005d-60bc-432f-9b5e-20b47568f8c7,02e707b4-9ab6-4e49-bc50-d074e32eb85a,Old Town Heritage Ward Atm Surveillance Cam 920,CAM-19-919,atm_surveillance,720p,northbound_entry,active,rtsp://streaming.internal.crimemind.net/live/cam-19-919,"{""fps"": 30, ""night_vision_ir"": true, ""pan_tilt_zoom"": false}",2021-01-01T00:00:00,2021-01-01T00:00:00
24e83565-52ca-41eb-8fb7-752327160eda,69764e6e-f862-4d3d-95f4-2be47a501c03,South Bay Logistics Hub Private Commercial Cam 921,CAM-19-920,private_commercial,4K,northbound_entry,active,rtsp://streaming.internal.crimemind.net/live/cam-19-920,"{""fps"": 30, ""night_vision_ir"": true, ""pan_tilt_zoom"": false}",2021-01-01T00:00:00,2021-01-01T00:00:00
66701ade-4475-411c-844f-638de8cdfb13,cc5e7987-0255-41da-8b09-f58c3dd8f32d,Northshore Heights Private Commercial Cam 922,CAM-19-921,private_commercial,4K,360_degree_dome,active,rtsp://streaming.internal.crimemind.net/live/cam-19-921,"{""fps"": 30, ""night_vision_ir"": true, ""pan_tilt_zoom"": true}",2021-01-01T00:00:00,2021-01-01T00:00:00
9f63f4a6-9e73-456a-9674-38a099882839,c248789a-b38d-4a60-bbf6-130776ad3556,Silver Lake Tech Park Highway Toll Cam 923,CAM-19-922,highway_toll,4K,vault_corridor,active,rtsp://streaming.internal.crimemind.net/live/cam-19-922,"{""fps"": 30, ""night_vision_ir"": true, ""pan_tilt_zoom"": false}",2021-01-01T00:00:00,2021-01-01T00:00:00
082ae6b9-d6bb-492c-a499-c6fbaa152901,5fb504e0-99e7-496b-84fa-daf213fbf83c,Old Town Heritage Ward Private Commercial Cam 924,CAM-19-923,private_commercial,1080p,northbound_entry,active,rtsp://streaming.internal.crimemind.net/live/cam-19-923,"{""fps"": 30, ""night_vision_ir"": true, ""pan_tilt_zoom"": false}",2021-01-01T00:00:00,2021-01-01T00:00:00
091b3c73-a3ef-4050-bb01-2e77bd3b0406,5514d270-277c-427b-888f-b695f39ffebe,Midtown Financial Plaza Private Commercial Cam 925,CAM-19-924,private_commercial,4K,pedestrian_walkway,offline,rtsp://streaming.internal.crimemind.net/live/cam-19-924,"{""fps"": 30, ""night_vision_ir"": true, ""pan_tilt_zoom"": true}",2021-01-01T00:00:00,2021-01-01T00:00:00
1240b46f-f41f-4110-9bf3-16ce7963146f,ef742a83-3254-4adc-8e4a-8c7d4bffa600,Downtown Commercial District Traffic Police Cam 926,CAM-19-925,traffic_police,1080p,360_degree_dome,active,rtsp://streaming.internal.crimemind.net/live/cam-19-925,"{""fps"": 30, ""night_vision_ir"": true, ""pan_tilt_zoom"": false}",2021-01-01T00:00:00,2021-01-01T00:00:00
f6bb237c-ff7f-4484-a13c-3ea57cb581f6,afe70f3d-5456-48a9-b4c1-1e21a91a8884,Northshore Heights Municipal Surveillance Cam 927,CAM-19-926,municipal_surveillance,720p,360_degree_dome,active,rtsp://streaming.internal.crimemind.net/live/cam-19-926,"{""fps"": 30, ""night_vision_ir"": true, ""pan_tilt_zoom"": false}",2021-01-01T00:00:00,2021-01-01T00:00:00
0dad3a06-8073-4d7e-a600-bd16948b53dc,0870ec67-88a5-463b-8873-8003856e2dfb,Old Town Heritage Ward Residential Ring Cam 928,CAM-19-927,residential_ring,1080p,pedestrian_walkway,active,rtsp://streaming.internal.crimemind.net/live/cam-19-927,"{""fps"": 30, ""night_vision_ir"": true, ""pan_tilt_zoom"": true}",2021-01-01T00:00:00,2021-01-01T00:00:00
6f2d4e9d-7f27-4189-a0e5-37f5e681bba5,65fe16d2-dab4-4e9c-8e7c-e4f222206d3d,Harbor Point Terminal Traffic Police Cam 929,CAM-19-928,traffic_police,720p,vault_corridor,active,rtsp://streaming.internal.crimemind.net/live/cam-19-928,"{""fps"": 30, ""night_vision_ir"": true, ""pan_tilt_zoom"": false}",2021-01-01T00:00:00,2021-01-01T00:00:00
a9f607e5-20e3-49c3-aefb-587bf62f1756,8783823e-85d1-4155-9b0a-ea5022a4eeac,Harbor Point Terminal Traffic Police Cam 930,CAM-19-929,traffic_police,1080p,northbound_entry,active,rtsp://streaming.internal.crimemind.net/live/cam-19-929,"{""fps"": 30, ""night_vision_ir"": true, ""pan_tilt_zoom"": false}",2021-01-01T00:00:00,2021-01-01T00:00:00
370b3d39-2047-42ad-8a1e-e49bb84e40dc,f6a31ba2-c4ef-4e53-873d-4ba03a2dd9de,Eastside Arts Corridor Residential Ring Cam 931,CAM-19-930,residential_ring,1080p,southbound_exit,active,rtsp://streaming.internal.crimemind.net/live/cam-19-930,"{""fps"": 30, ""night_vision_ir"": true, ""pan_tilt_zoom"": true}",2021-01-01T00:00:00,2021-01-01T00:00:00
0ad1d5e5-03cd-49d0-a51b-a8524e840cf8,9cd93795-240f-4139-91eb-14a996df58a6,Eastside Arts Corridor Municipal Surveillance Cam 932,CAM-19-931,municipal_surveillance,1080p,pedestrian_walkway,active,rtsp://streaming.internal.crimemind.net/live/cam-19-931,"{""fps"": 30, ""night_vision_ir"": true, ""pan_tilt_zoom"": false}",2021-01-01T00:00:00,2021-01-01T00:00:00
b2fb1510-a418-45e8-98e2-2a63d5471170,2cab1a59-8757-4352-bc71-914c6e25158b,Old Town Heritage Ward Residential Ring Cam 933,CAM-19-932,residential_ring,1080p,360_degree_dome,active,rtsp://streaming.internal.crimemind.net/live/cam-19-932,"{""fps"": 30, ""night_vision_ir"": true, ""pan_tilt_zoom"": false}",2021-01-01T00:00:00,2021-01-01T00:00:00
3ff8d23c-f104-45f0-800c-8d6e2cd56c7a,a2aa78ba-fb59-43ad-9838-695279cb444f,West End Suburbs Residential Ring Cam 934,CAM-19-933,residential_ring,1080p,southbound_exit,active,rtsp://streaming.internal.crimemind.net/live/cam-19-933,"{""fps"": 30, ""night_vision_ir"": true, ""pan_tilt_zoom"": true}",2021-01-01T00:00:00,2021-01-01T00:00:00
5de6008f-77c9-4d46-a64c-595dd0af7c4b,815f3465-5d14-4947-905f-e2ed6a68662c,Harbor Point Terminal Highway Toll Cam 935,CAM-19-934,highway_toll,1080p,pedestrian_walkway,maintenance,rtsp://streaming.internal.crimemind.net/live/cam-19-934,"{""fps"": 30, ""night_vision_ir"": true, ""pan_tilt_zoom"": false}",2021-01-01T00:00:00,2021-01-01T00:00:00
5534b757-ae59-4c1c-90d0-d0f307d67614,994a9e55-2291-4e87-8920-657b1dc271f1,Midtown Financial Plaza Traffic Police Cam 936,CAM-19-935,traffic_police,1080p,pedestrian_walkway,active,rtsp://streaming.internal.crimemind.net/live/cam-19-935,"{""fps"": 30, ""night_vision_ir"": true, ""pan_tilt_zoom"": false}",2021-01-01T00:00:00,2021-01-01T00:00:00
497d433c-c030-489b-9535-59972d9b207d,2ce78b24-f1a4-4575-9e1f-82d3190aa3a2,Harbor Point Terminal Private Commercial Cam 937,CAM-19-936,private_commercial,1080p,360_degree_dome,active,rtsp://streaming.internal.crimemind.net/live/cam-19-936,"{""fps"": 30, ""night_vision_ir"": true, ""pan_tilt_zoom"": true}",2021-01-01T00:00:00,2021-01-01T00:00:00
56045458-2e58-4ca9-8f27-aaec7e7e48f4,edcecca9-a5ff-42b5-96c8-33f3933d08b0,Harbor Point Terminal Traffic Police Cam 938,CAM-19-937,traffic_police,1080p,northbound_entry,active,rtsp://streaming.internal.crimemind.net/live/cam-19-937,"{""fps"": 30, ""night_vision_ir"": true, ""pan_tilt_zoom"": false}",2021-01-01T00:00:00,2021-01-01T00:00:00
e7ba5d1e-08cf-4a1e-b19f-149feb963f42,3b07e5e7-a8c5-4275-84f7-e947e987bb8d,Silver Lake Tech Park Subway Transit Cam 939,CAM-19-938,subway_transit,720p,360_degree_dome,active,rtsp://streaming.internal.crimemind.net/live/cam-19-938,"{""fps"": 30, ""night_vision_ir"": true, ""pan_tilt_zoom"": false}",2021-01-01T00:00:00,2021-01-01T00:00:00
6362d676-9f4d-4fd1-b9e3-ccaddedaffa4,88ff4986-71e5-452d-babd-130d27f9060b,Industrial Waterfront & Port Highway Toll Cam 940,CAM-19-939,highway_toll,1080p,southbound_exit,active,rtsp://streaming.internal.crimemind.net/live/cam-19-939,"{""fps"": 30, ""night_vision_ir"": true, ""pan_tilt_zoom"": true}",2021-01-01T00:00:00,2021-01-01T00:00:00
c6d40bc0-ad21-4ae5-bb9b-e707dea2b49d,2493c3ee-6183-4fd0-9517-44582b7dddc1,West End Suburbs Residential Ring Cam 941,CAM-19-940,residential_ring,4K,northbound_entry,maintenance,rtsp://streaming.internal.crimemind.net/live/cam-19-940,"{""fps"": 30, ""night_vision_ir"": true, ""pan_tilt_zoom"": false}",2021-01-01T00:00:00,2021-01-01T00:00:00
8f89e10b-b86d-4ea3-9663-15d2aeac22e3,bfb9eafe-130b-401c-9e20-b074e4703d37,Old Town Heritage Ward Subway Transit Cam 942,CAM-19-941,subway_transit,4K,southbound_exit,active,rtsp://streaming.internal.crimemind.net/live/cam-19-941,"{""fps"": 30, ""night_vision_ir"": true, ""pan_tilt_zoom"": false}",2021-01-01T00:00:00,2021-01-01T00:00:00
5e47c8e9-5314-4bba-b475-2f132c6a1d59,89f2b5fd-476c-40a4-b62f-18ab116e2f57,South Bay Logistics Hub Highway Toll Cam 943,CAM-19-942,highway_toll,4K,360_degree_dome,active,rtsp://streaming.internal.crimemind.net/live/cam-19-942,"{""fps"": 30, ""night_vision_ir"": true, ""pan_tilt_zoom"": true}",2021-01-01T00:00:00,2021-01-01T00:00:00
fd822328-253d-40ab-ae48-a0ee6a2a67da,3b89b8a2-0f18-4a24-98e3-a78f085dba86,West End Suburbs Residential Ring Cam 944,CAM-19-943,residential_ring,1080p,southbound_exit,active,rtsp://streaming.internal.crimemind.net/live/cam-19-943,"{""fps"": 30, ""night_vision_ir"": true, ""pan_tilt_zoom"": false}",2021-01-01T00:00:00,2021-01-01T00:00:00
63fe8fb7-e6c3-42f6-9464-dd34475a4c88,afc6fc69-b1ad-4a53-b0e0-740cd9b4d2e0,Downtown Commercial District Highway Toll Cam 945,CAM-19-944,highway_toll,1080p,southbound_exit,active,rtsp://streaming.internal.crimemind.net/live/cam-19-944,"{""fps"": 30, ""night_vision_ir"": true, ""pan_tilt_zoom"": false}",2021-01-01T00:00:00,2021-01-01T00:00:00
f4ac1eac-f598-4246-90b0-be636809c153,98ddc2e3-7cdf-4ceb-a142-530617e89f42,Old Town Heritage Ward Municipal Surveillance Cam 946,CAM-19-945,municipal_surveillance,4K,pedestrian_walkway,active,rtsp://streaming.internal.crimemind.net/live/cam-19-945,"{""fps"": 30, ""night_vision_ir"": true, ""pan_tilt_zoom"": true}",2021-01-01T00:00:00,2021-01-01T00:00:00
2b981b40-fc5c-4aa6-bc27-a8e6e0af986e,f703b45b-a3a0-4266-80b0-0831f3dfbc29,Old Town Heritage Ward Highway Toll Cam 947,CAM-19-946,highway_toll,4K,northbound_entry,active,rtsp://streaming.internal.crimemind.net/live/cam-19-946,"{""fps"": 30, ""night_vision_ir"": true, ""pan_tilt_zoom"": false}",2021-01-01T00:00:00,2021-01-01T00:00:00
3f10b125-ea70-4a76-a286-c5ce918d9e9f,279a5653-fa96-4338-8df4-46b561ce940e,South Bay Logistics Hub Traffic Police Cam 948,CAM-19-947,traffic_police,1080p,pedestrian_walkway,offline,rtsp://streaming.internal.crimemind.net/live/cam-19-947,"{""fps"": 30, ""night_vision_ir"": true, ""pan_tilt_zoom"": false}",2021-01-01T00:00:00,2021-01-01T00:00:00
88a7d641-f8ce-492c-a783-c70101dfcb97,83d02fc5-ffa8-479e-8ed2-1645f38f0fa0,South Bay Logistics Hub Residential Ring Cam 949,CAM-19-948,residential_ring,720p,pedestrian_walkway,active,rtsp://streaming.internal.crimemind.net/live/cam-19-948,"{""fps"": 30, ""night_vision_ir"": true, ""pan_tilt_zoom"": true}",2021-01-01T00:00:00,2021-01-01T00:00:00
0025757f-30d5-44a3-8fbe-0eea6250a426,aee40f40-e2f8-498d-8f56-12003b7dbbba,Northshore Heights Residential Ring Cam 950,CAM-19-949,residential_ring,4K,vault_corridor,active,rtsp://streaming.internal.crimemind.net/live/cam-19-949,"{""fps"": 30, ""night_vision_ir"": true, ""pan_tilt_zoom"": false}",2021-01-01T00:00:00,2021-01-01T00:00:00
7a23c96b-22dc-4c1a-ae7e-b0d7a8ee147b,890612c2-63c5-48be-936c-af09e1c78034,Downtown Commercial District Private Commercial Cam 951,CAM-20-950,private_commercial,720p,pedestrian_walkway,active,rtsp://streaming.internal.crimemind.net/live/cam-20-950,"{""fps"": 30, ""night_vision_ir"": true, ""pan_tilt_zoom"": false}",2021-01-01T00:00:00,2021-01-01T00:00:00
2092d24d-c30a-4913-bf61-b38ce157e44f,abb790d0-642d-4201-b063-561471851daf,West End Suburbs Traffic Police Cam 952,CAM-20-951,traffic_police,1080p,vault_corridor,active,rtsp://streaming.internal.crimemind.net/live/cam-20-951,"{""fps"": 30, ""night_vision_ir"": true, ""pan_tilt_zoom"": true}",2021-01-01T00:00:00,2021-01-01T00:00:00
4928f515-38a8-40ae-91ae-8b4bd58c8ff1,30b1c777-8d10-4af2-8fd2-3f4602447ab3,Old Town Heritage Ward Residential Ring Cam 953,CAM-20-952,residential_ring,720p,vault_corridor,active,rtsp://streaming.internal.crimemind.net/live/cam-20-952,"{""fps"": 30, ""night_vision_ir"": true, ""pan_tilt_zoom"": false}",2021-01-01T00:00:00,2021-01-01T00:00:00
144cdd6d-7e0b-4e55-a462-e44e2f0015cc,36a8ba9c-ba87-4ec4-bcaf-3640bd161807,Downtown Commercial District Atm Surveillance Cam 954,CAM-20-953,atm_surveillance,4K,northbound_entry,active,rtsp://streaming.internal.crimemind.net/live/cam-20-953,"{""fps"": 30, ""night_vision_ir"": true, ""pan_tilt_zoom"": false}",2021-01-01T00:00:00,2021-01-01T00:00:00
f1bc5826-e24e-472b-9288-8f5705f34d9f,973272df-8f34-48f4-9894-e2c28672b1a7,Midtown Financial Plaza Subway Transit Cam 955,CAM-20-954,subway_transit,1080p,pedestrian_walkway,active,rtsp://streaming.internal.crimemind.net/live/cam-20-954,"{""fps"": 30, ""night_vision_ir"": true, ""pan_tilt_zoom"": true}",2021-01-01T00:00:00,2021-01-01T00:00:00
64c64f2d-7983-4b12-bb46-0211abe6bf2d,0df3f1c6-24b2-4129-a6cb-5172bed28809,Midtown Financial Plaza Traffic Police Cam 956,CAM-20-955,traffic_police,4K,southbound_exit,active,rtsp://streaming.internal.crimemind.net/live/cam-20-955,"{""fps"": 30, ""night_vision_ir"": true, ""pan_tilt_zoom"": false}",2021-01-01T00:00:00,2021-01-01T00:00:00
95b9d0d9-b2ea-4a29-9a36-9609d75b5f82,cd612269-f000-4471-af44-56ef53d5ccae,Industrial Waterfront & Port Private Commercial Cam 957,CAM-20-956,private_commercial,720p,vault_corridor,active,rtsp://streaming.internal.crimemind.net/live/cam-20-956,"{""fps"": 30, ""night_vision_ir"": true, ""pan_tilt_zoom"": false}",2021-01-01T00:00:00,2021-01-01T00:00:00
117c2840-963f-421c-b674-a04c1d5dc48e,f3cb7a21-e20e-4b35-bac9-7f6d7914d4bc,Harbor Point Terminal Private Commercial Cam 958,CAM-20-957,private_commercial,4K,southbound_exit,active,rtsp://streaming.internal.crimemind.net/live/cam-20-957,"{""fps"": 30, ""night_vision_ir"": true, ""pan_tilt_zoom"": true}",2021-01-01T00:00:00,2021-01-01T00:00:00
a297b283-6976-4c46-a54c-6c9c2c9a40ca,a18fbdc6-b4c6-4e37-a8c7-51cec9f7b232,Northshore Heights Atm Surveillance Cam 959,CAM-20-958,atm_surveillance,1080p,pedestrian_walkway,active,rtsp://streaming.internal.crimemind.net/live/cam-20-958,"{""fps"": 30, ""night_vision_ir"": true, ""pan_tilt_zoom"": false}",2021-01-01T00:00:00,2021-01-01T00:00:00
f32bb41c-e53e-4cfd-a73d-9a5d9a72f363,95f80194-24c6-43ed-8284-1e1550b18b5e,Midtown Financial Plaza Traffic Police Cam 960,CAM-20-959,traffic_police,1080p,northbound_entry,active,rtsp://streaming.internal.crimemind.net/live/cam-20-959,"{""fps"": 30, ""night_vision_ir"": true, ""pan_tilt_zoom"": false}",2021-01-01T00:00:00,2021-01-01T00:00:00
88443ed4-e455-4305-84c1-b99ab919f1f1,9ed24808-87a3-4365-beb0-054dd8892367,Industrial Waterfront & Port Traffic Police Cam 961,CAM-20-960,traffic_police,720p,southbound_exit,active,rtsp://streaming.internal.crimemind.net/live/cam-20-960,"{""fps"": 30, ""night_vision_ir"": true, ""pan_tilt_zoom"": true}",2021-01-01T00:00:00,2021-01-01T00:00:00
67c99222-5558-4a14-a081-31a46df237e2,b924cfec-9131-4e68-8a37-b8aabb1ba143,Silver Lake Tech Park Residential Ring Cam 962,CAM-20-961,residential_ring,1080p,northbound_entry,active,rtsp://streaming.internal.crimemind.net/live/cam-20-961,"{""fps"": 30, ""night_vision_ir"": true, ""pan_tilt_zoom"": false}",2021-01-01T00:00:00,2021-01-01T00:00:00
3b993ba3-ea22-433c-bcff-5ca654f7892a,f3cb7a21-e20e-4b35-bac9-7f6d7914d4bc,Harbor Point Terminal Residential Ring Cam 963,CAM-20-962,residential_ring,720p,northbound_entry,active,rtsp://streaming.internal.crimemind.net/live/cam-20-962,"{""fps"": 30, ""night_vision_ir"": true, ""pan_tilt_zoom"": false}",2021-01-01T00:00:00,2021-01-01T00:00:00
c601d6e1-a505-451c-8bad-dd304c9d6c6c,a7440253-2527-4ea4-83b3-3364aeb8a8c3,Eastside Arts Corridor Atm Surveillance Cam 964,CAM-20-963,atm_surveillance,720p,360_degree_dome,active,rtsp://streaming.internal.crimemind.net/live/cam-20-963,"{""fps"": 30, ""night_vision_ir"": true, ""pan_tilt_zoom"": true}",2021-01-01T00:00:00,2021-01-01T00:00:00
8c33b960-7fd3-43b2-a8cf-d7db51aee26b,91c4f57d-5201-4210-891e-a449b46701b3,Silver Lake Tech Park Private Commercial Cam 965,CAM-20-964,private_commercial,1080p,northbound_entry,active,rtsp://streaming.internal.crimemind.net/live/cam-20-964,"{""fps"": 30, ""night_vision_ir"": true, ""pan_tilt_zoom"": false}",2021-01-01T00:00:00,2021-01-01T00:00:00
7a0d097a-09af-42f6-9e96-1d232138268d,e1d4010e-be02-4bfd-9904-256f1a458a21,Midtown Financial Plaza Highway Toll Cam 966,CAM-20-965,highway_toll,720p,360_degree_dome,active,rtsp://streaming.internal.crimemind.net/live/cam-20-965,"{""fps"": 30, ""night_vision_ir"": true, ""pan_tilt_zoom"": false}",2021-01-01T00:00:00,2021-01-01T00:00:00
27f139c9-abcf-431b-9330-e08ed7b41770,eb415af0-cc09-4092-a29d-46b96a996e47,Northshore Heights Highway Toll Cam 967,CAM-20-966,highway_toll,1080p,360_degree_dome,active,rtsp://streaming.internal.crimemind.net/live/cam-20-966,"{""fps"": 30, ""night_vision_ir"": true, ""pan_tilt_zoom"": true}",2021-01-01T00:00:00,2021-01-01T00:00:00
d8f04777-e8ba-4182-bcb1-92579e7891fa,0161450c-a14c-4a4e-89a5-7c03328a9149,Downtown Commercial District Subway Transit Cam 968,CAM-20-967,subway_transit,1080p,vault_corridor,active,rtsp://streaming.internal.crimemind.net/live/cam-20-967,"{""fps"": 30, ""night_vision_ir"": true, ""pan_tilt_zoom"": false}",2021-01-01T00:00:00,2021-01-01T00:00:00
1808154a-8e67-428c-9cec-13ba1007c667,6a6a7adc-9056-4931-b116-ba8e97b1763b,Harbor Point Terminal Residential Ring Cam 969,CAM-20-968,residential_ring,1080p,360_degree_dome,active,rtsp://streaming.internal.crimemind.net/live/cam-20-968,"{""fps"": 30, ""night_vision_ir"": true, ""pan_tilt_zoom"": false}",2021-01-01T00:00:00,2021-01-01T00:00:00
617e661f-af79-472a-a2c6-1e10492e913d,f28a940f-a528-48e9-8ad6-3d38e51fa804,Industrial Waterfront & Port Traffic Police Cam 970,CAM-20-969,traffic_police,1080p,southbound_exit,active,rtsp://streaming.internal.crimemind.net/live/cam-20-969,"{""fps"": 30, ""night_vision_ir"": true, ""pan_tilt_zoom"": true}",2021-01-01T00:00:00,2021-01-01T00:00:00
054f56fe-d639-4dd6-a0a2-a19c8400d68f,465265ed-d998-4491-b061-657418fefe00,Midtown Financial Plaza Municipal Surveillance Cam 971,CAM-20-970,municipal_surveillance,4K,pedestrian_walkway,active,rtsp://streaming.internal.crimemind.net/live/cam-20-970,"{""fps"": 30, ""night_vision_ir"": true, ""pan_tilt_zoom"": false}",2021-01-01T00:00:00,2021-01-01T00:00:00
e602ae17-2277-489b-af44-cad644e8991f,ba5904b6-21f7-47c6-8743-7a91b8250b5f,Old Town Heritage Ward Traffic Police Cam 972,CAM-20-971,traffic_police,4K,northbound_entry,active,rtsp://streaming.internal.crimemind.net/live/cam-20-971,"{""fps"": 30, ""night_vision_ir"": true, ""pan_tilt_zoom"": false}",2021-01-01T00:00:00,2021-01-01T00:00:00
fdc1e5d4-570e-4c8f-9b3d-fe6427eb7287,65fe16d2-dab4-4e9c-8e7c-e4f222206d3d,Harbor Point Terminal Subway Transit Cam 973,CAM-20-972,subway_transit,1080p,vault_corridor,active,rtsp://streaming.internal.crimemind.net/live/cam-20-972,"{""fps"": 30, ""night_vision_ir"": true, ""pan_tilt_zoom"": true}",2021-01-01T00:00:00,2021-01-01T00:00:00
9660baf0-b789-4ec9-ad82-4a8be0033cd3,bfb9eafe-130b-401c-9e20-b074e4703d37,Old Town Heritage Ward Atm Surveillance Cam 974,CAM-20-973,atm_surveillance,1080p,vault_corridor,active,rtsp://streaming.internal.crimemind.net/live/cam-20-973,"{""fps"": 30, ""night_vision_ir"": true, ""pan_tilt_zoom"": false}",2021-01-01T00:00:00,2021-01-01T00:00:00
61f5f7c9-1171-4a76-bf90-9acd929312d4,e176010a-1514-4746-b122-0395fbb7d31e,West End Suburbs Subway Transit Cam 975,CAM-20-974,subway_transit,4K,southbound_exit,active,rtsp://streaming.internal.crimemind.net/live/cam-20-974,"{""fps"": 30, ""night_vision_ir"": true, ""pan_tilt_zoom"": false}",2021-01-01T00:00:00,2021-01-01T00:00:00
d34028cb-781b-4cdb-9e92-387009880551,af7e60f4-2f96-48a4-92b1-fc329852a38f,Industrial Waterfront & Port Subway Transit Cam 976,CAM-20-975,subway_transit,4K,northbound_entry,active,rtsp://streaming.internal.crimemind.net/live/cam-20-975,"{""fps"": 30, ""night_vision_ir"": true, ""pan_tilt_zoom"": true}",2021-01-01T00:00:00,2021-01-01T00:00:00
6fa5774e-fbdb-4588-868e-072196164d6f,fd9f09aa-5a15-48b3-b6fc-23bc5d1dc57e,Downtown Commercial District Highway Toll Cam 977,CAM-20-976,highway_toll,4K,southbound_exit,active,rtsp://streaming.internal.crimemind.net/live/cam-20-976,"{""fps"": 30, ""night_vision_ir"": true, ""pan_tilt_zoom"": false}",2021-01-01T00:00:00,2021-01-01T00:00:00
5ad8a686-efce-45d0-85e8-b04b27bd0696,28bf4f62-6e16-4375-aa82-df203c77ed77,West End Suburbs Private Commercial Cam 978,CAM-20-977,private_commercial,720p,vault_corridor,offline,rtsp://streaming.internal.crimemind.net/live/cam-20-977,"{""fps"": 30, ""night_vision_ir"": true, ""pan_tilt_zoom"": false}",2021-01-01T00:00:00,2021-01-01T00:00:00
d69215a2-53d3-4b75-9471-37fac63df8a3,a5364309-fb09-4f17-a7bc-8544f269b2fd,South Bay Logistics Hub Residential Ring Cam 979,CAM-20-978,residential_ring,1080p,northbound_entry,active,rtsp://streaming.internal.crimemind.net/live/cam-20-978,"{""fps"": 30, ""night_vision_ir"": true, ""pan_tilt_zoom"": true}",2021-01-01T00:00:00,2021-01-01T00:00:00
fccd99b6-d78a-4aca-83b1-f2132316ef3d,d90e3187-6878-4ff4-ad60-abc10a4fba99,Eastside Arts Corridor Municipal Surveillance Cam 980,CAM-20-979,municipal_surveillance,1080p,southbound_exit,active,rtsp://streaming.internal.crimemind.net/live/cam-20-979,"{""fps"": 30, ""night_vision_ir"": true, ""pan_tilt_zoom"": false}",2021-01-01T00:00:00,2021-01-01T00:00:00
11b02d52-5505-4748-a7e8-0cc2c3f4c601,978149f8-a71a-4cd9-bbe9-354cb86df6a7,Midtown Financial Plaza Traffic Police Cam 981,CAM-20-980,traffic_police,1080p,360_degree_dome,active,rtsp://streaming.internal.crimemind.net/live/cam-20-980,"{""fps"": 30, ""night_vision_ir"": true, ""pan_tilt_zoom"": false}",2021-01-01T00:00:00,2021-01-01T00:00:00
712348b4-b58f-4e64-8d63-b65aa49b4c71,3b07e5e7-a8c5-4275-84f7-e947e987bb8d,Silver Lake Tech Park Traffic Police Cam 982,CAM-20-981,traffic_police,720p,northbound_entry,active,rtsp://streaming.internal.crimemind.net/live/cam-20-981,"{""fps"": 30, ""night_vision_ir"": true, ""pan_tilt_zoom"": true}",2021-01-01T00:00:00,2021-01-01T00:00:00
64e13564-9210-486f-87fd-d298fc7ee736,baa399a6-26fd-446c-a57e-5b3a9435dfb5,Old Town Heritage Ward Residential Ring Cam 983,CAM-20-982,residential_ring,4K,pedestrian_walkway,active,rtsp://streaming.internal.crimemind.net/live/cam-20-982,"{""fps"": 30, ""night_vision_ir"": true, ""pan_tilt_zoom"": false}",2021-01-01T00:00:00,2021-01-01T00:00:00
c9e827bd-9f66-4d8b-bf92-7b9eae1f4942,e16b0a1d-520e-4131-86c4-03b667bd1bbe,Harbor Point Terminal Traffic Police Cam 984,CAM-20-983,traffic_police,1080p,360_degree_dome,active,rtsp://streaming.internal.crimemind.net/live/cam-20-983,"{""fps"": 30, ""night_vision_ir"": true, ""pan_tilt_zoom"": false}",2021-01-01T00:00:00,2021-01-01T00:00:00
3be85cde-ec5b-419a-b9e8-b2f002b6fe0d,35323ddf-26f0-40e7-a0e7-8a4cf64800cb,Midtown Financial Plaza Traffic Police Cam 985,CAM-20-984,traffic_police,720p,360_degree_dome,active,rtsp://streaming.internal.crimemind.net/live/cam-20-984,"{""fps"": 30, ""night_vision_ir"": true, ""pan_tilt_zoom"": true}",2021-01-01T00:00:00,2021-01-01T00:00:00
7059a2ad-db76-4a82-a9e2-418a8ccb905d,71304eb6-570a-49c0-b794-d03f5ebce7fa,Northshore Heights Subway Transit Cam 986,CAM-20-985,subway_transit,4K,northbound_entry,active,rtsp://streaming.internal.crimemind.net/live/cam-20-985,"{""fps"": 30, ""night_vision_ir"": true, ""pan_tilt_zoom"": false}",2021-01-01T00:00:00,2021-01-01T00:00:00
1229ed44-b406-4023-8700-069a3ddc5528,1020c4b7-55c2-4a49-af2a-0cb0f865b162,Northshore Heights Highway Toll Cam 987,CAM-20-986,highway_toll,1080p,360_degree_dome,active,rtsp://streaming.internal.crimemind.net/live/cam-20-986,"{""fps"": 30, ""night_vision_ir"": true, ""pan_tilt_zoom"": false}",2021-01-01T00:00:00,2021-01-01T00:00:00
3b590494-d795-444f-8cd9-96ae9a5ba9b5,7614c35f-0dec-4cbf-b101-fb0072ef57ab,Harbor Point Terminal Private Commercial Cam 988,CAM-20-987,private_commercial,1080p,vault_corridor,active,rtsp://streaming.internal.crimemind.net/live/cam-20-987,"{""fps"": 30, ""night_vision_ir"": true, ""pan_tilt_zoom"": true}",2021-01-01T00:00:00,2021-01-01T00:00:00
2f46968e-732b-47e6-b997-e3784cb9664c,a7c394d1-2b6d-4e28-963c-d0c0e836844f,Northshore Heights Private Commercial Cam 989,CAM-20-988,private_commercial,1080p,vault_corridor,active,rtsp://streaming.internal.crimemind.net/live/cam-20-988,"{""fps"": 30, ""night_vision_ir"": true, ""pan_tilt_zoom"": false}",2021-01-01T00:00:00,2021-01-01T00:00:00
a36af4a6-fa2c-4486-97fa-e1dcd2052969,26b757aa-14b0-45ce-810b-bde67110bea6,Silver Lake Tech Park Traffic Police Cam 990,CAM-20-989,traffic_police,1080p,southbound_exit,active,rtsp://streaming.internal.crimemind.net/live/cam-20-989,"{""fps"": 30, ""night_vision_ir"": true, ""pan_tilt_zoom"": false}",2021-01-01T00:00:00,2021-01-01T00:00:00
3473f8df-37ff-4325-95b1-fcb3166a1d31,f425102f-0a0d-4c8c-9442-012d9862dcc9,Midtown Financial Plaza Residential Ring Cam 991,CAM-20-990,residential_ring,1080p,360_degree_dome,active,rtsp://streaming.internal.crimemind.net/live/cam-20-990,"{""fps"": 30, ""night_vision_ir"": true, ""pan_tilt_zoom"": true}",2021-01-01T00:00:00,2021-01-01T00:00:00
ab1a72ee-2417-406f-bcda-764975cdd7a6,45c1071e-f883-4c52-9ad7-a404339a65e3,Silver Lake Tech Park Atm Surveillance Cam 992,CAM-20-991,atm_surveillance,4K,pedestrian_walkway,active,rtsp://streaming.internal.crimemind.net/live/cam-20-991,"{""fps"": 30, ""night_vision_ir"": true, ""pan_tilt_zoom"": false}",2021-01-01T00:00:00,2021-01-01T00:00:00
7733b758-f032-450c-ae21-72c3dcc600bd,289091b6-6065-4659-a275-7c7eb2ffb349,Silver Lake Tech Park Atm Surveillance Cam 993,CAM-20-992,atm_surveillance,1080p,360_degree_dome,offline,rtsp://streaming.internal.crimemind.net/live/cam-20-992,"{""fps"": 30, ""night_vision_ir"": true, ""pan_tilt_zoom"": false}",2021-01-01T00:00:00,2021-01-01T00:00:00
cdecf4a0-429a-4326-9304-0ec11e5adbec,e58dde3d-0573-4d8d-9e60-390de7ff8ddd,Old Town Heritage Ward Traffic Police Cam 994,CAM-20-993,traffic_police,720p,pedestrian_walkway,active,rtsp://streaming.internal.crimemind.net/live/cam-20-993,"{""fps"": 30, ""night_vision_ir"": true, ""pan_tilt_zoom"": true}",2021-01-01T00:00:00,2021-01-01T00:00:00
8f4f61e5-8ffb-4140-abfa-dc6c40fb2896,0df3f1c6-24b2-4129-a6cb-5172bed28809,Midtown Financial Plaza Highway Toll Cam 995,CAM-20-994,highway_toll,1080p,southbound_exit,active,rtsp://streaming.internal.crimemind.net/live/cam-20-994,"{""fps"": 30, ""night_vision_ir"": true, ""pan_tilt_zoom"": false}",2021-01-01T00:00:00,2021-01-01T00:00:00
5f6572eb-c196-4cd2-b83a-bd9357311426,fb11200c-c653-4d44-b32f-bc6677e62785,Downtown Commercial District Private Commercial Cam 996,CAM-20-995,private_commercial,720p,southbound_exit,offline,rtsp://streaming.internal.crimemind.net/live/cam-20-995,"{""fps"": 30, ""night_vision_ir"": true, ""pan_tilt_zoom"": false}",2021-01-01T00:00:00,2021-01-01T00:00:00
ab58d4cd-bb64-45f9-ad0f-11d34478417b,300b126f-5c6b-4ee2-bbd8-68bc58337be5,Harbor Point Terminal Municipal Surveillance Cam 997,CAM-20-996,municipal_surveillance,1080p,pedestrian_walkway,active,rtsp://streaming.internal.crimemind.net/live/cam-20-996,"{""fps"": 30, ""night_vision_ir"": true, ""pan_tilt_zoom"": true}",2021-01-01T00:00:00,2021-01-01T00:00:00
e69c0520-2443-47a7-a9c4-da33d8b88f19,d76e9671-3ae3-47eb-ab10-c8cddf371980,South Bay Logistics Hub Traffic Police Cam 998,CAM-20-997,traffic_police,720p,southbound_exit,active,rtsp://streaming.internal.crimemind.net/live/cam-20-997,"{""fps"": 30, ""night_vision_ir"": true, ""pan_tilt_zoom"": false}",2021-01-01T00:00:00,2021-01-01T00:00:00
2d1fa8fb-65f5-4bab-8da6-a937319bf524,0f66bcfd-7080-4d2e-ac20-744f6c7822e2,South Bay Logistics Hub Atm Surveillance Cam 999,CAM-20-998,atm_surveillance,720p,vault_corridor,active,rtsp://streaming.internal.crimemind.net/live/cam-20-998,"{""fps"": 30, ""night_vision_ir"": true, ""pan_tilt_zoom"": false}",2021-01-01T00:00:00,2021-01-01T00:00:00
0c30a1c7-2c5d-42fe-829a-a4cafd1517bf,9d7a71a8-a620-488b-9a23-d54de7ba3ed4,Harbor Point Terminal Municipal Surveillance Cam 1000,CAM-20-999,municipal_surveillance,1080p,vault_corridor,active,rtsp://streaming.internal.crimemind.net/live/cam-20-999,"{""fps"": 30, ""night_vision_ir"": true, ""pan_tilt_zoom"": true}",2021-01-01T00:00:00,2021-01-01T00:00:00
d1819da4-4b27-416c-a095-1e23ae9193bc,06c8d048-9753-4e41-9b8a-69ad1c0ce0cd,South Bay Logistics Hub Atm Surveillance Cam 1001,CAM-21-000,atm_surveillance,1080p,360_degree_dome,maintenance,rtsp://streaming.internal.crimemind.net/live/cam-21-000,"{""fps"": 30, ""night_vision_ir"": true, ""pan_tilt_zoom"": false}",2021-01-01T00:00:00,2021-01-01T00:00:00
7e6eabab-a0a7-4ccf-9503-f231cfaaf55b,59aa96b4-2fee-4c5d-8b1b-fa3f23c13290,Northshore Heights Private Commercial Cam 1002,CAM-21-001,private_commercial,720p,pedestrian_walkway,active,rtsp://streaming.internal.crimemind.net/live/cam-21-001,"{""fps"": 30, ""night_vision_ir"": true, ""pan_tilt_zoom"": false}",2021-01-01T00:00:00,2021-01-01T00:00:00
11aa76bc-a48e-4b42-b5b8-e91b114ccdce,e43f5fee-cf94-42bb-bdf2-3bde8f98b05e,South Bay Logistics Hub Private Commercial Cam 1003,CAM-21-002,private_commercial,720p,pedestrian_walkway,active,rtsp://streaming.internal.crimemind.net/live/cam-21-002,"{""fps"": 30, ""night_vision_ir"": true, ""pan_tilt_zoom"": true}",2021-01-01T00:00:00,2021-01-01T00:00:00
836351f9-3542-465b-b9c1-efa0609a6d76,36021d23-412e-4915-814d-5fa94b0f4f28,Midtown Financial Plaza Municipal Surveillance Cam 1004,CAM-21-003,municipal_surveillance,720p,pedestrian_walkway,active,rtsp://streaming.internal.crimemind.net/live/cam-21-003,"{""fps"": 30, ""night_vision_ir"": true, ""pan_tilt_zoom"": false}",2021-01-01T00:00:00,2021-01-01T00:00:00
4abb52b9-5b81-461c-bc60-3ceb6a03c2f6,7b73abbf-1ea2-4e92-b19e-914a98eca966,West End Suburbs Traffic Police Cam 1005,CAM-21-004,traffic_police,4K,360_degree_dome,active,rtsp://streaming.internal.crimemind.net/live/cam-21-004,"{""fps"": 30, ""night_vision_ir"": true, ""pan_tilt_zoom"": false}",2021-01-01T00:00:00,2021-01-01T00:00:00
e448bbdc-47a6-4356-8834-848542342d04,e5143d8f-f9a5-4f40-9d0a-0bc5ab74e41f,Midtown Financial Plaza Municipal Surveillance Cam 1006,CAM-21-005,municipal_surveillance,1080p,pedestrian_walkway,active,rtsp://streaming.internal.crimemind.net/live/cam-21-005,"{""fps"": 30, ""night_vision_ir"": true, ""pan_tilt_zoom"": true}",2021-01-01T00:00:00,2021-01-01T00:00:00
37163ee0-679c-490d-90de-e4bba016e23e,de798fb8-83f5-473d-91e6-bef3cb719053,Midtown Financial Plaza Highway Toll Cam 1007,CAM-21-006,highway_toll,1080p,southbound_exit,active,rtsp://streaming.internal.crimemind.net/live/cam-21-006,"{""fps"": 30, ""night_vision_ir"": true, ""pan_tilt_zoom"": false}",2021-01-01T00:00:00,2021-01-01T00:00:00
273a8615-4518-445b-a623-7c2204351834,66d605ca-aa34-4407-8905-8fa1afcb8b55,Silver Lake Tech Park Private Commercial Cam 1008,CAM-21-007,private_commercial,4K,southbound_exit,active,rtsp://streaming.internal.crimemind.net/live/cam-21-007,"{""fps"": 30, ""night_vision_ir"": true, ""pan_tilt_zoom"": false}",2021-01-01T00:00:00,2021-01-01T00:00:00
8a8b0a61-225c-4e2a-bd84-7c6d6fa50ad8,71774b8a-77c8-43c4-b5f6-1ea3907cb199,South Bay Logistics Hub Private Commercial Cam 1009,CAM-21-008,private_commercial,720p,southbound_exit,active,rtsp://streaming.internal.crimemind.net/live/cam-21-008,"{""fps"": 30, ""night_vision_ir"": true, ""pan_tilt_zoom"": true}",2021-01-01T00:00:00,2021-01-01T00:00:00
29f389f6-90bd-461b-a1b4-dddca5d75ed0,0e2c616b-16a4-40b7-80c9-126bf96b936e,Downtown Commercial District Traffic Police Cam 1010,CAM-21-009,traffic_police,1080p,pedestrian_walkway,active,rtsp://streaming.internal.crimemind.net/live/cam-21-009,"{""fps"": 30, ""night_vision_ir"": true, ""pan_tilt_zoom"": false}",2021-01-01T00:00:00,2021-01-01T00:00:00
af1c9577-d55e-4c6a-8876-0ce6afd1fd9f,7256c576-bdac-4caf-9de6-4e21b0abde47,Downtown Commercial District Highway Toll Cam 1011,CAM-21-010,highway_toll,720p,360_degree_dome,active,rtsp://streaming.internal.crimemind.net/live/cam-21-010,"{""fps"": 30, ""night_vision_ir"": true, ""pan_tilt_zoom"": false}",2021-01-01T00:00:00,2021-01-01T00:00:00
55acbd3b-0183-46bc-8670-015ed4a6d36e,28dfe2aa-b503-4bc1-9f02-411396384a0f,Industrial Waterfront & Port Subway Transit Cam 1012,CAM-21-011,subway_transit,4K,southbound_exit,active,rtsp://streaming.internal.crimemind.net/live/cam-21-011,"{""fps"": 30, ""night_vision_ir"": true, ""pan_tilt_zoom"": true}",2021-01-01T00:00:00,2021-01-01T00:00:00
a1aeb30d-1714-4e9d-a479-25774f7f466e,79f75138-4cb8-4cf7-9e7b-e29a6a6e4757,Harbor Point Terminal Subway Transit Cam 1013,CAM-21-012,subway_transit,1080p,pedestrian_walkway,active,rtsp://streaming.internal.crimemind.net/live/cam-21-012,"{""fps"": 30, ""night_vision_ir"": true, ""pan_tilt_zoom"": false}",2021-01-01T00:00:00,2021-01-01T00:00:00
79dbcfe1-2386-45b6-90fd-3046a04f2999,a781052a-6a3d-4f98-b09e-ee0cabab9845,Midtown Financial Plaza Subway Transit Cam 1014,CAM-21-013,subway_transit,4K,pedestrian_walkway,active,rtsp://streaming.internal.crimemind.net/live/cam-21-013,"{""fps"": 30, ""night_vision_ir"": true, ""pan_tilt_zoom"": false}",2021-01-01T00:00:00,2021-01-01T00:00:00
047ac32f-8fb1-4ef7-b281-3a0ece25cc6c,61cebaa2-3797-4c06-87e1-ec72036bd981,West End Suburbs Private Commercial Cam 1015,CAM-21-014,private_commercial,1080p,pedestrian_walkway,active,rtsp://streaming.internal.crimemind.net/live/cam-21-014,"{""fps"": 30, ""night_vision_ir"": true, ""pan_tilt_zoom"": true}",2021-01-01T00:00:00,2021-01-01T00:00:00
32275c27-6a8c-48bf-adda-6e816c227976,5ca3be26-8ec2-4bca-9b22-9c1b2577f397,Northshore Heights Traffic Police Cam 1016,CAM-21-015,traffic_police,1080p,360_degree_dome,active,rtsp://streaming.internal.crimemind.net/live/cam-21-015,"{""fps"": 30, ""night_vision_ir"": true, ""pan_tilt_zoom"": false}",2021-01-01T00:00:00,2021-01-01T00:00:00
5d5ef401-601e-4874-9b7b-1a3bbd9c2e4c,ee6fc55b-3aa7-4f54-a23b-548ebe0f1764,Old Town Heritage Ward Private Commercial Cam 1017,CAM-21-016,private_commercial,1080p,vault_corridor,active,rtsp://streaming.internal.crimemind.net/live/cam-21-016,"{""fps"": 30, ""night_vision_ir"": true, ""pan_tilt_zoom"": false}",2021-01-01T00:00:00,2021-01-01T00:00:00
d648a252-a2f6-4ec1-a5bc-eab4fd3243c4,daefcb8b-1951-455f-99b5-37607132513c,Old Town Heritage Ward Atm Surveillance Cam 1018,CAM-21-017,atm_surveillance,1080p,northbound_entry,active,rtsp://streaming.internal.crimemind.net/live/cam-21-017,"{""fps"": 30, ""night_vision_ir"": true, ""pan_tilt_zoom"": true}",2021-01-01T00:00:00,2021-01-01T00:00:00
82318619-eb0a-4311-832c-d8d1936ab79c,d3566229-cfce-4c09-9342-613860b92331,Old Town Heritage Ward Highway Toll Cam 1019,CAM-21-018,highway_toll,1080p,northbound_entry,active,rtsp://streaming.internal.crimemind.net/live/cam-21-018,"{""fps"": 30, ""night_vision_ir"": true, ""pan_tilt_zoom"": false}",2021-01-01T00:00:00,2021-01-01T00:00:00
147670ee-0a3f-4ed9-b174-eb29fe62b3e3,12ee9b77-3a2a-451c-ba3b-43334279da5f,Downtown Commercial District Private Commercial Cam 1020,CAM-21-019,private_commercial,720p,northbound_entry,maintenance,rtsp://streaming.internal.crimemind.net/live/cam-21-019,"{""fps"": 30, ""night_vision_ir"": true, ""pan_tilt_zoom"": false}",2021-01-01T00:00:00,2021-01-01T00:00:00
ff6793fb-a9f5-4f58-8b10-261fdf78c434,dc45ece8-a7b9-495a-9f77-f604cbcf31ab,Silver Lake Tech Park Highway Toll Cam 1021,CAM-21-020,highway_toll,1080p,vault_corridor,active,rtsp://streaming.internal.crimemind.net/live/cam-21-020,"{""fps"": 30, ""night_vision_ir"": true, ""pan_tilt_zoom"": true}",2021-01-01T00:00:00,2021-01-01T00:00:00
e3e7bcee-ccee-47d1-a34f-382e3493c76a,973272df-8f34-48f4-9894-e2c28672b1a7,Midtown Financial Plaza Private Commercial Cam 1022,CAM-21-021,private_commercial,4K,pedestrian_walkway,active,rtsp://streaming.internal.crimemind.net/live/cam-21-021,"{""fps"": 30, ""night_vision_ir"": true, ""pan_tilt_zoom"": false}",2021-01-01T00:00:00,2021-01-01T00:00:00
54f514eb-2e8d-4c4b-8ec4-07ac57dea180,fac8d5a0-cd8a-4cf2-b364-20a7c442473e,South Bay Logistics Hub Atm Surveillance Cam 1023,CAM-21-022,atm_surveillance,4K,southbound_exit,active,rtsp://streaming.internal.crimemind.net/live/cam-21-022,"{""fps"": 30, ""night_vision_ir"": true, ""pan_tilt_zoom"": false}",2021-01-01T00:00:00,2021-01-01T00:00:00
57f1c5a3-c69b-4fa8-8a95-90012c4b05d8,12256142-2ca2-47e4-9c30-9a3b96c61b14,Silver Lake Tech Park Highway Toll Cam 1024,CAM-21-023,highway_toll,4K,northbound_entry,active,rtsp://streaming.internal.crimemind.net/live/cam-21-023,"{""fps"": 30, ""night_vision_ir"": true, ""pan_tilt_zoom"": true}",2021-01-01T00:00:00,2021-01-01T00:00:00
fc704f27-51af-48a7-804e-b05817d7c25c,4a848185-1d79-4034-a6d3-dbf484cbe6d8,Midtown Financial Plaza Subway Transit Cam 1025,CAM-21-024,subway_transit,4K,northbound_entry,active,rtsp://streaming.internal.crimemind.net/live/cam-21-024,"{""fps"": 30, ""night_vision_ir"": true, ""pan_tilt_zoom"": false}",2021-01-01T00:00:00,2021-01-01T00:00:00
0ef24fcf-7171-4b1a-a059-c217028507c3,269abe40-71d6-48ef-8633-49cc918813a8,Old Town Heritage Ward Municipal Surveillance Cam 1026,CAM-21-025,municipal_surveillance,720p,pedestrian_walkway,active,rtsp://streaming.internal.crimemind.net/live/cam-21-025,"{""fps"": 30, ""night_vision_ir"": true, ""pan_tilt_zoom"": false}",2021-01-01T00:00:00,2021-01-01T00:00:00
426456f2-c553-40f5-b1ff-a76a11728031,8b81a015-59f7-40b1-b89a-d5a99c65483f,Eastside Arts Corridor Atm Surveillance Cam 1027,CAM-21-026,atm_surveillance,4K,pedestrian_walkway,active,rtsp://streaming.internal.crimemind.net/live/cam-21-026,"{""fps"": 30, ""night_vision_ir"": true, ""pan_tilt_zoom"": true}",2021-01-01T00:00:00,2021-01-01T00:00:00
c262746a-6bf8-4708-8480-98971ccf4f64,f87d9a92-d9f1-47cd-9130-e94a84f6064f,Midtown Financial Plaza Atm Surveillance Cam 1028,CAM-21-027,atm_surveillance,720p,vault_corridor,active,rtsp://streaming.internal.crimemind.net/live/cam-21-027,"{""fps"": 30, ""night_vision_ir"": true, ""pan_tilt_zoom"": false}",2021-01-01T00:00:00,2021-01-01T00:00:00
3d22f505-f132-4746-a754-1e05a4e2f456,32d0423e-30c9-4cfa-9ebe-ffcf74d4ff8e,Midtown Financial Plaza Subway Transit Cam 1029,CAM-21-028,subway_transit,1080p,southbound_exit,active,rtsp://streaming.internal.crimemind.net/live/cam-21-028,"{""fps"": 30, ""night_vision_ir"": true, ""pan_tilt_zoom"": false}",2021-01-01T00:00:00,2021-01-01T00:00:00
fae8c526-73d9-4f0f-b734-452072c967f9,e48eb733-8db3-4fcf-99b4-88716e0e3e66,Downtown Commercial District Residential Ring Cam 1030,CAM-21-029,residential_ring,1080p,southbound_exit,active,rtsp://streaming.internal.crimemind.net/live/cam-21-029,"{""fps"": 30, ""night_vision_ir"": true, ""pan_tilt_zoom"": true}",2021-01-01T00:00:00,2021-01-01T00:00:00
62a48f73-261f-4d6e-86bf-e244ce534b3b,0adfdc01-0192-4b90-a6ff-fc4a2f63215e,Northshore Heights Private Commercial Cam 1031,CAM-21-030,private_commercial,1080p,360_degree_dome,maintenance,rtsp://streaming.internal.crimemind.net/live/cam-21-030,"{""fps"": 30, ""night_vision_ir"": true, ""pan_tilt_zoom"": false}",2021-01-01T00:00:00,2021-01-01T00:00:00
acd42b53-37c0-4ce8-aa65-22dded68ee52,629c6c82-4fb8-487a-aefb-68b1bc360100,Industrial Waterfront & Port Private Commercial Cam 1032,CAM-21-031,private_commercial,4K,vault_corridor,active,rtsp://streaming.internal.crimemind.net/live/cam-21-031,"{""fps"": 30, ""night_vision_ir"": true, ""pan_tilt_zoom"": false}",2021-01-01T00:00:00,2021-01-01T00:00:00
ecc69883-bb96-40a8-b1a8-97c1fad15cf3,30b1c777-8d10-4af2-8fd2-3f4602447ab3,Old Town Heritage Ward Highway Toll Cam 1033,CAM-21-032,highway_toll,720p,vault_corridor,active,rtsp://streaming.internal.crimemind.net/live/cam-21-032,"{""fps"": 30, ""night_vision_ir"": true, ""pan_tilt_zoom"": true}",2021-01-01T00:00:00,2021-01-01T00:00:00
a7b0b76c-7314-4a29-971c-10cc39cfa629,9a4c0cbb-2814-4b6e-a8c9-e4b2a08423d9,Old Town Heritage Ward Subway Transit Cam 1034,CAM-21-033,subway_transit,1080p,vault_corridor,active,rtsp://streaming.internal.crimemind.net/live/cam-21-033,"{""fps"": 30, ""night_vision_ir"": true, ""pan_tilt_zoom"": false}",2021-01-01T00:00:00,2021-01-01T00:00:00
53f3f85d-1041-4a0b-9bcc-ff4313bb46a0,a8fe2f37-9f1d-46db-a8ea-93139a55e69a,Old Town Heritage Ward Residential Ring Cam 1035,CAM-21-034,residential_ring,1080p,vault_corridor,active,rtsp://streaming.internal.crimemind.net/live/cam-21-034,"{""fps"": 30, ""night_vision_ir"": true, ""pan_tilt_zoom"": false}",2021-01-01T00:00:00,2021-01-01T00:00:00
f143875d-6b1f-445d-97e2-2b70daa68025,bd711805-c39b-4126-a99d-6c27a6203551,Northshore Heights Atm Surveillance Cam 1036,CAM-21-035,atm_surveillance,720p,pedestrian_walkway,active,rtsp://streaming.internal.crimemind.net/live/cam-21-035,"{""fps"": 30, ""night_vision_ir"": true, ""pan_tilt_zoom"": true}",2021-01-01T00:00:00,2021-01-01T00:00:00
12053711-5f49-4078-9538-b5bca14110ba,1b5a9663-6c6a-4168-bb2e-3fbc653d4b5f,South Bay Logistics Hub Traffic Police Cam 1037,CAM-21-036,traffic_police,1080p,vault_corridor,active,rtsp://streaming.internal.crimemind.net/live/cam-21-036,"{""fps"": 30, ""night_vision_ir"": true, ""pan_tilt_zoom"": false}",2021-01-01T00:00:00,2021-01-01T00:00:00
4e12919e-aa27-472f-881c-80b6a4184472,cc0125bb-1144-4f56-8476-724551a4a2b6,Silver Lake Tech Park Private Commercial Cam 1038,CAM-21-037,private_commercial,720p,northbound_entry,active,rtsp://streaming.internal.crimemind.net/live/cam-21-037,"{""fps"": 30, ""night_vision_ir"": true, ""pan_tilt_zoom"": false}",2021-01-01T00:00:00,2021-01-01T00:00:00
defd1fb6-5241-40a3-b5d5-591572647ff3,71f79e55-30f2-4da4-a865-bb1052b54215,Old Town Heritage Ward Municipal Surveillance Cam 1039,CAM-21-038,municipal_surveillance,1080p,vault_corridor,active,rtsp://streaming.internal.crimemind.net/live/cam-21-038,"{""fps"": 30, ""night_vision_ir"": true, ""pan_tilt_zoom"": true}",2021-01-01T00:00:00,2021-01-01T00:00:00
08492ff7-7bda-4c2f-b8d8-5d87dec95b73,032462ee-985b-419f-ae68-87a557c7f157,Old Town Heritage Ward Subway Transit Cam 1040,CAM-21-039,subway_transit,720p,pedestrian_walkway,active,rtsp://streaming.internal.crimemind.net/live/cam-21-039,"{""fps"": 30, ""night_vision_ir"": true, ""pan_tilt_zoom"": false}",2021-01-01T00:00:00,2021-01-01T00:00:00
9d348f6e-df43-45cb-8e80-244c292ada4e,0122d678-1e74-4867-a3c4-df936b8fdf55,Midtown Financial Plaza Residential Ring Cam 1041,CAM-21-040,residential_ring,4K,pedestrian_walkway,active,rtsp://streaming.internal.crimemind.net/live/cam-21-040,"{""fps"": 30, ""night_vision_ir"": true, ""pan_tilt_zoom"": false}",2021-01-01T00:00:00,2021-01-01T00:00:00
bdb05f16-6a0e-42c2-9066-f026998800e8,f563ff93-a74b-4a1d-a6ea-062004a4564d,Old Town Heritage Ward Private Commercial Cam 1042,CAM-21-041,private_commercial,4K,vault_corridor,active,rtsp://streaming.internal.crimemind.net/live/cam-21-041,"{""fps"": 30, ""night_vision_ir"": true, ""pan_tilt_zoom"": true}",2021-01-01T00:00:00,2021-01-01T00:00:00
f2fa207f-a00a-4d74-9eb4-f839cd7f5ca3,fb11200c-c653-4d44-b32f-bc6677e62785,Downtown Commercial District Residential Ring Cam 1043,CAM-21-042,residential_ring,4K,vault_corridor,offline,rtsp://streaming.internal.crimemind.net/live/cam-21-042,"{""fps"": 30, ""night_vision_ir"": true, ""pan_tilt_zoom"": false}",2021-01-01T00:00:00,2021-01-01T00:00:00
aecaaca0-f5da-4079-bd8b-86b89bd55d41,3bceb79b-2066-4f55-8994-2e405aaeb9d9,Downtown Commercial District Highway Toll Cam 1044,CAM-21-043,highway_toll,1080p,vault_corridor,active,rtsp://streaming.internal.crimemind.net/live/cam-21-043,"{""fps"": 30, ""night_vision_ir"": true, ""pan_tilt_zoom"": false}",2021-01-01T00:00:00,2021-01-01T00:00:00
de46a82d-cc47-4cf7-b46f-f4ef2a40d548,cce4b417-fa97-4538-9b82-fee15e1b9d9e,West End Suburbs Atm Surveillance Cam 1045,CAM-21-044,atm_surveillance,1080p,360_degree_dome,active,rtsp://streaming.internal.crimemind.net/live/cam-21-044,"{""fps"": 30, ""night_vision_ir"": true, ""pan_tilt_zoom"": true}",2021-01-01T00:00:00,2021-01-01T00:00:00
80c41b5a-cf00-4ed9-b3a8-71370d5e5637,2d11f458-bca3-4d7d-af4a-0e828e215560,Silver Lake Tech Park Residential Ring Cam 1046,CAM-21-045,residential_ring,4K,northbound_entry,active,rtsp://streaming.internal.crimemind.net/live/cam-21-045,"{""fps"": 30, ""night_vision_ir"": true, ""pan_tilt_zoom"": false}",2021-01-01T00:00:00,2021-01-01T00:00:00
5104a823-f8c4-488d-8a3f-c7363d98e56d,fe09376a-f832-409b-9b7a-3a211983cd94,Midtown Financial Plaza Highway Toll Cam 1047,CAM-21-046,highway_toll,4K,360_degree_dome,active,rtsp://streaming.internal.crimemind.net/live/cam-21-046,"{""fps"": 30, ""night_vision_ir"": true, ""pan_tilt_zoom"": false}",2021-01-01T00:00:00,2021-01-01T00:00:00
c8a7df12-2640-466d-998e-179035c8a9ba,d76e9671-3ae3-47eb-ab10-c8cddf371980,South Bay Logistics Hub Subway Transit Cam 1048,CAM-21-047,subway_transit,1080p,southbound_exit,active,rtsp://streaming.internal.crimemind.net/live/cam-21-047,"{""fps"": 30, ""night_vision_ir"": true, ""pan_tilt_zoom"": true}",2021-01-01T00:00:00,2021-01-01T00:00:00
390c7a96-3248-420f-85c9-bc7826828913,460bbc7c-034a-43e8-9bbe-482c08f5b433,Midtown Financial Plaza Atm Surveillance Cam 1049,CAM-21-048,atm_surveillance,720p,pedestrian_walkway,active,rtsp://streaming.internal.crimemind.net/live/cam-21-048,"{""fps"": 30, ""night_vision_ir"": true, ""pan_tilt_zoom"": false}",2021-01-01T00:00:00,2021-01-01T00:00:00
429f68ae-eb1f-4c34-8cc7-3682d66172d2,c724ce62-7333-4545-9bec-1aff8ee68324,Northshore Heights Traffic Police Cam 1050,CAM-21-049,traffic_police,1080p,northbound_entry,active,rtsp://streaming.internal.crimemind.net/live/cam-21-049,"{""fps"": 30, ""night_vision_ir"": true, ""pan_tilt_zoom"": false}",2021-01-01T00:00:00,2021-01-01T00:00:00
97df113b-fc8b-4a54-b69f-234fb1a348dd,0ffd516f-a045-467a-9b9e-ded290e32060,Silver Lake Tech Park Traffic Police Cam 1051,CAM-22-050,traffic_police,720p,southbound_exit,active,rtsp://streaming.internal.crimemind.net/live/cam-22-050,"{""fps"": 30, ""night_vision_ir"": true, ""pan_tilt_zoom"": true}",2021-01-01T00:00:00,2021-01-01T00:00:00
c1c7f057-a389-456c-8c5b-04eafc17c5ae,12b5a69c-1dc7-4e27-b3b4-22b5651e214c,Industrial Waterfront & Port Private Commercial Cam 1052,CAM-22-051,private_commercial,720p,northbound_entry,active,rtsp://streaming.internal.crimemind.net/live/cam-22-051,"{""fps"": 30, ""night_vision_ir"": true, ""pan_tilt_zoom"": false}",2021-01-01T00:00:00,2021-01-01T00:00:00
ad0fc413-e201-4d88-bf0f-fc7d55caf684,7af2277f-631a-48f6-bcf4-b99bf94c1fa7,South Bay Logistics Hub Private Commercial Cam 1053,CAM-22-052,private_commercial,720p,360_degree_dome,active,rtsp://streaming.internal.crimemind.net/live/cam-22-052,"{""fps"": 30, ""night_vision_ir"": true, ""pan_tilt_zoom"": false}",2021-01-01T00:00:00,2021-01-01T00:00:00
6fbaa290-ae1b-461e-9ddc-580a37717fe6,5d96f792-223e-469c-926a-01d3eae09198,South Bay Logistics Hub Atm Surveillance Cam 1054,CAM-22-053,atm_surveillance,1080p,vault_corridor,active,rtsp://streaming.internal.crimemind.net/live/cam-22-053,"{""fps"": 30, ""night_vision_ir"": true, ""pan_tilt_zoom"": true}",2021-01-01T00:00:00,2021-01-01T00:00:00
14c00421-b224-49f7-9d5e-345acff4dafb,59aa5164-0cf3-4086-b694-cde908cea4b9,Downtown Commercial District Municipal Surveillance Cam 1055,CAM-22-054,municipal_surveillance,4K,360_degree_dome,maintenance,rtsp://streaming.internal.crimemind.net/live/cam-22-054,"{""fps"": 30, ""night_vision_ir"": true, ""pan_tilt_zoom"": false}",2021-01-01T00:00:00,2021-01-01T00:00:00
a641a92f-9bb5-4899-8b2c-ac1a78b81d99,182c962f-0dac-4dee-8aa3-834c6c111423,West End Suburbs Municipal Surveillance Cam 1056,CAM-22-055,municipal_surveillance,1080p,southbound_exit,active,rtsp://streaming.internal.crimemind.net/live/cam-22-055,"{""fps"": 30, ""night_vision_ir"": true, ""pan_tilt_zoom"": false}",2021-01-01T00:00:00,2021-01-01T00:00:00
5fb0f546-ffcb-4b6b-b114-63823ed00362,032462ee-985b-419f-ae68-87a557c7f157,Old Town Heritage Ward Highway Toll Cam 1057,CAM-22-056,highway_toll,1080p,360_degree_dome,maintenance,rtsp://streaming.internal.crimemind.net/live/cam-22-056,"{""fps"": 30, ""night_vision_ir"": true, ""pan_tilt_zoom"": true}",2021-01-01T00:00:00,2021-01-01T00:00:00
9a2e47e5-fa7a-48e2-8d4d-f34b97c1a7f7,71c3f41f-047f-47cd-95dc-a996c2ca4517,Industrial Waterfront & Port Subway Transit Cam 1058,CAM-22-057,subway_transit,720p,northbound_entry,active,rtsp://streaming.internal.crimemind.net/live/cam-22-057,"{""fps"": 30, ""night_vision_ir"": true, ""pan_tilt_zoom"": false}",2021-01-01T00:00:00,2021-01-01T00:00:00
8d5aafe0-31ba-42e3-8999-80e587fb14ce,aa7c7699-dcc3-475e-af21-7b5f9b468794,Silver Lake Tech Park Municipal Surveillance Cam 1059,CAM-22-058,municipal_surveillance,4K,vault_corridor,active,rtsp://streaming.internal.crimemind.net/live/cam-22-058,"{""fps"": 30, ""night_vision_ir"": true, ""pan_tilt_zoom"": false}",2021-01-01T00:00:00,2021-01-01T00:00:00
6f9d0913-411e-472b-91a1-56725b2ff45f,23b5463e-4ab0-40e4-a86c-d7b0133bf507,Northshore Heights Residential Ring Cam 1060,CAM-22-059,residential_ring,4K,vault_corridor,active,rtsp://streaming.internal.crimemind.net/live/cam-22-059,"{""fps"": 30, ""night_vision_ir"": true, ""pan_tilt_zoom"": true}",2021-01-01T00:00:00,2021-01-01T00:00:00
25ce87a3-c7e4-405a-8234-432644b55bd0,50c680af-dc2f-4991-a085-03dad1c997f0,Industrial Waterfront & Port Municipal Surveillance Cam 1061,CAM-22-060,municipal_surveillance,1080p,vault_corridor,active,rtsp://streaming.internal.crimemind.net/live/cam-22-060,"{""fps"": 30, ""night_vision_ir"": true, ""pan_tilt_zoom"": false}",2021-01-01T00:00:00,2021-01-01T00:00:00
db33f3ec-d0fc-4614-980a-9c69138d9f79,f6a31ba2-c4ef-4e53-873d-4ba03a2dd9de,Eastside Arts Corridor Highway Toll Cam 1062,CAM-22-061,highway_toll,1080p,southbound_exit,active,rtsp://streaming.internal.crimemind.net/live/cam-22-061,"{""fps"": 30, ""night_vision_ir"": true, ""pan_tilt_zoom"": false}",2021-01-01T00:00:00,2021-01-01T00:00:00
0e329124-ae9d-4f18-b439-88c22fe821ed,e86a2145-2f3e-43f6-84a4-4d22af841f80,Silver Lake Tech Park Atm Surveillance Cam 1063,CAM-22-062,atm_surveillance,4K,360_degree_dome,active,rtsp://streaming.internal.crimemind.net/live/cam-22-062,"{""fps"": 30, ""night_vision_ir"": true, ""pan_tilt_zoom"": true}",2021-01-01T00:00:00,2021-01-01T00:00:00
c12b3abc-afd6-4a6e-81f2-77aee43a2a2d,ba381460-df90-4456-8648-ac664d866ecf,Industrial Waterfront & Port Atm Surveillance Cam 1064,CAM-22-063,atm_surveillance,1080p,pedestrian_walkway,maintenance,rtsp://streaming.internal.crimemind.net/live/cam-22-063,"{""fps"": 30, ""night_vision_ir"": true, ""pan_tilt_zoom"": false}",2021-01-01T00:00:00,2021-01-01T00:00:00
58503644-1895-40fc-9260-ad79b9fa97b8,200de6ae-32fd-4faf-964a-c1b228d7e463,Downtown Commercial District Highway Toll Cam 1065,CAM-22-064,highway_toll,720p,pedestrian_walkway,maintenance,rtsp://streaming.internal.crimemind.net/live/cam-22-064,"{""fps"": 30, ""night_vision_ir"": true, ""pan_tilt_zoom"": false}",2021-01-01T00:00:00,2021-01-01T00:00:00
3bec45e5-c785-49da-9054-8183d0769796,03a60c74-3ef1-463b-ab83-61facf93ba03,Downtown Commercial District Municipal Surveillance Cam 1066,CAM-22-065,municipal_surveillance,1080p,northbound_entry,active,rtsp://streaming.internal.crimemind.net/live/cam-22-065,"{""fps"": 30, ""night_vision_ir"": true, ""pan_tilt_zoom"": true}",2021-01-01T00:00:00,2021-01-01T00:00:00
62abbcf9-2745-40e7-9c2a-35ab21ea3aaa,43b09447-d386-409e-a829-5a1e84cd9e23,Downtown Commercial District Highway Toll Cam 1067,CAM-22-066,highway_toll,720p,northbound_entry,active,rtsp://streaming.internal.crimemind.net/live/cam-22-066,"{""fps"": 30, ""night_vision_ir"": true, ""pan_tilt_zoom"": false}",2021-01-01T00:00:00,2021-01-01T00:00:00
2361d34c-19bd-4cb6-8fdb-921c2da796fe,b2f86b50-cf06-4355-b02c-5b1619286c69,Silver Lake Tech Park Private Commercial Cam 1068,CAM-22-067,private_commercial,1080p,pedestrian_walkway,active,rtsp://streaming.internal.crimemind.net/live/cam-22-067,"{""fps"": 30, ""night_vision_ir"": true, ""pan_tilt_zoom"": false}",2021-01-01T00:00:00,2021-01-01T00:00:00
bc24d591-365d-4e37-a92a-e208ca647108,346e0aa1-30fd-45d3-9e6a-c53c5f5ec80c,Downtown Commercial District Highway Toll Cam 1069,CAM-22-068,highway_toll,1080p,southbound_exit,active,rtsp://streaming.internal.crimemind.net/live/cam-22-068,"{""fps"": 30, ""night_vision_ir"": true, ""pan_tilt_zoom"": true}",2021-01-01T00:00:00,2021-01-01T00:00:00
9eb87881-6d69-4bbe-8673-0d3e8e63023d,72c5a451-b7c0-49e5-9c72-350c2d6fca0f,Downtown Commercial District Atm Surveillance Cam 1070,CAM-22-069,atm_surveillance,720p,vault_corridor,active,rtsp://streaming.internal.crimemind.net/live/cam-22-069,"{""fps"": 30, ""night_vision_ir"": true, ""pan_tilt_zoom"": false}",2021-01-01T00:00:00,2021-01-01T00:00:00
7d8f8023-dc61-43e9-bc7d-ecba77fa9e8e,96f73b4e-f0db-4312-8bc8-fefbe28a0787,Silver Lake Tech Park Private Commercial Cam 1071,CAM-22-070,private_commercial,4K,pedestrian_walkway,active,rtsp://streaming.internal.crimemind.net/live/cam-22-070,"{""fps"": 30, ""night_vision_ir"": true, ""pan_tilt_zoom"": false}",2021-01-01T00:00:00,2021-01-01T00:00:00
6adfdf5d-673a-451b-811c-9c2074c9e8d7,51277754-f213-4124-ab4a-ccc1b83ac30b,Silver Lake Tech Park Subway Transit Cam 1072,CAM-22-071,subway_transit,720p,pedestrian_walkway,active,rtsp://streaming.internal.crimemind.net/live/cam-22-071,"{""fps"": 30, ""night_vision_ir"": true, ""pan_tilt_zoom"": true}",2021-01-01T00:00:00,2021-01-01T00:00:00
238bdcbc-2aa9-42e9-a4cb-83cfd7083176,973272df-8f34-48f4-9894-e2c28672b1a7,Midtown Financial Plaza Residential Ring Cam 1073,CAM-22-072,residential_ring,1080p,pedestrian_walkway,active,rtsp://streaming.internal.crimemind.net/live/cam-22-072,"{""fps"": 30, ""night_vision_ir"": true, ""pan_tilt_zoom"": false}",2021-01-01T00:00:00,2021-01-01T00:00:00
a65feb2e-45bb-43fb-a033-fb4517089819,c9400dcc-856f-4eff-9bca-bc2e7d0f9481,Downtown Commercial District Residential Ring Cam 1074,CAM-22-073,residential_ring,720p,southbound_exit,active,rtsp://streaming.internal.crimemind.net/live/cam-22-073,"{""fps"": 30, ""night_vision_ir"": true, ""pan_tilt_zoom"": false}",2021-01-01T00:00:00,2021-01-01T00:00:00
1149eb58-fc44-4607-a448-49a3aa650c3a,c4021bbb-b57b-4619-ae40-e8c74f1d1306,Eastside Arts Corridor Highway Toll Cam 1075,CAM-22-074,highway_toll,1080p,vault_corridor,active,rtsp://streaming.internal.crimemind.net/live/cam-22-074,"{""fps"": 30, ""night_vision_ir"": true, ""pan_tilt_zoom"": true}",2021-01-01T00:00:00,2021-01-01T00:00:00
21922924-df75-45ab-b129-f8a2197b773b,cefd4685-83df-473b-9ef4-f519a10a70d1,Northshore Heights Municipal Surveillance Cam 1076,CAM-22-075,municipal_surveillance,1080p,vault_corridor,active,rtsp://streaming.internal.crimemind.net/live/cam-22-075,"{""fps"": 30, ""night_vision_ir"": true, ""pan_tilt_zoom"": false}",2021-01-01T00:00:00,2021-01-01T00:00:00
7532004a-baa0-4a8e-8219-b0f57d16b277,4da3b975-2f78-4392-b3f9-2e41d63f5af3,Eastside Arts Corridor Atm Surveillance Cam 1077,CAM-22-076,atm_surveillance,4K,southbound_exit,active,rtsp://streaming.internal.crimemind.net/live/cam-22-076,"{""fps"": 30, ""night_vision_ir"": true, ""pan_tilt_zoom"": false}",2021-01-01T00:00:00,2021-01-01T00:00:00
27f10a6d-cf4e-4eb8-bc12-acd7f0d0a5f2,ac2c3495-db55-4ad9-a9f0-b245ec339f08,West End Suburbs Municipal Surveillance Cam 1078,CAM-22-077,municipal_surveillance,1080p,southbound_exit,active,rtsp://streaming.internal.crimemind.net/live/cam-22-077,"{""fps"": 30, ""night_vision_ir"": true, ""pan_tilt_zoom"": true}",2021-01-01T00:00:00,2021-01-01T00:00:00
100ff3dc-06ba-47b9-a36b-e441b4a9222a,761d6936-1634-4023-8f61-339ff60c3a37,Northshore Heights Atm Surveillance Cam 1079,CAM-22-078,atm_surveillance,1080p,pedestrian_walkway,active,rtsp://streaming.internal.crimemind.net/live/cam-22-078,"{""fps"": 30, ""night_vision_ir"": true, ""pan_tilt_zoom"": false}",2021-01-01T00:00:00,2021-01-01T00:00:00
c6bd039f-77f0-4f18-834a-444041141041,230ba5dc-c270-4681-b815-fd1e8a817a6d,Harbor Point Terminal Highway Toll Cam 1080,CAM-22-079,highway_toll,4K,vault_corridor,active,rtsp://streaming.internal.crimemind.net/live/cam-22-079,"{""fps"": 30, ""night_vision_ir"": true, ""pan_tilt_zoom"": false}",2021-01-01T00:00:00,2021-01-01T00:00:00
87c88f27-358b-4d64-a1b6-4dcacc8bac1f,6e695c3b-f736-42a3-847b-538b16d0f08a,Downtown Commercial District Traffic Police Cam 1081,CAM-22-080,traffic_police,1080p,pedestrian_walkway,maintenance,rtsp://streaming.internal.crimemind.net/live/cam-22-080,"{""fps"": 30, ""night_vision_ir"": true, ""pan_tilt_zoom"": true}",2021-01-01T00:00:00,2021-01-01T00:00:00
215abd79-100f-4702-8d4c-af821dfa9d54,1f1ed1de-e222-4412-9371-c022a34e8b59,West End Suburbs Subway Transit Cam 1082,CAM-22-081,subway_transit,1080p,360_degree_dome,active,rtsp://streaming.internal.crimemind.net/live/cam-22-081,"{""fps"": 30, ""night_vision_ir"": true, ""pan_tilt_zoom"": false}",2021-01-01T00:00:00,2021-01-01T00:00:00
1045925e-0b2c-4e7f-8de7-700fb2cb9d3b,1432d7ac-5eab-49fb-a589-a521b0883e5c,Old Town Heritage Ward Traffic Police Cam 1083,CAM-22-082,traffic_police,1080p,360_degree_dome,maintenance,rtsp://streaming.internal.crimemind.net/live/cam-22-082,"{""fps"": 30, ""night_vision_ir"": true, ""pan_tilt_zoom"": false}",2021-01-01T00:00:00,2021-01-01T00:00:00
a9177ba7-f32b-44d5-af05-ca83e6cddc80,0e9870f4-4215-4c87-9d83-36d560582dac,Harbor Point Terminal Subway Transit Cam 1084,CAM-22-083,subway_transit,1080p,southbound_exit,active,rtsp://streaming.internal.crimemind.net/live/cam-22-083,"{""fps"": 30, ""night_vision_ir"": true, ""pan_tilt_zoom"": true}",2021-01-01T00:00:00,2021-01-01T00:00:00
1406e993-4dab-4166-af1c-6202b70d92e5,0b024afd-6db4-40bd-9f2c-916f3845de22,Industrial Waterfront & Port Subway Transit Cam 1085,CAM-22-084,subway_transit,1080p,northbound_entry,offline,rtsp://streaming.internal.crimemind.net/live/cam-22-084,"{""fps"": 30, ""night_vision_ir"": true, ""pan_tilt_zoom"": false}",2021-01-01T00:00:00,2021-01-01T00:00:00
1b1a1a69-86d5-4167-8a8c-b229a6548c79,c2d130a1-0020-46c1-9de8-4487d89bacf1,Industrial Waterfront & Port Private Commercial Cam 1086,CAM-22-085,private_commercial,720p,360_degree_dome,active,rtsp://streaming.internal.crimemind.net/live/cam-22-085,"{""fps"": 30, ""night_vision_ir"": true, ""pan_tilt_zoom"": false}",2021-01-01T00:00:00,2021-01-01T00:00:00
09cb25ab-3e83-4a12-8179-75867ee6e8d2,531332d2-209f-4232-9b54-bbaa20e23925,Industrial Waterfront & Port Atm Surveillance Cam 1087,CAM-22-086,atm_surveillance,1080p,pedestrian_walkway,active,rtsp://streaming.internal.crimemind.net/live/cam-22-086,"{""fps"": 30, ""night_vision_ir"": true, ""pan_tilt_zoom"": true}",2021-01-01T00:00:00,2021-01-01T00:00:00
87983b47-a904-4c17-bcbc-7d83a7ef2d6d,815f3465-5d14-4947-905f-e2ed6a68662c,Harbor Point Terminal Traffic Police Cam 1088,CAM-22-087,traffic_police,1080p,pedestrian_walkway,active,rtsp://streaming.internal.crimemind.net/live/cam-22-087,"{""fps"": 30, ""night_vision_ir"": true, ""pan_tilt_zoom"": false}",2021-01-01T00:00:00,2021-01-01T00:00:00
a664a785-12ac-41df-bfa1-97c5645fd53b,41d5a193-d25c-45a6-a7b9-d185e661f0c0,Old Town Heritage Ward Highway Toll Cam 1089,CAM-22-088,highway_toll,720p,pedestrian_walkway,active,rtsp://streaming.internal.crimemind.net/live/cam-22-088,"{""fps"": 30, ""night_vision_ir"": true, ""pan_tilt_zoom"": false}",2021-01-01T00:00:00,2021-01-01T00:00:00
b9fda6da-1861-43ab-a9d9-e5c1125246f7,e7fb2cd2-12f7-494a-bbf2-4ccc6fe45052,Industrial Waterfront & Port Highway Toll Cam 1090,CAM-22-089,highway_toll,720p,southbound_exit,active,rtsp://streaming.internal.crimemind.net/live/cam-22-089,"{""fps"": 30, ""night_vision_ir"": true, ""pan_tilt_zoom"": true}",2021-01-01T00:00:00,2021-01-01T00:00:00
22cffe0c-b3c0-465e-b5ad-0dd808391412,31ed933b-cae2-4bfe-8c85-391ed5c5993f,Silver Lake Tech Park Municipal Surveillance Cam 1091,CAM-22-090,municipal_surveillance,720p,northbound_entry,active,rtsp://streaming.internal.crimemind.net/live/cam-22-090,"{""fps"": 30, ""night_vision_ir"": true, ""pan_tilt_zoom"": false}",2021-01-01T00:00:00,2021-01-01T00:00:00
6f64dfb2-9975-494f-8c1c-8734b743f33b,f72c06da-327b-4c6c-b672-962627c2fbf9,West End Suburbs Municipal Surveillance Cam 1092,CAM-22-091,municipal_surveillance,1080p,360_degree_dome,active,rtsp://streaming.internal.crimemind.net/live/cam-22-091,"{""fps"": 30, ""night_vision_ir"": true, ""pan_tilt_zoom"": false}",2021-01-01T00:00:00,2021-01-01T00:00:00
1c87e9bc-091b-4c38-b6ee-a2c6888b7545,4ffc46e3-0813-4c6a-8190-51f8e4fe015d,Harbor Point Terminal Municipal Surveillance Cam 1093,CAM-22-092,municipal_surveillance,4K,vault_corridor,active,rtsp://streaming.internal.crimemind.net/live/cam-22-092,"{""fps"": 30, ""night_vision_ir"": true, ""pan_tilt_zoom"": true}",2021-01-01T00:00:00,2021-01-01T00:00:00
d096bf37-bc29-465e-af7a-11a844c0b8ef,a6124d96-e152-4b0e-8483-8498daf1ae4f,Industrial Waterfront & Port Subway Transit Cam 1094,CAM-22-093,subway_transit,720p,southbound_exit,active,rtsp://streaming.internal.crimemind.net/live/cam-22-093,"{""fps"": 30, ""night_vision_ir"": true, ""pan_tilt_zoom"": false}",2021-01-01T00:00:00,2021-01-01T00:00:00
fefbf685-eb57-40b3-abac-cac54ef9df7b,3228bdf6-4cf1-49a2-bed5-520dc99f6360,Harbor Point Terminal Highway Toll Cam 1095,CAM-22-094,highway_toll,1080p,360_degree_dome,active,rtsp://streaming.internal.crimemind.net/live/cam-22-094,"{""fps"": 30, ""night_vision_ir"": true, ""pan_tilt_zoom"": false}",2021-01-01T00:00:00,2021-01-01T00:00:00
e09d0b2f-a0ea-4753-b54d-cf3cb6ec5103,5b40a2d3-72a3-44b8-9226-72a41b2f619b,Industrial Waterfront & Port Highway Toll Cam 1096,CAM-22-095,highway_toll,4K,360_degree_dome,active,rtsp://streaming.internal.crimemind.net/live/cam-22-095,"{""fps"": 30, ""night_vision_ir"": true, ""pan_tilt_zoom"": true}",2021-01-01T00:00:00,2021-01-01T00:00:00
659e09ab-48b1-4576-8a56-1ab5d6bfc173,36e38ed7-a198-4181-aa73-f2230350f008,Industrial Waterfront & Port Traffic Police Cam 1097,CAM-22-096,traffic_police,4K,vault_corridor,offline,rtsp://streaming.internal.crimemind.net/live/cam-22-096,"{""fps"": 30, ""night_vision_ir"": true, ""pan_tilt_zoom"": false}",2021-01-01T00:00:00,2021-01-01T00:00:00
53af9c50-9cf1-4c1f-890c-6c8fd0518158,3fcf7da9-2a69-446a-a590-e97fc8e4903b,Silver Lake Tech Park Residential Ring Cam 1098,CAM-22-097,residential_ring,1080p,360_degree_dome,active,rtsp://streaming.internal.crimemind.net/live/cam-22-097,"{""fps"": 30, ""night_vision_ir"": true, ""pan_tilt_zoom"": false}",2021-01-01T00:00:00,2021-01-01T00:00:00
a033f081-8ec0-4fd9-a612-32e356c921d8,718d5772-fc0e-4314-94fc-97e2ea0fc525,Harbor Point Terminal Traffic Police Cam 1099,CAM-22-098,traffic_police,1080p,360_degree_dome,active,rtsp://streaming.internal.crimemind.net/live/cam-22-098,"{""fps"": 30, ""night_vision_ir"": true, ""pan_tilt_zoom"": true}",2021-01-01T00:00:00,2021-01-01T00:00:00
feb281e5-b2f8-4952-8f39-d0e052569c52,d936d6f9-9f55-4c4d-9556-cca6344413f2,Downtown Commercial District Residential Ring Cam 1100,CAM-22-099,residential_ring,4K,pedestrian_walkway,active,rtsp://streaming.internal.crimemind.net/live/cam-22-099,"{""fps"": 30, ""night_vision_ir"": true, ""pan_tilt_zoom"": false}",2021-01-01T00:00:00,2021-01-01T00:00:00
6cf73dab-999b-4a73-b426-339b17ac2928,87a28ccc-04cf-4122-be66-a12d82bda0ae,Northshore Heights Subway Transit Cam 1101,CAM-23-100,subway_transit,4K,northbound_entry,active,rtsp://streaming.internal.crimemind.net/live/cam-23-100,"{""fps"": 30, ""night_vision_ir"": true, ""pan_tilt_zoom"": false}",2021-01-01T00:00:00,2021-01-01T00:00:00
5e1e72c6-dd21-43b5-aee2-c2d8c95c9ca0,31297265-6d67-43c8-846b-73e1011d2d55,Downtown Commercial District Atm Surveillance Cam 1102,CAM-23-101,atm_surveillance,1080p,northbound_entry,active,rtsp://streaming.internal.crimemind.net/live/cam-23-101,"{""fps"": 30, ""night_vision_ir"": true, ""pan_tilt_zoom"": true}",2021-01-01T00:00:00,2021-01-01T00:00:00
81cb4d98-827e-44b9-9fba-7a83320aea0c,927dd79d-8b4c-4a7e-abe9-7e9784ab92d1,Industrial Waterfront & Port Traffic Police Cam 1103,CAM-23-102,traffic_police,1080p,pedestrian_walkway,active,rtsp://streaming.internal.crimemind.net/live/cam-23-102,"{""fps"": 30, ""night_vision_ir"": true, ""pan_tilt_zoom"": false}",2021-01-01T00:00:00,2021-01-01T00:00:00
e9c59a3f-b9e4-4310-960b-0c5720c0d665,b18d9040-df84-47eb-9d30-d5a6ed663241,Eastside Arts Corridor Residential Ring Cam 1104,CAM-23-103,residential_ring,720p,northbound_entry,maintenance,rtsp://streaming.internal.crimemind.net/live/cam-23-103,"{""fps"": 30, ""night_vision_ir"": true, ""pan_tilt_zoom"": false}",2021-01-01T00:00:00,2021-01-01T00:00:00
ae8d8f4c-cb3f-43bd-bae6-ae832dce94a1,9d69f00e-574e-4cb8-ab7c-fbb3d11f4127,Northshore Heights Municipal Surveillance Cam 1105,CAM-23-104,municipal_surveillance,4K,northbound_entry,active,rtsp://streaming.internal.crimemind.net/live/cam-23-104,"{""fps"": 30, ""night_vision_ir"": true, ""pan_tilt_zoom"": true}",2021-01-01T00:00:00,2021-01-01T00:00:00
ade24736-25f6-41fe-9da6-99e4061d56d2,f1f6a4ec-f842-428c-b836-79ffa3553b37,Old Town Heritage Ward Subway Transit Cam 1106,CAM-23-105,subway_transit,720p,360_degree_dome,active,rtsp://streaming.internal.crimemind.net/live/cam-23-105,"{""fps"": 30, ""night_vision_ir"": true, ""pan_tilt_zoom"": false}",2021-01-01T00:00:00,2021-01-01T00:00:00
6d0140cf-083b-427f-ac76-881f5eb8b71a,eb597e57-8f25-43f1-9f9c-6493b42f60e1,Old Town Heritage Ward Highway Toll Cam 1107,CAM-23-106,highway_toll,4K,vault_corridor,active,rtsp://streaming.internal.crimemind.net/live/cam-23-106,"{""fps"": 30, ""night_vision_ir"": true, ""pan_tilt_zoom"": false}",2021-01-01T00:00:00,2021-01-01T00:00:00
13e11cf3-61eb-4570-9708-f442ce0e93fa,a1841345-a0f1-4644-bfe8-a79c0c38a38f,Downtown Commercial District Traffic Police Cam 1108,CAM-23-107,traffic_police,4K,vault_corridor,maintenance,rtsp://streaming.internal.crimemind.net/live/cam-23-107,"{""fps"": 30, ""night_vision_ir"": true, ""pan_tilt_zoom"": true}",2021-01-01T00:00:00,2021-01-01T00:00:00
86dfc41f-7a6b-4ece-9f4b-c106a443fcc8,3e637ea8-e4fd-4195-ad0f-a47fbb524252,Old Town Heritage Ward Municipal Surveillance Cam 1109,CAM-23-108,municipal_surveillance,1080p,pedestrian_walkway,active,rtsp://streaming.internal.crimemind.net/live/cam-23-108,"{""fps"": 30, ""night_vision_ir"": true, ""pan_tilt_zoom"": false}",2021-01-01T00:00:00,2021-01-01T00:00:00
bab3df26-2507-4e97-b784-14531dc2b76c,2809ad9d-c846-4224-9083-4bf966dd999a,Northshore Heights Atm Surveillance Cam 1110,CAM-23-109,atm_surveillance,4K,southbound_exit,active,rtsp://streaming.internal.crimemind.net/live/cam-23-109,"{""fps"": 30, ""night_vision_ir"": true, ""pan_tilt_zoom"": false}",2021-01-01T00:00:00,2021-01-01T00:00:00
3bead11b-b429-4952-b37f-86f493c96f4c,ceb0273a-8df8-4b19-a456-6bace026080d,South Bay Logistics Hub Municipal Surveillance Cam 1111,CAM-23-110,municipal_surveillance,4K,360_degree_dome,active,rtsp://streaming.internal.crimemind.net/live/cam-23-110,"{""fps"": 30, ""night_vision_ir"": true, ""pan_tilt_zoom"": true}",2021-01-01T00:00:00,2021-01-01T00:00:00
0bd83aab-2afe-41d4-9960-2410fda3ba48,a241bd4c-7b25-4a76-8feb-e78846510b6a,Eastside Arts Corridor Municipal Surveillance Cam 1112,CAM-23-111,municipal_surveillance,720p,vault_corridor,active,rtsp://streaming.internal.crimemind.net/live/cam-23-111,"{""fps"": 30, ""night_vision_ir"": true, ""pan_tilt_zoom"": false}",2021-01-01T00:00:00,2021-01-01T00:00:00
a126ddfb-7419-4952-9fb3-2685b7a51ec0,12256142-2ca2-47e4-9c30-9a3b96c61b14,Silver Lake Tech Park Highway Toll Cam 1113,CAM-23-112,highway_toll,1080p,vault_corridor,active,rtsp://streaming.internal.crimemind.net/live/cam-23-112,"{""fps"": 30, ""night_vision_ir"": true, ""pan_tilt_zoom"": false}",2021-01-01T00:00:00,2021-01-01T00:00:00
b405ecc9-297a-4f62-8792-c099de3465b0,918799f4-fc17-4c7f-8650-aeb1b2b590e8,West End Suburbs Subway Transit Cam 1114,CAM-23-113,subway_transit,720p,vault_corridor,active,rtsp://streaming.internal.crimemind.net/live/cam-23-113,"{""fps"": 30, ""night_vision_ir"": true, ""pan_tilt_zoom"": true}",2021-01-01T00:00:00,2021-01-01T00:00:00
10671878-d043-48f3-9ee4-92ad3f245133,96f73b4e-f0db-4312-8bc8-fefbe28a0787,Silver Lake Tech Park Subway Transit Cam 1115,CAM-23-114,subway_transit,720p,pedestrian_walkway,active,rtsp://streaming.internal.crimemind.net/live/cam-23-114,"{""fps"": 30, ""night_vision_ir"": true, ""pan_tilt_zoom"": false}",2021-01-01T00:00:00,2021-01-01T00:00:00
2e55ebc6-3739-4be5-99cb-ded245dfd0cf,b077dc10-5789-4411-8cb6-9dadbf901574,South Bay Logistics Hub Subway Transit Cam 1116,CAM-23-115,subway_transit,720p,vault_corridor,active,rtsp://streaming.internal.crimemind.net/live/cam-23-115,"{""fps"": 30, ""night_vision_ir"": true, ""pan_tilt_zoom"": false}",2021-01-01T00:00:00,2021-01-01T00:00:00
d5d6c11b-4a92-496b-adbc-c1e9beba6845,21f254c7-91d9-47a2-8ab7-410f047ccd64,Silver Lake Tech Park Residential Ring Cam 1117,CAM-23-116,residential_ring,4K,pedestrian_walkway,active,rtsp://streaming.internal.crimemind.net/live/cam-23-116,"{""fps"": 30, ""night_vision_ir"": true, ""pan_tilt_zoom"": true}",2021-01-01T00:00:00,2021-01-01T00:00:00
7377bfe4-53ea-4e88-99ce-d746004982e2,9280ca4a-cbdf-49ef-a9a0-1c533357951a,Eastside Arts Corridor Traffic Police Cam 1118,CAM-23-117,traffic_police,4K,southbound_exit,active,rtsp://streaming.internal.crimemind.net/live/cam-23-117,"{""fps"": 30, ""night_vision_ir"": true, ""pan_tilt_zoom"": false}",2021-01-01T00:00:00,2021-01-01T00:00:00
444e11d0-327d-4558-a780-bd84a987f27c,b9609e9f-6a9c-46d9-94dc-be81b0995eef,Industrial Waterfront & Port Residential Ring Cam 1119,CAM-23-118,residential_ring,1080p,northbound_entry,active,rtsp://streaming.internal.crimemind.net/live/cam-23-118,"{""fps"": 30, ""night_vision_ir"": true, ""pan_tilt_zoom"": false}",2021-01-01T00:00:00,2021-01-01T00:00:00
75f91193-682a-4d5b-9ec6-4e3b971fcc49,2a22abf5-436c-4a68-bf80-413d595400d4,Harbor Point Terminal Residential Ring Cam 1120,CAM-23-119,residential_ring,1080p,northbound_entry,active,rtsp://streaming.internal.crimemind.net/live/cam-23-119,"{""fps"": 30, ""night_vision_ir"": true, ""pan_tilt_zoom"": true}",2021-01-01T00:00:00,2021-01-01T00:00:00
2bd894d0-963a-4557-9aac-ffc904995cb1,c3f904e2-e1ba-45e5-acb0-950f6e36b317,Midtown Financial Plaza Subway Transit Cam 1121,CAM-23-120,subway_transit,4K,pedestrian_walkway,active,rtsp://streaming.internal.crimemind.net/live/cam-23-120,"{""fps"": 30, ""night_vision_ir"": true, ""pan_tilt_zoom"": false}",2021-01-01T00:00:00,2021-01-01T00:00:00
63dcc632-a324-427e-880a-4f21b1a01507,e79b8b83-5dcb-4194-bd6c-c00a7d6482ad,Midtown Financial Plaza Traffic Police Cam 1122,CAM-23-121,traffic_police,720p,pedestrian_walkway,active,rtsp://streaming.internal.crimemind.net/live/cam-23-121,"{""fps"": 30, ""night_vision_ir"": true, ""pan_tilt_zoom"": false}",2021-01-01T00:00:00,2021-01-01T00:00:00
09545d14-4f8a-4bcf-855d-a6859a1f7c99,40c601f0-19ce-43a6-9b21-b3a1950e6c61,Eastside Arts Corridor Subway Transit Cam 1123,CAM-23-122,subway_transit,720p,pedestrian_walkway,maintenance,rtsp://streaming.internal.crimemind.net/live/cam-23-122,"{""fps"": 30, ""night_vision_ir"": true, ""pan_tilt_zoom"": true}",2021-01-01T00:00:00,2021-01-01T00:00:00
76604bc5-240c-4c83-a3be-0059603b5bf0,b0b39269-6c87-4ce7-87ff-30e85179b233,Midtown Financial Plaza Private Commercial Cam 1124,CAM-23-123,private_commercial,1080p,southbound_exit,active,rtsp://streaming.internal.crimemind.net/live/cam-23-123,"{""fps"": 30, ""night_vision_ir"": true, ""pan_tilt_zoom"": false}",2021-01-01T00:00:00,2021-01-01T00:00:00
37bac592-e75a-47dd-a5ce-fbcf32f3ddaf,a3b67bd5-39ad-47e0-88a8-7e28895ea6cb,Harbor Point Terminal Subway Transit Cam 1125,CAM-23-124,subway_transit,4K,northbound_entry,active,rtsp://streaming.internal.crimemind.net/live/cam-23-124,"{""fps"": 30, ""night_vision_ir"": true, ""pan_tilt_zoom"": false}",2021-01-01T00:00:00,2021-01-01T00:00:00
bbe5bb73-7d11-424a-b4a1-be9476630797,2295e607-6c14-4397-8182-289640bde83b,Harbor Point Terminal Atm Surveillance Cam 1126,CAM-23-125,atm_surveillance,4K,vault_corridor,active,rtsp://streaming.internal.crimemind.net/live/cam-23-125,"{""fps"": 30, ""night_vision_ir"": true, ""pan_tilt_zoom"": true}",2021-01-01T00:00:00,2021-01-01T00:00:00
08d8295a-0e59-43c3-9437-711a38d45c51,0d0d86f8-b3dc-4044-845a-e8ce266f324a,Silver Lake Tech Park Atm Surveillance Cam 1127,CAM-23-126,atm_surveillance,720p,southbound_exit,active,rtsp://streaming.internal.crimemind.net/live/cam-23-126,"{""fps"": 30, ""night_vision_ir"": true, ""pan_tilt_zoom"": false}",2021-01-01T00:00:00,2021-01-01T00:00:00
5e04e871-9b12-4d91-a7ed-ac7f01d56085,a9a0de92-5672-4b7c-ae9c-129e809d669b,West End Suburbs Residential Ring Cam 1128,CAM-23-127,residential_ring,4K,pedestrian_walkway,active,rtsp://streaming.internal.crimemind.net/live/cam-23-127,"{""fps"": 30, ""night_vision_ir"": true, ""pan_tilt_zoom"": false}",2021-01-01T00:00:00,2021-01-01T00:00:00
000969cf-ae78-4797-a6b2-6bfff3d31797,881f0386-41c6-498b-8c93-e88fb2e83060,Eastside Arts Corridor Private Commercial Cam 1129,CAM-23-128,private_commercial,720p,360_degree_dome,active,rtsp://streaming.internal.crimemind.net/live/cam-23-128,"{""fps"": 30, ""night_vision_ir"": true, ""pan_tilt_zoom"": true}",2021-01-01T00:00:00,2021-01-01T00:00:00
5ff4d4fb-a50f-40c0-8cb8-53a1e9502f25,cf9e9678-399c-48b9-a5fd-838cf4e32740,Northshore Heights Atm Surveillance Cam 1130,CAM-23-129,atm_surveillance,4K,pedestrian_walkway,maintenance,rtsp://streaming.internal.crimemind.net/live/cam-23-129,"{""fps"": 30, ""night_vision_ir"": true, ""pan_tilt_zoom"": false}",2021-01-01T00:00:00,2021-01-01T00:00:00
a93c09a2-f7fe-457c-a432-d6a218976956,9e4301a6-8696-4680-927c-3728a8099cf8,South Bay Logistics Hub Traffic Police Cam 1131,CAM-23-130,traffic_police,720p,360_degree_dome,active,rtsp://streaming.internal.crimemind.net/live/cam-23-130,"{""fps"": 30, ""night_vision_ir"": true, ""pan_tilt_zoom"": false}",2021-01-01T00:00:00,2021-01-01T00:00:00
0b087690-2a81-4bef-b86a-4850fe8c65d1,fe40a4d3-4dc5-46e0-8e71-d89d5f176b76,Midtown Financial Plaza Atm Surveillance Cam 1132,CAM-23-131,atm_surveillance,4K,southbound_exit,offline,rtsp://streaming.internal.crimemind.net/live/cam-23-131,"{""fps"": 30, ""night_vision_ir"": true, ""pan_tilt_zoom"": true}",2021-01-01T00:00:00,2021-01-01T00:00:00
69facaf8-786e-48bb-a880-d4f0dd58e703,72c5a451-b7c0-49e5-9c72-350c2d6fca0f,Downtown Commercial District Highway Toll Cam 1133,CAM-23-132,highway_toll,4K,pedestrian_walkway,active,rtsp://streaming.internal.crimemind.net/live/cam-23-132,"{""fps"": 30, ""night_vision_ir"": true, ""pan_tilt_zoom"": false}",2021-01-01T00:00:00,2021-01-01T00:00:00
e70b679c-518e-40b9-94c6-4556d70c99c6,95f80194-24c6-43ed-8284-1e1550b18b5e,Midtown Financial Plaza Traffic Police Cam 1134,CAM-23-133,traffic_police,720p,southbound_exit,active,rtsp://streaming.internal.crimemind.net/live/cam-23-133,"{""fps"": 30, ""night_vision_ir"": true, ""pan_tilt_zoom"": false}",2021-01-01T00:00:00,2021-01-01T00:00:00
968d308c-a25b-4ca7-887f-82f8ad7ce7e5,d9b3e6d6-bd01-4b10-a46e-00244999fc66,Downtown Commercial District Highway Toll Cam 1135,CAM-23-134,highway_toll,720p,southbound_exit,active,rtsp://streaming.internal.crimemind.net/live/cam-23-134,"{""fps"": 30, ""night_vision_ir"": true, ""pan_tilt_zoom"": true}",2021-01-01T00:00:00,2021-01-01T00:00:00
f31ad323-8c4e-4b81-947d-88cf506c6a98,86e4819e-cb85-417c-a492-a022c71ee96e,Industrial Waterfront & Port Subway Transit Cam 1136,CAM-23-135,subway_transit,1080p,360_degree_dome,active,rtsp://streaming.internal.crimemind.net/live/cam-23-135,"{""fps"": 30, ""night_vision_ir"": true, ""pan_tilt_zoom"": false}",2021-01-01T00:00:00,2021-01-01T00:00:00
e053c690-36e9-4594-8d5e-e644927eb01b,1ea50928-e5cc-4ffb-8e6f-99ebbc6e2c37,Old Town Heritage Ward Municipal Surveillance Cam 1137,CAM-23-136,municipal_surveillance,1080p,360_degree_dome,active,rtsp://streaming.internal.crimemind.net/live/cam-23-136,"{""fps"": 30, ""night_vision_ir"": true, ""pan_tilt_zoom"": false}",2021-01-01T00:00:00,2021-01-01T00:00:00
cf2c00d7-c0a0-4ba8-bfa2-f7d69e4b6be1,36430605-9a2d-4cd0-9d5c-01b53d7fd1f3,Industrial Waterfront & Port Private Commercial Cam 1138,CAM-23-137,private_commercial,1080p,northbound_entry,active,rtsp://streaming.internal.crimemind.net/live/cam-23-137,"{""fps"": 30, ""night_vision_ir"": true, ""pan_tilt_zoom"": true}",2021-01-01T00:00:00,2021-01-01T00:00:00
ee77a7f6-1eb4-41ab-be92-5b05065744d6,42f64324-7383-45cc-9d3e-b0e17ea7160d,Midtown Financial Plaza Private Commercial Cam 1139,CAM-23-138,private_commercial,1080p,southbound_exit,active,rtsp://streaming.internal.crimemind.net/live/cam-23-138,"{""fps"": 30, ""night_vision_ir"": true, ""pan_tilt_zoom"": false}",2021-01-01T00:00:00,2021-01-01T00:00:00
18b3c05f-a8ce-4732-8022-3d160b5cd2e7,aa516120-25cd-425c-80c5-12dd2ce0272f,Old Town Heritage Ward Atm Surveillance Cam 1140,CAM-23-139,atm_surveillance,720p,pedestrian_walkway,active,rtsp://streaming.internal.crimemind.net/live/cam-23-139,"{""fps"": 30, ""night_vision_ir"": true, ""pan_tilt_zoom"": false}",2021-01-01T00:00:00,2021-01-01T00:00:00
9649872b-5fd3-4651-9801-62ac3d786141,46dbc3f5-4e69-4eb8-a256-2ff2c6e4066c,Northshore Heights Private Commercial Cam 1141,CAM-23-140,private_commercial,1080p,360_degree_dome,active,rtsp://streaming.internal.crimemind.net/live/cam-23-140,"{""fps"": 30, ""night_vision_ir"": true, ""pan_tilt_zoom"": true}",2021-01-01T00:00:00,2021-01-01T00:00:00
b60bc285-3e5d-4d5e-b87f-a0d75947c164,a51b6392-1221-4ea5-8306-222fec4a33d1,Harbor Point Terminal Traffic Police Cam 1142,CAM-23-141,traffic_police,4K,pedestrian_walkway,active,rtsp://streaming.internal.crimemind.net/live/cam-23-141,"{""fps"": 30, ""night_vision_ir"": true, ""pan_tilt_zoom"": false}",2021-01-01T00:00:00,2021-01-01T00:00:00
8d52b49d-9c25-4907-949c-ae34f3cce68f,65b2194c-1a95-45b3-be0a-7dca59fb2c53,Northshore Heights Traffic Police Cam 1143,CAM-23-142,traffic_police,720p,southbound_exit,active,rtsp://streaming.internal.crimemind.net/live/cam-23-142,"{""fps"": 30, ""night_vision_ir"": true, ""pan_tilt_zoom"": false}",2021-01-01T00:00:00,2021-01-01T00:00:00
042e2c52-7bae-40c8-8ec3-1f2a20b478bd,de4ceb1c-364b-4bc4-8a92-a6c1c84df665,Eastside Arts Corridor Municipal Surveillance Cam 1144,CAM-23-143,municipal_surveillance,4K,pedestrian_walkway,active,rtsp://streaming.internal.crimemind.net/live/cam-23-143,"{""fps"": 30, ""night_vision_ir"": true, ""pan_tilt_zoom"": true}",2021-01-01T00:00:00,2021-01-01T00:00:00
9d663507-5e5c-451a-bb18-c4e40ad80e3e,c248789a-b38d-4a60-bbf6-130776ad3556,Silver Lake Tech Park Traffic Police Cam 1145,CAM-23-144,traffic_police,720p,pedestrian_walkway,active,rtsp://streaming.internal.crimemind.net/live/cam-23-144,"{""fps"": 30, ""night_vision_ir"": true, ""pan_tilt_zoom"": false}",2021-01-01T00:00:00,2021-01-01T00:00:00
92714e52-f3e0-402e-9caf-630de27ac0f3,5782f4c0-51e9-4cd7-b78d-4f827e2d7f9a,Eastside Arts Corridor Highway Toll Cam 1146,CAM-23-145,highway_toll,1080p,vault_corridor,active,rtsp://streaming.internal.crimemind.net/live/cam-23-145,"{""fps"": 30, ""night_vision_ir"": true, ""pan_tilt_zoom"": false}",2021-01-01T00:00:00,2021-01-01T00:00:00
0bc96b7c-4f16-4dd1-a2d0-e9cdfb11d960,e58dde3d-0573-4d8d-9e60-390de7ff8ddd,Old Town Heritage Ward Residential Ring Cam 1147,CAM-23-146,residential_ring,4K,pedestrian_walkway,active,rtsp://streaming.internal.crimemind.net/live/cam-23-146,"{""fps"": 30, ""night_vision_ir"": true, ""pan_tilt_zoom"": true}",2021-01-01T00:00:00,2021-01-01T00:00:00
529f6e16-63ec-4d87-b3e3-0d7adb5d0ff3,4307ef29-6b54-4b09-b0cf-a4c848bf88da,Old Town Heritage Ward Subway Transit Cam 1148,CAM-23-147,subway_transit,1080p,southbound_exit,offline,rtsp://streaming.internal.crimemind.net/live/cam-23-147,"{""fps"": 30, ""night_vision_ir"": true, ""pan_tilt_zoom"": false}",2021-01-01T00:00:00,2021-01-01T00:00:00
701b5538-0bb4-455b-9365-43dd7aba189d,1f4aa675-0b3c-447d-8ab6-7813702e5627,West End Suburbs Municipal Surveillance Cam 1149,CAM-23-148,municipal_surveillance,4K,northbound_entry,active,rtsp://streaming.internal.crimemind.net/live/cam-23-148,"{""fps"": 30, ""night_vision_ir"": true, ""pan_tilt_zoom"": false}",2021-01-01T00:00:00,2021-01-01T00:00:00
0e616b66-b58f-4284-b907-e74364edfeb2,8a9aee0d-59a3-4fc2-be5d-f29116aa52b8,Industrial Waterfront & Port Traffic Police Cam 1150,CAM-23-149,traffic_police,1080p,northbound_entry,maintenance,rtsp://streaming.internal.crimemind.net/live/cam-23-149,"{""fps"": 30, ""night_vision_ir"": true, ""pan_tilt_zoom"": true}",2021-01-01T00:00:00,2021-01-01T00:00:00
ebcfbdad-c998-4a4f-874d-56269e5ad738,079235e8-ffd7-4245-b7fc-d47948721091,Northshore Heights Private Commercial Cam 1151,CAM-24-150,private_commercial,1080p,southbound_exit,active,rtsp://streaming.internal.crimemind.net/live/cam-24-150,"{""fps"": 30, ""night_vision_ir"": true, ""pan_tilt_zoom"": false}",2021-01-01T00:00:00,2021-01-01T00:00:00
b03c5e1d-fcb8-4bd4-8bd0-5494c1be5113,d76e9671-3ae3-47eb-ab10-c8cddf371980,South Bay Logistics Hub Municipal Surveillance Cam 1152,CAM-24-151,municipal_surveillance,720p,northbound_entry,active,rtsp://streaming.internal.crimemind.net/live/cam-24-151,"{""fps"": 30, ""night_vision_ir"": true, ""pan_tilt_zoom"": false}",2021-01-01T00:00:00,2021-01-01T00:00:00
a72c5793-f1db-4fc9-a76c-743cd5dd241a,0533d2a0-723c-4bfb-ab76-8475a798f44d,Downtown Commercial District Traffic Police Cam 1153,CAM-24-152,traffic_police,1080p,vault_corridor,active,rtsp://streaming.internal.crimemind.net/live/cam-24-152,"{""fps"": 30, ""night_vision_ir"": true, ""pan_tilt_zoom"": true}",2021-01-01T00:00:00,2021-01-01T00:00:00
613e4a4f-3911-4562-980c-84a45881b063,49769cab-76f9-4d45-a3b4-941641359e0b,Silver Lake Tech Park Residential Ring Cam 1154,CAM-24-153,residential_ring,1080p,northbound_entry,active,rtsp://streaming.internal.crimemind.net/live/cam-24-153,"{""fps"": 30, ""night_vision_ir"": true, ""pan_tilt_zoom"": false}",2021-01-01T00:00:00,2021-01-01T00:00:00
6ea9270c-cb86-41d2-9e33-26458dddb0fa,0939f226-e82f-45a0-8a86-5f149ee748a7,Midtown Financial Plaza Subway Transit Cam 1155,CAM-24-154,subway_transit,1080p,southbound_exit,active,rtsp://streaming.internal.crimemind.net/live/cam-24-154,"{""fps"": 30, ""night_vision_ir"": true, ""pan_tilt_zoom"": false}",2021-01-01T00:00:00,2021-01-01T00:00:00
943490b7-54b4-4c14-98e4-2196d5ee5427,9afc6ce3-4378-41f0-9e48-89e1ddf24ee5,Downtown Commercial District Private Commercial Cam 1156,CAM-24-155,private_commercial,1080p,southbound_exit,active,rtsp://streaming.internal.crimemind.net/live/cam-24-155,"{""fps"": 30, ""night_vision_ir"": true, ""pan_tilt_zoom"": true}",2021-01-01T00:00:00,2021-01-01T00:00:00
3c770afd-93df-4b27-b1d9-74211291b9d2,305caa4b-767b-4db0-9ca8-dc0b09c747cc,Harbor Point Terminal Subway Transit Cam 1157,CAM-24-156,subway_transit,1080p,southbound_exit,active,rtsp://streaming.internal.crimemind.net/live/cam-24-156,"{""fps"": 30, ""night_vision_ir"": true, ""pan_tilt_zoom"": false}",2021-01-01T00:00:00,2021-01-01T00:00:00
f4fece8d-067d-4ac1-847d-3e45645743e3,d9b3e6d6-bd01-4b10-a46e-00244999fc66,Downtown Commercial District Highway Toll Cam 1158,CAM-24-157,highway_toll,1080p,vault_corridor,active,rtsp://streaming.internal.crimemind.net/live/cam-24-157,"{""fps"": 30, ""night_vision_ir"": true, ""pan_tilt_zoom"": false}",2021-01-01T00:00:00,2021-01-01T00:00:00
aed0a281-3ec9-41f5-9e62-7c7694ba0e05,9fe619a4-4d5d-422c-8264-3ee834f59eb6,Midtown Financial Plaza Traffic Police Cam 1159,CAM-24-158,traffic_police,720p,pedestrian_walkway,active,rtsp://streaming.internal.crimemind.net/live/cam-24-158,"{""fps"": 30, ""night_vision_ir"": true, ""pan_tilt_zoom"": true}",2021-01-01T00:00:00,2021-01-01T00:00:00
abc214db-dbba-4531-85c8-55329ea0e6e1,29d313c2-c4f1-476a-baa2-e76866123310,West End Suburbs Subway Transit Cam 1160,CAM-24-159,subway_transit,720p,southbound_exit,active,rtsp://streaming.internal.crimemind.net/live/cam-24-159,"{""fps"": 30, ""night_vision_ir"": true, ""pan_tilt_zoom"": false}",2021-01-01T00:00:00,2021-01-01T00:00:00
3e8b65c5-eb8f-4e0d-bd52-d479bff0cf39,b127015b-cbb3-45de-8513-b8cf7f089028,Old Town Heritage Ward Highway Toll Cam 1161,CAM-24-160,highway_toll,720p,pedestrian_walkway,active,rtsp://streaming.internal.crimemind.net/live/cam-24-160,"{""fps"": 30, ""night_vision_ir"": true, ""pan_tilt_zoom"": false}",2021-01-01T00:00:00,2021-01-01T00:00:00
bb880b16-eb2d-446f-8e05-eba7098bea1a,88c14a82-fb9e-4af6-968b-f7645ada3a5b,Midtown Financial Plaza Private Commercial Cam 1162,CAM-24-161,private_commercial,1080p,vault_corridor,active,rtsp://streaming.internal.crimemind.net/live/cam-24-161,"{""fps"": 30, ""night_vision_ir"": true, ""pan_tilt_zoom"": true}",2021-01-01T00:00:00,2021-01-01T00:00:00
858e3004-a4b5-4b00-8ef2-21a24f5344dc,ed080058-9e09-45b6-9b40-84884b35b6f9,Northshore Heights Private Commercial Cam 1163,CAM-24-162,private_commercial,1080p,pedestrian_walkway,active,rtsp://streaming.internal.crimemind.net/live/cam-24-162,"{""fps"": 30, ""night_vision_ir"": true, ""pan_tilt_zoom"": false}",2021-01-01T00:00:00,2021-01-01T00:00:00
a1827362-aed1-4829-aad3-0610195d5bd2,74b75d61-5e38-4e5e-ada3-70d6a6ea3891,West End Suburbs Highway Toll Cam 1164,CAM-24-163,highway_toll,1080p,vault_corridor,active,rtsp://streaming.internal.crimemind.net/live/cam-24-163,"{""fps"": 30, ""night_vision_ir"": true, ""pan_tilt_zoom"": false}",2021-01-01T00:00:00,2021-01-01T00:00:00
0e2e7d24-a59d-45b9-8cb5-b253862be754,84c75f61-2b13-427f-8bf6-a206a380e6de,Midtown Financial Plaza Highway Toll Cam 1165,CAM-24-164,highway_toll,4K,360_degree_dome,active,rtsp://streaming.internal.crimemind.net/live/cam-24-164,"{""fps"": 30, ""night_vision_ir"": true, ""pan_tilt_zoom"": true}",2021-01-01T00:00:00,2021-01-01T00:00:00
2b5e281d-7db8-4240-9ebb-ada4b4169f6d,23b5463e-4ab0-40e4-a86c-d7b0133bf507,Northshore Heights Private Commercial Cam 1166,CAM-24-165,private_commercial,1080p,northbound_entry,active,rtsp://streaming.internal.crimemind.net/live/cam-24-165,"{""fps"": 30, ""night_vision_ir"": true, ""pan_tilt_zoom"": false}",2021-01-01T00:00:00,2021-01-01T00:00:00
bc35a665-f322-4323-92d0-ad76a246bf8c,17a90746-496a-4aaa-b35b-b752881f7cb4,Old Town Heritage Ward Highway Toll Cam 1167,CAM-24-166,highway_toll,1080p,360_degree_dome,active,rtsp://streaming.internal.crimemind.net/live/cam-24-166,"{""fps"": 30, ""night_vision_ir"": true, ""pan_tilt_zoom"": false}",2021-01-01T00:00:00,2021-01-01T00:00:00
6d11809d-0d6c-406c-a1b2-cae52ee36d45,c16f528a-0540-4e9d-a0cf-5ca0bd036a07,Silver Lake Tech Park Subway Transit Cam 1168,CAM-24-167,subway_transit,1080p,vault_corridor,active,rtsp://streaming.internal.crimemind.net/live/cam-24-167,"{""fps"": 30, ""night_vision_ir"": true, ""pan_tilt_zoom"": true}",2021-01-01T00:00:00,2021-01-01T00:00:00
940f846a-d2c3-47a6-875f-9c279337d42c,eba82a65-6037-4335-900b-9fd538d6755f,Northshore Heights Subway Transit Cam 1169,CAM-24-168,subway_transit,720p,southbound_exit,active,rtsp://streaming.internal.crimemind.net/live/cam-24-168,"{""fps"": 30, ""night_vision_ir"": true, ""pan_tilt_zoom"": false}",2021-01-01T00:00:00,2021-01-01T00:00:00
e3b7857a-aaef-4e3a-8b11-6bb34c5ba517,34209fbc-ce98-48dd-8eac-b9faa3f59956,South Bay Logistics Hub Atm Surveillance Cam 1170,CAM-24-169,atm_surveillance,1080p,360_degree_dome,active,rtsp://streaming.internal.crimemind.net/live/cam-24-169,"{""fps"": 30, ""night_vision_ir"": true, ""pan_tilt_zoom"": false}",2021-01-01T00:00:00,2021-01-01T00:00:00
caaf9b51-0512-436b-867f-863ae87cfbef,c83e063a-2e95-4878-9d4a-454430af2804,Harbor Point Terminal Subway Transit Cam 1171,CAM-24-170,subway_transit,1080p,northbound_entry,active,rtsp://streaming.internal.crimemind.net/live/cam-24-170,"{""fps"": 30, ""night_vision_ir"": true, ""pan_tilt_zoom"": true}",2021-01-01T00:00:00,2021-01-01T00:00:00
bdb8ee99-c9eb-4bf5-b1c6-b7960c6d8dbf,343db96c-9d38-42c1-97ff-4c525245026a,Eastside Arts Corridor Municipal Surveillance Cam 1172,CAM-24-171,municipal_surveillance,720p,northbound_entry,active,rtsp://streaming.internal.crimemind.net/live/cam-24-171,"{""fps"": 30, ""night_vision_ir"": true, ""pan_tilt_zoom"": false}",2021-01-01T00:00:00,2021-01-01T00:00:00
808c8a26-572b-491b-b178-0b8dbea6907e,96d7aabd-d966-4f0b-80a4-5414f81ee2b4,West End Suburbs Residential Ring Cam 1173,CAM-24-172,residential_ring,1080p,vault_corridor,active,rtsp://streaming.internal.crimemind.net/live/cam-24-172,"{""fps"": 30, ""night_vision_ir"": true, ""pan_tilt_zoom"": false}",2021-01-01T00:00:00,2021-01-01T00:00:00
1faa94e1-e42e-4a16-859f-33869371c0a5,e5eb0dd1-8285-4489-a8ba-6f8a9370cee0,Midtown Financial Plaza Subway Transit Cam 1174,CAM-24-173,subway_transit,720p,vault_corridor,active,rtsp://streaming.internal.crimemind.net/live/cam-24-173,"{""fps"": 30, ""night_vision_ir"": true, ""pan_tilt_zoom"": true}",2021-01-01T00:00:00,2021-01-01T00:00:00
643cb667-12bb-41a9-a99e-438c821d0bf7,3fcf7da9-2a69-446a-a590-e97fc8e4903b,Silver Lake Tech Park Private Commercial Cam 1175,CAM-24-174,private_commercial,1080p,pedestrian_walkway,active,rtsp://streaming.internal.crimemind.net/live/cam-24-174,"{""fps"": 30, ""night_vision_ir"": true, ""pan_tilt_zoom"": false}",2021-01-01T00:00:00,2021-01-01T00:00:00
900017cd-d3c4-421a-9bd6-80a4e2137f20,924d6924-322f-4095-a242-d64ca43ca98a,Midtown Financial Plaza Municipal Surveillance Cam 1176,CAM-24-175,municipal_surveillance,4K,northbound_entry,active,rtsp://streaming.internal.crimemind.net/live/cam-24-175,"{""fps"": 30, ""night_vision_ir"": true, ""pan_tilt_zoom"": false}",2021-01-01T00:00:00,2021-01-01T00:00:00
1934e438-79ac-434a-b6a8-2be48b817485,fbc8812b-b3dd-42d2-aaa4-229b51346572,Harbor Point Terminal Atm Surveillance Cam 1177,CAM-24-176,atm_surveillance,4K,360_degree_dome,active,rtsp://streaming.internal.crimemind.net/live/cam-24-176,"{""fps"": 30, ""night_vision_ir"": true, ""pan_tilt_zoom"": true}",2021-01-01T00:00:00,2021-01-01T00:00:00
9e1e85b2-95d1-4c6f-8e96-c13578ea78ed,877cc51c-cbd0-4c37-be1b-9307dea28a4a,Midtown Financial Plaza Traffic Police Cam 1178,CAM-24-177,traffic_police,4K,southbound_exit,active,rtsp://streaming.internal.crimemind.net/live/cam-24-177,"{""fps"": 30, ""night_vision_ir"": true, ""pan_tilt_zoom"": false}",2021-01-01T00:00:00,2021-01-01T00:00:00
48fcc0c4-076e-4fff-aa6b-4eb235a0f391,9a4c0cbb-2814-4b6e-a8c9-e4b2a08423d9,Old Town Heritage Ward Traffic Police Cam 1179,CAM-24-178,traffic_police,720p,vault_corridor,active,rtsp://streaming.internal.crimemind.net/live/cam-24-178,"{""fps"": 30, ""night_vision_ir"": true, ""pan_tilt_zoom"": false}",2021-01-01T00:00:00,2021-01-01T00:00:00
5d27d05f-a184-45d4-85b7-1a26d1d7e59c,5033f291-0e77-47cf-9109-e43f9e0912f3,Industrial Waterfront & Port Atm Surveillance Cam 1180,CAM-24-179,atm_surveillance,1080p,northbound_entry,active,rtsp://streaming.internal.crimemind.net/live/cam-24-179,"{""fps"": 30, ""night_vision_ir"": true, ""pan_tilt_zoom"": true}",2021-01-01T00:00:00,2021-01-01T00:00:00
5175f3c3-a11e-48a9-b516-be0075f05140,3f25ad1e-ba71-418d-acd6-382c9bbcf095,Downtown Commercial District Subway Transit Cam 1181,CAM-24-180,subway_transit,4K,vault_corridor,active,rtsp://streaming.internal.crimemind.net/live/cam-24-180,"{""fps"": 30, ""night_vision_ir"": true, ""pan_tilt_zoom"": false}",2021-01-01T00:00:00,2021-01-01T00:00:00
e3748f92-a786-4d47-b488-16c1d7d35f04,21a2ee0f-2cda-4e95-8c83-a5b7534a5f3e,Silver Lake Tech Park Private Commercial Cam 1182,CAM-24-181,private_commercial,4K,360_degree_dome,active,rtsp://streaming.internal.crimemind.net/live/cam-24-181,"{""fps"": 30, ""night_vision_ir"": true, ""pan_tilt_zoom"": false}",2021-01-01T00:00:00,2021-01-01T00:00:00
d06fe7dc-1272-4ffc-a176-baafe95bc47b,e04113a8-2f39-4410-847e-3050ec9d9b30,Downtown Commercial District Private Commercial Cam 1183,CAM-24-182,private_commercial,1080p,vault_corridor,active,rtsp://streaming.internal.crimemind.net/live/cam-24-182,"{""fps"": 30, ""night_vision_ir"": true, ""pan_tilt_zoom"": true}",2021-01-01T00:00:00,2021-01-01T00:00:00
bf795424-2f68-4b1e-b7be-e83cb6d10a54,a496b08a-8c9f-4ccd-81b4-41ea303807c1,Northshore Heights Municipal Surveillance Cam 1184,CAM-24-183,municipal_surveillance,720p,360_degree_dome,offline,rtsp://streaming.internal.crimemind.net/live/cam-24-183,"{""fps"": 30, ""night_vision_ir"": true, ""pan_tilt_zoom"": false}",2021-01-01T00:00:00,2021-01-01T00:00:00
e9029e91-6fca-462a-b7d4-5b7c490e4a0a,25cbe297-dc4b-49e0-813d-79d8ff78c077,Northshore Heights Private Commercial Cam 1185,CAM-24-184,private_commercial,1080p,vault_corridor,active,rtsp://streaming.internal.crimemind.net/live/cam-24-184,"{""fps"": 30, ""night_vision_ir"": true, ""pan_tilt_zoom"": false}",2021-01-01T00:00:00,2021-01-01T00:00:00
098b8795-9b35-474e-8651-90943e2ebfc1,6c9a8aea-f4a6-48a8-b4e9-cc0543ceabf2,Northshore Heights Atm Surveillance Cam 1186,CAM-24-185,atm_surveillance,1080p,southbound_exit,active,rtsp://streaming.internal.crimemind.net/live/cam-24-185,"{""fps"": 30, ""night_vision_ir"": true, ""pan_tilt_zoom"": true}",2021-01-01T00:00:00,2021-01-01T00:00:00
3353ef31-0d3c-4637-b3a3-cb4ba4cecf6e,5032aacc-23db-481e-ba2e-ae3fb37078a8,Industrial Waterfront & Port Private Commercial Cam 1187,CAM-24-186,private_commercial,720p,southbound_exit,active,rtsp://streaming.internal.crimemind.net/live/cam-24-186,"{""fps"": 30, ""night_vision_ir"": true, ""pan_tilt_zoom"": false}",2021-01-01T00:00:00,2021-01-01T00:00:00
7942b0bf-bfcc-4bf5-bbe8-c0860911d4cb,d703289f-55ed-42c0-ac78-62367a588703,Harbor Point Terminal Atm Surveillance Cam 1188,CAM-24-187,atm_surveillance,4K,northbound_entry,active,rtsp://streaming.internal.crimemind.net/live/cam-24-187,"{""fps"": 30, ""night_vision_ir"": true, ""pan_tilt_zoom"": false}",2021-01-01T00:00:00,2021-01-01T00:00:00
d8aea086-3f10-497f-a9d1-c7476d0090e5,98e8e121-0026-47e1-806e-491bcd829fe0,Northshore Heights Subway Transit Cam 1189,CAM-24-188,subway_transit,1080p,pedestrian_walkway,active,rtsp://streaming.internal.crimemind.net/live/cam-24-188,"{""fps"": 30, ""night_vision_ir"": true, ""pan_tilt_zoom"": true}",2021-01-01T00:00:00,2021-01-01T00:00:00
39b8d5d1-43f6-453d-8471-2a6242b1b8a0,86aada27-ebff-450b-9674-5add1c7cd345,Old Town Heritage Ward Private Commercial Cam 1190,CAM-24-189,private_commercial,720p,pedestrian_walkway,active,rtsp://streaming.internal.crimemind.net/live/cam-24-189,"{""fps"": 30, ""night_vision_ir"": true, ""pan_tilt_zoom"": false}",2021-01-01T00:00:00,2021-01-01T00:00:00
cbc81d74-5cb2-461a-b921-90295915d026,58c1adb3-eb5b-4763-9b64-44b0f59fa172,South Bay Logistics Hub Residential Ring Cam 1191,CAM-24-190,residential_ring,4K,northbound_entry,active,rtsp://streaming.internal.crimemind.net/live/cam-24-190,"{""fps"": 30, ""night_vision_ir"": true, ""pan_tilt_zoom"": false}",2021-01-01T00:00:00,2021-01-01T00:00:00
da3d5119-2762-4049-9461-1cf8a0a3f7de,2e1ce0b6-34b2-4f0e-811d-5087f1fcbdea,Industrial Waterfront & Port Residential Ring Cam 1192,CAM-24-191,residential_ring,1080p,northbound_entry,active,rtsp://streaming.internal.crimemind.net/live/cam-24-191,"{""fps"": 30, ""night_vision_ir"": true, ""pan_tilt_zoom"": true}",2021-01-01T00:00:00,2021-01-01T00:00:00
7dbbc252-1cfc-418b-b483-cc035c30cd8c,952235ab-2445-491a-a918-daaf50cd719b,Old Town Heritage Ward Highway Toll Cam 1193,CAM-24-192,highway_toll,4K,pedestrian_walkway,active,rtsp://streaming.internal.crimemind.net/live/cam-24-192,"{""fps"": 30, ""night_vision_ir"": true, ""pan_tilt_zoom"": false}",2021-01-01T00:00:00,2021-01-01T00:00:00
f1444335-8c5b-49c5-be63-b9c66a6632bc,3da324dc-21f2-47ac-b1c5-ab7f9633cf17,West End Suburbs Highway Toll Cam 1194,CAM-24-193,highway_toll,4K,northbound_entry,active,rtsp://streaming.internal.crimemind.net/live/cam-24-193,"{""fps"": 30, ""night_vision_ir"": true, ""pan_tilt_zoom"": false}",2021-01-01T00:00:00,2021-01-01T00:00:00
fb004c65-3972-436a-868a-ec681d10ee61,08b84ebd-1a71-4b96-a695-65b2ef236c80,Midtown Financial Plaza Traffic Police Cam 1195,CAM-24-194,traffic_police,1080p,360_degree_dome,active,rtsp://streaming.internal.crimemind.net/live/cam-24-194,"{""fps"": 30, ""night_vision_ir"": true, ""pan_tilt_zoom"": true}",2021-01-01T00:00:00,2021-01-01T00:00:00
e5847ce7-2c4a-4d67-a2ee-116587674855,813b8ec9-0a3c-463f-a838-a77fd9d6b7fa,Northshore Heights Private Commercial Cam 1196,CAM-24-195,private_commercial,1080p,northbound_entry,active,rtsp://streaming.internal.crimemind.net/live/cam-24-195,"{""fps"": 30, ""night_vision_ir"": true, ""pan_tilt_zoom"": false}",2021-01-01T00:00:00,2021-01-01T00:00:00
d93c36a3-cbfc-4962-ab29-3b054cdd4750,d515b932-d77e-4e28-8c41-3407f65a4862,Downtown Commercial District Traffic Police Cam 1197,CAM-24-196,traffic_police,1080p,vault_corridor,active,rtsp://streaming.internal.crimemind.net/live/cam-24-196,"{""fps"": 30, ""night_vision_ir"": true, ""pan_tilt_zoom"": false}",2021-01-01T00:00:00,2021-01-01T00:00:00
a505c005-8b41-4747-a7a1-e03ce95b4e0d,bdb50820-6e6b-4645-aec2-5564b88f3e7e,Harbor Point Terminal Residential Ring Cam 1198,CAM-24-197,residential_ring,720p,pedestrian_walkway,active,rtsp://streaming.internal.crimemind.net/live/cam-24-197,"{""fps"": 30, ""night_vision_ir"": true, ""pan_tilt_zoom"": true}",2021-01-01T00:00:00,2021-01-01T00:00:00
6effd562-9efd-4396-8e77-e46ee038dc3c,a51b6392-1221-4ea5-8306-222fec4a33d1,Harbor Point Terminal Residential Ring Cam 1199,CAM-24-198,residential_ring,1080p,southbound_exit,maintenance,rtsp://streaming.internal.crimemind.net/live/cam-24-198,"{""fps"": 30, ""night_vision_ir"": true, ""pan_tilt_zoom"": false}",2021-01-01T00:00:00,2021-01-01T00:00:00
622f81a2-6769-4c07-bc2a-98255b7662e2,b142f82d-8b02-46b2-9f23-4d0c2f64cae5,West End Suburbs Private Commercial Cam 1200,CAM-24-199,private_commercial,720p,vault_corridor,active,rtsp://streaming.internal.crimemind.net/live/cam-24-199,"{""fps"": 30, ""night_vision_ir"": true, ""pan_tilt_zoom"": false}",2021-01-01T00:00:00,2021-01-01T00:00:00
7ddb52b3-df42-4ca9-8372-b6efd8821aa1,b582a813-967d-4ade-9413-a08e1f052c86,Silver Lake Tech Park Atm Surveillance Cam 1201,CAM-25-200,atm_surveillance,720p,northbound_entry,active,rtsp://streaming.internal.crimemind.net/live/cam-25-200,"{""fps"": 30, ""night_vision_ir"": true, ""pan_tilt_zoom"": true}",2021-01-01T00:00:00,2021-01-01T00:00:00
e36a24f3-cefe-4341-8173-0f5880eea2de,01349c7a-7289-46f9-bfe5-62c37359e504,Harbor Point Terminal Private Commercial Cam 1202,CAM-25-201,private_commercial,4K,southbound_exit,active,rtsp://streaming.internal.crimemind.net/live/cam-25-201,"{""fps"": 30, ""night_vision_ir"": true, ""pan_tilt_zoom"": false}",2021-01-01T00:00:00,2021-01-01T00:00:00
05cada3c-8150-4591-a5e2-50aa9871d2e0,c737f733-63b2-4b80-9dbd-24fa54df9e86,Northshore Heights Atm Surveillance Cam 1203,CAM-25-202,atm_surveillance,1080p,vault_corridor,active,rtsp://streaming.internal.crimemind.net/live/cam-25-202,"{""fps"": 30, ""night_vision_ir"": true, ""pan_tilt_zoom"": false}",2021-01-01T00:00:00,2021-01-01T00:00:00
293dc1bf-6352-4b4d-afe0-453705c68d08,81ecbb11-522c-4f57-88e8-1644eca9f2b7,Industrial Waterfront & Port Private Commercial Cam 1204,CAM-25-203,private_commercial,1080p,northbound_entry,active,rtsp://streaming.internal.crimemind.net/live/cam-25-203,"{""fps"": 30, ""night_vision_ir"": true, ""pan_tilt_zoom"": true}",2021-01-01T00:00:00,2021-01-01T00:00:00
37fcb4fd-b4ac-4e8a-a9b0-8d2a2503b62d,9ccf7b92-ec8c-4291-a80a-ec21be42823b,Silver Lake Tech Park Municipal Surveillance Cam 1205,CAM-25-204,municipal_surveillance,1080p,pedestrian_walkway,active,rtsp://streaming.internal.crimemind.net/live/cam-25-204,"{""fps"": 30, ""night_vision_ir"": true, ""pan_tilt_zoom"": false}",2021-01-01T00:00:00,2021-01-01T00:00:00
2ea7366e-f6aa-4930-8616-6231715ed2ad,531332d2-209f-4232-9b54-bbaa20e23925,Industrial Waterfront & Port Traffic Police Cam 1206,CAM-25-205,traffic_police,1080p,northbound_entry,active,rtsp://streaming.internal.crimemind.net/live/cam-25-205,"{""fps"": 30, ""night_vision_ir"": true, ""pan_tilt_zoom"": false}",2021-01-01T00:00:00,2021-01-01T00:00:00
adf0b388-dcf5-44a1-a5a8-51f98778f282,032ce1ae-ac35-48d7-b818-318dbc1b636c,Midtown Financial Plaza Subway Transit Cam 1207,CAM-25-206,subway_transit,720p,southbound_exit,active,rtsp://streaming.internal.crimemind.net/live/cam-25-206,"{""fps"": 30, ""night_vision_ir"": true, ""pan_tilt_zoom"": true}",2021-01-01T00:00:00,2021-01-01T00:00:00
91e8f953-8d0f-4d7d-93ee-3fd7c8725935,f3cb7a21-e20e-4b35-bac9-7f6d7914d4bc,Harbor Point Terminal Highway Toll Cam 1208,CAM-25-207,highway_toll,1080p,northbound_entry,active,rtsp://streaming.internal.crimemind.net/live/cam-25-207,"{""fps"": 30, ""night_vision_ir"": true, ""pan_tilt_zoom"": false}",2021-01-01T00:00:00,2021-01-01T00:00:00
eb2acf72-f25b-4401-aa40-06b684e09b0d,8a96a2d6-b9ae-4594-bd90-a804d50d66b0,Old Town Heritage Ward Highway Toll Cam 1209,CAM-25-208,highway_toll,4K,vault_corridor,active,rtsp://streaming.internal.crimemind.net/live/cam-25-208,"{""fps"": 30, ""night_vision_ir"": true, ""pan_tilt_zoom"": false}",2021-01-01T00:00:00,2021-01-01T00:00:00
72e2f25d-a3f0-410b-b3b7-9e3322ebeedc,de4ceb1c-364b-4bc4-8a92-a6c1c84df665,Eastside Arts Corridor Residential Ring Cam 1210,CAM-25-209,residential_ring,720p,360_degree_dome,active,rtsp://streaming.internal.crimemind.net/live/cam-25-209,"{""fps"": 30, ""night_vision_ir"": true, ""pan_tilt_zoom"": true}",2021-01-01T00:00:00,2021-01-01T00:00:00
36d2b271-adba-4957-bf72-32a4477bbacf,272cd9bc-b9ec-485c-b030-3d703db5a5ae,Old Town Heritage Ward Residential Ring Cam 1211,CAM-25-210,residential_ring,4K,vault_corridor,active,rtsp://streaming.internal.crimemind.net/live/cam-25-210,"{""fps"": 30, ""night_vision_ir"": true, ""pan_tilt_zoom"": false}",2021-01-01T00:00:00,2021-01-01T00:00:00
1a4f309b-f59e-40ce-947f-cb88f82162a8,182c962f-0dac-4dee-8aa3-834c6c111423,West End Suburbs Residential Ring Cam 1212,CAM-25-211,residential_ring,720p,vault_corridor,active,rtsp://streaming.internal.crimemind.net/live/cam-25-211,"{""fps"": 30, ""night_vision_ir"": true, ""pan_tilt_zoom"": false}",2021-01-01T00:00:00,2021-01-01T00:00:00
ae0b40f8-1cdb-4077-94e7-514d430172ba,89298228-6851-45be-9364-d19a79e9099e,South Bay Logistics Hub Municipal Surveillance Cam 1213,CAM-25-212,municipal_surveillance,720p,pedestrian_walkway,active,rtsp://streaming.internal.crimemind.net/live/cam-25-212,"{""fps"": 30, ""night_vision_ir"": true, ""pan_tilt_zoom"": true}",2021-01-01T00:00:00,2021-01-01T00:00:00
39d4b1f6-42c5-4382-8f54-979d47573723,35323ddf-26f0-40e7-a0e7-8a4cf64800cb,Midtown Financial Plaza Subway Transit Cam 1214,CAM-25-213,subway_transit,4K,southbound_exit,active,rtsp://streaming.internal.crimemind.net/live/cam-25-213,"{""fps"": 30, ""night_vision_ir"": true, ""pan_tilt_zoom"": false}",2021-01-01T00:00:00,2021-01-01T00:00:00
5beb9aa6-5847-4eb6-9610-9626b3b81720,304ada13-7048-4b2a-89f6-6b39c79fff27,Harbor Point Terminal Residential Ring Cam 1215,CAM-25-214,residential_ring,4K,northbound_entry,active,rtsp://streaming.internal.crimemind.net/live/cam-25-214,"{""fps"": 30, ""night_vision_ir"": true, ""pan_tilt_zoom"": false}",2021-01-01T00:00:00,2021-01-01T00:00:00
9d807bce-6aed-47ea-85f6-94c953f87767,a09c7cf9-39d8-431b-b8c2-9d0eaca15cd0,Northshore Heights Private Commercial Cam 1216,CAM-25-215,private_commercial,720p,vault_corridor,active,rtsp://streaming.internal.crimemind.net/live/cam-25-215,"{""fps"": 30, ""night_vision_ir"": true, ""pan_tilt_zoom"": true}",2021-01-01T00:00:00,2021-01-01T00:00:00
10effc30-4eb2-42e8-982f-93bd49d12d99,e6e9e914-37c1-4b77-9d6b-7653353a471d,Industrial Waterfront & Port Private Commercial Cam 1217,CAM-25-216,private_commercial,720p,southbound_exit,active,rtsp://streaming.internal.crimemind.net/live/cam-25-216,"{""fps"": 30, ""night_vision_ir"": true, ""pan_tilt_zoom"": false}",2021-01-01T00:00:00,2021-01-01T00:00:00
60011626-4c60-4802-9440-cc77ff9c105d,fab3a1eb-bf71-4e36-9a10-56d5d1e1113b,Eastside Arts Corridor Traffic Police Cam 1218,CAM-25-217,traffic_police,4K,vault_corridor,active,rtsp://streaming.internal.crimemind.net/live/cam-25-217,"{""fps"": 30, ""night_vision_ir"": true, ""pan_tilt_zoom"": false}",2021-01-01T00:00:00,2021-01-01T00:00:00
d9895913-6247-4002-a53d-4c4871ef3671,f28a940f-a528-48e9-8ad6-3d38e51fa804,Industrial Waterfront & Port Subway Transit Cam 1219,CAM-25-218,subway_transit,1080p,northbound_entry,active,rtsp://streaming.internal.crimemind.net/live/cam-25-218,"{""fps"": 30, ""night_vision_ir"": true, ""pan_tilt_zoom"": true}",2021-01-01T00:00:00,2021-01-01T00:00:00
8a04b0f8-31b3-4527-a212-ddc94de07240,0c35cd81-8d26-4bce-a006-321c0b3950da,Northshore Heights Private Commercial Cam 1220,CAM-25-219,private_commercial,4K,pedestrian_walkway,active,rtsp://streaming.internal.crimemind.net/live/cam-25-219,"{""fps"": 30, ""night_vision_ir"": true, ""pan_tilt_zoom"": false}",2021-01-01T00:00:00,2021-01-01T00:00:00
626ae1e7-4584-41ab-a189-c7e6dda3b153,f33150b5-7e71-4595-b4fb-769519dc3d46,West End Suburbs Private Commercial Cam 1221,CAM-25-220,private_commercial,1080p,northbound_entry,active,rtsp://streaming.internal.crimemind.net/live/cam-25-220,"{""fps"": 30, ""night_vision_ir"": true, ""pan_tilt_zoom"": false}",2021-01-01T00:00:00,2021-01-01T00:00:00
ce96c618-0a7b-44c7-8530-f6824a869294,512602ed-21d5-40f0-b993-a09ded2f8266,Eastside Arts Corridor Municipal Surveillance Cam 1222,CAM-25-221,municipal_surveillance,720p,360_degree_dome,active,rtsp://streaming.internal.crimemind.net/live/cam-25-221,"{""fps"": 30, ""night_vision_ir"": true, ""pan_tilt_zoom"": true}",2021-01-01T00:00:00,2021-01-01T00:00:00
83bf5e99-2e0f-4f34-b9bf-4919dcd0b973,088972cf-2af5-4ec5-a37c-b30f0879133a,Silver Lake Tech Park Residential Ring Cam 1223,CAM-25-222,residential_ring,720p,vault_corridor,active,rtsp://streaming.internal.crimemind.net/live/cam-25-222,"{""fps"": 30, ""night_vision_ir"": true, ""pan_tilt_zoom"": false}",2021-01-01T00:00:00,2021-01-01T00:00:00
177b95c1-4b39-4cb8-8b6b-3a02fac82e2e,9aaf2844-1dd3-4419-b5ba-83c1c9a9bfc4,West End Suburbs Highway Toll Cam 1224,CAM-25-223,highway_toll,1080p,360_degree_dome,maintenance,rtsp://streaming.internal.crimemind.net/live/cam-25-223,"{""fps"": 30, ""night_vision_ir"": true, ""pan_tilt_zoom"": false}",2021-01-01T00:00:00,2021-01-01T00:00:00
c7f936dc-b3b9-4a2a-9066-858742761eb6,eb0d4f97-a1bd-4281-9377-c31f8518d824,Old Town Heritage Ward Private Commercial Cam 1225,CAM-25-224,private_commercial,4K,vault_corridor,active,rtsp://streaming.internal.crimemind.net/live/cam-25-224,"{""fps"": 30, ""night_vision_ir"": true, ""pan_tilt_zoom"": true}",2021-01-01T00:00:00,2021-01-01T00:00:00
90a2e96c-b12f-4c59-9988-0d24718c4d0e,6724eb73-1525-430f-b23c-80f9b6119826,Northshore Heights Atm Surveillance Cam 1226,CAM-25-225,atm_surveillance,4K,southbound_exit,maintenance,rtsp://streaming.internal.crimemind.net/live/cam-25-225,"{""fps"": 30, ""night_vision_ir"": true, ""pan_tilt_zoom"": false}",2021-01-01T00:00:00,2021-01-01T00:00:00
b74dadf5-7cac-4148-bf54-05592db686a9,a6cd0339-ff07-4022-bfc8-5783000d411a,Silver Lake Tech Park Municipal Surveillance Cam 1227,CAM-25-226,municipal_surveillance,1080p,vault_corridor,active,rtsp://streaming.internal.crimemind.net/live/cam-25-226,"{""fps"": 30, ""night_vision_ir"": true, ""pan_tilt_zoom"": false}",2021-01-01T00:00:00,2021-01-01T00:00:00
a72fa668-1987-4d9f-9bd0-09fd41795174,1faae716-853b-4c40-8e23-618b275e173d,West End Suburbs Private Commercial Cam 1228,CAM-25-227,private_commercial,720p,vault_corridor,active,rtsp://streaming.internal.crimemind.net/live/cam-25-227,"{""fps"": 30, ""night_vision_ir"": true, ""pan_tilt_zoom"": true}",2021-01-01T00:00:00,2021-01-01T00:00:00
f173f915-d9b6-4429-9239-12ee61fd971a,3da324dc-21f2-47ac-b1c5-ab7f9633cf17,West End Suburbs Subway Transit Cam 1229,CAM-25-228,subway_transit,1080p,pedestrian_walkway,active,rtsp://streaming.internal.crimemind.net/live/cam-25-228,"{""fps"": 30, ""night_vision_ir"": true, ""pan_tilt_zoom"": false}",2021-01-01T00:00:00,2021-01-01T00:00:00
46f0d708-f449-4906-af77-80d0d78e37a7,15ecfef9-367e-4feb-86a3-9e364295af80,Midtown Financial Plaza Subway Transit Cam 1230,CAM-25-229,subway_transit,1080p,southbound_exit,active,rtsp://streaming.internal.crimemind.net/live/cam-25-229,"{""fps"": 30, ""night_vision_ir"": true, ""pan_tilt_zoom"": false}",2021-01-01T00:00:00,2021-01-01T00:00:00
6f3745b7-b69e-4b54-9c87-3d912bbc891b,0a90bf8a-6dfd-4094-ad1c-556c53a13361,Silver Lake Tech Park Municipal Surveillance Cam 1231,CAM-25-230,municipal_surveillance,1080p,northbound_entry,active,rtsp://streaming.internal.crimemind.net/live/cam-25-230,"{""fps"": 30, ""night_vision_ir"": true, ""pan_tilt_zoom"": true}",2021-01-01T00:00:00,2021-01-01T00:00:00
42cd00a5-3e73-49e2-9ded-f9d979a7a60c,e0445507-50fb-4ef9-89cf-a9c7c2d159ec,Silver Lake Tech Park Traffic Police Cam 1232,CAM-25-231,traffic_police,4K,360_degree_dome,active,rtsp://streaming.internal.crimemind.net/live/cam-25-231,"{""fps"": 30, ""night_vision_ir"": true, ""pan_tilt_zoom"": false}",2021-01-01T00:00:00,2021-01-01T00:00:00
f0205e55-0786-4b29-b6a2-90b29f0d8ca8,b582a813-967d-4ade-9413-a08e1f052c86,Silver Lake Tech Park Municipal Surveillance Cam 1233,CAM-25-232,municipal_surveillance,1080p,southbound_exit,active,rtsp://streaming.internal.crimemind.net/live/cam-25-232,"{""fps"": 30, ""night_vision_ir"": true, ""pan_tilt_zoom"": false}",2021-01-01T00:00:00,2021-01-01T00:00:00
fa45ae2a-2d01-45aa-97df-09268b836b49,b3d31590-1dcf-4107-b651-4be9a87937f1,Harbor Point Terminal Private Commercial Cam 1234,CAM-25-233,private_commercial,1080p,pedestrian_walkway,active,rtsp://streaming.internal.crimemind.net/live/cam-25-233,"{""fps"": 30, ""night_vision_ir"": true, ""pan_tilt_zoom"": true}",2021-01-01T00:00:00,2021-01-01T00:00:00
161e83e7-835d-47ac-930f-8a5d97e4d8e0,8485ddbc-1b05-4481-b8ca-78168bd93f47,Old Town Heritage Ward Atm Surveillance Cam 1235,CAM-25-234,atm_surveillance,720p,pedestrian_walkway,active,rtsp://streaming.internal.crimemind.net/live/cam-25-234,"{""fps"": 30, ""night_vision_ir"": true, ""pan_tilt_zoom"": false}",2021-01-01T00:00:00,2021-01-01T00:00:00
10c7c829-c277-43d8-a6c3-5c80db4d9ec8,200de6ae-32fd-4faf-964a-c1b228d7e463,Downtown Commercial District Highway Toll Cam 1236,CAM-25-235,highway_toll,1080p,northbound_entry,active,rtsp://streaming.internal.crimemind.net/live/cam-25-235,"{""fps"": 30, ""night_vision_ir"": true, ""pan_tilt_zoom"": false}",2021-01-01T00:00:00,2021-01-01T00:00:00
ef2e3bda-23b2-416b-9982-c15bb2df45db,db7c792c-2d54-4d50-bc80-cc14e1f7275f,Industrial Waterfront & Port Highway Toll Cam 1237,CAM-25-236,highway_toll,1080p,northbound_entry,active,rtsp://streaming.internal.crimemind.net/live/cam-25-236,"{""fps"": 30, ""night_vision_ir"": true, ""pan_tilt_zoom"": true}",2021-01-01T00:00:00,2021-01-01T00:00:00
52fdfa35-0390-490f-a190-585d1bc793eb,012fa082-3372-42b0-b766-5af2cdb0a035,Northshore Heights Municipal Surveillance Cam 1238,CAM-25-237,municipal_surveillance,1080p,northbound_entry,active,rtsp://streaming.internal.crimemind.net/live/cam-25-237,"{""fps"": 30, ""night_vision_ir"": true, ""pan_tilt_zoom"": false}",2021-01-01T00:00:00,2021-01-01T00:00:00
6e4b90ac-6b68-4da0-b0bd-4f9b9875617c,6e46dc0e-5e3a-432c-b0af-35b6e0662604,West End Suburbs Traffic Police Cam 1239,CAM-25-238,traffic_police,4K,northbound_entry,maintenance,rtsp://streaming.internal.crimemind.net/live/cam-25-238,"{""fps"": 30, ""night_vision_ir"": true, ""pan_tilt_zoom"": false}",2021-01-01T00:00:00,2021-01-01T00:00:00
497b42ce-c506-4df2-8ce4-b082ee8c0797,d5c21d90-0398-4768-acb8-cc5db5e1d7b7,Northshore Heights Atm Surveillance Cam 1240,CAM-25-239,atm_surveillance,1080p,southbound_exit,active,rtsp://streaming.internal.crimemind.net/live/cam-25-239,"{""fps"": 30, ""night_vision_ir"": true, ""pan_tilt_zoom"": true}",2021-01-01T00:00:00,2021-01-01T00:00:00
9d5d5419-e48a-483c-b6b9-fc4bb931c0f2,86993052-aa5e-488e-b0d4-c16014b41585,Midtown Financial Plaza Municipal Surveillance Cam 1241,CAM-25-240,municipal_surveillance,1080p,pedestrian_walkway,active,rtsp://streaming.internal.crimemind.net/live/cam-25-240,"{""fps"": 30, ""night_vision_ir"": true, ""pan_tilt_zoom"": false}",2021-01-01T00:00:00,2021-01-01T00:00:00
72faafb7-97e6-41a5-906b-38355a401ae1,22e8b139-e857-413f-98ea-a0b08fe76837,Northshore Heights Atm Surveillance Cam 1242,CAM-25-241,atm_surveillance,1080p,360_degree_dome,active,rtsp://streaming.internal.crimemind.net/live/cam-25-241,"{""fps"": 30, ""night_vision_ir"": true, ""pan_tilt_zoom"": false}",2021-01-01T00:00:00,2021-01-01T00:00:00
ba9d301b-f67f-4628-b21a-ae51dd32f7ac,449eba7d-7c18-4ac0-8ee3-94b9379398f2,Downtown Commercial District Traffic Police Cam 1243,CAM-25-242,traffic_police,4K,vault_corridor,active,rtsp://streaming.internal.crimemind.net/live/cam-25-242,"{""fps"": 30, ""night_vision_ir"": true, ""pan_tilt_zoom"": true}",2021-01-01T00:00:00,2021-01-01T00:00:00
0d7ab94a-81b5-4b7d-b34f-1bad74b329eb,c914337d-9a44-47ee-9737-851a7fb4863f,West End Suburbs Subway Transit Cam 1244,CAM-25-243,subway_transit,1080p,vault_corridor,active,rtsp://streaming.internal.crimemind.net/live/cam-25-243,"{""fps"": 30, ""night_vision_ir"": true, ""pan_tilt_zoom"": false}",2021-01-01T00:00:00,2021-01-01T00:00:00
d51395f7-a933-46fc-9beb-a1e0ab4ed069,02075916-1365-48bf-a1a6-910c5e238d22,Old Town Heritage Ward Highway Toll Cam 1245,CAM-25-244,highway_toll,4K,pedestrian_walkway,active,rtsp://streaming.internal.crimemind.net/live/cam-25-244,"{""fps"": 30, ""night_vision_ir"": true, ""pan_tilt_zoom"": false}",2021-01-01T00:00:00,2021-01-01T00:00:00
ab58635d-bbd0-4bd9-906e-06d35159f766,fab3a1eb-bf71-4e36-9a10-56d5d1e1113b,Eastside Arts Corridor Municipal Surveillance Cam 1246,CAM-25-245,municipal_surveillance,1080p,southbound_exit,active,rtsp://streaming.internal.crimemind.net/live/cam-25-245,"{""fps"": 30, ""night_vision_ir"": true, ""pan_tilt_zoom"": true}",2021-01-01T00:00:00,2021-01-01T00:00:00
e06456f1-3e05-457b-a638-71504c7d835d,ba5904b6-21f7-47c6-8743-7a91b8250b5f,Old Town Heritage Ward Residential Ring Cam 1247,CAM-25-246,residential_ring,4K,northbound_entry,active,rtsp://streaming.internal.crimemind.net/live/cam-25-246,"{""fps"": 30, ""night_vision_ir"": true, ""pan_tilt_zoom"": false}",2021-01-01T00:00:00,2021-01-01T00:00:00
7279d871-5274-4238-8e0b-f7a81f938fae,1536b9b6-f98e-4329-8523-41da33cdd14a,West End Suburbs Private Commercial Cam 1248,CAM-25-247,private_commercial,4K,southbound_exit,active,rtsp://streaming.internal.crimemind.net/live/cam-25-247,"{""fps"": 30, ""night_vision_ir"": true, ""pan_tilt_zoom"": false}",2021-01-01T00:00:00,2021-01-01T00:00:00
3f1b09d3-a553-4268-b483-4a1962828620,82a9f55e-ae91-4f9e-b006-477647fb84a6,Old Town Heritage Ward Municipal Surveillance Cam 1249,CAM-25-248,municipal_surveillance,1080p,pedestrian_walkway,active,rtsp://streaming.internal.crimemind.net/live/cam-25-248,"{""fps"": 30, ""night_vision_ir"": true, ""pan_tilt_zoom"": true}",2021-01-01T00:00:00,2021-01-01T00:00:00
cd4a3f3e-ba30-42b6-9c30-cb04c217f26b,be8be3c8-2b53-487e-b4e6-adb0cafa8f00,Old Town Heritage Ward Highway Toll Cam 1250,CAM-25-249,highway_toll,720p,northbound_entry,active,rtsp://streaming.internal.crimemind.net/live/cam-25-249,"{""fps"": 30, ""night_vision_ir"": true, ""pan_tilt_zoom"": false}",2021-01-01T00:00:00,2021-01-01T00:00:00
96bca51e-54f8-4d43-bb5f-1a4922d1f90d,b2f86b50-cf06-4355-b02c-5b1619286c69,Silver Lake Tech Park Residential Ring Cam 1251,CAM-26-250,residential_ring,1080p,northbound_entry,active,rtsp://streaming.internal.crimemind.net/live/cam-26-250,"{""fps"": 30, ""night_vision_ir"": true, ""pan_tilt_zoom"": false}",2021-01-01T00:00:00,2021-01-01T00:00:00
79a37972-f1a8-41da-a33f-0681dcd3f46d,e317f212-46b0-4053-b15b-54ff740d6e12,South Bay Logistics Hub Subway Transit Cam 1252,CAM-26-251,subway_transit,1080p,northbound_entry,active,rtsp://streaming.internal.crimemind.net/live/cam-26-251,"{""fps"": 30, ""night_vision_ir"": true, ""pan_tilt_zoom"": true}",2021-01-01T00:00:00,2021-01-01T00:00:00
b25440eb-a33a-4c24-9016-b3332cddc840,d0e5e062-b9a2-4365-ba66-f91bf6841205,West End Suburbs Private Commercial Cam 1253,CAM-26-252,private_commercial,720p,360_degree_dome,active,rtsp://streaming.internal.crimemind.net/live/cam-26-252,"{""fps"": 30, ""night_vision_ir"": true, ""pan_tilt_zoom"": false}",2021-01-01T00:00:00,2021-01-01T00:00:00
3beaa327-7e0d-408a-94dd-5a9f3eb4ac54,3bca8274-4e63-4968-b17d-c4b8524062e1,Downtown Commercial District Atm Surveillance Cam 1254,CAM-26-253,atm_surveillance,1080p,northbound_entry,active,rtsp://streaming.internal.crimemind.net/live/cam-26-253,"{""fps"": 30, ""night_vision_ir"": true, ""pan_tilt_zoom"": false}",2021-01-01T00:00:00,2021-01-01T00:00:00
0634d058-97ed-4a77-81b7-3518267b0921,815f3465-5d14-4947-905f-e2ed6a68662c,Harbor Point Terminal Municipal Surveillance Cam 1255,CAM-26-254,municipal_surveillance,4K,northbound_entry,active,rtsp://streaming.internal.crimemind.net/live/cam-26-254,"{""fps"": 30, ""night_vision_ir"": true, ""pan_tilt_zoom"": true}",2021-01-01T00:00:00,2021-01-01T00:00:00
ac5a2da7-ac8a-497a-bfa5-803c3c43e863,cc5e7987-0255-41da-8b09-f58c3dd8f32d,Northshore Heights Residential Ring Cam 1256,CAM-26-255,residential_ring,720p,southbound_exit,active,rtsp://streaming.internal.crimemind.net/live/cam-26-255,"{""fps"": 30, ""night_vision_ir"": true, ""pan_tilt_zoom"": false}",2021-01-01T00:00:00,2021-01-01T00:00:00
018b03f4-e94d-42a6-89d4-09266916907f,d2c75a2f-b098-4bf9-81ec-4550f71ee7aa,Industrial Waterfront & Port Atm Surveillance Cam 1257,CAM-26-256,atm_surveillance,4K,pedestrian_walkway,active,rtsp://streaming.internal.crimemind.net/live/cam-26-256,"{""fps"": 30, ""night_vision_ir"": true, ""pan_tilt_zoom"": false}",2021-01-01T00:00:00,2021-01-01T00:00:00
14ea29e5-ecbd-416a-8a3f-961df5f7cd00,60dbbae9-f93e-424c-a6ed-7ab34f6c0390,South Bay Logistics Hub Highway Toll Cam 1258,CAM-26-257,highway_toll,4K,360_degree_dome,active,rtsp://streaming.internal.crimemind.net/live/cam-26-257,"{""fps"": 30, ""night_vision_ir"": true, ""pan_tilt_zoom"": true}",2021-01-01T00:00:00,2021-01-01T00:00:00
c48bcd7f-6d45-48dd-a2f1-9d4592873ed5,f1fc4e28-2213-48c1-8c08-bcbbbc726a36,Old Town Heritage Ward Highway Toll Cam 1259,CAM-26-258,highway_toll,1080p,vault_corridor,active,rtsp://streaming.internal.crimemind.net/live/cam-26-258,"{""fps"": 30, ""night_vision_ir"": true, ""pan_tilt_zoom"": false}",2021-01-01T00:00:00,2021-01-01T00:00:00
ff74a5af-b917-4546-94a7-fc29bd69ae96,f33150b5-7e71-4595-b4fb-769519dc3d46,West End Suburbs Private Commercial Cam 1260,CAM-26-259,private_commercial,1080p,southbound_exit,active,rtsp://streaming.internal.crimemind.net/live/cam-26-259,"{""fps"": 30, ""night_vision_ir"": true, ""pan_tilt_zoom"": false}",2021-01-01T00:00:00,2021-01-01T00:00:00
0e62cc0e-4ebf-4a87-bc01-2948984057c8,41155346-5e70-4f99-b498-3d517790d51d,Eastside Arts Corridor Traffic Police Cam 1261,CAM-26-260,traffic_police,1080p,360_degree_dome,active,rtsp://streaming.internal.crimemind.net/live/cam-26-260,"{""fps"": 30, ""night_vision_ir"": true, ""pan_tilt_zoom"": true}",2021-01-01T00:00:00,2021-01-01T00:00:00
dff390bd-7885-4a92-9f9c-7fd8c5d588a6,166f14b4-c701-47d7-9c4e-ae91faa94c61,Eastside Arts Corridor Residential Ring Cam 1262,CAM-26-261,residential_ring,1080p,360_degree_dome,active,rtsp://streaming.internal.crimemind.net/live/cam-26-261,"{""fps"": 30, ""night_vision_ir"": true, ""pan_tilt_zoom"": false}",2021-01-01T00:00:00,2021-01-01T00:00:00
190872db-1054-4c38-9ace-0ead8c018f84,b1be64cb-438c-40ff-94e3-6c6e66393fdc,Industrial Waterfront & Port Private Commercial Cam 1263,CAM-26-262,private_commercial,1080p,360_degree_dome,active,rtsp://streaming.internal.crimemind.net/live/cam-26-262,"{""fps"": 30, ""night_vision_ir"": true, ""pan_tilt_zoom"": false}",2021-01-01T00:00:00,2021-01-01T00:00:00
91577a06-7708-40d8-ad46-e1d25a458532,a7440253-2527-4ea4-83b3-3364aeb8a8c3,Eastside Arts Corridor Residential Ring Cam 1264,CAM-26-263,residential_ring,4K,360_degree_dome,active,rtsp://streaming.internal.crimemind.net/live/cam-26-263,"{""fps"": 30, ""night_vision_ir"": true, ""pan_tilt_zoom"": true}",2021-01-01T00:00:00,2021-01-01T00:00:00
9b3745fe-dc9f-4b1f-b824-da6221c030fa,d6b4ced5-c3c5-4fc4-82cc-16bcaa654d18,South Bay Logistics Hub Residential Ring Cam 1265,CAM-26-264,residential_ring,4K,360_degree_dome,active,rtsp://streaming.internal.crimemind.net/live/cam-26-264,"{""fps"": 30, ""night_vision_ir"": true, ""pan_tilt_zoom"": false}",2021-01-01T00:00:00,2021-01-01T00:00:00
dc8688d9-3bd5-45de-b801-71663e61e878,0adfdc01-0192-4b90-a6ff-fc4a2f63215e,Northshore Heights Residential Ring Cam 1266,CAM-26-265,residential_ring,1080p,southbound_exit,active,rtsp://streaming.internal.crimemind.net/live/cam-26-265,"{""fps"": 30, ""night_vision_ir"": true, ""pan_tilt_zoom"": false}",2021-01-01T00:00:00,2021-01-01T00:00:00
76c22a26-c515-4a93-b6b0-5f6a87c50ded,72c5a451-b7c0-49e5-9c72-350c2d6fca0f,Downtown Commercial District Residential Ring Cam 1267,CAM-26-266,residential_ring,1080p,northbound_entry,active,rtsp://streaming.internal.crimemind.net/live/cam-26-266,"{""fps"": 30, ""night_vision_ir"": true, ""pan_tilt_zoom"": true}",2021-01-01T00:00:00,2021-01-01T00:00:00
0e380d53-83ac-465e-88c2-6b4aeb3f74bd,fc44970b-3792-46a3-ba16-492575fdaa56,Silver Lake Tech Park Subway Transit Cam 1268,CAM-26-267,subway_transit,720p,360_degree_dome,active,rtsp://streaming.internal.crimemind.net/live/cam-26-267,"{""fps"": 30, ""night_vision_ir"": true, ""pan_tilt_zoom"": false}",2021-01-01T00:00:00,2021-01-01T00:00:00
561bfe88-1c37-4c6c-9163-d5f922f5a060,455bc549-f7a4-420f-8a2e-4f99645a423a,Industrial Waterfront & Port Highway Toll Cam 1269,CAM-26-268,highway_toll,720p,pedestrian_walkway,active,rtsp://streaming.internal.crimemind.net/live/cam-26-268,"{""fps"": 30, ""night_vision_ir"": true, ""pan_tilt_zoom"": false}",2021-01-01T00:00:00,2021-01-01T00:00:00
b63c2e25-3aa0-40c4-a8a1-77980c344b31,c16f528a-0540-4e9d-a0cf-5ca0bd036a07,Silver Lake Tech Park Atm Surveillance Cam 1270,CAM-26-269,atm_surveillance,1080p,360_degree_dome,maintenance,rtsp://streaming.internal.crimemind.net/live/cam-26-269,"{""fps"": 30, ""night_vision_ir"": true, ""pan_tilt_zoom"": true}",2021-01-01T00:00:00,2021-01-01T00:00:00
be7040c1-3a22-4203-b5f4-05b1ebaefb49,f5395d25-6313-4042-adbb-e347f72383e5,South Bay Logistics Hub Subway Transit Cam 1271,CAM-26-270,subway_transit,1080p,pedestrian_walkway,active,rtsp://streaming.internal.crimemind.net/live/cam-26-270,"{""fps"": 30, ""night_vision_ir"": true, ""pan_tilt_zoom"": false}",2021-01-01T00:00:00,2021-01-01T00:00:00
9686c7db-6a4b-4527-b08d-9c1208f7532a,a8f4b4f8-4af2-40df-9785-8ce9f005cb3e,Harbor Point Terminal Municipal Surveillance Cam 1272,CAM-26-271,municipal_surveillance,1080p,northbound_entry,active,rtsp://streaming.internal.crimemind.net/live/cam-26-271,"{""fps"": 30, ""night_vision_ir"": true, ""pan_tilt_zoom"": false}",2021-01-01T00:00:00,2021-01-01T00:00:00
51014e00-22bd-48f7-a1af-d4dffe395f63,ad9eeafa-ad8d-4a27-bd2b-e39ebcfae941,Silver Lake Tech Park Highway Toll Cam 1273,CAM-26-272,highway_toll,1080p,360_degree_dome,active,rtsp://streaming.internal.crimemind.net/live/cam-26-272,"{""fps"": 30, ""night_vision_ir"": true, ""pan_tilt_zoom"": true}",2021-01-01T00:00:00,2021-01-01T00:00:00
48fe860e-8f9d-4362-ac52-1d3615bca3d4,8d6da22d-8205-4d82-96d7-c7e708b15d5f,Downtown Commercial District Atm Surveillance Cam 1274,CAM-26-273,atm_surveillance,720p,northbound_entry,active,rtsp://streaming.internal.crimemind.net/live/cam-26-273,"{""fps"": 30, ""night_vision_ir"": true, ""pan_tilt_zoom"": false}",2021-01-01T00:00:00,2021-01-01T00:00:00
8707b199-b826-4977-a08e-6eecda9a6c70,f84a9475-d4eb-4812-8513-ff5376761641,Midtown Financial Plaza Private Commercial Cam 1275,CAM-26-274,private_commercial,1080p,360_degree_dome,active,rtsp://streaming.internal.crimemind.net/live/cam-26-274,"{""fps"": 30, ""night_vision_ir"": true, ""pan_tilt_zoom"": false}",2021-01-01T00:00:00,2021-01-01T00:00:00
7c085728-6f74-4be8-a0d8-fe9b0d60bb45,95ee9501-7572-4b28-a20d-d2151051912e,Old Town Heritage Ward Highway Toll Cam 1276,CAM-26-275,highway_toll,720p,vault_corridor,active,rtsp://streaming.internal.crimemind.net/live/cam-26-275,"{""fps"": 30, ""night_vision_ir"": true, ""pan_tilt_zoom"": true}",2021-01-01T00:00:00,2021-01-01T00:00:00
4825546c-201e-4ddf-ae18-1859aa9f4927,6de8ac97-bdca-4a78-8fda-c7917a7cebda,Silver Lake Tech Park Subway Transit Cam 1277,CAM-26-276,subway_transit,4K,southbound_exit,active,rtsp://streaming.internal.crimemind.net/live/cam-26-276,"{""fps"": 30, ""night_vision_ir"": true, ""pan_tilt_zoom"": false}",2021-01-01T00:00:00,2021-01-01T00:00:00
953cc5cb-441c-494f-b17c-750a428c9cbd,a9ab2c5b-7247-4cf6-9601-b30759896542,South Bay Logistics Hub Residential Ring Cam 1278,CAM-26-277,residential_ring,4K,vault_corridor,active,rtsp://streaming.internal.crimemind.net/live/cam-26-277,"{""fps"": 30, ""night_vision_ir"": true, ""pan_tilt_zoom"": false}",2021-01-01T00:00:00,2021-01-01T00:00:00
f8e822e3-a4d4-44f0-a286-46046688d531,80834e1c-9f14-4325-b4fb-c07cc6325107,Northshore Heights Private Commercial Cam 1279,CAM-26-278,private_commercial,1080p,northbound_entry,active,rtsp://streaming.internal.crimemind.net/live/cam-26-278,"{""fps"": 30, ""night_vision_ir"": true, ""pan_tilt_zoom"": true}",2021-01-01T00:00:00,2021-01-01T00:00:00
4a8240e2-bde7-42b9-86ae-5a6c9793942f,372de6eb-6bc5-4c57-b340-022b8e524c39,Northshore Heights Subway Transit Cam 1280,CAM-26-279,subway_transit,720p,southbound_exit,maintenance,rtsp://streaming.internal.crimemind.net/live/cam-26-279,"{""fps"": 30, ""night_vision_ir"": true, ""pan_tilt_zoom"": false}",2021-01-01T00:00:00,2021-01-01T00:00:00
868c8798-837f-4358-9200-fb8c4bb62150,cf9f8abf-93e0-4950-94e7-2d3833d94261,Eastside Arts Corridor Atm Surveillance Cam 1281,CAM-26-280,atm_surveillance,1080p,northbound_entry,active,rtsp://streaming.internal.crimemind.net/live/cam-26-280,"{""fps"": 30, ""night_vision_ir"": true, ""pan_tilt_zoom"": false}",2021-01-01T00:00:00,2021-01-01T00:00:00
ee5f1c24-9849-4075-a9aa-b68899b8e10b,e28e3c27-ef17-4aaa-ab01-1171cc2389f8,West End Suburbs Subway Transit Cam 1282,CAM-26-281,subway_transit,720p,pedestrian_walkway,active,rtsp://streaming.internal.crimemind.net/live/cam-26-281,"{""fps"": 30, ""night_vision_ir"": true, ""pan_tilt_zoom"": true}",2021-01-01T00:00:00,2021-01-01T00:00:00
8f627fe2-61a7-454c-82b8-bbe3fa99dc95,0d650b55-f5fa-4980-a10f-050bebee7639,West End Suburbs Municipal Surveillance Cam 1283,CAM-26-282,municipal_surveillance,1080p,vault_corridor,active,rtsp://streaming.internal.crimemind.net/live/cam-26-282,"{""fps"": 30, ""night_vision_ir"": true, ""pan_tilt_zoom"": false}",2021-01-01T00:00:00,2021-01-01T00:00:00
ca9f2f9b-f4e2-4d7a-822c-fb1b4e02d68a,a18fbdc6-b4c6-4e37-a8c7-51cec9f7b232,Northshore Heights Atm Surveillance Cam 1284,CAM-26-283,atm_surveillance,1080p,vault_corridor,active,rtsp://streaming.internal.crimemind.net/live/cam-26-283,"{""fps"": 30, ""night_vision_ir"": true, ""pan_tilt_zoom"": false}",2021-01-01T00:00:00,2021-01-01T00:00:00
312fe2e6-3312-4924-959e-1e89ddc2a40b,5ca3be26-8ec2-4bca-9b22-9c1b2577f397,Northshore Heights Highway Toll Cam 1285,CAM-26-284,highway_toll,4K,northbound_entry,active,rtsp://streaming.internal.crimemind.net/live/cam-26-284,"{""fps"": 30, ""night_vision_ir"": true, ""pan_tilt_zoom"": true}",2021-01-01T00:00:00,2021-01-01T00:00:00
8c81c704-909d-4208-9f12-fd89babc0e08,56a58252-ee07-4f26-93fd-ddd732d0aea7,Downtown Commercial District Municipal Surveillance Cam 1286,CAM-26-285,municipal_surveillance,720p,360_degree_dome,offline,rtsp://streaming.internal.crimemind.net/live/cam-26-285,"{""fps"": 30, ""night_vision_ir"": true, ""pan_tilt_zoom"": false}",2021-01-01T00:00:00,2021-01-01T00:00:00
d751034d-8995-4730-a247-0a73fb11de8a,442bf876-ae0f-4b32-a714-a76b503215f3,Northshore Heights Municipal Surveillance Cam 1287,CAM-26-286,municipal_surveillance,1080p,vault_corridor,active,rtsp://streaming.internal.crimemind.net/live/cam-26-286,"{""fps"": 30, ""night_vision_ir"": true, ""pan_tilt_zoom"": false}",2021-01-01T00:00:00,2021-01-01T00:00:00
2dc9cf1b-a071-49be-830d-ff333aafbc35,6c500b08-8a33-4322-abd3-02ed09e3170a,Old Town Heritage Ward Subway Transit Cam 1288,CAM-26-287,subway_transit,4K,northbound_entry,active,rtsp://streaming.internal.crimemind.net/live/cam-26-287,"{""fps"": 30, ""night_vision_ir"": true, ""pan_tilt_zoom"": true}",2021-01-01T00:00:00,2021-01-01T00:00:00
4ca93755-c803-4fc5-9772-24821901a2c8,11647b6d-40fe-40b0-9f1a-c3d16d15876b,Midtown Financial Plaza Residential Ring Cam 1289,CAM-26-288,residential_ring,1080p,southbound_exit,active,rtsp://streaming.internal.crimemind.net/live/cam-26-288,"{""fps"": 30, ""night_vision_ir"": true, ""pan_tilt_zoom"": false}",2021-01-01T00:00:00,2021-01-01T00:00:00
6ce7f72f-b2a8-46bf-b647-bee23c2d7fa9,59aa5164-0cf3-4086-b694-cde908cea4b9,Downtown Commercial District Atm Surveillance Cam 1290,CAM-26-289,atm_surveillance,720p,vault_corridor,active,rtsp://streaming.internal.crimemind.net/live/cam-26-289,"{""fps"": 30, ""night_vision_ir"": true, ""pan_tilt_zoom"": false}",2021-01-01T00:00:00,2021-01-01T00:00:00
2301aceb-7306-448e-80ea-84f3a9d22dd8,82a9f55e-ae91-4f9e-b006-477647fb84a6,Old Town Heritage Ward Traffic Police Cam 1291,CAM-26-290,traffic_police,1080p,pedestrian_walkway,active,rtsp://streaming.internal.crimemind.net/live/cam-26-290,"{""fps"": 30, ""night_vision_ir"": true, ""pan_tilt_zoom"": true}",2021-01-01T00:00:00,2021-01-01T00:00:00
bf7cf26b-d50f-4ac4-b0ce-94b61c2cb5d2,90882937-b9c8-4e2e-96ef-00265beefdea,Silver Lake Tech Park Traffic Police Cam 1292,CAM-26-291,traffic_police,720p,northbound_entry,active,rtsp://streaming.internal.crimemind.net/live/cam-26-291,"{""fps"": 30, ""night_vision_ir"": true, ""pan_tilt_zoom"": false}",2021-01-01T00:00:00,2021-01-01T00:00:00
c5fd5e32-f5b2-41d4-861d-a7149efe126d,cefd4685-83df-473b-9ef4-f519a10a70d1,Northshore Heights Subway Transit Cam 1293,CAM-26-292,subway_transit,1080p,vault_corridor,active,rtsp://streaming.internal.crimemind.net/live/cam-26-292,"{""fps"": 30, ""night_vision_ir"": true, ""pan_tilt_zoom"": false}",2021-01-01T00:00:00,2021-01-01T00:00:00
62bdb23c-e577-4971-ae87-6903126b20be,1432d7ac-5eab-49fb-a589-a521b0883e5c,Old Town Heritage Ward Traffic Police Cam 1294,CAM-26-293,traffic_police,1080p,southbound_exit,active,rtsp://streaming.internal.crimemind.net/live/cam-26-293,"{""fps"": 30, ""night_vision_ir"": true, ""pan_tilt_zoom"": true}",2021-01-01T00:00:00,2021-01-01T00:00:00
ff9dec4c-f2ac-4c3b-8c03-6fd6265b624e,35ff82d7-f0cc-4abb-8d06-8c73c80a2c6d,Northshore Heights Private Commercial Cam 1295,CAM-26-294,private_commercial,4K,vault_corridor,active,rtsp://streaming.internal.crimemind.net/live/cam-26-294,"{""fps"": 30, ""night_vision_ir"": true, ""pan_tilt_zoom"": false}",2021-01-01T00:00:00,2021-01-01T00:00:00
6a1043fd-de8d-4415-b2e0-c1d52e43a831,2295e607-6c14-4397-8182-289640bde83b,Harbor Point Terminal Municipal Surveillance Cam 1296,CAM-26-295,municipal_surveillance,1080p,360_degree_dome,active,rtsp://streaming.internal.crimemind.net/live/cam-26-295,"{""fps"": 30, ""night_vision_ir"": true, ""pan_tilt_zoom"": false}",2021-01-01T00:00:00,2021-01-01T00:00:00
9398628d-3fb9-4339-8091-d7f57bbb5741,c7e1c1f0-c7d4-4383-9155-087a1644e548,Downtown Commercial District Traffic Police Cam 1297,CAM-26-296,traffic_police,1080p,360_degree_dome,active,rtsp://streaming.internal.crimemind.net/live/cam-26-296,"{""fps"": 30, ""night_vision_ir"": true, ""pan_tilt_zoom"": true}",2021-01-01T00:00:00,2021-01-01T00:00:00
b6a3681a-3239-4c71-894f-50eaa5491622,185b7ee6-e2ca-450e-b204-abdd7aa0759f,Eastside Arts Corridor Residential Ring Cam 1298,CAM-26-297,residential_ring,1080p,pedestrian_walkway,active,rtsp://streaming.internal.crimemind.net/live/cam-26-297,"{""fps"": 30, ""night_vision_ir"": true, ""pan_tilt_zoom"": false}",2021-01-01T00:00:00,2021-01-01T00:00:00
eb78ccae-442d-4806-895a-b13e16281a30,d90e3187-6878-4ff4-ad60-abc10a4fba99,Eastside Arts Corridor Private Commercial Cam 1299,CAM-26-298,private_commercial,720p,southbound_exit,active,rtsp://streaming.internal.crimemind.net/live/cam-26-298,"{""fps"": 30, ""night_vision_ir"": true, ""pan_tilt_zoom"": false}",2021-01-01T00:00:00,2021-01-01T00:00:00
faa3882a-189b-432b-9688-fea93424db11,7e7d1b96-df15-46b1-9fff-12e3b3452230,Midtown Financial Plaza Atm Surveillance Cam 1300,CAM-26-299,atm_surveillance,720p,vault_corridor,active,rtsp://streaming.internal.crimemind.net/live/cam-26-299,"{""fps"": 30, ""night_vision_ir"": true, ""pan_tilt_zoom"": true}",2021-01-01T00:00:00,2021-01-01T00:00:00
1ac7bd08-982f-4f88-a08d-c6a7569602e2,71f5f3ab-e71b-4793-b9da-52b4441ca282,Industrial Waterfront & Port Municipal Surveillance Cam 1301,CAM-27-300,municipal_surveillance,720p,southbound_exit,active,rtsp://streaming.internal.crimemind.net/live/cam-27-300,"{""fps"": 30, ""night_vision_ir"": true, ""pan_tilt_zoom"": false}",2021-01-01T00:00:00,2021-01-01T00:00:00
25a6bc57-81e6-43a7-89f1-ff42006cb2b7,a180b1a5-c38c-4325-872b-36caf313417e,Industrial Waterfront & Port Subway Transit Cam 1302,CAM-27-301,subway_transit,720p,pedestrian_walkway,active,rtsp://streaming.internal.crimemind.net/live/cam-27-301,"{""fps"": 30, ""night_vision_ir"": true, ""pan_tilt_zoom"": false}",2021-01-01T00:00:00,2021-01-01T00:00:00
f883da34-55f2-4fca-872d-1317afb0ca06,c1eb2051-d9fc-4f02-b0c1-527d479b44ad,Harbor Point Terminal Residential Ring Cam 1303,CAM-27-302,residential_ring,1080p,pedestrian_walkway,offline,rtsp://streaming.internal.crimemind.net/live/cam-27-302,"{""fps"": 30, ""night_vision_ir"": true, ""pan_tilt_zoom"": true}",2021-01-01T00:00:00,2021-01-01T00:00:00
17e5bab8-f1cf-4f9d-b255-4496ba991f6f,30cb6255-bb47-4ab6-a12a-3bb13f33d6af,Old Town Heritage Ward Municipal Surveillance Cam 1304,CAM-27-303,municipal_surveillance,720p,360_degree_dome,active,rtsp://streaming.internal.crimemind.net/live/cam-27-303,"{""fps"": 30, ""night_vision_ir"": true, ""pan_tilt_zoom"": false}",2021-01-01T00:00:00,2021-01-01T00:00:00
c7301d46-94f8-4166-9db7-999e7aa00fda,417b31aa-4d0b-4aa9-a719-4f950b20488c,Harbor Point Terminal Municipal Surveillance Cam 1305,CAM-27-304,municipal_surveillance,1080p,northbound_entry,active,rtsp://streaming.internal.crimemind.net/live/cam-27-304,"{""fps"": 30, ""night_vision_ir"": true, ""pan_tilt_zoom"": false}",2021-01-01T00:00:00,2021-01-01T00:00:00
a7b4a000-933a-48a5-9ba0-30a68636c5b4,50354e32-5769-4288-b03c-dbf44925b518,West End Suburbs Residential Ring Cam 1306,CAM-27-305,residential_ring,720p,southbound_exit,active,rtsp://streaming.internal.crimemind.net/live/cam-27-305,"{""fps"": 30, ""night_vision_ir"": true, ""pan_tilt_zoom"": true}",2021-01-01T00:00:00,2021-01-01T00:00:00
313456fb-51aa-4b5e-bb4a-c41cc515bc85,f39f9855-ea02-4084-ade8-3774457e6481,West End Suburbs Municipal Surveillance Cam 1307,CAM-27-306,municipal_surveillance,1080p,southbound_exit,active,rtsp://streaming.internal.crimemind.net/live/cam-27-306,"{""fps"": 30, ""night_vision_ir"": true, ""pan_tilt_zoom"": false}",2021-01-01T00:00:00,2021-01-01T00:00:00
f831e18a-af52-4b54-8697-a05f5568f2f2,3e5471bc-20ba-4932-a398-9b0e7f7cab03,Harbor Point Terminal Traffic Police Cam 1308,CAM-27-307,traffic_police,720p,360_degree_dome,active,rtsp://streaming.internal.crimemind.net/live/cam-27-307,"{""fps"": 30, ""night_vision_ir"": true, ""pan_tilt_zoom"": false}",2021-01-01T00:00:00,2021-01-01T00:00:00
6db23735-eb12-465f-adf6-87af79296489,55e6442a-bbd9-47f9-80fa-9c21296fe32a,Harbor Point Terminal Atm Surveillance Cam 1309,CAM-27-308,atm_surveillance,1080p,vault_corridor,active,rtsp://streaming.internal.crimemind.net/live/cam-27-308,"{""fps"": 30, ""night_vision_ir"": true, ""pan_tilt_zoom"": true}",2021-01-01T00:00:00,2021-01-01T00:00:00
be634bf4-f4d7-420b-98f8-c8c0ce531b68,97186504-bf1d-4c53-b26d-12733451dfe6,West End Suburbs Traffic Police Cam 1310,CAM-27-309,traffic_police,720p,southbound_exit,active,rtsp://streaming.internal.crimemind.net/live/cam-27-309,"{""fps"": 30, ""night_vision_ir"": true, ""pan_tilt_zoom"": false}",2021-01-01T00:00:00,2021-01-01T00:00:00
bb6b5ad9-4eec-4c60-b326-e889fa761e46,718d5772-fc0e-4314-94fc-97e2ea0fc525,Harbor Point Terminal Highway Toll Cam 1311,CAM-27-310,highway_toll,1080p,southbound_exit,active,rtsp://streaming.internal.crimemind.net/live/cam-27-310,"{""fps"": 30, ""night_vision_ir"": true, ""pan_tilt_zoom"": false}",2021-01-01T00:00:00,2021-01-01T00:00:00
9698f40d-33e2-4a41-aaf3-1d524b74e355,91569440-b9f7-4ce1-aa8c-db0cf4a96584,Silver Lake Tech Park Residential Ring Cam 1312,CAM-27-311,residential_ring,4K,pedestrian_walkway,active,rtsp://streaming.internal.crimemind.net/live/cam-27-311,"{""fps"": 30, ""night_vision_ir"": true, ""pan_tilt_zoom"": true}",2021-01-01T00:00:00,2021-01-01T00:00:00
08930ffb-5e4c-4a84-b812-15602f07b42c,6724eb73-1525-430f-b23c-80f9b6119826,Northshore Heights Municipal Surveillance Cam 1313,CAM-27-312,municipal_surveillance,1080p,vault_corridor,active,rtsp://streaming.internal.crimemind.net/live/cam-27-312,"{""fps"": 30, ""night_vision_ir"": true, ""pan_tilt_zoom"": false}",2021-01-01T00:00:00,2021-01-01T00:00:00
54d27083-928c-4f68-8ea7-19bf4faae6f1,89f2b5fd-476c-40a4-b62f-18ab116e2f57,South Bay Logistics Hub Subway Transit Cam 1314,CAM-27-313,subway_transit,4K,360_degree_dome,active,rtsp://streaming.internal.crimemind.net/live/cam-27-313,"{""fps"": 30, ""night_vision_ir"": true, ""pan_tilt_zoom"": false}",2021-01-01T00:00:00,2021-01-01T00:00:00
c6898098-1aac-4505-be26-ce7606d83920,88d2655c-0921-4f3d-a1e7-d48b2b679062,West End Suburbs Traffic Police Cam 1315,CAM-27-314,traffic_police,1080p,pedestrian_walkway,active,rtsp://streaming.internal.crimemind.net/live/cam-27-314,"{""fps"": 30, ""night_vision_ir"": true, ""pan_tilt_zoom"": true}",2021-01-01T00:00:00,2021-01-01T00:00:00
b4617731-fcd5-4c62-8e3d-408c6568faff,2448892f-fb66-4d04-a7d1-4f95e5a6f4ee,West End Suburbs Highway Toll Cam 1316,CAM-27-315,highway_toll,720p,360_degree_dome,active,rtsp://streaming.internal.crimemind.net/live/cam-27-315,"{""fps"": 30, ""night_vision_ir"": true, ""pan_tilt_zoom"": false}",2021-01-01T00:00:00,2021-01-01T00:00:00
824fbf58-b6f8-4670-bee0-15731c5d9838,b045abed-2226-4c0f-ac6b-4bc90b58727d,Harbor Point Terminal Private Commercial Cam 1317,CAM-27-316,private_commercial,720p,northbound_entry,active,rtsp://streaming.internal.crimemind.net/live/cam-27-316,"{""fps"": 30, ""night_vision_ir"": true, ""pan_tilt_zoom"": false}",2021-01-01T00:00:00,2021-01-01T00:00:00
2f3fa6e3-3045-48c1-9f1a-9af5a5d7a0d5,23d80291-aada-4c55-8123-7b3a19bbe7e3,Silver Lake Tech Park Municipal Surveillance Cam 1318,CAM-27-317,municipal_surveillance,4K,northbound_entry,active,rtsp://streaming.internal.crimemind.net/live/cam-27-317,"{""fps"": 30, ""night_vision_ir"": true, ""pan_tilt_zoom"": true}",2021-01-01T00:00:00,2021-01-01T00:00:00
33d1c67f-e3a1-4d39-8e46-34cad670cce9,a241bd4c-7b25-4a76-8feb-e78846510b6a,Eastside Arts Corridor Municipal Surveillance Cam 1319,CAM-27-318,municipal_surveillance,720p,pedestrian_walkway,active,rtsp://streaming.internal.crimemind.net/live/cam-27-318,"{""fps"": 30, ""night_vision_ir"": true, ""pan_tilt_zoom"": false}",2021-01-01T00:00:00,2021-01-01T00:00:00
a83ef6b2-dea2-485e-bcb5-83c0c7179f2a,a496b08a-8c9f-4ccd-81b4-41ea303807c1,Northshore Heights Municipal Surveillance Cam 1320,CAM-27-319,municipal_surveillance,1080p,vault_corridor,active,rtsp://streaming.internal.crimemind.net/live/cam-27-319,"{""fps"": 30, ""night_vision_ir"": true, ""pan_tilt_zoom"": false}",2021-01-01T00:00:00,2021-01-01T00:00:00
de662027-b341-4e30-832e-d1bf80ae979d,0a5f39f8-5678-4760-b135-04909c4c3a0c,South Bay Logistics Hub Municipal Surveillance Cam 1321,CAM-27-320,municipal_surveillance,1080p,pedestrian_walkway,active,rtsp://streaming.internal.crimemind.net/live/cam-27-320,"{""fps"": 30, ""night_vision_ir"": true, ""pan_tilt_zoom"": true}",2021-01-01T00:00:00,2021-01-01T00:00:00
9871b3ca-67a8-4369-ba98-42c742972523,00a846c3-f79c-4884-ac2d-a8eddc8ba364,Industrial Waterfront & Port Municipal Surveillance Cam 1322,CAM-27-321,municipal_surveillance,1080p,360_degree_dome,active,rtsp://streaming.internal.crimemind.net/live/cam-27-321,"{""fps"": 30, ""night_vision_ir"": true, ""pan_tilt_zoom"": false}",2021-01-01T00:00:00,2021-01-01T00:00:00
9509df6e-4e7e-46af-9f84-60ded5e50098,41c4547c-42ab-49f5-8f30-d758ec6b9497,Industrial Waterfront & Port Residential Ring Cam 1323,CAM-27-322,residential_ring,720p,vault_corridor,active,rtsp://streaming.internal.crimemind.net/live/cam-27-322,"{""fps"": 30, ""night_vision_ir"": true, ""pan_tilt_zoom"": false}",2021-01-01T00:00:00,2021-01-01T00:00:00
ff36220a-3f49-4e5e-8cf1-e1585f7d58b7,d5c21d90-0398-4768-acb8-cc5db5e1d7b7,Northshore Heights Municipal Surveillance Cam 1324,CAM-27-323,municipal_surveillance,1080p,northbound_entry,active,rtsp://streaming.internal.crimemind.net/live/cam-27-323,"{""fps"": 30, ""night_vision_ir"": true, ""pan_tilt_zoom"": true}",2021-01-01T00:00:00,2021-01-01T00:00:00
3cb1d8e0-18da-4dc4-a2c5-da0ea52b2e9d,d8936f71-8d10-4cc4-bc7e-771728a0e237,Industrial Waterfront & Port Subway Transit Cam 1325,CAM-27-324,subway_transit,4K,pedestrian_walkway,active,rtsp://streaming.internal.crimemind.net/live/cam-27-324,"{""fps"": 30, ""night_vision_ir"": true, ""pan_tilt_zoom"": false}",2021-01-01T00:00:00,2021-01-01T00:00:00
e9756e76-3b0a-4bd9-be90-4518ea91de35,aa198d3c-5f0f-426d-a32b-ba6668fb91cf,West End Suburbs Private Commercial Cam 1326,CAM-27-325,private_commercial,1080p,pedestrian_walkway,active,rtsp://streaming.internal.crimemind.net/live/cam-27-325,"{""fps"": 30, ""night_vision_ir"": true, ""pan_tilt_zoom"": false}",2021-01-01T00:00:00,2021-01-01T00:00:00
395788d7-4b22-4238-8988-b3ce04f0ce53,dd80380d-0686-461c-bc7a-1e06909bfc71,South Bay Logistics Hub Atm Surveillance Cam 1327,CAM-27-326,atm_surveillance,720p,360_degree_dome,active,rtsp://streaming.internal.crimemind.net/live/cam-27-326,"{""fps"": 30, ""night_vision_ir"": true, ""pan_tilt_zoom"": true}",2021-01-01T00:00:00,2021-01-01T00:00:00
04930064-88f0-4879-8b4f-c5dc244ef9ad,bc5e02f1-841a-478e-bd1c-72bb718c8f53,Harbor Point Terminal Traffic Police Cam 1328,CAM-27-327,traffic_police,4K,southbound_exit,active,rtsp://streaming.internal.crimemind.net/live/cam-27-327,"{""fps"": 30, ""night_vision_ir"": true, ""pan_tilt_zoom"": false}",2021-01-01T00:00:00,2021-01-01T00:00:00
db840fcf-63fc-46c1-b8f3-f2d2e38846af,d2c75a2f-b098-4bf9-81ec-4550f71ee7aa,Industrial Waterfront & Port Municipal Surveillance Cam 1329,CAM-27-328,municipal_surveillance,1080p,360_degree_dome,active,rtsp://streaming.internal.crimemind.net/live/cam-27-328,"{""fps"": 30, ""night_vision_ir"": true, ""pan_tilt_zoom"": false}",2021-01-01T00:00:00,2021-01-01T00:00:00
73cf3e14-2dd2-4f08-8f23-9bae6660d9b5,9c5e2a0f-7119-4055-901a-c7d3ee602310,West End Suburbs Municipal Surveillance Cam 1330,CAM-27-329,municipal_surveillance,1080p,vault_corridor,active,rtsp://streaming.internal.crimemind.net/live/cam-27-329,"{""fps"": 30, ""night_vision_ir"": true, ""pan_tilt_zoom"": true}",2021-01-01T00:00:00,2021-01-01T00:00:00
03d0689f-7ecb-4649-8bd7-645758fed0e1,d0e5e062-b9a2-4365-ba66-f91bf6841205,West End Suburbs Highway Toll Cam 1331,CAM-27-330,highway_toll,4K,southbound_exit,maintenance,rtsp://streaming.internal.crimemind.net/live/cam-27-330,"{""fps"": 30, ""night_vision_ir"": true, ""pan_tilt_zoom"": false}",2021-01-01T00:00:00,2021-01-01T00:00:00
a972051a-386c-467c-9e6b-d194b18a08d5,5032aacc-23db-481e-ba2e-ae3fb37078a8,Industrial Waterfront & Port Highway Toll Cam 1332,CAM-27-331,highway_toll,4K,northbound_entry,active,rtsp://streaming.internal.crimemind.net/live/cam-27-331,"{""fps"": 30, ""night_vision_ir"": true, ""pan_tilt_zoom"": false}",2021-01-01T00:00:00,2021-01-01T00:00:00
58b8ecc0-2c44-4be5-a2f2-0d6eb971b0f9,54fcafef-adc7-4635-98a9-68ce6aeb8307,Midtown Financial Plaza Residential Ring Cam 1333,CAM-27-332,residential_ring,4K,360_degree_dome,active,rtsp://streaming.internal.crimemind.net/live/cam-27-332,"{""fps"": 30, ""night_vision_ir"": true, ""pan_tilt_zoom"": true}",2021-01-01T00:00:00,2021-01-01T00:00:00
11bf6fe8-177f-467f-809e-b5481d67538a,64a7d431-2f0b-4f0b-b167-825c8b252c3e,Midtown Financial Plaza Subway Transit Cam 1334,CAM-27-333,subway_transit,1080p,northbound_entry,active,rtsp://streaming.internal.crimemind.net/live/cam-27-333,"{""fps"": 30, ""night_vision_ir"": true, ""pan_tilt_zoom"": false}",2021-01-01T00:00:00,2021-01-01T00:00:00
7deffb4f-7cf6-4265-8034-1b2a40223e9e,173c32e3-850b-4b74-9473-051fd56cc61c,Old Town Heritage Ward Traffic Police Cam 1335,CAM-27-334,traffic_police,1080p,pedestrian_walkway,active,rtsp://streaming.internal.crimemind.net/live/cam-27-334,"{""fps"": 30, ""night_vision_ir"": true, ""pan_tilt_zoom"": false}",2021-01-01T00:00:00,2021-01-01T00:00:00
0210527b-6cd4-45d5-bffb-ca2d942526ef,55f5571d-ed06-4588-871e-2b25ed255fd5,Northshore Heights Atm Surveillance Cam 1336,CAM-27-335,atm_surveillance,4K,northbound_entry,active,rtsp://streaming.internal.crimemind.net/live/cam-27-335,"{""fps"": 30, ""night_vision_ir"": true, ""pan_tilt_zoom"": true}",2021-01-01T00:00:00,2021-01-01T00:00:00
4a808b40-72c8-40e7-b49f-29b1f7e6a39e,fa0f2010-fa72-40c6-b6cd-5623437bf351,Industrial Waterfront & Port Highway Toll Cam 1337,CAM-27-336,highway_toll,1080p,northbound_entry,active,rtsp://streaming.internal.crimemind.net/live/cam-27-336,"{""fps"": 30, ""night_vision_ir"": true, ""pan_tilt_zoom"": false}",2021-01-01T00:00:00,2021-01-01T00:00:00
51f2a62a-3379-44e6-a81b-8a5b332f35f7,0385de4b-f44f-4dd5-914c-cffd78f80429,Industrial Waterfront & Port Municipal Surveillance Cam 1338,CAM-27-337,municipal_surveillance,720p,360_degree_dome,active,rtsp://streaming.internal.crimemind.net/live/cam-27-337,"{""fps"": 30, ""night_vision_ir"": true, ""pan_tilt_zoom"": false}",2021-01-01T00:00:00,2021-01-01T00:00:00
e1d7b27e-8e04-4964-a26b-152976f9c2d1,5b40a2d3-72a3-44b8-9226-72a41b2f619b,Industrial Waterfront & Port Municipal Surveillance Cam 1339,CAM-27-338,municipal_surveillance,4K,southbound_exit,active,rtsp://streaming.internal.crimemind.net/live/cam-27-338,"{""fps"": 30, ""night_vision_ir"": true, ""pan_tilt_zoom"": true}",2021-01-01T00:00:00,2021-01-01T00:00:00
afb9d40e-9839-481e-9169-8d213e91498b,289091b6-6065-4659-a275-7c7eb2ffb349,Silver Lake Tech Park Subway Transit Cam 1340,CAM-27-339,subway_transit,4K,pedestrian_walkway,active,rtsp://streaming.internal.crimemind.net/live/cam-27-339,"{""fps"": 30, ""night_vision_ir"": true, ""pan_tilt_zoom"": false}",2021-01-01T00:00:00,2021-01-01T00:00:00
365ee12a-734f-40e8-ac65-324676810436,b6a8fcd6-de60-409a-9be3-06cedca075d6,West End Suburbs Residential Ring Cam 1341,CAM-27-340,residential_ring,4K,northbound_entry,active,rtsp://streaming.internal.crimemind.net/live/cam-27-340,"{""fps"": 30, ""night_vision_ir"": true, ""pan_tilt_zoom"": false}",2021-01-01T00:00:00,2021-01-01T00:00:00
efb7b840-cf5e-48fa-a3a1-509243edb923,c1cf7cda-af89-4100-a68a-13a3cf1c521b,Silver Lake Tech Park Residential Ring Cam 1342,CAM-27-341,residential_ring,1080p,pedestrian_walkway,active,rtsp://streaming.internal.crimemind.net/live/cam-27-341,"{""fps"": 30, ""night_vision_ir"": true, ""pan_tilt_zoom"": true}",2021-01-01T00:00:00,2021-01-01T00:00:00
67da5fb7-379f-40ac-bc5b-a801fa73b5b1,22d1ea64-a3b5-4ca6-b0e4-2a1bf1401d23,Northshore Heights Municipal Surveillance Cam 1343,CAM-27-342,municipal_surveillance,1080p,northbound_entry,active,rtsp://streaming.internal.crimemind.net/live/cam-27-342,"{""fps"": 30, ""night_vision_ir"": true, ""pan_tilt_zoom"": false}",2021-01-01T00:00:00,2021-01-01T00:00:00
eeeaa25d-bb79-40b6-b853-b1d2fd727a0d,e43f5fee-cf94-42bb-bdf2-3bde8f98b05e,South Bay Logistics Hub Private Commercial Cam 1344,CAM-27-343,private_commercial,1080p,pedestrian_walkway,active,rtsp://streaming.internal.crimemind.net/live/cam-27-343,"{""fps"": 30, ""night_vision_ir"": true, ""pan_tilt_zoom"": false}",2021-01-01T00:00:00,2021-01-01T00:00:00
245b9a23-79af-48a3-b42b-413e4402cc03,9051c16d-34a1-4186-a550-eae27f0d5dea,Industrial Waterfront & Port Private Commercial Cam 1345,CAM-27-344,private_commercial,1080p,southbound_exit,active,rtsp://streaming.internal.crimemind.net/live/cam-27-344,"{""fps"": 30, ""night_vision_ir"": true, ""pan_tilt_zoom"": true}",2021-01-01T00:00:00,2021-01-01T00:00:00
e0a9093f-47ec-459b-a8c4-e6085343f63d,8bafdfb2-cb9d-4b05-9a80-5599435c6940,Silver Lake Tech Park Atm Surveillance Cam 1346,CAM-27-345,atm_surveillance,720p,pedestrian_walkway,active,rtsp://streaming.internal.crimemind.net/live/cam-27-345,"{""fps"": 30, ""night_vision_ir"": true, ""pan_tilt_zoom"": false}",2021-01-01T00:00:00,2021-01-01T00:00:00
9a6338a7-daac-458b-9329-c0f024aff057,14ef5685-facc-4e79-b6fc-1053cfc1b831,Old Town Heritage Ward Subway Transit Cam 1347,CAM-27-346,subway_transit,4K,pedestrian_walkway,active,rtsp://streaming.internal.crimemind.net/live/cam-27-346,"{""fps"": 30, ""night_vision_ir"": true, ""pan_tilt_zoom"": false}",2021-01-01T00:00:00,2021-01-01T00:00:00
88cfe3e6-13d1-4c50-95bc-219f7f0b9f72,bc242a86-49be-40a5-bdab-45399a2a7eb2,West End Suburbs Private Commercial Cam 1348,CAM-27-347,private_commercial,1080p,southbound_exit,active,rtsp://streaming.internal.crimemind.net/live/cam-27-347,"{""fps"": 30, ""night_vision_ir"": true, ""pan_tilt_zoom"": true}",2021-01-01T00:00:00,2021-01-01T00:00:00
9e7a6b2f-46ac-464f-8213-727c4f670582,5c24bd5b-2dfd-4539-8c80-00a7e807f3fb,West End Suburbs Highway Toll Cam 1349,CAM-27-348,highway_toll,1080p,vault_corridor,active,rtsp://streaming.internal.crimemind.net/live/cam-27-348,"{""fps"": 30, ""night_vision_ir"": true, ""pan_tilt_zoom"": false}",2021-01-01T00:00:00,2021-01-01T00:00:00
fea94011-2e7a-4ff5-9591-0253875e5686,d703289f-55ed-42c0-ac78-62367a588703,Harbor Point Terminal Private Commercial Cam 1350,CAM-27-349,private_commercial,4K,vault_corridor,active,rtsp://streaming.internal.crimemind.net/live/cam-27-349,"{""fps"": 30, ""night_vision_ir"": true, ""pan_tilt_zoom"": false}",2021-01-01T00:00:00,2021-01-01T00:00:00
aa275b49-590b-4fce-86c4-afe7792e2ede,0cd89bf2-b859-4774-8ae8-d0d984162d20,Harbor Point Terminal Traffic Police Cam 1351,CAM-28-350,traffic_police,1080p,vault_corridor,active,rtsp://streaming.internal.crimemind.net/live/cam-28-350,"{""fps"": 30, ""night_vision_ir"": true, ""pan_tilt_zoom"": true}",2021-01-01T00:00:00,2021-01-01T00:00:00
027436ae-820c-4dd5-ada2-402bc38adb6b,0dbf1dec-bd30-4182-ac38-c7ee19587eab,Midtown Financial Plaza Private Commercial Cam 1352,CAM-28-351,private_commercial,720p,northbound_entry,active,rtsp://streaming.internal.crimemind.net/live/cam-28-351,"{""fps"": 30, ""night_vision_ir"": true, ""pan_tilt_zoom"": false}",2021-01-01T00:00:00,2021-01-01T00:00:00
184f88d9-bddc-4c90-9af6-d23afab88476,18a25ee8-1de5-400e-85b0-24bb0961edfd,Industrial Waterfront & Port Highway Toll Cam 1353,CAM-28-352,highway_toll,1080p,northbound_entry,active,rtsp://streaming.internal.crimemind.net/live/cam-28-352,"{""fps"": 30, ""night_vision_ir"": true, ""pan_tilt_zoom"": false}",2021-01-01T00:00:00,2021-01-01T00:00:00
4cfe8575-6a4c-47e5-ab42-9f694963bd15,27dd8391-7f50-4b5b-be1a-f1a61e81eafb,Silver Lake Tech Park Subway Transit Cam 1354,CAM-28-353,subway_transit,1080p,northbound_entry,active,rtsp://streaming.internal.crimemind.net/live/cam-28-353,"{""fps"": 30, ""night_vision_ir"": true, ""pan_tilt_zoom"": true}",2021-01-01T00:00:00,2021-01-01T00:00:00
d419e6fa-4937-4157-8577-5189aabc742e,ee6fc55b-3aa7-4f54-a23b-548ebe0f1764,Old Town Heritage Ward Atm Surveillance Cam 1355,CAM-28-354,atm_surveillance,4K,360_degree_dome,active,rtsp://streaming.internal.crimemind.net/live/cam-28-354,"{""fps"": 30, ""night_vision_ir"": true, ""pan_tilt_zoom"": false}",2021-01-01T00:00:00,2021-01-01T00:00:00
da456e58-7428-4ac6-8b6a-27d747c0a82a,b4a048bd-8572-44c1-ba1d-261121d4d5f4,Downtown Commercial District Subway Transit Cam 1356,CAM-28-355,subway_transit,4K,northbound_entry,active,rtsp://streaming.internal.crimemind.net/live/cam-28-355,"{""fps"": 30, ""night_vision_ir"": true, ""pan_tilt_zoom"": false}",2021-01-01T00:00:00,2021-01-01T00:00:00
4744dc96-e677-4222-8acc-c0f410b4e76c,76b23c6b-bac0-4c8f-8f62-b3a0a5d78fe0,Midtown Financial Plaza Traffic Police Cam 1357,CAM-28-356,traffic_police,720p,southbound_exit,active,rtsp://streaming.internal.crimemind.net/live/cam-28-356,"{""fps"": 30, ""night_vision_ir"": true, ""pan_tilt_zoom"": true}",2021-01-01T00:00:00,2021-01-01T00:00:00
ca709415-5fbe-4128-a7cd-76f4d6e2cc8d,bd73149f-0971-4f16-920a-dfaaa58fe44e,Midtown Financial Plaza Subway Transit Cam 1358,CAM-28-357,subway_transit,1080p,vault_corridor,active,rtsp://streaming.internal.crimemind.net/live/cam-28-357,"{""fps"": 30, ""night_vision_ir"": true, ""pan_tilt_zoom"": false}",2021-01-01T00:00:00,2021-01-01T00:00:00
b2422d50-f0be-45a3-853d-0cc887f5a03c,9051c16d-34a1-4186-a550-eae27f0d5dea,Industrial Waterfront & Port Traffic Police Cam 1359,CAM-28-358,traffic_police,1080p,vault_corridor,active,rtsp://streaming.internal.crimemind.net/live/cam-28-358,"{""fps"": 30, ""night_vision_ir"": true, ""pan_tilt_zoom"": false}",2021-01-01T00:00:00,2021-01-01T00:00:00
81482c05-98b3-4c73-83e5-7533c7e5fbc6,1f1b3a9a-531f-4f83-932e-1cb88cab9ca2,Downtown Commercial District Residential Ring Cam 1360,CAM-28-359,residential_ring,720p,360_degree_dome,active,rtsp://streaming.internal.crimemind.net/live/cam-28-359,"{""fps"": 30, ""night_vision_ir"": true, ""pan_tilt_zoom"": true}",2021-01-01T00:00:00,2021-01-01T00:00:00
4c362e96-2120-4e5e-a595-294155d4885b,9288f331-7d7d-4146-8d70-6cd942d5d668,Old Town Heritage Ward Residential Ring Cam 1361,CAM-28-360,residential_ring,720p,vault_corridor,active,rtsp://streaming.internal.crimemind.net/live/cam-28-360,"{""fps"": 30, ""night_vision_ir"": true, ""pan_tilt_zoom"": false}",2021-01-01T00:00:00,2021-01-01T00:00:00
10b96ee9-425e-45d4-a237-be993100b424,2932b1fb-6a52-4280-8d1a-a78a9587b832,Industrial Waterfront & Port Atm Surveillance Cam 1362,CAM-28-361,atm_surveillance,720p,northbound_entry,active,rtsp://streaming.internal.crimemind.net/live/cam-28-361,"{""fps"": 30, ""night_vision_ir"": true, ""pan_tilt_zoom"": false}",2021-01-01T00:00:00,2021-01-01T00:00:00
a9603a83-8550-4771-9c54-892a5441d5e2,e5faa1cd-f163-4317-b1c9-3a6bfd09fbdd,Eastside Arts Corridor Subway Transit Cam 1363,CAM-28-362,subway_transit,720p,vault_corridor,active,rtsp://streaming.internal.crimemind.net/live/cam-28-362,"{""fps"": 30, ""night_vision_ir"": true, ""pan_tilt_zoom"": true}",2021-01-01T00:00:00,2021-01-01T00:00:00
73714283-3d93-41fc-b975-41d058f250cc,7e594370-bd84-44cc-8d9e-4bbab9457dce,Midtown Financial Plaza Residential Ring Cam 1364,CAM-28-363,residential_ring,1080p,360_degree_dome,active,rtsp://streaming.internal.crimemind.net/live/cam-28-363,"{""fps"": 30, ""night_vision_ir"": true, ""pan_tilt_zoom"": false}",2021-01-01T00:00:00,2021-01-01T00:00:00
d0989c9d-a009-409f-86f4-a4b63bb3600f,3782a2a2-7309-4548-a4fc-534b631234bd,Industrial Waterfront & Port Private Commercial Cam 1365,CAM-28-364,private_commercial,1080p,360_degree_dome,active,rtsp://streaming.internal.crimemind.net/live/cam-28-364,"{""fps"": 30, ""night_vision_ir"": true, ""pan_tilt_zoom"": false}",2021-01-01T00:00:00,2021-01-01T00:00:00
4a8b63c9-7c47-4960-8c23-0c6d3678a1c3,a69a6024-2688-4fa0-9e0f-4a423c487d0a,Industrial Waterfront & Port Municipal Surveillance Cam 1366,CAM-28-365,municipal_surveillance,1080p,northbound_entry,active,rtsp://streaming.internal.crimemind.net/live/cam-28-365,"{""fps"": 30, ""night_vision_ir"": true, ""pan_tilt_zoom"": true}",2021-01-01T00:00:00,2021-01-01T00:00:00
6cf12cd1-ee59-4e1c-aa5e-aabdbf32ae6c,5a851ed0-17d2-4c6e-bd76-96608b34c59c,Northshore Heights Traffic Police Cam 1367,CAM-28-366,traffic_police,1080p,vault_corridor,active,rtsp://streaming.internal.crimemind.net/live/cam-28-366,"{""fps"": 30, ""night_vision_ir"": true, ""pan_tilt_zoom"": false}",2021-01-01T00:00:00,2021-01-01T00:00:00
0001df78-0792-4499-977d-8b6f8adeb2cc,cc522908-6374-4533-943f-729a5bcbee78,Industrial Waterfront & Port Private Commercial Cam 1368,CAM-28-367,private_commercial,1080p,southbound_exit,active,rtsp://streaming.internal.crimemind.net/live/cam-28-367,"{""fps"": 30, ""night_vision_ir"": true, ""pan_tilt_zoom"": false}",2021-01-01T00:00:00,2021-01-01T00:00:00
f4a0e0f7-8533-49c4-8c70-2c357974bd89,ba840fa4-2cb6-4ddc-8c20-b956be8abdaa,Downtown Commercial District Traffic Police Cam 1369,CAM-28-368,traffic_police,1080p,vault_corridor,active,rtsp://streaming.internal.crimemind.net/live/cam-28-368,"{""fps"": 30, ""night_vision_ir"": true, ""pan_tilt_zoom"": true}",2021-01-01T00:00:00,2021-01-01T00:00:00
a090a1a1-df57-4d3d-81a1-b63de846b1fe,bd5631ac-2562-45c8-aac6-814b89732325,Northshore Heights Traffic Police Cam 1370,CAM-28-369,traffic_police,1080p,vault_corridor,active,rtsp://streaming.internal.crimemind.net/live/cam-28-369,"{""fps"": 30, ""night_vision_ir"": true, ""pan_tilt_zoom"": false}",2021-01-01T00:00:00,2021-01-01T00:00:00
7f086de4-bf4a-41ed-afc8-0595e22dd05e,d18fbe3d-63f3-4ef9-8843-851f4a55ab99,West End Suburbs Traffic Police Cam 1371,CAM-28-370,traffic_police,720p,northbound_entry,active,rtsp://streaming.internal.crimemind.net/live/cam-28-370,"{""fps"": 30, ""night_vision_ir"": true, ""pan_tilt_zoom"": false}",2021-01-01T00:00:00,2021-01-01T00:00:00
e03a6a5f-d47a-4a12-859f-73b9ee44627d,2809ad9d-c846-4224-9083-4bf966dd999a,Northshore Heights Traffic Police Cam 1372,CAM-28-371,traffic_police,1080p,vault_corridor,active,rtsp://streaming.internal.crimemind.net/live/cam-28-371,"{""fps"": 30, ""night_vision_ir"": true, ""pan_tilt_zoom"": true}",2021-01-01T00:00:00,2021-01-01T00:00:00
47818045-8d51-4456-a625-701bfde99e07,20593c7e-e4cc-46f2-b1bf-6074c39087f4,Industrial Waterfront & Port Highway Toll Cam 1373,CAM-28-372,highway_toll,720p,360_degree_dome,active,rtsp://streaming.internal.crimemind.net/live/cam-28-372,"{""fps"": 30, ""night_vision_ir"": true, ""pan_tilt_zoom"": false}",2021-01-01T00:00:00,2021-01-01T00:00:00
e3427d34-3276-4b12-8cf6-fe7c1d5bff00,0385de4b-f44f-4dd5-914c-cffd78f80429,Industrial Waterfront & Port Traffic Police Cam 1374,CAM-28-373,traffic_police,4K,pedestrian_walkway,active,rtsp://streaming.internal.crimemind.net/live/cam-28-373,"{""fps"": 30, ""night_vision_ir"": true, ""pan_tilt_zoom"": false}",2021-01-01T00:00:00,2021-01-01T00:00:00
3665b310-a436-4f41-961f-2a7b4e1eabe2,1fdf75ba-3cff-4ded-8806-3f5cbbd345aa,Silver Lake Tech Park Traffic Police Cam 1375,CAM-28-374,traffic_police,1080p,360_degree_dome,active,rtsp://streaming.internal.crimemind.net/live/cam-28-374,"{""fps"": 30, ""night_vision_ir"": true, ""pan_tilt_zoom"": true}",2021-01-01T00:00:00,2021-01-01T00:00:00
9f31fa4f-d6e6-468c-8e2e-10179734311d,cafdd416-21e4-4852-84d7-f37dcc3c2d23,Eastside Arts Corridor Residential Ring Cam 1376,CAM-28-375,residential_ring,720p,pedestrian_walkway,active,rtsp://streaming.internal.crimemind.net/live/cam-28-375,"{""fps"": 30, ""night_vision_ir"": true, ""pan_tilt_zoom"": false}",2021-01-01T00:00:00,2021-01-01T00:00:00
1982a68e-0fd0-4e4b-a8a4-2898e6ff36ab,0198c363-0a3a-4e5a-ab65-5a485e24f8a7,West End Suburbs Highway Toll Cam 1377,CAM-28-376,highway_toll,1080p,pedestrian_walkway,active,rtsp://streaming.internal.crimemind.net/live/cam-28-376,"{""fps"": 30, ""night_vision_ir"": true, ""pan_tilt_zoom"": false}",2021-01-01T00:00:00,2021-01-01T00:00:00
a0bc41bf-b57c-4103-921e-fa7c16b7074a,63cda949-d226-47a6-96e2-252a289bd5fc,Downtown Commercial District Traffic Police Cam 1378,CAM-28-377,traffic_police,720p,vault_corridor,active,rtsp://streaming.internal.crimemind.net/live/cam-28-377,"{""fps"": 30, ""night_vision_ir"": true, ""pan_tilt_zoom"": true}",2021-01-01T00:00:00,2021-01-01T00:00:00
f512a4ce-9df6-4e5f-a844-4dfe0920378e,84c75f61-2b13-427f-8bf6-a206a380e6de,Midtown Financial Plaza Atm Surveillance Cam 1379,CAM-28-378,atm_surveillance,1080p,northbound_entry,active,rtsp://streaming.internal.crimemind.net/live/cam-28-378,"{""fps"": 30, ""night_vision_ir"": true, ""pan_tilt_zoom"": false}",2021-01-01T00:00:00,2021-01-01T00:00:00
74076249-982c-44c3-bd6d-152f7731a75d,71f5f3ab-e71b-4793-b9da-52b4441ca282,Industrial Waterfront & Port Residential Ring Cam 1380,CAM-28-379,residential_ring,1080p,southbound_exit,active,rtsp://streaming.internal.crimemind.net/live/cam-28-379,"{""fps"": 30, ""night_vision_ir"": true, ""pan_tilt_zoom"": false}",2021-01-01T00:00:00,2021-01-01T00:00:00
b16cb3f2-3b0e-4e0d-99f5-295552487ff8,a442f5fe-b54c-46f5-9f1e-ce32ad9ca563,Harbor Point Terminal Atm Surveillance Cam 1381,CAM-28-380,atm_surveillance,720p,pedestrian_walkway,active,rtsp://streaming.internal.crimemind.net/live/cam-28-380,"{""fps"": 30, ""night_vision_ir"": true, ""pan_tilt_zoom"": true}",2021-01-01T00:00:00,2021-01-01T00:00:00
0584d496-1e14-4488-b266-47fd58c40a8d,f713088d-6559-4e8b-ab2c-7ebf5b595cfe,Northshore Heights Traffic Police Cam 1382,CAM-28-381,traffic_police,1080p,vault_corridor,active,rtsp://streaming.internal.crimemind.net/live/cam-28-381,"{""fps"": 30, ""night_vision_ir"": true, ""pan_tilt_zoom"": false}",2021-01-01T00:00:00,2021-01-01T00:00:00
3043407a-6da5-4ff0-a1c1-696a6fb45ccb,ae1c1c5b-d0b0-418e-9b1f-ed3a9efc839a,Eastside Arts Corridor Traffic Police Cam 1383,CAM-28-382,traffic_police,720p,northbound_entry,active,rtsp://streaming.internal.crimemind.net/live/cam-28-382,"{""fps"": 30, ""night_vision_ir"": true, ""pan_tilt_zoom"": false}",2021-01-01T00:00:00,2021-01-01T00:00:00
e0e63a5e-4116-4b14-8dd5-13b20e26ad34,4930f883-3876-49dd-91e9-a050fbe8195c,Eastside Arts Corridor Residential Ring Cam 1384,CAM-28-383,residential_ring,1080p,northbound_entry,active,rtsp://streaming.internal.crimemind.net/live/cam-28-383,"{""fps"": 30, ""night_vision_ir"": true, ""pan_tilt_zoom"": true}",2021-01-01T00:00:00,2021-01-01T00:00:00
97d028dd-8ec3-4d28-91d1-b38fe6ba4800,ba840fa4-2cb6-4ddc-8c20-b956be8abdaa,Downtown Commercial District Residential Ring Cam 1385,CAM-28-384,residential_ring,720p,360_degree_dome,active,rtsp://streaming.internal.crimemind.net/live/cam-28-384,"{""fps"": 30, ""night_vision_ir"": true, ""pan_tilt_zoom"": false}",2021-01-01T00:00:00,2021-01-01T00:00:00
498c3129-df2a-461d-b437-860a9f35ff17,72c5a451-b7c0-49e5-9c72-350c2d6fca0f,Downtown Commercial District Traffic Police Cam 1386,CAM-28-385,traffic_police,1080p,pedestrian_walkway,active,rtsp://streaming.internal.crimemind.net/live/cam-28-385,"{""fps"": 30, ""night_vision_ir"": true, ""pan_tilt_zoom"": false}",2021-01-01T00:00:00,2021-01-01T00:00:00
986d5fe6-6272-4451-ae6e-6fff08dd413f,23ab6a84-df17-4a38-bdf3-305fc4eeaf13,Old Town Heritage Ward Residential Ring Cam 1387,CAM-28-386,residential_ring,1080p,southbound_exit,active,rtsp://streaming.internal.crimemind.net/live/cam-28-386,"{""fps"": 30, ""night_vision_ir"": true, ""pan_tilt_zoom"": true}",2021-01-01T00:00:00,2021-01-01T00:00:00
3f867a33-07d2-4bf3-a4ec-7f2b3b13b5e3,9f48a0c0-081f-49a5-9620-9a48b1ed5d94,West End Suburbs Residential Ring Cam 1388,CAM-28-387,residential_ring,720p,pedestrian_walkway,active,rtsp://streaming.internal.crimemind.net/live/cam-28-387,"{""fps"": 30, ""night_vision_ir"": true, ""pan_tilt_zoom"": false}",2021-01-01T00:00:00,2021-01-01T00:00:00
ff137312-5fc3-4917-aa8c-f2aafb31c149,32cc974d-268e-40bd-9d8c-d367fafbadfb,Silver Lake Tech Park Private Commercial Cam 1389,CAM-28-388,private_commercial,4K,southbound_exit,active,rtsp://streaming.internal.crimemind.net/live/cam-28-388,"{""fps"": 30, ""night_vision_ir"": true, ""pan_tilt_zoom"": false}",2021-01-01T00:00:00,2021-01-01T00:00:00
6544ccc0-fe65-4570-ae56-7a1a38c9b782,fcffd16b-bc06-4563-bee1-4a659a173885,Silver Lake Tech Park Residential Ring Cam 1390,CAM-28-389,residential_ring,4K,northbound_entry,active,rtsp://streaming.internal.crimemind.net/live/cam-28-389,"{""fps"": 30, ""night_vision_ir"": true, ""pan_tilt_zoom"": true}",2021-01-01T00:00:00,2021-01-01T00:00:00
a33e0d0f-69e2-42db-a8a4-99dc19e3d2fe,71304eb6-570a-49c0-b794-d03f5ebce7fa,Northshore Heights Subway Transit Cam 1391,CAM-28-390,subway_transit,4K,360_degree_dome,offline,rtsp://streaming.internal.crimemind.net/live/cam-28-390,"{""fps"": 30, ""night_vision_ir"": true, ""pan_tilt_zoom"": false}",2021-01-01T00:00:00,2021-01-01T00:00:00
473614e7-9b05-42e5-b10d-0eb3fe1f9737,cd8f0384-b855-4212-a4c5-6928ed3271a1,Old Town Heritage Ward Municipal Surveillance Cam 1392,CAM-28-391,municipal_surveillance,4K,360_degree_dome,active,rtsp://streaming.internal.crimemind.net/live/cam-28-391,"{""fps"": 30, ""night_vision_ir"": true, ""pan_tilt_zoom"": false}",2021-01-01T00:00:00,2021-01-01T00:00:00
e92452b2-9904-4fcb-95fc-dbdb62c18d0c,356ecdc6-330b-4e94-82b1-48f5080a2fd8,Eastside Arts Corridor Municipal Surveillance Cam 1393,CAM-28-392,municipal_surveillance,1080p,southbound_exit,active,rtsp://streaming.internal.crimemind.net/live/cam-28-392,"{""fps"": 30, ""night_vision_ir"": true, ""pan_tilt_zoom"": true}",2021-01-01T00:00:00,2021-01-01T00:00:00
d5573a8d-6614-4ab8-81a6-e18a107b7fb4,32cc974d-268e-40bd-9d8c-d367fafbadfb,Silver Lake Tech Park Residential Ring Cam 1394,CAM-28-393,residential_ring,4K,southbound_exit,active,rtsp://streaming.internal.crimemind.net/live/cam-28-393,"{""fps"": 30, ""night_vision_ir"": true, ""pan_tilt_zoom"": false}",2021-01-01T00:00:00,2021-01-01T00:00:00
58820657-65fb-40de-8c90-c114c1006ac8,47e400c3-c14a-4af5-b416-d98c7e7c3052,Silver Lake Tech Park Private Commercial Cam 1395,CAM-28-394,private_commercial,4K,northbound_entry,active,rtsp://streaming.internal.crimemind.net/live/cam-28-394,"{""fps"": 30, ""night_vision_ir"": true, ""pan_tilt_zoom"": false}",2021-01-01T00:00:00,2021-01-01T00:00:00
b872d856-75a1-48fe-9ab8-c9a823ac2aad,5fe8c3ba-de73-4084-86d9-9640fa8acf19,West End Suburbs Atm Surveillance Cam 1396,CAM-28-395,atm_surveillance,1080p,northbound_entry,active,rtsp://streaming.internal.crimemind.net/live/cam-28-395,"{""fps"": 30, ""night_vision_ir"": true, ""pan_tilt_zoom"": true}",2021-01-01T00:00:00,2021-01-01T00:00:00
e1c8d22a-e048-4539-983d-47413323c60c,a2f0ff1d-b435-4472-b99d-73cc32027f39,Harbor Point Terminal Atm Surveillance Cam 1397,CAM-28-396,atm_surveillance,4K,southbound_exit,active,rtsp://streaming.internal.crimemind.net/live/cam-28-396,"{""fps"": 30, ""night_vision_ir"": true, ""pan_tilt_zoom"": false}",2021-01-01T00:00:00,2021-01-01T00:00:00
340f2e6a-36b1-4b1b-83f0-16d9edd62c63,5a851ed0-17d2-4c6e-bd76-96608b34c59c,Northshore Heights Traffic Police Cam 1398,CAM-28-397,traffic_police,4K,360_degree_dome,active,rtsp://streaming.internal.crimemind.net/live/cam-28-397,"{""fps"": 30, ""night_vision_ir"": true, ""pan_tilt_zoom"": false}",2021-01-01T00:00:00,2021-01-01T00:00:00
27abff3d-c782-437d-bdd0-3024e5824e80,9cd6d82a-258b-4c11-8a6b-f7c3ace35f7a,Old Town Heritage Ward Atm Surveillance Cam 1399,CAM-28-398,atm_surveillance,1080p,360_degree_dome,active,rtsp://streaming.internal.crimemind.net/live/cam-28-398,"{""fps"": 30, ""night_vision_ir"": true, ""pan_tilt_zoom"": true}",2021-01-01T00:00:00,2021-01-01T00:00:00
650a3828-0489-4cf0-97d7-78d93cde0bbf,bcf833df-ebd2-4568-847c-daaf21ff5834,West End Suburbs Highway Toll Cam 1400,CAM-28-399,highway_toll,4K,vault_corridor,active,rtsp://streaming.internal.crimemind.net/live/cam-28-399,"{""fps"": 30, ""night_vision_ir"": true, ""pan_tilt_zoom"": false}",2021-01-01T00:00:00,2021-01-01T00:00:00
6abf537b-3097-499d-af43-351a88f9b8f2,5349e028-0796-4095-8438-17b06e078805,Northshore Heights Atm Surveillance Cam 1401,CAM-29-400,atm_surveillance,1080p,northbound_entry,active,rtsp://streaming.internal.crimemind.net/live/cam-29-400,"{""fps"": 30, ""night_vision_ir"": true, ""pan_tilt_zoom"": false}",2021-01-01T00:00:00,2021-01-01T00:00:00
96c1e273-a310-4632-a94e-b7eabd205f08,d8936f71-8d10-4cc4-bc7e-771728a0e237,Industrial Waterfront & Port Traffic Police Cam 1402,CAM-29-401,traffic_police,1080p,southbound_exit,active,rtsp://streaming.internal.crimemind.net/live/cam-29-401,"{""fps"": 30, ""night_vision_ir"": true, ""pan_tilt_zoom"": true}",2021-01-01T00:00:00,2021-01-01T00:00:00
8687359b-a479-47b6-a1b5-c62a5dc29286,b398aca6-a4e0-481a-ab97-b1923b40cffd,Harbor Point Terminal Atm Surveillance Cam 1403,CAM-29-402,atm_surveillance,1080p,vault_corridor,active,rtsp://streaming.internal.crimemind.net/live/cam-29-402,"{""fps"": 30, ""night_vision_ir"": true, ""pan_tilt_zoom"": false}",2021-01-01T00:00:00,2021-01-01T00:00:00
6d36ba0b-47c0-49bc-8977-27b6f05f8a77,3e637ea8-e4fd-4195-ad0f-a47fbb524252,Old Town Heritage Ward Residential Ring Cam 1404,CAM-29-403,residential_ring,4K,northbound_entry,active,rtsp://streaming.internal.crimemind.net/live/cam-29-403,"{""fps"": 30, ""night_vision_ir"": true, ""pan_tilt_zoom"": false}",2021-01-01T00:00:00,2021-01-01T00:00:00
d43a0091-50d8-4ccc-b0a3-b03ba1017c56,cdf661f6-c16c-45c6-b446-4ef074070174,Old Town Heritage Ward Highway Toll Cam 1405,CAM-29-404,highway_toll,4K,northbound_entry,active,rtsp://streaming.internal.crimemind.net/live/cam-29-404,"{""fps"": 30, ""night_vision_ir"": true, ""pan_tilt_zoom"": true}",2021-01-01T00:00:00,2021-01-01T00:00:00
56110073-2143-45bf-bca0-2ec4d5980ef2,2adf83e0-ec34-4c99-a172-87c202fef7d1,Old Town Heritage Ward Atm Surveillance Cam 1406,CAM-29-405,atm_surveillance,1080p,pedestrian_walkway,active,rtsp://streaming.internal.crimemind.net/live/cam-29-405,"{""fps"": 30, ""night_vision_ir"": true, ""pan_tilt_zoom"": false}",2021-01-01T00:00:00,2021-01-01T00:00:00
6dabb008-e081-46bc-ac15-b64df98601bb,46dbc3f5-4e69-4eb8-a256-2ff2c6e4066c,Northshore Heights Subway Transit Cam 1407,CAM-29-406,subway_transit,1080p,northbound_entry,active,rtsp://streaming.internal.crimemind.net/live/cam-29-406,"{""fps"": 30, ""night_vision_ir"": true, ""pan_tilt_zoom"": false}",2021-01-01T00:00:00,2021-01-01T00:00:00
11031ffd-ac24-410b-b88a-4524f21d30a4,6e46dc0e-5e3a-432c-b0af-35b6e0662604,West End Suburbs Municipal Surveillance Cam 1408,CAM-29-407,municipal_surveillance,720p,northbound_entry,active,rtsp://streaming.internal.crimemind.net/live/cam-29-407,"{""fps"": 30, ""night_vision_ir"": true, ""pan_tilt_zoom"": true}",2021-01-01T00:00:00,2021-01-01T00:00:00
a1da677a-5cbf-4ace-886e-0d61a823d387,40c601f0-19ce-43a6-9b21-b3a1950e6c61,Eastside Arts Corridor Atm Surveillance Cam 1409,CAM-29-408,atm_surveillance,720p,pedestrian_walkway,active,rtsp://streaming.internal.crimemind.net/live/cam-29-408,"{""fps"": 30, ""night_vision_ir"": true, ""pan_tilt_zoom"": false}",2021-01-01T00:00:00,2021-01-01T00:00:00
b383b6ee-fcc0-4f5b-8a3c-7fa43225387e,f7367e21-54f9-4b3e-b73a-d3de273b8a3a,Midtown Financial Plaza Atm Surveillance Cam 1410,CAM-29-409,atm_surveillance,720p,vault_corridor,active,rtsp://streaming.internal.crimemind.net/live/cam-29-409,"{""fps"": 30, ""night_vision_ir"": true, ""pan_tilt_zoom"": false}",2021-01-01T00:00:00,2021-01-01T00:00:00
318ef765-37ab-4e46-b222-4727fa8c173f,f3cb7a21-e20e-4b35-bac9-7f6d7914d4bc,Harbor Point Terminal Subway Transit Cam 1411,CAM-29-410,subway_transit,720p,southbound_exit,active,rtsp://streaming.internal.crimemind.net/live/cam-29-410,"{""fps"": 30, ""night_vision_ir"": true, ""pan_tilt_zoom"": true}",2021-01-01T00:00:00,2021-01-01T00:00:00
2debd8de-0939-48bb-bfc5-1ddaa58ee847,ae28ef94-9623-4ff0-a37c-8ad1b6427603,Downtown Commercial District Traffic Police Cam 1412,CAM-29-411,traffic_police,720p,northbound_entry,active,rtsp://streaming.internal.crimemind.net/live/cam-29-411,"{""fps"": 30, ""night_vision_ir"": true, ""pan_tilt_zoom"": false}",2021-01-01T00:00:00,2021-01-01T00:00:00
95679762-4d23-45fc-8b70-1464c13bc827,3be46386-f610-46f8-92f2-5bbf950bd667,West End Suburbs Municipal Surveillance Cam 1413,CAM-29-412,municipal_surveillance,1080p,southbound_exit,active,rtsp://streaming.internal.crimemind.net/live/cam-29-412,"{""fps"": 30, ""night_vision_ir"": true, ""pan_tilt_zoom"": false}",2021-01-01T00:00:00,2021-01-01T00:00:00
07d539ec-8154-4850-9f8b-a0ecd825e607,5033f291-0e77-47cf-9109-e43f9e0912f3,Industrial Waterfront & Port Residential Ring Cam 1414,CAM-29-413,residential_ring,720p,southbound_exit,active,rtsp://streaming.internal.crimemind.net/live/cam-29-413,"{""fps"": 30, ""night_vision_ir"": true, ""pan_tilt_zoom"": true}",2021-01-01T00:00:00,2021-01-01T00:00:00
8bee0a9f-c8de-4333-a218-34a72b7d2a78,3bceb79b-2066-4f55-8994-2e405aaeb9d9,Downtown Commercial District Residential Ring Cam 1415,CAM-29-414,residential_ring,4K,360_degree_dome,active,rtsp://streaming.internal.crimemind.net/live/cam-29-414,"{""fps"": 30, ""night_vision_ir"": true, ""pan_tilt_zoom"": false}",2021-01-01T00:00:00,2021-01-01T00:00:00
f562ab08-395d-4343-a4ce-5f43064d59e7,b0a706fe-146b-4167-9af0-69a3be647e74,Silver Lake Tech Park Residential Ring Cam 1416,CAM-29-415,residential_ring,4K,southbound_exit,active,rtsp://streaming.internal.crimemind.net/live/cam-29-415,"{""fps"": 30, ""night_vision_ir"": true, ""pan_tilt_zoom"": false}",2021-01-01T00:00:00,2021-01-01T00:00:00
a383c3e6-cc8f-4ba3-9a6c-45444673d01b,42b63f44-7abf-434c-89ba-f8afafd38b5c,West End Suburbs Municipal Surveillance Cam 1417,CAM-29-416,municipal_surveillance,4K,pedestrian_walkway,active,rtsp://streaming.internal.crimemind.net/live/cam-29-416,"{""fps"": 30, ""night_vision_ir"": true, ""pan_tilt_zoom"": true}",2021-01-01T00:00:00,2021-01-01T00:00:00
af3ab2fc-49e3-44fe-8f43-93ab556a725c,4b59af74-b3ee-4f6b-bf16-6112ab45dfc8,Harbor Point Terminal Residential Ring Cam 1418,CAM-29-417,residential_ring,720p,southbound_exit,active,rtsp://streaming.internal.crimemind.net/live/cam-29-417,"{""fps"": 30, ""night_vision_ir"": true, ""pan_tilt_zoom"": false}",2021-01-01T00:00:00,2021-01-01T00:00:00
f2203d76-9dbd-4cf9-899f-e0901890d26b,0d0d86f8-b3dc-4044-845a-e8ce266f324a,Silver Lake Tech Park Traffic Police Cam 1419,CAM-29-418,traffic_police,720p,360_degree_dome,active,rtsp://streaming.internal.crimemind.net/live/cam-29-418,"{""fps"": 30, ""night_vision_ir"": true, ""pan_tilt_zoom"": false}",2021-01-01T00:00:00,2021-01-01T00:00:00
64fe9e22-fdc6-4790-b409-891236a2efdb,72a0b309-ed36-40c8-9da3-a6ec14d2fbbe,Downtown Commercial District Subway Transit Cam 1420,CAM-29-419,subway_transit,1080p,southbound_exit,active,rtsp://streaming.internal.crimemind.net/live/cam-29-419,"{""fps"": 30, ""night_vision_ir"": true, ""pan_tilt_zoom"": true}",2021-01-01T00:00:00,2021-01-01T00:00:00
8c9c90a3-7e47-4221-a2a6-a7838c20ebff,7bce4c97-c965-4e5e-ab42-802a67def932,Old Town Heritage Ward Residential Ring Cam 1421,CAM-29-420,residential_ring,720p,pedestrian_walkway,active,rtsp://streaming.internal.crimemind.net/live/cam-29-420,"{""fps"": 30, ""night_vision_ir"": true, ""pan_tilt_zoom"": false}",2021-01-01T00:00:00,2021-01-01T00:00:00
201af09a-aae1-4508-b3ea-0cebef2aa566,19a7e8d7-a390-45c3-8681-5991d3f9ab7d,Midtown Financial Plaza Private Commercial Cam 1422,CAM-29-421,private_commercial,720p,360_degree_dome,maintenance,rtsp://streaming.internal.crimemind.net/live/cam-29-421,"{""fps"": 30, ""night_vision_ir"": true, ""pan_tilt_zoom"": false}",2021-01-01T00:00:00,2021-01-01T00:00:00
fefe90e9-1d63-4de4-8026-1989c2b9454b,7500e0c6-5081-4856-ab1e-782de842d3a4,Midtown Financial Plaza Municipal Surveillance Cam 1423,CAM-29-422,municipal_surveillance,1080p,southbound_exit,active,rtsp://streaming.internal.crimemind.net/live/cam-29-422,"{""fps"": 30, ""night_vision_ir"": true, ""pan_tilt_zoom"": true}",2021-01-01T00:00:00,2021-01-01T00:00:00
7ab9e094-d28c-42be-8aad-6cae2c0a1d0c,b75fe1ff-29db-4860-b556-51ed15a966f4,Silver Lake Tech Park Traffic Police Cam 1424,CAM-29-423,traffic_police,1080p,360_degree_dome,active,rtsp://streaming.internal.crimemind.net/live/cam-29-423,"{""fps"": 30, ""night_vision_ir"": true, ""pan_tilt_zoom"": false}",2021-01-01T00:00:00,2021-01-01T00:00:00
14d5a8d1-67c3-4e6e-b9d2-cace13252004,b623efcd-1283-44d9-9a07-ae509b3ac71f,Northshore Heights Private Commercial Cam 1425,CAM-29-424,private_commercial,1080p,360_degree_dome,active,rtsp://streaming.internal.crimemind.net/live/cam-29-424,"{""fps"": 30, ""night_vision_ir"": true, ""pan_tilt_zoom"": false}",2021-01-01T00:00:00,2021-01-01T00:00:00
3cfe7542-55a4-49e2-a9ee-8a7ef1399d9a,bd485a44-26d8-4405-919e-7040e22e83bf,Eastside Arts Corridor Private Commercial Cam 1426,CAM-29-425,private_commercial,1080p,pedestrian_walkway,active,rtsp://streaming.internal.crimemind.net/live/cam-29-425,"{""fps"": 30, ""night_vision_ir"": true, ""pan_tilt_zoom"": true}",2021-01-01T00:00:00,2021-01-01T00:00:00
0e93a393-2db7-49bd-ad62-282bc853bb6a,bd711805-c39b-4126-a99d-6c27a6203551,Northshore Heights Private Commercial Cam 1427,CAM-29-426,private_commercial,1080p,southbound_exit,active,rtsp://streaming.internal.crimemind.net/live/cam-29-426,"{""fps"": 30, ""night_vision_ir"": true, ""pan_tilt_zoom"": false}",2021-01-01T00:00:00,2021-01-01T00:00:00
e30ebe1c-8bba-4809-bca8-2f630255b89f,91569440-b9f7-4ce1-aa8c-db0cf4a96584,Silver Lake Tech Park Atm Surveillance Cam 1428,CAM-29-427,atm_surveillance,1080p,pedestrian_walkway,active,rtsp://streaming.internal.crimemind.net/live/cam-29-427,"{""fps"": 30, ""night_vision_ir"": true, ""pan_tilt_zoom"": false}",2021-01-01T00:00:00,2021-01-01T00:00:00
b4146120-7bcc-4def-a538-5691c6d54148,41f7ad8c-08f4-4005-beab-4deb6a58d6ec,Silver Lake Tech Park Highway Toll Cam 1429,CAM-29-428,highway_toll,1080p,vault_corridor,active,rtsp://streaming.internal.crimemind.net/live/cam-29-428,"{""fps"": 30, ""night_vision_ir"": true, ""pan_tilt_zoom"": true}",2021-01-01T00:00:00,2021-01-01T00:00:00
a1f4f805-d4b9-479c-8e74-f6c8d030f1b6,1a121f77-fe9c-4a65-97cc-92bd9d972ab6,Midtown Financial Plaza Atm Surveillance Cam 1430,CAM-29-429,atm_surveillance,1080p,northbound_entry,maintenance,rtsp://streaming.internal.crimemind.net/live/cam-29-429,"{""fps"": 30, ""night_vision_ir"": true, ""pan_tilt_zoom"": false}",2021-01-01T00:00:00,2021-01-01T00:00:00
3f588764-7329-4e18-b363-2b601798e8c7,ae1c1c5b-d0b0-418e-9b1f-ed3a9efc839a,Eastside Arts Corridor Private Commercial Cam 1431,CAM-29-430,private_commercial,720p,southbound_exit,active,rtsp://streaming.internal.crimemind.net/live/cam-29-430,"{""fps"": 30, ""night_vision_ir"": true, ""pan_tilt_zoom"": false}",2021-01-01T00:00:00,2021-01-01T00:00:00
6acdd1cf-3f4e-4629-aa85-2777c1192989,21bb7fe8-99c7-442a-b1d8-21cb2bbebcc7,South Bay Logistics Hub Municipal Surveillance Cam 1432,CAM-29-431,municipal_surveillance,720p,southbound_exit,active,rtsp://streaming.internal.crimemind.net/live/cam-29-431,"{""fps"": 30, ""night_vision_ir"": true, ""pan_tilt_zoom"": true}",2021-01-01T00:00:00,2021-01-01T00:00:00
3b6dd75a-4f40-4c7d-87e7-781ddffa7403,b2f86b50-cf06-4355-b02c-5b1619286c69,Silver Lake Tech Park Municipal Surveillance Cam 1433,CAM-29-432,municipal_surveillance,1080p,360_degree_dome,maintenance,rtsp://streaming.internal.crimemind.net/live/cam-29-432,"{""fps"": 30, ""night_vision_ir"": true, ""pan_tilt_zoom"": false}",2021-01-01T00:00:00,2021-01-01T00:00:00
dab5c832-a819-42a1-83ca-353d53e5837d,b0ab7aa9-94a5-4572-adcd-110e48e68d92,Industrial Waterfront & Port Residential Ring Cam 1434,CAM-29-433,residential_ring,4K,pedestrian_walkway,active,rtsp://streaming.internal.crimemind.net/live/cam-29-433,"{""fps"": 30, ""night_vision_ir"": true, ""pan_tilt_zoom"": false}",2021-01-01T00:00:00,2021-01-01T00:00:00
563d3093-a4ee-474d-be02-6887c99101ee,bfb9eafe-130b-401c-9e20-b074e4703d37,Old Town Heritage Ward Residential Ring Cam 1435,CAM-29-434,residential_ring,1080p,northbound_entry,active,rtsp://streaming.internal.crimemind.net/live/cam-29-434,"{""fps"": 30, ""night_vision_ir"": true, ""pan_tilt_zoom"": true}",2021-01-01T00:00:00,2021-01-01T00:00:00
4ac5f65e-87bd-4753-ae3e-fadf7dc7e4b6,f056cbe8-3bfc-4a5d-b3ec-76c9af468964,Industrial Waterfront & Port Traffic Police Cam 1436,CAM-29-435,traffic_police,1080p,southbound_exit,active,rtsp://streaming.internal.crimemind.net/live/cam-29-435,"{""fps"": 30, ""night_vision_ir"": true, ""pan_tilt_zoom"": false}",2021-01-01T00:00:00,2021-01-01T00:00:00
da044f2d-e502-448b-828c-1dc03a13938c,f056cbe8-3bfc-4a5d-b3ec-76c9af468964,Industrial Waterfront & Port Traffic Police Cam 1437,CAM-29-436,traffic_police,720p,northbound_entry,maintenance,rtsp://streaming.internal.crimemind.net/live/cam-29-436,"{""fps"": 30, ""night_vision_ir"": true, ""pan_tilt_zoom"": false}",2021-01-01T00:00:00,2021-01-01T00:00:00
49ef3f94-43db-4371-aadd-c883beca8065,4062a2b0-c967-44a4-9ae8-b626e349f524,Silver Lake Tech Park Municipal Surveillance Cam 1438,CAM-29-437,municipal_surveillance,1080p,pedestrian_walkway,active,rtsp://streaming.internal.crimemind.net/live/cam-29-437,"{""fps"": 30, ""night_vision_ir"": true, ""pan_tilt_zoom"": true}",2021-01-01T00:00:00,2021-01-01T00:00:00
0c691b13-211e-4c85-aad5-d3eee071b4b5,eb415af0-cc09-4092-a29d-46b96a996e47,Northshore Heights Atm Surveillance Cam 1439,CAM-29-438,atm_surveillance,1080p,pedestrian_walkway,maintenance,rtsp://streaming.internal.crimemind.net/live/cam-29-438,"{""fps"": 30, ""night_vision_ir"": true, ""pan_tilt_zoom"": false}",2021-01-01T00:00:00,2021-01-01T00:00:00
02f6ed67-5318-414c-8522-ebe6438d1bc0,bceaa541-b62f-4da6-a808-3c4acfa407c7,South Bay Logistics Hub Atm Surveillance Cam 1440,CAM-29-439,atm_surveillance,1080p,southbound_exit,active,rtsp://streaming.internal.crimemind.net/live/cam-29-439,"{""fps"": 30, ""night_vision_ir"": true, ""pan_tilt_zoom"": false}",2021-01-01T00:00:00,2021-01-01T00:00:00
7ca06957-af4d-48b8-83e2-e0b693e0a281,54b565d9-528f-45e3-8834-12f297fd1318,Industrial Waterfront & Port Subway Transit Cam 1441,CAM-29-440,subway_transit,1080p,vault_corridor,active,rtsp://streaming.internal.crimemind.net/live/cam-29-440,"{""fps"": 30, ""night_vision_ir"": true, ""pan_tilt_zoom"": true}",2021-01-01T00:00:00,2021-01-01T00:00:00
093dfd93-36b0-4e92-9e12-f38ea2aea60c,925b1da9-7c70-4909-93a1-c11c8f45f0d3,Harbor Point Terminal Traffic Police Cam 1442,CAM-29-441,traffic_police,1080p,pedestrian_walkway,active,rtsp://streaming.internal.crimemind.net/live/cam-29-441,"{""fps"": 30, ""night_vision_ir"": true, ""pan_tilt_zoom"": false}",2021-01-01T00:00:00,2021-01-01T00:00:00
b372bfd0-1c65-4663-9543-bd32f6d857d3,21e92c0f-137c-4a56-83ea-8319088d0ad0,Industrial Waterfront & Port Atm Surveillance Cam 1443,CAM-29-442,atm_surveillance,1080p,pedestrian_walkway,offline,rtsp://streaming.internal.crimemind.net/live/cam-29-442,"{""fps"": 30, ""night_vision_ir"": true, ""pan_tilt_zoom"": false}",2021-01-01T00:00:00,2021-01-01T00:00:00
f10c06f0-f3d1-4f57-95a2-f268300228b0,d3566229-cfce-4c09-9342-613860b92331,Old Town Heritage Ward Municipal Surveillance Cam 1444,CAM-29-443,municipal_surveillance,1080p,southbound_exit,active,rtsp://streaming.internal.crimemind.net/live/cam-29-443,"{""fps"": 30, ""night_vision_ir"": true, ""pan_tilt_zoom"": true}",2021-01-01T00:00:00,2021-01-01T00:00:00
2e7f50f3-b50f-408b-93bc-a503deca1964,1cb56813-b7a0-4392-a20d-b8c4bd390940,Harbor Point Terminal Atm Surveillance Cam 1445,CAM-29-444,atm_surveillance,4K,northbound_entry,active,rtsp://streaming.internal.crimemind.net/live/cam-29-444,"{""fps"": 30, ""night_vision_ir"": true, ""pan_tilt_zoom"": false}",2021-01-01T00:00:00,2021-01-01T00:00:00
88432bd4-4e5f-44f7-99bc-e1c596516150,edcecca9-a5ff-42b5-96c8-33f3933d08b0,Harbor Point Terminal Residential Ring Cam 1446,CAM-29-445,residential_ring,4K,360_degree_dome,active,rtsp://streaming.internal.crimemind.net/live/cam-29-445,"{""fps"": 30, ""night_vision_ir"": true, ""pan_tilt_zoom"": false}",2021-01-01T00:00:00,2021-01-01T00:00:00
7dca1e11-1971-4c54-83c5-a1f2dea79d59,9d69f00e-574e-4cb8-ab7c-fbb3d11f4127,Northshore Heights Private Commercial Cam 1447,CAM-29-446,private_commercial,720p,pedestrian_walkway,active,rtsp://streaming.internal.crimemind.net/live/cam-29-446,"{""fps"": 30, ""night_vision_ir"": true, ""pan_tilt_zoom"": true}",2021-01-01T00:00:00,2021-01-01T00:00:00
197bb5a1-bbd5-40b6-b09b-9c7b713ef186,13f03a82-2742-40ed-9890-941f9dae24d2,Eastside Arts Corridor Private Commercial Cam 1448,CAM-29-447,private_commercial,1080p,northbound_entry,active,rtsp://streaming.internal.crimemind.net/live/cam-29-447,"{""fps"": 30, ""night_vision_ir"": true, ""pan_tilt_zoom"": false}",2021-01-01T00:00:00,2021-01-01T00:00:00
458d45de-771c-4493-b4f6-5fa9d62c252a,fbb123c8-0ef8-423d-9b54-ddadcbc3e7da,Industrial Waterfront & Port Subway Transit Cam 1449,CAM-29-448,subway_transit,1080p,southbound_exit,maintenance,rtsp://streaming.internal.crimemind.net/live/cam-29-448,"{""fps"": 30, ""night_vision_ir"": true, ""pan_tilt_zoom"": false}",2021-01-01T00:00:00,2021-01-01T00:00:00
ed24b83b-f1b5-4897-9ec5-1910f7ef2a70,3e637ea8-e4fd-4195-ad0f-a47fbb524252,Old Town Heritage Ward Residential Ring Cam 1450,CAM-29-449,residential_ring,720p,pedestrian_walkway,active,rtsp://streaming.internal.crimemind.net/live/cam-29-449,"{""fps"": 30, ""night_vision_ir"": true, ""pan_tilt_zoom"": true}",2021-01-01T00:00:00,2021-01-01T00:00:00
0d433a5b-44e9-4ac8-9919-08cf7b82eb44,9ccf7b92-ec8c-4291-a80a-ec21be42823b,Silver Lake Tech Park Municipal Surveillance Cam 1451,CAM-30-450,municipal_surveillance,1080p,southbound_exit,active,rtsp://streaming.internal.crimemind.net/live/cam-30-450,"{""fps"": 30, ""night_vision_ir"": true, ""pan_tilt_zoom"": false}",2021-01-01T00:00:00,2021-01-01T00:00:00
010d5de2-82d2-4bc1-a894-52124352bd43,3d80d5fe-cbc0-4ffb-9a5e-5a7d0cd1bcc7,Eastside Arts Corridor Residential Ring Cam 1452,CAM-30-451,residential_ring,720p,pedestrian_walkway,active,rtsp://streaming.internal.crimemind.net/live/cam-30-451,"{""fps"": 30, ""night_vision_ir"": true, ""pan_tilt_zoom"": false}",2021-01-01T00:00:00,2021-01-01T00:00:00
f4b46d91-8ec9-47c2-8c9a-0270aafdd18c,cc96f13a-0fda-44af-a478-5ccba9a5cfce,Eastside Arts Corridor Residential Ring Cam 1453,CAM-30-452,residential_ring,4K,southbound_exit,active,rtsp://streaming.internal.crimemind.net/live/cam-30-452,"{""fps"": 30, ""night_vision_ir"": true, ""pan_tilt_zoom"": true}",2021-01-01T00:00:00,2021-01-01T00:00:00
a45a389d-5952-4f55-8da1-646390f9bb96,78f18c00-250f-4a0a-8aa4-8831f9ffdd80,Downtown Commercial District Private Commercial Cam 1454,CAM-30-453,private_commercial,4K,vault_corridor,active,rtsp://streaming.internal.crimemind.net/live/cam-30-453,"{""fps"": 30, ""night_vision_ir"": true, ""pan_tilt_zoom"": false}",2021-01-01T00:00:00,2021-01-01T00:00:00
e7ad6e39-aea7-4aa3-9545-6975ec0886ad,bc111b09-a7a6-4642-8d3b-544aacf66b5e,Silver Lake Tech Park Highway Toll Cam 1455,CAM-30-454,highway_toll,1080p,360_degree_dome,active,rtsp://streaming.internal.crimemind.net/live/cam-30-454,"{""fps"": 30, ""night_vision_ir"": true, ""pan_tilt_zoom"": false}",2021-01-01T00:00:00,2021-01-01T00:00:00
102aee70-741e-41f2-be30-80213570e9d5,1ef56009-83d8-4e5b-ac8c-2fd9ce94c47d,Eastside Arts Corridor Traffic Police Cam 1456,CAM-30-455,traffic_police,720p,pedestrian_walkway,active,rtsp://streaming.internal.crimemind.net/live/cam-30-455,"{""fps"": 30, ""night_vision_ir"": true, ""pan_tilt_zoom"": true}",2021-01-01T00:00:00,2021-01-01T00:00:00
7eb92d12-7fa8-4b01-b73a-645988a83230,442a23a6-3726-40fb-97cd-3c4f6b7c8706,Downtown Commercial District Municipal Surveillance Cam 1457,CAM-30-456,municipal_surveillance,1080p,pedestrian_walkway,active,rtsp://streaming.internal.crimemind.net/live/cam-30-456,"{""fps"": 30, ""night_vision_ir"": true, ""pan_tilt_zoom"": false}",2021-01-01T00:00:00,2021-01-01T00:00:00
bb7d9fa6-2fed-4471-9d68-968b3b52e20b,0122d678-1e74-4867-a3c4-df936b8fdf55,Midtown Financial Plaza Private Commercial Cam 1458,CAM-30-457,private_commercial,1080p,southbound_exit,active,rtsp://streaming.internal.crimemind.net/live/cam-30-457,"{""fps"": 30, ""night_vision_ir"": true, ""pan_tilt_zoom"": false}",2021-01-01T00:00:00,2021-01-01T00:00:00
734a56b9-552c-4d0c-af70-ba681adb9802,84566ceb-bd19-4319-8c00-50d074bc8f6a,Old Town Heritage Ward Municipal Surveillance Cam 1459,CAM-30-458,municipal_surveillance,4K,southbound_exit,active,rtsp://streaming.internal.crimemind.net/live/cam-30-458,"{""fps"": 30, ""night_vision_ir"": true, ""pan_tilt_zoom"": true}",2021-01-01T00:00:00,2021-01-01T00:00:00
663245bd-e9b5-4823-81be-68fdf8a00fbe,fe643600-005e-4170-8f87-b22ca871790b,Eastside Arts Corridor Atm Surveillance Cam 1460,CAM-30-459,atm_surveillance,1080p,360_degree_dome,active,rtsp://streaming.internal.crimemind.net/live/cam-30-459,"{""fps"": 30, ""night_vision_ir"": true, ""pan_tilt_zoom"": false}",2021-01-01T00:00:00,2021-01-01T00:00:00
82ea944a-5056-4ea1-a083-663cef61f9de,69c3f9b7-e9bd-4569-a0f4-919ba83ad55a,Silver Lake Tech Park Highway Toll Cam 1461,CAM-30-460,highway_toll,4K,pedestrian_walkway,active,rtsp://streaming.internal.crimemind.net/live/cam-30-460,"{""fps"": 30, ""night_vision_ir"": true, ""pan_tilt_zoom"": false}",2021-01-01T00:00:00,2021-01-01T00:00:00
529f0876-88ec-4009-8dab-3a270ddaf54c,44f324ba-69e6-40c8-9f5c-0c48c54a0ea9,West End Suburbs Municipal Surveillance Cam 1462,CAM-30-461,municipal_surveillance,1080p,vault_corridor,active,rtsp://streaming.internal.crimemind.net/live/cam-30-461,"{""fps"": 30, ""night_vision_ir"": true, ""pan_tilt_zoom"": true}",2021-01-01T00:00:00,2021-01-01T00:00:00
734a4a4a-3e19-401a-8894-d853091d7095,c47d1fa0-5a20-4a93-9a6b-2901aa691f01,Harbor Point Terminal Municipal Surveillance Cam 1463,CAM-30-462,municipal_surveillance,1080p,northbound_entry,active,rtsp://streaming.internal.crimemind.net/live/cam-30-462,"{""fps"": 30, ""night_vision_ir"": true, ""pan_tilt_zoom"": false}",2021-01-01T00:00:00,2021-01-01T00:00:00
b62af23e-938f-4b02-859e-091a4661b604,fcffd16b-bc06-4563-bee1-4a659a173885,Silver Lake Tech Park Traffic Police Cam 1464,CAM-30-463,traffic_police,1080p,pedestrian_walkway,active,rtsp://streaming.internal.crimemind.net/live/cam-30-463,"{""fps"": 30, ""night_vision_ir"": true, ""pan_tilt_zoom"": false}",2021-01-01T00:00:00,2021-01-01T00:00:00
16640791-d77a-441c-b5a7-99971b18b850,cd1eee88-3957-470e-bd07-e5bc03fadec8,Harbor Point Terminal Municipal Surveillance Cam 1465,CAM-30-464,municipal_surveillance,720p,southbound_exit,active,rtsp://streaming.internal.crimemind.net/live/cam-30-464,"{""fps"": 30, ""night_vision_ir"": true, ""pan_tilt_zoom"": true}",2021-01-01T00:00:00,2021-01-01T00:00:00
e5139465-690c-4379-9e85-dcac6d1f4356,cd7c1ecb-7d8b-479c-a0b6-abe5a910cc92,Eastside Arts Corridor Highway Toll Cam 1466,CAM-30-465,highway_toll,720p,southbound_exit,maintenance,rtsp://streaming.internal.crimemind.net/live/cam-30-465,"{""fps"": 30, ""night_vision_ir"": true, ""pan_tilt_zoom"": false}",2021-01-01T00:00:00,2021-01-01T00:00:00
29084e7a-e6b2-4e60-b839-abcab9aa59ff,0cd89bf2-b859-4774-8ae8-d0d984162d20,Harbor Point Terminal Private Commercial Cam 1467,CAM-30-466,private_commercial,720p,pedestrian_walkway,active,rtsp://streaming.internal.crimemind.net/live/cam-30-466,"{""fps"": 30, ""night_vision_ir"": true, ""pan_tilt_zoom"": false}",2021-01-01T00:00:00,2021-01-01T00:00:00
4e75cb10-2056-4551-8e62-9792827575e4,b582a813-967d-4ade-9413-a08e1f052c86,Silver Lake Tech Park Highway Toll Cam 1468,CAM-30-467,highway_toll,1080p,southbound_exit,active,rtsp://streaming.internal.crimemind.net/live/cam-30-467,"{""fps"": 30, ""night_vision_ir"": true, ""pan_tilt_zoom"": true}",2021-01-01T00:00:00,2021-01-01T00:00:00
967d7aa4-56c8-4d45-9bfb-5cb665ba76eb,7e6758f7-7be4-484f-9154-1cc94ce54a4f,Silver Lake Tech Park Traffic Police Cam 1469,CAM-30-468,traffic_police,4K,360_degree_dome,active,rtsp://streaming.internal.crimemind.net/live/cam-30-468,"{""fps"": 30, ""night_vision_ir"": true, ""pan_tilt_zoom"": false}",2021-01-01T00:00:00,2021-01-01T00:00:00
207184b9-cb43-47bc-b732-33b1609805e4,4ebd9c53-bd57-4e9c-828d-84c14818493c,Midtown Financial Plaza Traffic Police Cam 1470,CAM-30-469,traffic_police,1080p,pedestrian_walkway,active,rtsp://streaming.internal.crimemind.net/live/cam-30-469,"{""fps"": 30, ""night_vision_ir"": true, ""pan_tilt_zoom"": false}",2021-01-01T00:00:00,2021-01-01T00:00:00
67856776-734d-4716-8d4d-f7c61f55e9c9,55a601a3-c713-4f83-a47b-92596e1817d0,Industrial Waterfront & Port Private Commercial Cam 1471,CAM-30-470,private_commercial,1080p,southbound_exit,active,rtsp://streaming.internal.crimemind.net/live/cam-30-470,"{""fps"": 30, ""night_vision_ir"": true, ""pan_tilt_zoom"": true}",2021-01-01T00:00:00,2021-01-01T00:00:00
ac89e2dd-c162-4e74-9cb8-fc79eb75b90d,e23fc38b-4c4f-41e2-b5e4-410262e93638,South Bay Logistics Hub Residential Ring Cam 1472,CAM-30-471,residential_ring,720p,360_degree_dome,maintenance,rtsp://streaming.internal.crimemind.net/live/cam-30-471,"{""fps"": 30, ""night_vision_ir"": true, ""pan_tilt_zoom"": false}",2021-01-01T00:00:00,2021-01-01T00:00:00
6beb2182-bf1c-456c-9663-65b0d05dc805,84434c8b-5876-474b-842e-1c8b4bb5f174,Old Town Heritage Ward Subway Transit Cam 1473,CAM-30-472,subway_transit,1080p,northbound_entry,active,rtsp://streaming.internal.crimemind.net/live/cam-30-472,"{""fps"": 30, ""night_vision_ir"": true, ""pan_tilt_zoom"": false}",2021-01-01T00:00:00,2021-01-01T00:00:00
8389de3e-8870-4972-b163-8c4ab5149df3,385ee430-aaff-4e6c-ad9e-0cb293a10652,West End Suburbs Private Commercial Cam 1474,CAM-30-473,private_commercial,4K,pedestrian_walkway,active,rtsp://streaming.internal.crimemind.net/live/cam-30-473,"{""fps"": 30, ""night_vision_ir"": true, ""pan_tilt_zoom"": true}",2021-01-01T00:00:00,2021-01-01T00:00:00
289fe869-f997-47fb-ab61-da02507df56f,f056cbe8-3bfc-4a5d-b3ec-76c9af468964,Industrial Waterfront & Port Municipal Surveillance Cam 1475,CAM-30-474,municipal_surveillance,1080p,southbound_exit,active,rtsp://streaming.internal.crimemind.net/live/cam-30-474,"{""fps"": 30, ""night_vision_ir"": true, ""pan_tilt_zoom"": false}",2021-01-01T00:00:00,2021-01-01T00:00:00
1254c0ab-8415-4051-bf5e-14cc7073882c,36e38ed7-a198-4181-aa73-f2230350f008,Industrial Waterfront & Port Residential Ring Cam 1476,CAM-30-475,residential_ring,720p,southbound_exit,active,rtsp://streaming.internal.crimemind.net/live/cam-30-475,"{""fps"": 30, ""night_vision_ir"": true, ""pan_tilt_zoom"": false}",2021-01-01T00:00:00,2021-01-01T00:00:00
66e44fc0-4b66-420a-b244-83b6d9850ef6,8bf9e63d-d87f-459e-805c-5d14dcbf280b,Midtown Financial Plaza Subway Transit Cam 1477,CAM-30-476,subway_transit,720p,southbound_exit,maintenance,rtsp://streaming.internal.crimemind.net/live/cam-30-476,"{""fps"": 30, ""night_vision_ir"": true, ""pan_tilt_zoom"": true}",2021-01-01T00:00:00,2021-01-01T00:00:00
fa9ab264-d9de-4196-80ca-b04568beb9cb,c245cebd-bd5e-49a7-ab79-1bb1db88ff26,South Bay Logistics Hub Highway Toll Cam 1478,CAM-30-477,highway_toll,4K,360_degree_dome,active,rtsp://streaming.internal.crimemind.net/live/cam-30-477,"{""fps"": 30, ""night_vision_ir"": true, ""pan_tilt_zoom"": false}",2021-01-01T00:00:00,2021-01-01T00:00:00
f10937e3-81cc-42eb-8263-d7a874b0d855,0d650b55-f5fa-4980-a10f-050bebee7639,West End Suburbs Private Commercial Cam 1479,CAM-30-478,private_commercial,720p,360_degree_dome,active,rtsp://streaming.internal.crimemind.net/live/cam-30-478,"{""fps"": 30, ""night_vision_ir"": true, ""pan_tilt_zoom"": false}",2021-01-01T00:00:00,2021-01-01T00:00:00
f2461a8a-4a3c-4a8f-9c67-f4349a14b246,11647b6d-40fe-40b0-9f1a-c3d16d15876b,Midtown Financial Plaza Traffic Police Cam 1480,CAM-30-479,traffic_police,1080p,northbound_entry,active,rtsp://streaming.internal.crimemind.net/live/cam-30-479,"{""fps"": 30, ""night_vision_ir"": true, ""pan_tilt_zoom"": true}",2021-01-01T00:00:00,2021-01-01T00:00:00
ec8ea506-38f7-47c0-9985-b10d57085048,1432d7ac-5eab-49fb-a589-a521b0883e5c,Old Town Heritage Ward Private Commercial Cam 1481,CAM-30-480,private_commercial,4K,northbound_entry,active,rtsp://streaming.internal.crimemind.net/live/cam-30-480,"{""fps"": 30, ""night_vision_ir"": true, ""pan_tilt_zoom"": false}",2021-01-01T00:00:00,2021-01-01T00:00:00
de055758-22fc-4558-8949-de469d574fbe,7d620b2f-2c94-45e0-af25-682a38a5af5e,Harbor Point Terminal Subway Transit Cam 1482,CAM-30-481,subway_transit,1080p,southbound_exit,active,rtsp://streaming.internal.crimemind.net/live/cam-30-481,"{""fps"": 30, ""night_vision_ir"": true, ""pan_tilt_zoom"": false}",2021-01-01T00:00:00,2021-01-01T00:00:00
25659ab0-a4ac-41c4-b051-308295ec07e6,f713088d-6559-4e8b-ab2c-7ebf5b595cfe,Northshore Heights Private Commercial Cam 1483,CAM-30-482,private_commercial,1080p,360_degree_dome,active,rtsp://streaming.internal.crimemind.net/live/cam-30-482,"{""fps"": 30, ""night_vision_ir"": true, ""pan_tilt_zoom"": true}",2021-01-01T00:00:00,2021-01-01T00:00:00
22472814-f7cd-4f73-b2d2-d67fb1cc3eda,da51f552-5142-4bb0-8095-abf2070612a9,West End Suburbs Traffic Police Cam 1484,CAM-30-483,traffic_police,4K,northbound_entry,active,rtsp://streaming.internal.crimemind.net/live/cam-30-483,"{""fps"": 30, ""night_vision_ir"": true, ""pan_tilt_zoom"": false}",2021-01-01T00:00:00,2021-01-01T00:00:00
1993b0f1-e645-404d-90f6-24710d626d48,e3f64ced-2938-4969-96f9-eb518178eb0c,Harbor Point Terminal Private Commercial Cam 1485,CAM-30-484,private_commercial,720p,vault_corridor,offline,rtsp://streaming.internal.crimemind.net/live/cam-30-484,"{""fps"": 30, ""night_vision_ir"": true, ""pan_tilt_zoom"": false}",2021-01-01T00:00:00,2021-01-01T00:00:00
6a728e25-6ab1-4fb0-961f-ca88a51f1ef3,21bb7fe8-99c7-442a-b1d8-21cb2bbebcc7,South Bay Logistics Hub Residential Ring Cam 1486,CAM-30-485,residential_ring,1080p,pedestrian_walkway,maintenance,rtsp://streaming.internal.crimemind.net/live/cam-30-485,"{""fps"": 30, ""night_vision_ir"": true, ""pan_tilt_zoom"": true}",2021-01-01T00:00:00,2021-01-01T00:00:00
68e37f4f-0138-4b97-a29d-9a9f11e049aa,0896011c-440d-4079-ba02-eb424a858617,Harbor Point Terminal Private Commercial Cam 1487,CAM-30-486,private_commercial,720p,360_degree_dome,active,rtsp://streaming.internal.crimemind.net/live/cam-30-486,"{""fps"": 30, ""night_vision_ir"": true, ""pan_tilt_zoom"": false}",2021-01-01T00:00:00,2021-01-01T00:00:00
5f31e572-4d51-4cce-a856-1472fb6259f4,88fac415-a9e6-445e-b32d-5abf5b48f59e,Eastside Arts Corridor Residential Ring Cam 1488,CAM-30-487,residential_ring,1080p,pedestrian_walkway,active,rtsp://streaming.internal.crimemind.net/live/cam-30-487,"{""fps"": 30, ""night_vision_ir"": true, ""pan_tilt_zoom"": false}",2021-01-01T00:00:00,2021-01-01T00:00:00
b2dda775-c6f7-4c19-9667-9c7190219a6a,22d1ea64-a3b5-4ca6-b0e4-2a1bf1401d23,Northshore Heights Residential Ring Cam 1489,CAM-30-488,residential_ring,4K,southbound_exit,active,rtsp://streaming.internal.crimemind.net/live/cam-30-488,"{""fps"": 30, ""night_vision_ir"": true, ""pan_tilt_zoom"": true}",2021-01-01T00:00:00,2021-01-01T00:00:00
720281e6-cb56-498b-adee-3e41924ee5a9,f72c06da-327b-4c6c-b672-962627c2fbf9,West End Suburbs Residential Ring Cam 1490,CAM-30-489,residential_ring,1080p,southbound_exit,active,rtsp://streaming.internal.crimemind.net/live/cam-30-489,"{""fps"": 30, ""night_vision_ir"": true, ""pan_tilt_zoom"": false}",2021-01-01T00:00:00,2021-01-01T00:00:00
37251746-476e-4817-94fd-deac953f2e20,fe643600-005e-4170-8f87-b22ca871790b,Eastside Arts Corridor Highway Toll Cam 1491,CAM-30-490,highway_toll,4K,vault_corridor,active,rtsp://streaming.internal.crimemind.net/live/cam-30-490,"{""fps"": 30, ""night_vision_ir"": true, ""pan_tilt_zoom"": false}",2021-01-01T00:00:00,2021-01-01T00:00:00
56efcca9-23a8-4a58-b627-0f3c7e437f15,221960e0-d99f-4c96-b88e-df2994d092ee,Silver Lake Tech Park Municipal Surveillance Cam 1492,CAM-30-491,municipal_surveillance,4K,360_degree_dome,active,rtsp://streaming.internal.crimemind.net/live/cam-30-491,"{""fps"": 30, ""night_vision_ir"": true, ""pan_tilt_zoom"": true}",2021-01-01T00:00:00,2021-01-01T00:00:00
7a9f26bf-20ec-45f8-911f-3406b9c5cebf,23d776af-2bf9-45c9-97d6-74fcc66245ba,Eastside Arts Corridor Traffic Police Cam 1493,CAM-30-492,traffic_police,720p,360_degree_dome,active,rtsp://streaming.internal.crimemind.net/live/cam-30-492,"{""fps"": 30, ""night_vision_ir"": true, ""pan_tilt_zoom"": false}",2021-01-01T00:00:00,2021-01-01T00:00:00
bf2341cd-9b93-4ca3-91f2-bc7eb8a3c43a,877cc51c-cbd0-4c37-be1b-9307dea28a4a,Midtown Financial Plaza Highway Toll Cam 1494,CAM-30-493,highway_toll,1080p,vault_corridor,active,rtsp://streaming.internal.crimemind.net/live/cam-30-493,"{""fps"": 30, ""night_vision_ir"": true, ""pan_tilt_zoom"": false}",2021-01-01T00:00:00,2021-01-01T00:00:00
18d81cf8-921c-4920-81a9-19ec2a19d448,e5809c09-8423-4a5d-a025-75e795b61d5c,Harbor Point Terminal Residential Ring Cam 1495,CAM-30-494,residential_ring,1080p,vault_corridor,active,rtsp://streaming.internal.crimemind.net/live/cam-30-494,"{""fps"": 30, ""night_vision_ir"": true, ""pan_tilt_zoom"": true}",2021-01-01T00:00:00,2021-01-01T00:00:00
c680f354-7668-46d3-a8a9-d31b3d01f62e,0cd89bf2-b859-4774-8ae8-d0d984162d20,Harbor Point Terminal Highway Toll Cam 1496,CAM-30-495,highway_toll,1080p,pedestrian_walkway,offline,rtsp://streaming.internal.crimemind.net/live/cam-30-495,"{""fps"": 30, ""night_vision_ir"": true, ""pan_tilt_zoom"": false}",2021-01-01T00:00:00,2021-01-01T00:00:00
488d62be-9df3-42f9-be23-57acd4a54d18,a9a0de92-5672-4b7c-ae9c-129e809d669b,West End Suburbs Atm Surveillance Cam 1497,CAM-30-496,atm_surveillance,1080p,360_degree_dome,active,rtsp://streaming.internal.crimemind.net/live/cam-30-496,"{""fps"": 30, ""night_vision_ir"": true, ""pan_tilt_zoom"": false}",2021-01-01T00:00:00,2021-01-01T00:00:00
4650e14b-8ea3-48bb-84e0-ac5ae0e52969,8c18bd3b-d00e-4f29-bb8b-f2864955e6cd,Industrial Waterfront & Port Atm Surveillance Cam 1498,CAM-30-497,atm_surveillance,1080p,northbound_entry,active,rtsp://streaming.internal.crimemind.net/live/cam-30-497,"{""fps"": 30, ""night_vision_ir"": true, ""pan_tilt_zoom"": true}",2021-01-01T00:00:00,2021-01-01T00:00:00
9af7fe37-e082-4ce9-b54d-2930ef32670d,75894c3a-c6d8-4323-98a6-a8ae32523f71,South Bay Logistics Hub Municipal Surveillance Cam 1499,CAM-30-498,municipal_surveillance,720p,360_degree_dome,active,rtsp://streaming.internal.crimemind.net/live/cam-30-498,"{""fps"": 30, ""night_vision_ir"": true, ""pan_tilt_zoom"": false}",2021-01-01T00:00:00,2021-01-01T00:00:00
b782a62d-eaee-4b37-abf4-e68249523020,925b1da9-7c70-4909-93a1-c11c8f45f0d3,Harbor Point Terminal Residential Ring Cam 1500,CAM-30-499,residential_ring,1080p,360_degree_dome,active,rtsp://streaming.internal.crimemind.net/live/cam-30-499,"{""fps"": 30, ""night_vision_ir"": true, ""pan_tilt_zoom"": false}",2021-01-01T00:00:00,2021-01-01T00:00:00
c9ab3d08-eddc-4b19-aa78-20a1ac63efd2,bceaa541-b62f-4da6-a808-3c4acfa407c7,South Bay Logistics Hub Traffic Police Cam 1501,CAM-31-500,traffic_police,1080p,southbound_exit,active,rtsp://streaming.internal.crimemind.net/live/cam-31-500,"{""fps"": 30, ""night_vision_ir"": true, ""pan_tilt_zoom"": true}",2021-01-01T00:00:00,2021-01-01T00:00:00
994b5708-9a35-4291-b83c-1cee174aa87c,0161450c-a14c-4a4e-89a5-7c03328a9149,Downtown Commercial District Traffic Police Cam 1502,CAM-31-501,traffic_police,4K,southbound_exit,active,rtsp://streaming.internal.crimemind.net/live/cam-31-501,"{""fps"": 30, ""night_vision_ir"": true, ""pan_tilt_zoom"": false}",2021-01-01T00:00:00,2021-01-01T00:00:00
718e9d4d-4f9f-4abc-9949-7490871c8c1c,7721fae1-bfef-4c8d-a8b8-3366e66987e0,Downtown Commercial District Private Commercial Cam 1503,CAM-31-502,private_commercial,1080p,360_degree_dome,offline,rtsp://streaming.internal.crimemind.net/live/cam-31-502,"{""fps"": 30, ""night_vision_ir"": true, ""pan_tilt_zoom"": false}",2021-01-01T00:00:00,2021-01-01T00:00:00
297fa6b4-e9bd-471c-97f9-77b65769370c,e90ec8fa-ff58-4a0f-8593-b2a0500a0ad7,Downtown Commercial District Highway Toll Cam 1504,CAM-31-503,highway_toll,1080p,northbound_entry,active,rtsp://streaming.internal.crimemind.net/live/cam-31-503,"{""fps"": 30, ""night_vision_ir"": true, ""pan_tilt_zoom"": true}",2021-01-01T00:00:00,2021-01-01T00:00:00
edaf3312-5088-4c39-bc09-f229075668a8,29d313c2-c4f1-476a-baa2-e76866123310,West End Suburbs Traffic Police Cam 1505,CAM-31-504,traffic_police,1080p,pedestrian_walkway,active,rtsp://streaming.internal.crimemind.net/live/cam-31-504,"{""fps"": 30, ""night_vision_ir"": true, ""pan_tilt_zoom"": false}",2021-01-01T00:00:00,2021-01-01T00:00:00
fdaca23b-0d19-4122-849a-853747f5c8a0,645b41b1-ac82-4926-b475-3c924cc047bc,Old Town Heritage Ward Highway Toll Cam 1506,CAM-31-505,highway_toll,720p,vault_corridor,active,rtsp://streaming.internal.crimemind.net/live/cam-31-505,"{""fps"": 30, ""night_vision_ir"": true, ""pan_tilt_zoom"": false}",2021-01-01T00:00:00,2021-01-01T00:00:00
9634cdd2-a224-49ed-b685-cb34a95bf84a,8d8ca766-3a9b-4974-b8eb-22d5faeefdcb,South Bay Logistics Hub Highway Toll Cam 1507,CAM-31-506,highway_toll,1080p,southbound_exit,active,rtsp://streaming.internal.crimemind.net/live/cam-31-506,"{""fps"": 30, ""night_vision_ir"": true, ""pan_tilt_zoom"": true}",2021-01-01T00:00:00,2021-01-01T00:00:00
f46cf16a-94c5-4faa-83a2-6d3a3ddd2fa4,4930f883-3876-49dd-91e9-a050fbe8195c,Eastside Arts Corridor Traffic Police Cam 1508,CAM-31-507,traffic_police,720p,northbound_entry,active,rtsp://streaming.internal.crimemind.net/live/cam-31-507,"{""fps"": 30, ""night_vision_ir"": true, ""pan_tilt_zoom"": false}",2021-01-01T00:00:00,2021-01-01T00:00:00
a29e8db9-a6a9-4308-b741-ff5b2d6aef5f,0ed08ae1-3c95-4f02-a795-4f001e9c326b,Eastside Arts Corridor Subway Transit Cam 1509,CAM-31-508,subway_transit,1080p,vault_corridor,active,rtsp://streaming.internal.crimemind.net/live/cam-31-508,"{""fps"": 30, ""night_vision_ir"": true, ""pan_tilt_zoom"": false}",2021-01-01T00:00:00,2021-01-01T00:00:00
a82f79cf-a6c5-4655-83ca-74ede96486a9,6b3d3781-deeb-423e-9845-f727e2a12e4e,West End Suburbs Municipal Surveillance Cam 1510,CAM-31-509,municipal_surveillance,4K,northbound_entry,active,rtsp://streaming.internal.crimemind.net/live/cam-31-509,"{""fps"": 30, ""night_vision_ir"": true, ""pan_tilt_zoom"": true}",2021-01-01T00:00:00,2021-01-01T00:00:00
eb08aa96-d720-475b-bb71-ece6a8b8b765,f68c77c0-f1b6-4671-bf40-b28d0d619abf,Industrial Waterfront & Port Highway Toll Cam 1511,CAM-31-510,highway_toll,4K,pedestrian_walkway,offline,rtsp://streaming.internal.crimemind.net/live/cam-31-510,"{""fps"": 30, ""night_vision_ir"": true, ""pan_tilt_zoom"": false}",2021-01-01T00:00:00,2021-01-01T00:00:00
2a59f018-49a7-45c0-a4e0-5a40328aa1d7,ad401c84-296f-47a4-afb9-b206879347ad,West End Suburbs Municipal Surveillance Cam 1512,CAM-31-511,municipal_surveillance,1080p,pedestrian_walkway,active,rtsp://streaming.internal.crimemind.net/live/cam-31-511,"{""fps"": 30, ""night_vision_ir"": true, ""pan_tilt_zoom"": false}",2021-01-01T00:00:00,2021-01-01T00:00:00
2acb3ab6-0649-4882-9620-bc433507bbe1,455bc549-f7a4-420f-8a2e-4f99645a423a,Industrial Waterfront & Port Municipal Surveillance Cam 1513,CAM-31-512,municipal_surveillance,720p,northbound_entry,active,rtsp://streaming.internal.crimemind.net/live/cam-31-512,"{""fps"": 30, ""night_vision_ir"": true, ""pan_tilt_zoom"": true}",2021-01-01T00:00:00,2021-01-01T00:00:00
c65f2199-3d24-457b-821c-b9503208deab,6d3c8c19-298b-4400-9421-0e3e7066c909,Eastside Arts Corridor Highway Toll Cam 1514,CAM-31-513,highway_toll,1080p,northbound_entry,active,rtsp://streaming.internal.crimemind.net/live/cam-31-513,"{""fps"": 30, ""night_vision_ir"": true, ""pan_tilt_zoom"": false}",2021-01-01T00:00:00,2021-01-01T00:00:00
8a141181-e581-42a4-b6fb-12976c1c1f45,372de6eb-6bc5-4c57-b340-022b8e524c39,Northshore Heights Atm Surveillance Cam 1515,CAM-31-514,atm_surveillance,720p,pedestrian_walkway,active,rtsp://streaming.internal.crimemind.net/live/cam-31-514,"{""fps"": 30, ""night_vision_ir"": true, ""pan_tilt_zoom"": false}",2021-01-01T00:00:00,2021-01-01T00:00:00
3b548cd5-d347-4856-89e9-df7ee2b58d1f,4fd54756-f63e-483b-8ac2-16fa7b170a36,South Bay Logistics Hub Traffic Police Cam 1516,CAM-31-515,traffic_police,1080p,360_degree_dome,active,rtsp://streaming.internal.crimemind.net/live/cam-31-515,"{""fps"": 30, ""night_vision_ir"": true, ""pan_tilt_zoom"": true}",2021-01-01T00:00:00,2021-01-01T00:00:00
011ad7b6-c991-419e-ac37-08b399144517,ba43f6db-0345-44ba-aa72-7ec29717097b,Northshore Heights Atm Surveillance Cam 1517,CAM-31-516,atm_surveillance,1080p,360_degree_dome,offline,rtsp://streaming.internal.crimemind.net/live/cam-31-516,"{""fps"": 30, ""night_vision_ir"": true, ""pan_tilt_zoom"": false}",2021-01-01T00:00:00,2021-01-01T00:00:00
edbb2300-9a51-410b-b1b4-28dec96b6f27,780683aa-9cd2-4dad-9969-399a743d6149,Old Town Heritage Ward Subway Transit Cam 1518,CAM-31-517,subway_transit,1080p,pedestrian_walkway,active,rtsp://streaming.internal.crimemind.net/live/cam-31-517,"{""fps"": 30, ""night_vision_ir"": true, ""pan_tilt_zoom"": false}",2021-01-01T00:00:00,2021-01-01T00:00:00
5fbdd973-7448-4604-909f-078bd743b1e6,ae229142-58d6-4572-8da3-77a72116a422,South Bay Logistics Hub Private Commercial Cam 1519,CAM-31-518,private_commercial,720p,360_degree_dome,active,rtsp://streaming.internal.crimemind.net/live/cam-31-518,"{""fps"": 30, ""night_vision_ir"": true, ""pan_tilt_zoom"": true}",2021-01-01T00:00:00,2021-01-01T00:00:00
42f2f6ac-fdad-43fb-90ee-174cd31ac8ff,d3e19a2e-4725-4dfe-97ab-32a561a74b4d,South Bay Logistics Hub Atm Surveillance Cam 1520,CAM-31-519,atm_surveillance,1080p,vault_corridor,active,rtsp://streaming.internal.crimemind.net/live/cam-31-519,"{""fps"": 30, ""night_vision_ir"": true, ""pan_tilt_zoom"": false}",2021-01-01T00:00:00,2021-01-01T00:00:00
ceb2ab9a-9c69-4cfd-896c-22eab5561f39,372de6eb-6bc5-4c57-b340-022b8e524c39,Northshore Heights Atm Surveillance Cam 1521,CAM-31-520,atm_surveillance,1080p,360_degree_dome,active,rtsp://streaming.internal.crimemind.net/live/cam-31-520,"{""fps"": 30, ""night_vision_ir"": true, ""pan_tilt_zoom"": false}",2021-01-01T00:00:00,2021-01-01T00:00:00
f56e5d65-dd12-46f1-b17c-13cedaddea8d,39b9d483-59c5-4b08-9c55-6a8d78eae1ad,Midtown Financial Plaza Highway Toll Cam 1522,CAM-31-521,highway_toll,1080p,northbound_entry,active,rtsp://streaming.internal.crimemind.net/live/cam-31-521,"{""fps"": 30, ""night_vision_ir"": true, ""pan_tilt_zoom"": true}",2021-01-01T00:00:00,2021-01-01T00:00:00
9c84c51d-6628-4613-9759-16f18997b173,eb64023a-5724-4ae0-8423-362ef7bb4355,South Bay Logistics Hub Private Commercial Cam 1523,CAM-31-522,private_commercial,1080p,360_degree_dome,active,rtsp://streaming.internal.crimemind.net/live/cam-31-522,"{""fps"": 30, ""night_vision_ir"": true, ""pan_tilt_zoom"": false}",2021-01-01T00:00:00,2021-01-01T00:00:00
6072f114-2f53-4f21-8c73-97fa0fa481cc,d90e3187-6878-4ff4-ad60-abc10a4fba99,Eastside Arts Corridor Subway Transit Cam 1524,CAM-31-523,subway_transit,4K,southbound_exit,active,rtsp://streaming.internal.crimemind.net/live/cam-31-523,"{""fps"": 30, ""night_vision_ir"": true, ""pan_tilt_zoom"": false}",2021-01-01T00:00:00,2021-01-01T00:00:00
cc53ca22-f8bf-4f14-b931-8b061ca7ae6c,f7615a4d-e1d2-4d0b-b4c3-fe4d67f78ab6,South Bay Logistics Hub Private Commercial Cam 1525,CAM-31-524,private_commercial,1080p,pedestrian_walkway,offline,rtsp://streaming.internal.crimemind.net/live/cam-31-524,"{""fps"": 30, ""night_vision_ir"": true, ""pan_tilt_zoom"": true}",2021-01-01T00:00:00,2021-01-01T00:00:00
a7e98243-99ae-40f2-a347-b67806d942f8,92236067-bc29-43f2-9506-458e3b8ef280,Northshore Heights Private Commercial Cam 1526,CAM-31-525,private_commercial,1080p,pedestrian_walkway,active,rtsp://streaming.internal.crimemind.net/live/cam-31-525,"{""fps"": 30, ""night_vision_ir"": true, ""pan_tilt_zoom"": false}",2021-01-01T00:00:00,2021-01-01T00:00:00
ae113587-1cc9-49a5-8483-291930a44da0,d90e3187-6878-4ff4-ad60-abc10a4fba99,Eastside Arts Corridor Residential Ring Cam 1527,CAM-31-526,residential_ring,1080p,360_degree_dome,offline,rtsp://streaming.internal.crimemind.net/live/cam-31-526,"{""fps"": 30, ""night_vision_ir"": true, ""pan_tilt_zoom"": false}",2021-01-01T00:00:00,2021-01-01T00:00:00
0046d5bd-4bf0-4cbd-96cc-e2a6c0145fb2,88cf8d39-5577-4f6d-862d-cdcbbf7363e1,Eastside Arts Corridor Traffic Police Cam 1528,CAM-31-527,traffic_police,1080p,northbound_entry,maintenance,rtsp://streaming.internal.crimemind.net/live/cam-31-527,"{""fps"": 30, ""night_vision_ir"": true, ""pan_tilt_zoom"": true}",2021-01-01T00:00:00,2021-01-01T00:00:00
65916a31-fbb0-4d11-8cdb-c9f2026697e4,0198c363-0a3a-4e5a-ab65-5a485e24f8a7,West End Suburbs Private Commercial Cam 1529,CAM-31-528,private_commercial,1080p,360_degree_dome,offline,rtsp://streaming.internal.crimemind.net/live/cam-31-528,"{""fps"": 30, ""night_vision_ir"": true, ""pan_tilt_zoom"": false}",2021-01-01T00:00:00,2021-01-01T00:00:00
a3372b93-8339-477c-947f-d20f19403ef9,8d5941ff-e026-44c1-822b-e626edb45447,Midtown Financial Plaza Private Commercial Cam 1530,CAM-31-529,private_commercial,1080p,northbound_entry,active,rtsp://streaming.internal.crimemind.net/live/cam-31-529,"{""fps"": 30, ""night_vision_ir"": true, ""pan_tilt_zoom"": false}",2021-01-01T00:00:00,2021-01-01T00:00:00
ef81e95c-9325-4b35-8f3a-8463d5e3a853,225383c8-3ff4-457d-8f6d-6b0b5c481b31,Northshore Heights Highway Toll Cam 1531,CAM-31-530,highway_toll,1080p,northbound_entry,active,rtsp://streaming.internal.crimemind.net/live/cam-31-530,"{""fps"": 30, ""night_vision_ir"": true, ""pan_tilt_zoom"": true}",2021-01-01T00:00:00,2021-01-01T00:00:00
662282fb-601b-42e1-b98e-1e6c7b8abcb9,8000ddfd-49b9-499c-b703-a3c710211653,Old Town Heritage Ward Highway Toll Cam 1532,CAM-31-531,highway_toll,1080p,vault_corridor,maintenance,rtsp://streaming.internal.crimemind.net/live/cam-31-531,"{""fps"": 30, ""night_vision_ir"": true, ""pan_tilt_zoom"": false}",2021-01-01T00:00:00,2021-01-01T00:00:00
cfe3c677-75e6-4136-8309-878921d9d3d4,aa198d3c-5f0f-426d-a32b-ba6668fb91cf,West End Suburbs Private Commercial Cam 1533,CAM-31-532,private_commercial,1080p,360_degree_dome,active,rtsp://streaming.internal.crimemind.net/live/cam-31-532,"{""fps"": 30, ""night_vision_ir"": true, ""pan_tilt_zoom"": false}",2021-01-01T00:00:00,2021-01-01T00:00:00
ba33baea-dd32-46c7-85e3-9312df849965,f425102f-0a0d-4c8c-9442-012d9862dcc9,Midtown Financial Plaza Private Commercial Cam 1534,CAM-31-533,private_commercial,720p,360_degree_dome,active,rtsp://streaming.internal.crimemind.net/live/cam-31-533,"{""fps"": 30, ""night_vision_ir"": true, ""pan_tilt_zoom"": true}",2021-01-01T00:00:00,2021-01-01T00:00:00
4908b573-55e7-45c4-86e1-5ef1c915f8a0,bcf833df-ebd2-4568-847c-daaf21ff5834,West End Suburbs Subway Transit Cam 1535,CAM-31-534,subway_transit,1080p,northbound_entry,active,rtsp://streaming.internal.crimemind.net/live/cam-31-534,"{""fps"": 30, ""night_vision_ir"": true, ""pan_tilt_zoom"": false}",2021-01-01T00:00:00,2021-01-01T00:00:00
d9946ca2-a6fb-4c53-b328-aac29ed61ccc,fb046546-6620-4def-ab50-03b693bd2391,Northshore Heights Municipal Surveillance Cam 1536,CAM-31-535,municipal_surveillance,720p,360_degree_dome,active,rtsp://streaming.internal.crimemind.net/live/cam-31-535,"{""fps"": 30, ""night_vision_ir"": true, ""pan_tilt_zoom"": false}",2021-01-01T00:00:00,2021-01-01T00:00:00
653be0d5-bd93-4a5d-879d-a0cf3377eb58,988f926f-a604-496d-8b4e-8456356754d5,Industrial Waterfront & Port Residential Ring Cam 1537,CAM-31-536,residential_ring,1080p,southbound_exit,active,rtsp://streaming.internal.crimemind.net/live/cam-31-536,"{""fps"": 30, ""night_vision_ir"": true, ""pan_tilt_zoom"": true}",2021-01-01T00:00:00,2021-01-01T00:00:00
2b96100c-3eb3-4bea-91d8-4798936dcd73,c9400dcc-856f-4eff-9bca-bc2e7d0f9481,Downtown Commercial District Highway Toll Cam 1538,CAM-31-537,highway_toll,4K,360_degree_dome,active,rtsp://streaming.internal.crimemind.net/live/cam-31-537,"{""fps"": 30, ""night_vision_ir"": true, ""pan_tilt_zoom"": false}",2021-01-01T00:00:00,2021-01-01T00:00:00
78bb7495-2956-4dc7-aa00-8e0e3bb39a9e,dd80380d-0686-461c-bc7a-1e06909bfc71,South Bay Logistics Hub Subway Transit Cam 1539,CAM-31-538,subway_transit,1080p,360_degree_dome,active,rtsp://streaming.internal.crimemind.net/live/cam-31-538,"{""fps"": 30, ""night_vision_ir"": true, ""pan_tilt_zoom"": false}",2021-01-01T00:00:00,2021-01-01T00:00:00
737ccc49-8c82-474c-ad4a-9df56aa11db0,8bf8c2a1-4180-4dba-a8c8-b6065a8600a1,Harbor Point Terminal Traffic Police Cam 1540,CAM-31-539,traffic_police,4K,pedestrian_walkway,active,rtsp://streaming.internal.crimemind.net/live/cam-31-539,"{""fps"": 30, ""night_vision_ir"": true, ""pan_tilt_zoom"": true}",2021-01-01T00:00:00,2021-01-01T00:00:00
78a9a898-391c-49e7-9c02-8c2efedcb3fc,5551d093-2249-40e5-816c-53847e335cdb,Northshore Heights Private Commercial Cam 1541,CAM-31-540,private_commercial,4K,pedestrian_walkway,active,rtsp://streaming.internal.crimemind.net/live/cam-31-540,"{""fps"": 30, ""night_vision_ir"": true, ""pan_tilt_zoom"": false}",2021-01-01T00:00:00,2021-01-01T00:00:00
ccd60edd-da05-4f9c-b676-ebc84969475e,78e8499c-c4e0-40c5-92b2-867f7e0b5bc4,Midtown Financial Plaza Residential Ring Cam 1542,CAM-31-541,residential_ring,4K,vault_corridor,active,rtsp://streaming.internal.crimemind.net/live/cam-31-541,"{""fps"": 30, ""night_vision_ir"": true, ""pan_tilt_zoom"": false}",2021-01-01T00:00:00,2021-01-01T00:00:00
7fb2033f-0894-4b1e-b84b-fbe821bd511c,27ad2250-afb9-411f-b40f-5e0a94ce82ed,Old Town Heritage Ward Highway Toll Cam 1543,CAM-31-542,highway_toll,1080p,southbound_exit,active,rtsp://streaming.internal.crimemind.net/live/cam-31-542,"{""fps"": 30, ""night_vision_ir"": true, ""pan_tilt_zoom"": true}",2021-01-01T00:00:00,2021-01-01T00:00:00
978eaf09-5711-41c8-84ae-0f95ef97ac43,8c1a5aa5-5e29-46f5-bed9-ed1b0655b7a9,Industrial Waterfront & Port Atm Surveillance Cam 1544,CAM-31-543,atm_surveillance,1080p,southbound_exit,active,rtsp://streaming.internal.crimemind.net/live/cam-31-543,"{""fps"": 30, ""night_vision_ir"": true, ""pan_tilt_zoom"": false}",2021-01-01T00:00:00,2021-01-01T00:00:00
8420991d-a5b7-40e9-bda7-d0e9d174af1f,6c8a59c2-926c-4d4c-954b-17fd319ce087,Eastside Arts Corridor Subway Transit Cam 1545,CAM-31-544,subway_transit,720p,southbound_exit,active,rtsp://streaming.internal.crimemind.net/live/cam-31-544,"{""fps"": 30, ""night_vision_ir"": true, ""pan_tilt_zoom"": false}",2021-01-01T00:00:00,2021-01-01T00:00:00
8affc035-8af8-4a7e-8bb5-4ce3e3529113,36e38ed7-a198-4181-aa73-f2230350f008,Industrial Waterfront & Port Municipal Surveillance Cam 1546,CAM-31-545,municipal_surveillance,1080p,pedestrian_walkway,active,rtsp://streaming.internal.crimemind.net/live/cam-31-545,"{""fps"": 30, ""night_vision_ir"": true, ""pan_tilt_zoom"": true}",2021-01-01T00:00:00,2021-01-01T00:00:00
c2281e5f-2f6f-49cb-ab29-97408af45f13,277f87ab-a7a8-4b1f-936b-752ea5528c57,Northshore Heights Subway Transit Cam 1547,CAM-31-546,subway_transit,4K,vault_corridor,active,rtsp://streaming.internal.crimemind.net/live/cam-31-546,"{""fps"": 30, ""night_vision_ir"": true, ""pan_tilt_zoom"": false}",2021-01-01T00:00:00,2021-01-01T00:00:00
b2e7290a-34fa-4717-a834-78376f69bab5,5bc715fb-4ebb-4645-adba-464453bd8a1b,Silver Lake Tech Park Municipal Surveillance Cam 1548,CAM-31-547,municipal_surveillance,4K,northbound_entry,active,rtsp://streaming.internal.crimemind.net/live/cam-31-547,"{""fps"": 30, ""night_vision_ir"": true, ""pan_tilt_zoom"": false}",2021-01-01T00:00:00,2021-01-01T00:00:00
0c15166f-a870-462c-963b-0faba4419a81,ba840fa4-2cb6-4ddc-8c20-b956be8abdaa,Downtown Commercial District Traffic Police Cam 1549,CAM-31-548,traffic_police,1080p,360_degree_dome,active,rtsp://streaming.internal.crimemind.net/live/cam-31-548,"{""fps"": 30, ""night_vision_ir"": true, ""pan_tilt_zoom"": true}",2021-01-01T00:00:00,2021-01-01T00:00:00
8ba6f9fd-a3ee-49be-9d18-f2e3991d7ebd,a3b67bd5-39ad-47e0-88a8-7e28895ea6cb,Harbor Point Terminal Traffic Police Cam 1550,CAM-31-549,traffic_police,1080p,360_degree_dome,active,rtsp://streaming.internal.crimemind.net/live/cam-31-549,"{""fps"": 30, ""night_vision_ir"": true, ""pan_tilt_zoom"": false}",2021-01-01T00:00:00,2021-01-01T00:00:00
54fa7553-8168-4bb2-9df7-3a4a9960df32,9cd93795-240f-4139-91eb-14a996df58a6,Eastside Arts Corridor Subway Transit Cam 1551,CAM-32-550,subway_transit,1080p,360_degree_dome,active,rtsp://streaming.internal.crimemind.net/live/cam-32-550,"{""fps"": 30, ""night_vision_ir"": true, ""pan_tilt_zoom"": false}",2021-01-01T00:00:00,2021-01-01T00:00:00
9a3b118f-c985-422b-87af-75759a22a383,9051c16d-34a1-4186-a550-eae27f0d5dea,Industrial Waterfront & Port Traffic Police Cam 1552,CAM-32-551,traffic_police,720p,northbound_entry,active,rtsp://streaming.internal.crimemind.net/live/cam-32-551,"{""fps"": 30, ""night_vision_ir"": true, ""pan_tilt_zoom"": true}",2021-01-01T00:00:00,2021-01-01T00:00:00
ac323513-44f6-434d-b868-4d63b2093e9f,7f669fe7-5d95-4b36-8df9-fd1b21ac16f8,Midtown Financial Plaza Highway Toll Cam 1553,CAM-32-552,highway_toll,1080p,southbound_exit,offline,rtsp://streaming.internal.crimemind.net/live/cam-32-552,"{""fps"": 30, ""night_vision_ir"": true, ""pan_tilt_zoom"": false}",2021-01-01T00:00:00,2021-01-01T00:00:00
c60aed56-77b9-431c-933f-ab92d2d44377,373a85fc-0c55-40ca-a300-22b9920a23b4,South Bay Logistics Hub Subway Transit Cam 1554,CAM-32-553,subway_transit,1080p,pedestrian_walkway,active,rtsp://streaming.internal.crimemind.net/live/cam-32-553,"{""fps"": 30, ""night_vision_ir"": true, ""pan_tilt_zoom"": false}",2021-01-01T00:00:00,2021-01-01T00:00:00
d7544624-74c3-47fb-96e3-a2af792f5066,72a0b309-ed36-40c8-9da3-a6ec14d2fbbe,Downtown Commercial District Traffic Police Cam 1555,CAM-32-554,traffic_police,720p,southbound_exit,active,rtsp://streaming.internal.crimemind.net/live/cam-32-554,"{""fps"": 30, ""night_vision_ir"": true, ""pan_tilt_zoom"": true}",2021-01-01T00:00:00,2021-01-01T00:00:00
1527b95a-7797-4400-b80c-807a08675950,847ae733-52cc-4705-a60d-7741e71c6394,West End Suburbs Residential Ring Cam 1556,CAM-32-555,residential_ring,720p,southbound_exit,active,rtsp://streaming.internal.crimemind.net/live/cam-32-555,"{""fps"": 30, ""night_vision_ir"": true, ""pan_tilt_zoom"": false}",2021-01-01T00:00:00,2021-01-01T00:00:00
12efa48c-c0b5-4974-8687-c9b5bb0dd07d,81582aea-2d0c-4038-9060-359a696e29ec,Downtown Commercial District Municipal Surveillance Cam 1557,CAM-32-556,municipal_surveillance,720p,pedestrian_walkway,active,rtsp://streaming.internal.crimemind.net/live/cam-32-556,"{""fps"": 30, ""night_vision_ir"": true, ""pan_tilt_zoom"": false}",2021-01-01T00:00:00,2021-01-01T00:00:00
c341a2d1-14c3-475a-ac76-0bfa5218b45b,ae91290c-6080-4eb6-b6a0-d38e5ebc0e28,Industrial Waterfront & Port Subway Transit Cam 1558,CAM-32-557,subway_transit,720p,vault_corridor,active,rtsp://streaming.internal.crimemind.net/live/cam-32-557,"{""fps"": 30, ""night_vision_ir"": true, ""pan_tilt_zoom"": true}",2021-01-01T00:00:00,2021-01-01T00:00:00
d20c6098-3c57-4f83-ae89-805c2e16330c,fa0f2010-fa72-40c6-b6cd-5623437bf351,Industrial Waterfront & Port Municipal Surveillance Cam 1559,CAM-32-558,municipal_surveillance,1080p,northbound_entry,active,rtsp://streaming.internal.crimemind.net/live/cam-32-558,"{""fps"": 30, ""night_vision_ir"": true, ""pan_tilt_zoom"": false}",2021-01-01T00:00:00,2021-01-01T00:00:00
19020c14-2689-40fe-83be-c76afea30e1f,23b5463e-4ab0-40e4-a86c-d7b0133bf507,Northshore Heights Residential Ring Cam 1560,CAM-32-559,residential_ring,1080p,pedestrian_walkway,active,rtsp://streaming.internal.crimemind.net/live/cam-32-559,"{""fps"": 30, ""night_vision_ir"": true, ""pan_tilt_zoom"": false}",2021-01-01T00:00:00,2021-01-01T00:00:00
23207b8d-5f65-4314-a1e1-72fbec480315,2d11f458-bca3-4d7d-af4a-0e828e215560,Silver Lake Tech Park Municipal Surveillance Cam 1561,CAM-32-560,municipal_surveillance,720p,southbound_exit,active,rtsp://streaming.internal.crimemind.net/live/cam-32-560,"{""fps"": 30, ""night_vision_ir"": true, ""pan_tilt_zoom"": true}",2021-01-01T00:00:00,2021-01-01T00:00:00
51280f34-5488-439d-9fde-a5845b457acb,12256142-2ca2-47e4-9c30-9a3b96c61b14,Silver Lake Tech Park Residential Ring Cam 1562,CAM-32-561,residential_ring,4K,southbound_exit,active,rtsp://streaming.internal.crimemind.net/live/cam-32-561,"{""fps"": 30, ""night_vision_ir"": true, ""pan_tilt_zoom"": false}",2021-01-01T00:00:00,2021-01-01T00:00:00
fa421c76-75c9-4e05-bd02-c7c62c0be758,bfa61e42-e280-46a0-a131-c620264e0866,Old Town Heritage Ward Private Commercial Cam 1563,CAM-32-562,private_commercial,4K,pedestrian_walkway,active,rtsp://streaming.internal.crimemind.net/live/cam-32-562,"{""fps"": 30, ""night_vision_ir"": true, ""pan_tilt_zoom"": false}",2021-01-01T00:00:00,2021-01-01T00:00:00
e267d48b-2805-40bb-9b7b-8edaed3c86b3,0122d678-1e74-4867-a3c4-df936b8fdf55,Midtown Financial Plaza Municipal Surveillance Cam 1564,CAM-32-563,municipal_surveillance,4K,pedestrian_walkway,active,rtsp://streaming.internal.crimemind.net/live/cam-32-563,"{""fps"": 30, ""night_vision_ir"": true, ""pan_tilt_zoom"": true}",2021-01-01T00:00:00,2021-01-01T00:00:00
26c7131f-01b0-45a8-a522-5fed69ea7e79,240008ab-6cde-40f5-ad36-f5fe247d753e,Silver Lake Tech Park Atm Surveillance Cam 1565,CAM-32-564,atm_surveillance,4K,360_degree_dome,active,rtsp://streaming.internal.crimemind.net/live/cam-32-564,"{""fps"": 30, ""night_vision_ir"": true, ""pan_tilt_zoom"": false}",2021-01-01T00:00:00,2021-01-01T00:00:00
1855fb96-ec02-4123-87e1-af2866e7adf9,d936d6f9-9f55-4c4d-9556-cca6344413f2,Downtown Commercial District Atm Surveillance Cam 1566,CAM-32-565,atm_surveillance,1080p,360_degree_dome,active,rtsp://streaming.internal.crimemind.net/live/cam-32-565,"{""fps"": 30, ""night_vision_ir"": true, ""pan_tilt_zoom"": false}",2021-01-01T00:00:00,2021-01-01T00:00:00
558410eb-6543-4be5-a7e7-83c9112ddfe7,a3cac6b5-39cc-4ebd-b828-c2f60561339d,Eastside Arts Corridor Highway Toll Cam 1567,CAM-32-566,highway_toll,1080p,pedestrian_walkway,active,rtsp://streaming.internal.crimemind.net/live/cam-32-566,"{""fps"": 30, ""night_vision_ir"": true, ""pan_tilt_zoom"": true}",2021-01-01T00:00:00,2021-01-01T00:00:00
8f21579b-05b3-4932-9c2a-bbe069dec1be,067623cb-698b-4430-82d3-09f70f5a9772,Eastside Arts Corridor Municipal Surveillance Cam 1568,CAM-32-567,municipal_surveillance,4K,southbound_exit,active,rtsp://streaming.internal.crimemind.net/live/cam-32-567,"{""fps"": 30, ""night_vision_ir"": true, ""pan_tilt_zoom"": false}",2021-01-01T00:00:00,2021-01-01T00:00:00
d5d79f88-d700-409d-b6e4-191e4ffa6c92,a1607338-c65b-4115-ab0e-33d4b22aafca,Northshore Heights Highway Toll Cam 1569,CAM-32-568,highway_toll,4K,pedestrian_walkway,offline,rtsp://streaming.internal.crimemind.net/live/cam-32-568,"{""fps"": 30, ""night_vision_ir"": true, ""pan_tilt_zoom"": false}",2021-01-01T00:00:00,2021-01-01T00:00:00
da5bb2f7-3c74-4bcb-bd68-8ad4d9c9c803,18e13caa-32c4-42a0-a28d-9ef377626db3,South Bay Logistics Hub Traffic Police Cam 1570,CAM-32-569,traffic_police,1080p,southbound_exit,active,rtsp://streaming.internal.crimemind.net/live/cam-32-569,"{""fps"": 30, ""night_vision_ir"": true, ""pan_tilt_zoom"": true}",2021-01-01T00:00:00,2021-01-01T00:00:00
0c0b5764-412b-4c94-bae9-8651b5a4bb91,d3a4bd91-7f2e-456e-bbec-6ed7815ebf5b,Old Town Heritage Ward Residential Ring Cam 1571,CAM-32-570,residential_ring,1080p,360_degree_dome,active,rtsp://streaming.internal.crimemind.net/live/cam-32-570,"{""fps"": 30, ""night_vision_ir"": true, ""pan_tilt_zoom"": false}",2021-01-01T00:00:00,2021-01-01T00:00:00
b572a85e-9bc4-4145-a303-03b2f46acbe5,1c7fbcef-e215-4899-95bd-e15f213f3b8c,Northshore Heights Municipal Surveillance Cam 1572,CAM-32-571,municipal_surveillance,1080p,pedestrian_walkway,active,rtsp://streaming.internal.crimemind.net/live/cam-32-571,"{""fps"": 30, ""night_vision_ir"": true, ""pan_tilt_zoom"": false}",2021-01-01T00:00:00,2021-01-01T00:00:00
eeddf3d7-3be7-4a8c-8a35-c63fac1a65b0,d190e6ea-64ce-4e74-8d3f-7461b34efcba,Northshore Heights Atm Surveillance Cam 1573,CAM-32-572,atm_surveillance,4K,pedestrian_walkway,active,rtsp://streaming.internal.crimemind.net/live/cam-32-572,"{""fps"": 30, ""night_vision_ir"": true, ""pan_tilt_zoom"": true}",2021-01-01T00:00:00,2021-01-01T00:00:00
b0fdddd7-2b62-41bf-b3eb-60e74a327bc0,5560e26b-cd0c-4c41-828a-73183a9abf04,Old Town Heritage Ward Atm Surveillance Cam 1574,CAM-32-573,atm_surveillance,1080p,360_degree_dome,active,rtsp://streaming.internal.crimemind.net/live/cam-32-573,"{""fps"": 30, ""night_vision_ir"": true, ""pan_tilt_zoom"": false}",2021-01-01T00:00:00,2021-01-01T00:00:00
f7586477-11dd-484e-a58b-7b7817a7cd63,29f5909b-453b-45a0-98b6-b6cca5a76fd0,Eastside Arts Corridor Traffic Police Cam 1575,CAM-32-574,traffic_police,1080p,360_degree_dome,active,rtsp://streaming.internal.crimemind.net/live/cam-32-574,"{""fps"": 30, ""night_vision_ir"": true, ""pan_tilt_zoom"": false}",2021-01-01T00:00:00,2021-01-01T00:00:00
047528f5-7e90-4786-ba2c-77807ce2c3b8,45eabc6e-7dc2-4aff-85a1-f64c431ddbbc,Silver Lake Tech Park Residential Ring Cam 1576,CAM-32-575,residential_ring,4K,vault_corridor,active,rtsp://streaming.internal.crimemind.net/live/cam-32-575,"{""fps"": 30, ""night_vision_ir"": true, ""pan_tilt_zoom"": true}",2021-01-01T00:00:00,2021-01-01T00:00:00
b72a306e-c09e-4063-9dbc-d9aef42ad6a4,9a4c0cbb-2814-4b6e-a8c9-e4b2a08423d9,Old Town Heritage Ward Residential Ring Cam 1577,CAM-32-576,residential_ring,1080p,360_degree_dome,active,rtsp://streaming.internal.crimemind.net/live/cam-32-576,"{""fps"": 30, ""night_vision_ir"": true, ""pan_tilt_zoom"": false}",2021-01-01T00:00:00,2021-01-01T00:00:00
63b5c34b-2cb0-41e9-96ec-a82cf20001d4,165deef0-afaa-466d-b5f7-ec108f29b67a,Midtown Financial Plaza Traffic Police Cam 1578,CAM-32-577,traffic_police,720p,360_degree_dome,active,rtsp://streaming.internal.crimemind.net/live/cam-32-577,"{""fps"": 30, ""night_vision_ir"": true, ""pan_tilt_zoom"": false}",2021-01-01T00:00:00,2021-01-01T00:00:00
6b42597e-eb54-47e1-90b8-acc1458c37e9,5033f291-0e77-47cf-9109-e43f9e0912f3,Industrial Waterfront & Port Atm Surveillance Cam 1579,CAM-32-578,atm_surveillance,1080p,360_degree_dome,active,rtsp://streaming.internal.crimemind.net/live/cam-32-578,"{""fps"": 30, ""night_vision_ir"": true, ""pan_tilt_zoom"": true}",2021-01-01T00:00:00,2021-01-01T00:00:00
4519a561-3322-4c24-988e-61b3f2b4046e,052a4b32-c1cf-4dba-a28f-54870d1e207d,Silver Lake Tech Park Residential Ring Cam 1580,CAM-32-579,residential_ring,4K,northbound_entry,active,rtsp://streaming.internal.crimemind.net/live/cam-32-579,"{""fps"": 30, ""night_vision_ir"": true, ""pan_tilt_zoom"": false}",2021-01-01T00:00:00,2021-01-01T00:00:00
0a6c5b5f-7eba-4510-9acc-af12006f2db2,1c541fcf-11e1-41ed-83ae-94743df66d97,Eastside Arts Corridor Private Commercial Cam 1581,CAM-32-580,private_commercial,1080p,360_degree_dome,active,rtsp://streaming.internal.crimemind.net/live/cam-32-580,"{""fps"": 30, ""night_vision_ir"": true, ""pan_tilt_zoom"": false}",2021-01-01T00:00:00,2021-01-01T00:00:00
65128174-1d8a-4a33-907e-dc9ec5c83896,338ad2d9-05b7-4a1a-875d-1b0abc8d9cb9,Harbor Point Terminal Municipal Surveillance Cam 1582,CAM-32-581,municipal_surveillance,1080p,vault_corridor,active,rtsp://streaming.internal.crimemind.net/live/cam-32-581,"{""fps"": 30, ""night_vision_ir"": true, ""pan_tilt_zoom"": true}",2021-01-01T00:00:00,2021-01-01T00:00:00
1275add8-46fc-4767-a03e-0916647580e0,f17fcfb0-c9f8-4f4e-9c76-e80b03a70b37,Downtown Commercial District Municipal Surveillance Cam 1583,CAM-32-582,municipal_surveillance,1080p,northbound_entry,active,rtsp://streaming.internal.crimemind.net/live/cam-32-582,"{""fps"": 30, ""night_vision_ir"": true, ""pan_tilt_zoom"": false}",2021-01-01T00:00:00,2021-01-01T00:00:00
11a52797-37e9-4e3e-821b-3b6dc9eef03b,c38020e3-e3ce-4796-84f4-dff8acd302a3,Industrial Waterfront & Port Highway Toll Cam 1584,CAM-32-583,highway_toll,1080p,vault_corridor,active,rtsp://streaming.internal.crimemind.net/live/cam-32-583,"{""fps"": 30, ""night_vision_ir"": true, ""pan_tilt_zoom"": false}",2021-01-01T00:00:00,2021-01-01T00:00:00
dbe0980a-eb4b-4291-9cbd-6cdc8396697d,2c8f435b-ed61-43d8-971e-c6daa2abcd3b,South Bay Logistics Hub Municipal Surveillance Cam 1585,CAM-32-584,municipal_surveillance,720p,southbound_exit,active,rtsp://streaming.internal.crimemind.net/live/cam-32-584,"{""fps"": 30, ""night_vision_ir"": true, ""pan_tilt_zoom"": true}",2021-01-01T00:00:00,2021-01-01T00:00:00
406fbcd9-aaa3-4ed2-98fc-701acd0b4fcd,45fac7b8-53f3-45b5-8258-69179533297b,West End Suburbs Highway Toll Cam 1586,CAM-32-585,highway_toll,720p,northbound_entry,active,rtsp://streaming.internal.crimemind.net/live/cam-32-585,"{""fps"": 30, ""night_vision_ir"": true, ""pan_tilt_zoom"": false}",2021-01-01T00:00:00,2021-01-01T00:00:00
2637aed0-905c-4cc5-8a7a-24e302d137ff,df0d70b2-1a8e-4fb4-9642-e492f8682edb,Downtown Commercial District Municipal Surveillance Cam 1587,CAM-32-586,municipal_surveillance,1080p,vault_corridor,active,rtsp://streaming.internal.crimemind.net/live/cam-32-586,"{""fps"": 30, ""night_vision_ir"": true, ""pan_tilt_zoom"": false}",2021-01-01T00:00:00,2021-01-01T00:00:00
f0c15113-8667-4149-bd2f-79235f779c4b,94ed9ba3-f091-4ba6-a2e3-f3b2f2f5f947,Midtown Financial Plaza Private Commercial Cam 1588,CAM-32-587,private_commercial,1080p,pedestrian_walkway,active,rtsp://streaming.internal.crimemind.net/live/cam-32-587,"{""fps"": 30, ""night_vision_ir"": true, ""pan_tilt_zoom"": true}",2021-01-01T00:00:00,2021-01-01T00:00:00
e9332b03-3d1e-48a6-a970-69605db40a32,45eabc6e-7dc2-4aff-85a1-f64c431ddbbc,Silver Lake Tech Park Highway Toll Cam 1589,CAM-32-588,highway_toll,720p,vault_corridor,active,rtsp://streaming.internal.crimemind.net/live/cam-32-588,"{""fps"": 30, ""night_vision_ir"": true, ""pan_tilt_zoom"": false}",2021-01-01T00:00:00,2021-01-01T00:00:00
05459dde-369a-4c62-9557-1a9a56f83954,5f4138ab-8a82-4136-830a-d40dcc64dcc0,West End Suburbs Subway Transit Cam 1590,CAM-32-589,subway_transit,1080p,vault_corridor,active,rtsp://streaming.internal.crimemind.net/live/cam-32-589,"{""fps"": 30, ""night_vision_ir"": true, ""pan_tilt_zoom"": false}",2021-01-01T00:00:00,2021-01-01T00:00:00
3513f1c0-0b2e-4a9b-84c7-91f40b440b07,c7dc4eb6-c7aa-46e7-9a22-78212133e6c0,South Bay Logistics Hub Traffic Police Cam 1591,CAM-32-590,traffic_police,4K,northbound_entry,active,rtsp://streaming.internal.crimemind.net/live/cam-32-590,"{""fps"": 30, ""night_vision_ir"": true, ""pan_tilt_zoom"": true}",2021-01-01T00:00:00,2021-01-01T00:00:00
ae8bdbe8-4b52-4698-82c4-a3622faed79d,b9a7ada4-72d5-4d3b-b3ac-994a0291951e,Downtown Commercial District Subway Transit Cam 1592,CAM-32-591,subway_transit,4K,northbound_entry,active,rtsp://streaming.internal.crimemind.net/live/cam-32-591,"{""fps"": 30, ""night_vision_ir"": true, ""pan_tilt_zoom"": false}",2021-01-01T00:00:00,2021-01-01T00:00:00
6c214e35-87d7-484f-8b3c-a5d77dff0047,e5eb0dd1-8285-4489-a8ba-6f8a9370cee0,Midtown Financial Plaza Traffic Police Cam 1593,CAM-32-592,traffic_police,1080p,pedestrian_walkway,active,rtsp://streaming.internal.crimemind.net/live/cam-32-592,"{""fps"": 30, ""night_vision_ir"": true, ""pan_tilt_zoom"": false}",2021-01-01T00:00:00,2021-01-01T00:00:00
8696acbf-3022-4122-a7a7-4c8b716f4aa5,23d776af-2bf9-45c9-97d6-74fcc66245ba,Eastside Arts Corridor Traffic Police Cam 1594,CAM-32-593,traffic_police,4K,360_degree_dome,active,rtsp://streaming.internal.crimemind.net/live/cam-32-593,"{""fps"": 30, ""night_vision_ir"": true, ""pan_tilt_zoom"": true}",2021-01-01T00:00:00,2021-01-01T00:00:00
80b422ad-6ea9-49b7-949d-f1670e6cec82,fde4e4df-557d-486a-8c1f-b543ea86435a,Eastside Arts Corridor Private Commercial Cam 1595,CAM-32-594,private_commercial,1080p,pedestrian_walkway,active,rtsp://streaming.internal.crimemind.net/live/cam-32-594,"{""fps"": 30, ""night_vision_ir"": true, ""pan_tilt_zoom"": false}",2021-01-01T00:00:00,2021-01-01T00:00:00
6ff83b67-567f-47dc-b7e8-ee6bc68c7442,7bed43b9-df6d-4b76-bcf7-42e42d8efd36,Downtown Commercial District Highway Toll Cam 1596,CAM-32-595,highway_toll,4K,pedestrian_walkway,active,rtsp://streaming.internal.crimemind.net/live/cam-32-595,"{""fps"": 30, ""night_vision_ir"": true, ""pan_tilt_zoom"": false}",2021-01-01T00:00:00,2021-01-01T00:00:00
d184a0b0-d160-4998-8c2d-e600e0138d2a,ca5cae83-0be7-4d19-8b22-a2ca353ea957,Silver Lake Tech Park Private Commercial Cam 1597,CAM-32-596,private_commercial,1080p,vault_corridor,active,rtsp://streaming.internal.crimemind.net/live/cam-32-596,"{""fps"": 30, ""night_vision_ir"": true, ""pan_tilt_zoom"": true}",2021-01-01T00:00:00,2021-01-01T00:00:00
467a6ca0-0f9a-4e76-b232-1ab7bc79d160,a2aa78ba-fb59-43ad-9838-695279cb444f,West End Suburbs Municipal Surveillance Cam 1598,CAM-32-597,municipal_surveillance,1080p,northbound_entry,active,rtsp://streaming.internal.crimemind.net/live/cam-32-597,"{""fps"": 30, ""night_vision_ir"": true, ""pan_tilt_zoom"": false}",2021-01-01T00:00:00,2021-01-01T00:00:00
86ee40af-210a-4a77-8e7e-e62eca9979ac,be3a02cf-6e8b-4e01-9b6e-c2c47635c17b,South Bay Logistics Hub Residential Ring Cam 1599,CAM-32-598,residential_ring,1080p,pedestrian_walkway,active,rtsp://streaming.internal.crimemind.net/live/cam-32-598,"{""fps"": 30, ""night_vision_ir"": true, ""pan_tilt_zoom"": false}",2021-01-01T00:00:00,2021-01-01T00:00:00
9038f0e2-0af0-4877-a0c7-7774fa016459,57154d46-0f85-4d5d-a773-5f849432748c,South Bay Logistics Hub Private Commercial Cam 1600,CAM-32-599,private_commercial,1080p,pedestrian_walkway,active,rtsp://streaming.internal.crimemind.net/live/cam-32-599,"{""fps"": 30, ""night_vision_ir"": true, ""pan_tilt_zoom"": true}",2021-01-01T00:00:00,2021-01-01T00:00:00
62bed5d9-6744-479b-b7f0-04f35a18c108,12ee9b77-3a2a-451c-ba3b-43334279da5f,Downtown Commercial District Subway Transit Cam 1601,CAM-33-600,subway_transit,4K,pedestrian_walkway,active,rtsp://streaming.internal.crimemind.net/live/cam-33-600,"{""fps"": 30, ""night_vision_ir"": true, ""pan_tilt_zoom"": false}",2021-01-01T00:00:00,2021-01-01T00:00:00
eafd73c7-7931-454c-a142-0fffcbb6d768,50c680af-dc2f-4991-a085-03dad1c997f0,Industrial Waterfront & Port Private Commercial Cam 1602,CAM-33-601,private_commercial,1080p,southbound_exit,active,rtsp://streaming.internal.crimemind.net/live/cam-33-601,"{""fps"": 30, ""night_vision_ir"": true, ""pan_tilt_zoom"": false}",2021-01-01T00:00:00,2021-01-01T00:00:00
cbc2ffa1-cea7-4b46-a233-ef6a8c7b7fe0,5d96f792-223e-469c-926a-01d3eae09198,South Bay Logistics Hub Traffic Police Cam 1603,CAM-33-602,traffic_police,720p,southbound_exit,active,rtsp://streaming.internal.crimemind.net/live/cam-33-602,"{""fps"": 30, ""night_vision_ir"": true, ""pan_tilt_zoom"": true}",2021-01-01T00:00:00,2021-01-01T00:00:00
c9d575c6-d0fd-4b8f-9dfa-52764b05c209,783152c1-d8c0-4715-a600-1a313e767968,Industrial Waterfront & Port Residential Ring Cam 1604,CAM-33-603,residential_ring,1080p,vault_corridor,active,rtsp://streaming.internal.crimemind.net/live/cam-33-603,"{""fps"": 30, ""night_vision_ir"": true, ""pan_tilt_zoom"": false}",2021-01-01T00:00:00,2021-01-01T00:00:00
2121749a-93c4-4031-8d6d-7061a21cc234,8bf8c2a1-4180-4dba-a8c8-b6065a8600a1,Harbor Point Terminal Municipal Surveillance Cam 1605,CAM-33-604,municipal_surveillance,4K,vault_corridor,maintenance,rtsp://streaming.internal.crimemind.net/live/cam-33-604,"{""fps"": 30, ""night_vision_ir"": true, ""pan_tilt_zoom"": false}",2021-01-01T00:00:00,2021-01-01T00:00:00
53961d6f-d67c-4637-99e9-1d2b2ff7d5fb,3c783113-d707-410f-9898-08a8270a66eb,Silver Lake Tech Park Atm Surveillance Cam 1606,CAM-33-605,atm_surveillance,720p,pedestrian_walkway,active,rtsp://streaming.internal.crimemind.net/live/cam-33-605,"{""fps"": 30, ""night_vision_ir"": true, ""pan_tilt_zoom"": true}",2021-01-01T00:00:00,2021-01-01T00:00:00
44cef130-2d7a-4e8b-a3ae-fa3c1d305eea,3fc03956-5e35-45f0-bbb1-f5cca2f4f94a,Northshore Heights Subway Transit Cam 1607,CAM-33-606,subway_transit,4K,360_degree_dome,active,rtsp://streaming.internal.crimemind.net/live/cam-33-606,"{""fps"": 30, ""night_vision_ir"": true, ""pan_tilt_zoom"": false}",2021-01-01T00:00:00,2021-01-01T00:00:00
d18c4e79-c5e3-42be-a5df-0f18f58e4bce,772f021d-380a-4026-bb29-618d1a143470,Old Town Heritage Ward Traffic Police Cam 1608,CAM-33-607,traffic_police,4K,northbound_entry,active,rtsp://streaming.internal.crimemind.net/live/cam-33-607,"{""fps"": 30, ""night_vision_ir"": true, ""pan_tilt_zoom"": false}",2021-01-01T00:00:00,2021-01-01T00:00:00
d38ecb40-68ee-4891-b73b-545732ce3831,f32122b0-99e9-4e28-908e-d9d6cf177e7c,Silver Lake Tech Park Highway Toll Cam 1609,CAM-33-608,highway_toll,1080p,northbound_entry,active,rtsp://streaming.internal.crimemind.net/live/cam-33-608,"{""fps"": 30, ""night_vision_ir"": true, ""pan_tilt_zoom"": true}",2021-01-01T00:00:00,2021-01-01T00:00:00
5608555a-4c55-4776-bea3-039f343478e7,eeabd89f-179e-4048-9a7d-569e3e41c74c,Northshore Heights Private Commercial Cam 1610,CAM-33-609,private_commercial,1080p,southbound_exit,active,rtsp://streaming.internal.crimemind.net/live/cam-33-609,"{""fps"": 30, ""night_vision_ir"": true, ""pan_tilt_zoom"": false}",2021-01-01T00:00:00,2021-01-01T00:00:00
521ab141-1d67-4b4b-a6b5-d0162a4edb85,b0589843-dc89-46b0-b55f-9df9358ca178,Downtown Commercial District Traffic Police Cam 1611,CAM-33-610,traffic_police,4K,360_degree_dome,active,rtsp://streaming.internal.crimemind.net/live/cam-33-610,"{""fps"": 30, ""night_vision_ir"": true, ""pan_tilt_zoom"": false}",2021-01-01T00:00:00,2021-01-01T00:00:00
2a91aac7-1554-4ce0-a50e-f77001f21eed,bc200f90-6cc8-4354-a1db-9b948a24fa0b,Industrial Waterfront & Port Traffic Police Cam 1612,CAM-33-611,traffic_police,4K,360_degree_dome,active,rtsp://streaming.internal.crimemind.net/live/cam-33-611,"{""fps"": 30, ""night_vision_ir"": true, ""pan_tilt_zoom"": true}",2021-01-01T00:00:00,2021-01-01T00:00:00
d8a2250f-6e63-40e1-b5d0-b7cd683b3730,4436b022-6336-4508-b43e-744f2673284e,West End Suburbs Municipal Surveillance Cam 1613,CAM-33-612,municipal_surveillance,720p,vault_corridor,active,rtsp://streaming.internal.crimemind.net/live/cam-33-612,"{""fps"": 30, ""night_vision_ir"": true, ""pan_tilt_zoom"": false}",2021-01-01T00:00:00,2021-01-01T00:00:00
381d4289-10bb-4383-a875-9bebaad21c0f,8a96a2d6-b9ae-4594-bd90-a804d50d66b0,Old Town Heritage Ward Residential Ring Cam 1614,CAM-33-613,residential_ring,4K,southbound_exit,offline,rtsp://streaming.internal.crimemind.net/live/cam-33-613,"{""fps"": 30, ""night_vision_ir"": true, ""pan_tilt_zoom"": false}",2021-01-01T00:00:00,2021-01-01T00:00:00
d1ce011c-10a8-4393-bd33-42f6977e154e,cf9e9678-399c-48b9-a5fd-838cf4e32740,Northshore Heights Municipal Surveillance Cam 1615,CAM-33-614,municipal_surveillance,1080p,360_degree_dome,active,rtsp://streaming.internal.crimemind.net/live/cam-33-614,"{""fps"": 30, ""night_vision_ir"": true, ""pan_tilt_zoom"": true}",2021-01-01T00:00:00,2021-01-01T00:00:00
c4091c44-3365-4030-8624-963c42deefbf,385e1668-4178-4db7-ba7a-71bf751a1f8e,Industrial Waterfront & Port Highway Toll Cam 1616,CAM-33-615,highway_toll,1080p,360_degree_dome,active,rtsp://streaming.internal.crimemind.net/live/cam-33-615,"{""fps"": 30, ""night_vision_ir"": true, ""pan_tilt_zoom"": false}",2021-01-01T00:00:00,2021-01-01T00:00:00
2b52983c-6aeb-4d7a-b902-630609a1665a,71304eb6-570a-49c0-b794-d03f5ebce7fa,Northshore Heights Municipal Surveillance Cam 1617,CAM-33-616,municipal_surveillance,1080p,northbound_entry,active,rtsp://streaming.internal.crimemind.net/live/cam-33-616,"{""fps"": 30, ""night_vision_ir"": true, ""pan_tilt_zoom"": false}",2021-01-01T00:00:00,2021-01-01T00:00:00
22eee4d5-da0a-48d7-8689-08c447b8df54,06c8d048-9753-4e41-9b8a-69ad1c0ce0cd,South Bay Logistics Hub Residential Ring Cam 1618,CAM-33-617,residential_ring,1080p,360_degree_dome,active,rtsp://streaming.internal.crimemind.net/live/cam-33-617,"{""fps"": 30, ""night_vision_ir"": true, ""pan_tilt_zoom"": true}",2021-01-01T00:00:00,2021-01-01T00:00:00
22c73d32-3623-4893-b673-146ba875058b,7b73abbf-1ea2-4e92-b19e-914a98eca966,West End Suburbs Subway Transit Cam 1619,CAM-33-618,subway_transit,4K,southbound_exit,active,rtsp://streaming.internal.crimemind.net/live/cam-33-618,"{""fps"": 30, ""night_vision_ir"": true, ""pan_tilt_zoom"": false}",2021-01-01T00:00:00,2021-01-01T00:00:00
8cf6807a-d896-4c9e-b701-9aa8f8507026,1f3a36ba-18dd-4644-a8e6-1cb8c07b47c6,Harbor Point Terminal Highway Toll Cam 1620,CAM-33-619,highway_toll,1080p,southbound_exit,active,rtsp://streaming.internal.crimemind.net/live/cam-33-619,"{""fps"": 30, ""night_vision_ir"": true, ""pan_tilt_zoom"": false}",2021-01-01T00:00:00,2021-01-01T00:00:00
f745ff2d-a8ba-483e-8a71-80a8d184239c,4b1ab7b5-26c6-4b29-822a-536ff9bb9616,Old Town Heritage Ward Atm Surveillance Cam 1621,CAM-33-620,atm_surveillance,4K,vault_corridor,active,rtsp://streaming.internal.crimemind.net/live/cam-33-620,"{""fps"": 30, ""night_vision_ir"": true, ""pan_tilt_zoom"": true}",2021-01-01T00:00:00,2021-01-01T00:00:00
190620d1-cddd-4649-ba9e-bd2ae2399c7c,23328360-2421-4012-b995-fa04c667d56a,South Bay Logistics Hub Residential Ring Cam 1622,CAM-33-621,residential_ring,1080p,pedestrian_walkway,active,rtsp://streaming.internal.crimemind.net/live/cam-33-621,"{""fps"": 30, ""night_vision_ir"": true, ""pan_tilt_zoom"": false}",2021-01-01T00:00:00,2021-01-01T00:00:00
ae8e6af8-3202-429c-b31f-539b38cf2ae4,1a8a9b9c-6830-4eea-9eca-08a582ae2a26,Silver Lake Tech Park Traffic Police Cam 1623,CAM-33-622,traffic_police,4K,southbound_exit,active,rtsp://streaming.internal.crimemind.net/live/cam-33-622,"{""fps"": 30, ""night_vision_ir"": true, ""pan_tilt_zoom"": false}",2021-01-01T00:00:00,2021-01-01T00:00:00
f9795bc2-3e8e-435d-984d-0c2d32f1a41c,6e46dc0e-5e3a-432c-b0af-35b6e0662604,West End Suburbs Private Commercial Cam 1624,CAM-33-623,private_commercial,720p,pedestrian_walkway,active,rtsp://streaming.internal.crimemind.net/live/cam-33-623,"{""fps"": 30, ""night_vision_ir"": true, ""pan_tilt_zoom"": true}",2021-01-01T00:00:00,2021-01-01T00:00:00
2b441aa8-ed02-4631-9901-dcf6724006ee,7d07423a-3daa-44eb-811d-e8a2cb2ec3f0,South Bay Logistics Hub Residential Ring Cam 1625,CAM-33-624,residential_ring,1080p,360_degree_dome,active,rtsp://streaming.internal.crimemind.net/live/cam-33-624,"{""fps"": 30, ""night_vision_ir"": true, ""pan_tilt_zoom"": false}",2021-01-01T00:00:00,2021-01-01T00:00:00
002f1799-a88c-484f-b510-20195dac95af,8b4428f1-7da8-4b3c-8fef-2e27c706b1ea,Industrial Waterfront & Port Subway Transit Cam 1626,CAM-33-625,subway_transit,1080p,northbound_entry,active,rtsp://streaming.internal.crimemind.net/live/cam-33-625,"{""fps"": 30, ""night_vision_ir"": true, ""pan_tilt_zoom"": false}",2021-01-01T00:00:00,2021-01-01T00:00:00
4b2cb541-bc99-4bee-8987-623c831d47c9,9051c16d-34a1-4186-a550-eae27f0d5dea,Industrial Waterfront & Port Municipal Surveillance Cam 1627,CAM-33-626,municipal_surveillance,1080p,vault_corridor,active,rtsp://streaming.internal.crimemind.net/live/cam-33-626,"{""fps"": 30, ""night_vision_ir"": true, ""pan_tilt_zoom"": true}",2021-01-01T00:00:00,2021-01-01T00:00:00
e7a9f205-c784-42d0-aeee-aab5bb49f9d2,536d77c6-430f-431b-ae79-e1b1b1ac02ab,Old Town Heritage Ward Residential Ring Cam 1628,CAM-33-627,residential_ring,720p,vault_corridor,active,rtsp://streaming.internal.crimemind.net/live/cam-33-627,"{""fps"": 30, ""night_vision_ir"": true, ""pan_tilt_zoom"": false}",2021-01-01T00:00:00,2021-01-01T00:00:00
0dbde7ac-e236-4e9d-b7a8-00e412b06a5a,b3d31590-1dcf-4107-b651-4be9a87937f1,Harbor Point Terminal Traffic Police Cam 1629,CAM-33-628,traffic_police,1080p,vault_corridor,active,rtsp://streaming.internal.crimemind.net/live/cam-33-628,"{""fps"": 30, ""night_vision_ir"": true, ""pan_tilt_zoom"": false}",2021-01-01T00:00:00,2021-01-01T00:00:00
984cf8b3-5ca9-489d-a791-7a9de6bfee98,a69b17c6-210b-45da-a716-4931cae7a83a,West End Suburbs Private Commercial Cam 1630,CAM-33-629,private_commercial,1080p,southbound_exit,active,rtsp://streaming.internal.crimemind.net/live/cam-33-629,"{""fps"": 30, ""night_vision_ir"": true, ""pan_tilt_zoom"": true}",2021-01-01T00:00:00,2021-01-01T00:00:00
7ec26ca3-1ace-4337-97a9-f0ac81bb3243,49149b0c-f122-4331-b42a-8c47074d421c,Midtown Financial Plaza Highway Toll Cam 1631,CAM-33-630,highway_toll,720p,360_degree_dome,active,rtsp://streaming.internal.crimemind.net/live/cam-33-630,"{""fps"": 30, ""night_vision_ir"": true, ""pan_tilt_zoom"": false}",2021-01-01T00:00:00,2021-01-01T00:00:00
8353a87c-687f-43c1-a815-d988419acf2f,c248789a-b38d-4a60-bbf6-130776ad3556,Silver Lake Tech Park Subway Transit Cam 1632,CAM-33-631,subway_transit,720p,360_degree_dome,active,rtsp://streaming.internal.crimemind.net/live/cam-33-631,"{""fps"": 30, ""night_vision_ir"": true, ""pan_tilt_zoom"": false}",2021-01-01T00:00:00,2021-01-01T00:00:00
19138dcc-a797-44ae-a491-c1b1e6b9b258,0b024afd-6db4-40bd-9f2c-916f3845de22,Industrial Waterfront & Port Residential Ring Cam 1633,CAM-33-632,residential_ring,720p,vault_corridor,active,rtsp://streaming.internal.crimemind.net/live/cam-33-632,"{""fps"": 30, ""night_vision_ir"": true, ""pan_tilt_zoom"": true}",2021-01-01T00:00:00,2021-01-01T00:00:00
5ea3e915-1093-40ac-90f2-80e8d1157405,029b3a62-6e26-4521-9c50-8f806dbd20e7,Eastside Arts Corridor Highway Toll Cam 1634,CAM-33-633,highway_toll,4K,northbound_entry,active,rtsp://streaming.internal.crimemind.net/live/cam-33-633,"{""fps"": 30, ""night_vision_ir"": true, ""pan_tilt_zoom"": false}",2021-01-01T00:00:00,2021-01-01T00:00:00
0510fcf1-8679-48ab-b82b-0ed0755a264f,6eff1961-a69f-4218-ab17-043cf5114ee0,Downtown Commercial District Highway Toll Cam 1635,CAM-33-634,highway_toll,1080p,360_degree_dome,active,rtsp://streaming.internal.crimemind.net/live/cam-33-634,"{""fps"": 30, ""night_vision_ir"": true, ""pan_tilt_zoom"": false}",2021-01-01T00:00:00,2021-01-01T00:00:00
b6bc8e89-7181-42b7-9f8c-1802aa070e0e,0533d2a0-723c-4bfb-ab76-8475a798f44d,Downtown Commercial District Highway Toll Cam 1636,CAM-33-635,highway_toll,1080p,vault_corridor,active,rtsp://streaming.internal.crimemind.net/live/cam-33-635,"{""fps"": 30, ""night_vision_ir"": true, ""pan_tilt_zoom"": true}",2021-01-01T00:00:00,2021-01-01T00:00:00
f10546bf-5d8e-489e-b7e0-5e65d259361f,a2b30144-68d2-4532-89f3-3d2b2872a331,West End Suburbs Private Commercial Cam 1637,CAM-33-636,private_commercial,1080p,northbound_entry,active,rtsp://streaming.internal.crimemind.net/live/cam-33-636,"{""fps"": 30, ""night_vision_ir"": true, ""pan_tilt_zoom"": false}",2021-01-01T00:00:00,2021-01-01T00:00:00
c1f0a37f-26a9-4fe3-bf24-84cc3639b4b2,0a5f39f8-5678-4760-b135-04909c4c3a0c,South Bay Logistics Hub Residential Ring Cam 1638,CAM-33-637,residential_ring,4K,vault_corridor,active,rtsp://streaming.internal.crimemind.net/live/cam-33-637,"{""fps"": 30, ""night_vision_ir"": true, ""pan_tilt_zoom"": false}",2021-01-01T00:00:00,2021-01-01T00:00:00
3256dfe3-5e92-4ecd-8961-cfe10529b5fe,334b2307-d213-45e0-8e25-788540905d7f,Industrial Waterfront & Port Atm Surveillance Cam 1639,CAM-33-638,atm_surveillance,1080p,pedestrian_walkway,active,rtsp://streaming.internal.crimemind.net/live/cam-33-638,"{""fps"": 30, ""night_vision_ir"": true, ""pan_tilt_zoom"": true}",2021-01-01T00:00:00,2021-01-01T00:00:00
0b324b4b-01c0-4689-ae0f-c6306f944749,ba381460-df90-4456-8648-ac664d866ecf,Industrial Waterfront & Port Subway Transit Cam 1640,CAM-33-639,subway_transit,1080p,northbound_entry,active,rtsp://streaming.internal.crimemind.net/live/cam-33-639,"{""fps"": 30, ""night_vision_ir"": true, ""pan_tilt_zoom"": false}",2021-01-01T00:00:00,2021-01-01T00:00:00
1c019f39-fb84-4e7c-a144-ca3eba564ee0,b1568819-c231-415a-aebe-6de0504e03a7,South Bay Logistics Hub Subway Transit Cam 1641,CAM-33-640,subway_transit,4K,vault_corridor,active,rtsp://streaming.internal.crimemind.net/live/cam-33-640,"{""fps"": 30, ""night_vision_ir"": true, ""pan_tilt_zoom"": false}",2021-01-01T00:00:00,2021-01-01T00:00:00
23f5b499-ce8f-448c-a3f0-ab2eae36d123,72ea8a4c-6851-49c5-9f05-11d0da92fafa,Old Town Heritage Ward Residential Ring Cam 1642,CAM-33-641,residential_ring,1080p,northbound_entry,active,rtsp://streaming.internal.crimemind.net/live/cam-33-641,"{""fps"": 30, ""night_vision_ir"": true, ""pan_tilt_zoom"": true}",2021-01-01T00:00:00,2021-01-01T00:00:00
7c4e1df7-6ce0-46a4-9190-0c04c4a4fc14,f0305a68-77d0-4bda-a09c-107f0c486aeb,Industrial Waterfront & Port Highway Toll Cam 1643,CAM-33-642,highway_toll,4K,southbound_exit,active,rtsp://streaming.internal.crimemind.net/live/cam-33-642,"{""fps"": 30, ""night_vision_ir"": true, ""pan_tilt_zoom"": false}",2021-01-01T00:00:00,2021-01-01T00:00:00
0c226132-6df1-42b8-b0ee-420e5a1513e6,e1df21ac-b81a-4131-a8af-501d8370977f,Old Town Heritage Ward Residential Ring Cam 1644,CAM-33-643,residential_ring,4K,360_degree_dome,active,rtsp://streaming.internal.crimemind.net/live/cam-33-643,"{""fps"": 30, ""night_vision_ir"": true, ""pan_tilt_zoom"": false}",2021-01-01T00:00:00,2021-01-01T00:00:00
cb4b8570-b194-494a-b2eb-333d77fbc25d,21a2ee0f-2cda-4e95-8c83-a5b7534a5f3e,Silver Lake Tech Park Municipal Surveillance Cam 1645,CAM-33-644,municipal_surveillance,720p,360_degree_dome,active,rtsp://streaming.internal.crimemind.net/live/cam-33-644,"{""fps"": 30, ""night_vision_ir"": true, ""pan_tilt_zoom"": true}",2021-01-01T00:00:00,2021-01-01T00:00:00
b4e500dc-9950-42d3-a8fa-48ca8ae781bf,c13997a4-1470-4adb-a3f1-6f91b2391f31,Harbor Point Terminal Subway Transit Cam 1646,CAM-33-645,subway_transit,720p,northbound_entry,active,rtsp://streaming.internal.crimemind.net/live/cam-33-645,"{""fps"": 30, ""night_vision_ir"": true, ""pan_tilt_zoom"": false}",2021-01-01T00:00:00,2021-01-01T00:00:00
61733587-5838-4d92-9f45-768702d2cb4b,52deb7e0-0831-483b-8532-c66f9e19332c,West End Suburbs Highway Toll Cam 1647,CAM-33-646,highway_toll,1080p,360_degree_dome,active,rtsp://streaming.internal.crimemind.net/live/cam-33-646,"{""fps"": 30, ""night_vision_ir"": true, ""pan_tilt_zoom"": false}",2021-01-01T00:00:00,2021-01-01T00:00:00
b85459d0-5add-48db-83de-7d99fe39d04e,cf93a126-fb78-4586-9b86-ed852ff4d968,Silver Lake Tech Park Subway Transit Cam 1648,CAM-33-647,subway_transit,1080p,southbound_exit,active,rtsp://streaming.internal.crimemind.net/live/cam-33-647,"{""fps"": 30, ""night_vision_ir"": true, ""pan_tilt_zoom"": true}",2021-01-01T00:00:00,2021-01-01T00:00:00
9d67321e-d20b-4866-bad9-a229280ae040,d8936f71-8d10-4cc4-bc7e-771728a0e237,Industrial Waterfront & Port Private Commercial Cam 1649,CAM-33-648,private_commercial,4K,360_degree_dome,active,rtsp://streaming.internal.crimemind.net/live/cam-33-648,"{""fps"": 30, ""night_vision_ir"": true, ""pan_tilt_zoom"": false}",2021-01-01T00:00:00,2021-01-01T00:00:00
82c8c47b-6da8-4635-bd80-78bb2c84a3c3,8bafdfb2-cb9d-4b05-9a80-5599435c6940,Silver Lake Tech Park Residential Ring Cam 1650,CAM-33-649,residential_ring,1080p,pedestrian_walkway,active,rtsp://streaming.internal.crimemind.net/live/cam-33-649,"{""fps"": 30, ""night_vision_ir"": true, ""pan_tilt_zoom"": false}",2021-01-01T00:00:00,2021-01-01T00:00:00
c36edae3-f390-4275-92b1-379b78f87295,f53717bc-8e2f-44bb-a48f-ead9c84f69d9,West End Suburbs Atm Surveillance Cam 1651,CAM-34-650,atm_surveillance,1080p,northbound_entry,active,rtsp://streaming.internal.crimemind.net/live/cam-34-650,"{""fps"": 30, ""night_vision_ir"": true, ""pan_tilt_zoom"": true}",2021-01-01T00:00:00,2021-01-01T00:00:00
e86c388b-2ec1-4841-a501-097061aa852c,b1779c17-ff7f-4dae-9058-e79e6c6d456f,Silver Lake Tech Park Traffic Police Cam 1652,CAM-34-651,traffic_police,4K,southbound_exit,active,rtsp://streaming.internal.crimemind.net/live/cam-34-651,"{""fps"": 30, ""night_vision_ir"": true, ""pan_tilt_zoom"": false}",2021-01-01T00:00:00,2021-01-01T00:00:00
ced0fb4b-52d1-49c3-9210-2eff41582b35,eb129966-16fc-4900-9676-1cd3cf1841ac,Downtown Commercial District Residential Ring Cam 1653,CAM-34-652,residential_ring,1080p,southbound_exit,active,rtsp://streaming.internal.crimemind.net/live/cam-34-652,"{""fps"": 30, ""night_vision_ir"": true, ""pan_tilt_zoom"": false}",2021-01-01T00:00:00,2021-01-01T00:00:00
79647386-3ee6-4ada-a1ea-897a8ee58b17,cc0125bb-1144-4f56-8476-724551a4a2b6,Silver Lake Tech Park Highway Toll Cam 1654,CAM-34-653,highway_toll,1080p,northbound_entry,active,rtsp://streaming.internal.crimemind.net/live/cam-34-653,"{""fps"": 30, ""night_vision_ir"": true, ""pan_tilt_zoom"": true}",2021-01-01T00:00:00,2021-01-01T00:00:00
e56e1e2d-2da3-4714-9829-77df6e28295a,2e17b8c5-90d9-4b20-bc52-fa921c923a5e,Harbor Point Terminal Traffic Police Cam 1655,CAM-34-654,traffic_police,1080p,northbound_entry,active,rtsp://streaming.internal.crimemind.net/live/cam-34-654,"{""fps"": 30, ""night_vision_ir"": true, ""pan_tilt_zoom"": false}",2021-01-01T00:00:00,2021-01-01T00:00:00
ebc02d41-a07c-4e0a-80a2-ad0e82ee03ee,c463b74d-2a19-44be-9be5-2df45e92ec8c,Industrial Waterfront & Port Atm Surveillance Cam 1656,CAM-34-655,atm_surveillance,1080p,360_degree_dome,active,rtsp://streaming.internal.crimemind.net/live/cam-34-655,"{""fps"": 30, ""night_vision_ir"": true, ""pan_tilt_zoom"": false}",2021-01-01T00:00:00,2021-01-01T00:00:00
188ca31d-ca06-405e-87fb-7739f0e76d1a,80917acb-b3f0-4374-b7ff-52ae3f74e4d4,West End Suburbs Highway Toll Cam 1657,CAM-34-656,highway_toll,4K,360_degree_dome,active,rtsp://streaming.internal.crimemind.net/live/cam-34-656,"{""fps"": 30, ""night_vision_ir"": true, ""pan_tilt_zoom"": true}",2021-01-01T00:00:00,2021-01-01T00:00:00
dbb98a9b-0910-4fcb-adb9-30494279d461,21f254c7-91d9-47a2-8ab7-410f047ccd64,Silver Lake Tech Park Atm Surveillance Cam 1658,CAM-34-657,atm_surveillance,720p,360_degree_dome,active,rtsp://streaming.internal.crimemind.net/live/cam-34-657,"{""fps"": 30, ""night_vision_ir"": true, ""pan_tilt_zoom"": false}",2021-01-01T00:00:00,2021-01-01T00:00:00
5ec40f6d-7863-48db-90d2-4162808ddfa6,65fe16d2-dab4-4e9c-8e7c-e4f222206d3d,Harbor Point Terminal Traffic Police Cam 1659,CAM-34-658,traffic_police,1080p,northbound_entry,active,rtsp://streaming.internal.crimemind.net/live/cam-34-658,"{""fps"": 30, ""night_vision_ir"": true, ""pan_tilt_zoom"": false}",2021-01-01T00:00:00,2021-01-01T00:00:00
81738909-9636-4558-a018-5fbde795829d,629c6c82-4fb8-487a-aefb-68b1bc360100,Industrial Waterfront & Port Residential Ring Cam 1660,CAM-34-659,residential_ring,1080p,northbound_entry,active,rtsp://streaming.internal.crimemind.net/live/cam-34-659,"{""fps"": 30, ""night_vision_ir"": true, ""pan_tilt_zoom"": true}",2021-01-01T00:00:00,2021-01-01T00:00:00
0efa8d18-c89a-47d9-b53a-dcac8f74ff7b,0385de4b-f44f-4dd5-914c-cffd78f80429,Industrial Waterfront & Port Highway Toll Cam 1661,CAM-34-660,highway_toll,1080p,360_degree_dome,maintenance,rtsp://streaming.internal.crimemind.net/live/cam-34-660,"{""fps"": 30, ""night_vision_ir"": true, ""pan_tilt_zoom"": false}",2021-01-01T00:00:00,2021-01-01T00:00:00
3805004f-c076-4832-9e46-eab11bbc8697,e3f64ced-2938-4969-96f9-eb518178eb0c,Harbor Point Terminal Residential Ring Cam 1662,CAM-34-661,residential_ring,1080p,pedestrian_walkway,active,rtsp://streaming.internal.crimemind.net/live/cam-34-661,"{""fps"": 30, ""night_vision_ir"": true, ""pan_tilt_zoom"": false}",2021-01-01T00:00:00,2021-01-01T00:00:00
01badbaf-10c4-47d5-9a86-012576e19454,9ce608f5-06c1-4756-85e8-67089570f805,West End Suburbs Highway Toll Cam 1663,CAM-34-662,highway_toll,720p,vault_corridor,active,rtsp://streaming.internal.crimemind.net/live/cam-34-662,"{""fps"": 30, ""night_vision_ir"": true, ""pan_tilt_zoom"": true}",2021-01-01T00:00:00,2021-01-01T00:00:00
93c29e0f-3099-4cc2-ad29-600fc36f7e56,5d6b40fe-33be-4c90-9005-cb7c4dd18e5a,Harbor Point Terminal Municipal Surveillance Cam 1664,CAM-34-663,municipal_surveillance,1080p,northbound_entry,active,rtsp://streaming.internal.crimemind.net/live/cam-34-663,"{""fps"": 30, ""night_vision_ir"": true, ""pan_tilt_zoom"": false}",2021-01-01T00:00:00,2021-01-01T00:00:00
d4e32133-2983-4282-94ba-b3d67476a85b,f951f811-a726-418f-bdb1-16e8e47b4b02,Northshore Heights Highway Toll Cam 1665,CAM-34-664,highway_toll,1080p,vault_corridor,active,rtsp://streaming.internal.crimemind.net/live/cam-34-664,"{""fps"": 30, ""night_vision_ir"": true, ""pan_tilt_zoom"": false}",2021-01-01T00:00:00,2021-01-01T00:00:00
100bf845-87ff-4b8d-aab8-f04bee14bc5d,22e8b139-e857-413f-98ea-a0b08fe76837,Northshore Heights Municipal Surveillance Cam 1666,CAM-34-665,municipal_surveillance,4K,vault_corridor,active,rtsp://streaming.internal.crimemind.net/live/cam-34-665,"{""fps"": 30, ""night_vision_ir"": true, ""pan_tilt_zoom"": true}",2021-01-01T00:00:00,2021-01-01T00:00:00
4e880ce4-ac9c-4d4c-8965-4be241ed76fc,01349c7a-7289-46f9-bfe5-62c37359e504,Harbor Point Terminal Traffic Police Cam 1667,CAM-34-666,traffic_police,720p,southbound_exit,active,rtsp://streaming.internal.crimemind.net/live/cam-34-666,"{""fps"": 30, ""night_vision_ir"": true, ""pan_tilt_zoom"": false}",2021-01-01T00:00:00,2021-01-01T00:00:00
ccc4958e-d064-4851-84d7-2a29e41e4676,a781052a-6a3d-4f98-b09e-ee0cabab9845,Midtown Financial Plaza Private Commercial Cam 1668,CAM-34-667,private_commercial,1080p,vault_corridor,active,rtsp://streaming.internal.crimemind.net/live/cam-34-667,"{""fps"": 30, ""night_vision_ir"": true, ""pan_tilt_zoom"": false}",2021-01-01T00:00:00,2021-01-01T00:00:00
acc0012c-158a-42b5-a4be-3993a6192dd0,e4002e47-1a3a-4469-bb27-f971302b76e1,Eastside Arts Corridor Municipal Surveillance Cam 1669,CAM-34-668,municipal_surveillance,4K,pedestrian_walkway,active,rtsp://streaming.internal.crimemind.net/live/cam-34-668,"{""fps"": 30, ""night_vision_ir"": true, ""pan_tilt_zoom"": true}",2021-01-01T00:00:00,2021-01-01T00:00:00
750e02f7-ba2c-4c59-be14-a30dcc6591d5,58f0230e-bda3-4f44-ad11-7b442270b492,Northshore Heights Traffic Police Cam 1670,CAM-34-669,traffic_police,1080p,360_degree_dome,active,rtsp://streaming.internal.crimemind.net/live/cam-34-669,"{""fps"": 30, ""night_vision_ir"": true, ""pan_tilt_zoom"": false}",2021-01-01T00:00:00,2021-01-01T00:00:00
bd53e88b-1e68-4dc4-a223-0d91959ea9cc,215fef86-4e86-4546-a1b0-eb1c19dce480,Northshore Heights Highway Toll Cam 1671,CAM-34-670,highway_toll,1080p,vault_corridor,active,rtsp://streaming.internal.crimemind.net/live/cam-34-670,"{""fps"": 30, ""night_vision_ir"": true, ""pan_tilt_zoom"": false}",2021-01-01T00:00:00,2021-01-01T00:00:00
e5659061-4b1b-4b35-8b4e-34043986f9dc,d287f8dc-2d62-4317-948b-2ecdd4aa6f70,Silver Lake Tech Park Private Commercial Cam 1672,CAM-34-671,private_commercial,1080p,vault_corridor,active,rtsp://streaming.internal.crimemind.net/live/cam-34-671,"{""fps"": 30, ""night_vision_ir"": true, ""pan_tilt_zoom"": true}",2021-01-01T00:00:00,2021-01-01T00:00:00
512152c2-fa68-4958-a03d-1d538b71cd88,84613017-8042-4756-8841-290bb1deaedb,Industrial Waterfront & Port Residential Ring Cam 1673,CAM-34-672,residential_ring,720p,southbound_exit,active,rtsp://streaming.internal.crimemind.net/live/cam-34-672,"{""fps"": 30, ""night_vision_ir"": true, ""pan_tilt_zoom"": false}",2021-01-01T00:00:00,2021-01-01T00:00:00
8074ba5e-1833-4bd6-a1c3-7a8a35bc0929,18a25ee8-1de5-400e-85b0-24bb0961edfd,Industrial Waterfront & Port Highway Toll Cam 1674,CAM-34-673,highway_toll,720p,northbound_entry,active,rtsp://streaming.internal.crimemind.net/live/cam-34-673,"{""fps"": 30, ""night_vision_ir"": true, ""pan_tilt_zoom"": false}",2021-01-01T00:00:00,2021-01-01T00:00:00
4de8efe3-c2c8-4dd7-8624-a994ddd5c327,2493c3ee-6183-4fd0-9517-44582b7dddc1,West End Suburbs Traffic Police Cam 1675,CAM-34-674,traffic_police,4K,360_degree_dome,active,rtsp://streaming.internal.crimemind.net/live/cam-34-674,"{""fps"": 30, ""night_vision_ir"": true, ""pan_tilt_zoom"": true}",2021-01-01T00:00:00,2021-01-01T00:00:00
acb09376-f3b9-4758-a508-4fcbd83c325f,c7dc4eb6-c7aa-46e7-9a22-78212133e6c0,South Bay Logistics Hub Private Commercial Cam 1676,CAM-34-675,private_commercial,1080p,pedestrian_walkway,active,rtsp://streaming.internal.crimemind.net/live/cam-34-675,"{""fps"": 30, ""night_vision_ir"": true, ""pan_tilt_zoom"": false}",2021-01-01T00:00:00,2021-01-01T00:00:00
da719a5c-31e0-45b1-88bb-77e036e9052c,32cc974d-268e-40bd-9d8c-d367fafbadfb,Silver Lake Tech Park Municipal Surveillance Cam 1677,CAM-34-676,municipal_surveillance,1080p,northbound_entry,active,rtsp://streaming.internal.crimemind.net/live/cam-34-676,"{""fps"": 30, ""night_vision_ir"": true, ""pan_tilt_zoom"": false}",2021-01-01T00:00:00,2021-01-01T00:00:00
80f36a67-9e92-4e5c-85ad-400fd1f25861,ae28ef94-9623-4ff0-a37c-8ad1b6427603,Downtown Commercial District Subway Transit Cam 1678,CAM-34-677,subway_transit,1080p,southbound_exit,active,rtsp://streaming.internal.crimemind.net/live/cam-34-677,"{""fps"": 30, ""night_vision_ir"": true, ""pan_tilt_zoom"": true}",2021-01-01T00:00:00,2021-01-01T00:00:00
c27527fc-477b-4a6a-8ad1-9d1822aaf782,cf9e9678-399c-48b9-a5fd-838cf4e32740,Northshore Heights Traffic Police Cam 1679,CAM-34-678,traffic_police,720p,pedestrian_walkway,active,rtsp://streaming.internal.crimemind.net/live/cam-34-678,"{""fps"": 30, ""night_vision_ir"": true, ""pan_tilt_zoom"": false}",2021-01-01T00:00:00,2021-01-01T00:00:00
39566368-86db-497c-b5e7-aa258930d00b,b38bcab7-2e31-455f-8e84-977ffafd8b2b,Old Town Heritage Ward Atm Surveillance Cam 1680,CAM-34-679,atm_surveillance,1080p,360_degree_dome,active,rtsp://streaming.internal.crimemind.net/live/cam-34-679,"{""fps"": 30, ""night_vision_ir"": true, ""pan_tilt_zoom"": false}",2021-01-01T00:00:00,2021-01-01T00:00:00
b29216ec-9e5e-4ad3-b8e0-d7f7a84e76c7,0161450c-a14c-4a4e-89a5-7c03328a9149,Downtown Commercial District Highway Toll Cam 1681,CAM-34-680,highway_toll,1080p,360_degree_dome,maintenance,rtsp://streaming.internal.crimemind.net/live/cam-34-680,"{""fps"": 30, ""night_vision_ir"": true, ""pan_tilt_zoom"": true}",2021-01-01T00:00:00,2021-01-01T00:00:00
c4e93b7b-d7f7-467d-ae1b-0e5869f85f4e,ec64e3f2-6d70-47a3-84f8-7c534e3f775f,Silver Lake Tech Park Atm Surveillance Cam 1682,CAM-34-681,atm_surveillance,4K,southbound_exit,active,rtsp://streaming.internal.crimemind.net/live/cam-34-681,"{""fps"": 30, ""night_vision_ir"": true, ""pan_tilt_zoom"": false}",2021-01-01T00:00:00,2021-01-01T00:00:00
cf2a163f-62f2-4cf9-99e9-18136c61d784,a75263e3-ac25-4cc3-bcff-3a9024401f32,Silver Lake Tech Park Highway Toll Cam 1683,CAM-34-682,highway_toll,1080p,pedestrian_walkway,active,rtsp://streaming.internal.crimemind.net/live/cam-34-682,"{""fps"": 30, ""night_vision_ir"": true, ""pan_tilt_zoom"": false}",2021-01-01T00:00:00,2021-01-01T00:00:00
7bf92ce8-5891-411e-b07d-ba25e6555d7a,eb0d4f97-a1bd-4281-9377-c31f8518d824,Old Town Heritage Ward Municipal Surveillance Cam 1684,CAM-34-683,municipal_surveillance,1080p,northbound_entry,active,rtsp://streaming.internal.crimemind.net/live/cam-34-683,"{""fps"": 30, ""night_vision_ir"": true, ""pan_tilt_zoom"": true}",2021-01-01T00:00:00,2021-01-01T00:00:00
45c6398b-579c-48e3-b607-c881b27cb30f,fa4d1362-d6a9-4504-949d-daa19fc0d02b,Old Town Heritage Ward Highway Toll Cam 1685,CAM-34-684,highway_toll,4K,southbound_exit,active,rtsp://streaming.internal.crimemind.net/live/cam-34-684,"{""fps"": 30, ""night_vision_ir"": true, ""pan_tilt_zoom"": false}",2021-01-01T00:00:00,2021-01-01T00:00:00
db2dca10-976e-41a2-b69f-a509d3a4945d,f3ba0ada-cc09-4a72-b33f-8d1763bcdf07,Eastside Arts Corridor Municipal Surveillance Cam 1686,CAM-34-685,municipal_surveillance,720p,vault_corridor,active,rtsp://streaming.internal.crimemind.net/live/cam-34-685,"{""fps"": 30, ""night_vision_ir"": true, ""pan_tilt_zoom"": false}",2021-01-01T00:00:00,2021-01-01T00:00:00
50555853-2263-4633-a9a8-959a64fa1937,b7a40c27-ae3f-4b80-a346-7e268f2c3348,Harbor Point Terminal Atm Surveillance Cam 1687,CAM-34-686,atm_surveillance,1080p,pedestrian_walkway,active,rtsp://streaming.internal.crimemind.net/live/cam-34-686,"{""fps"": 30, ""night_vision_ir"": true, ""pan_tilt_zoom"": true}",2021-01-01T00:00:00,2021-01-01T00:00:00
b1587a1d-d7a1-4168-84c4-d9c7bbef5ca8,da41db37-0c86-4be2-af4f-aedabcaed7b4,Old Town Heritage Ward Residential Ring Cam 1688,CAM-34-687,residential_ring,4K,vault_corridor,active,rtsp://streaming.internal.crimemind.net/live/cam-34-687,"{""fps"": 30, ""night_vision_ir"": true, ""pan_tilt_zoom"": false}",2021-01-01T00:00:00,2021-01-01T00:00:00
313d8771-e819-477c-8b0e-9b3ed04318cc,5d6b40fe-33be-4c90-9005-cb7c4dd18e5a,Harbor Point Terminal Highway Toll Cam 1689,CAM-34-688,highway_toll,1080p,southbound_exit,active,rtsp://streaming.internal.crimemind.net/live/cam-34-688,"{""fps"": 30, ""night_vision_ir"": true, ""pan_tilt_zoom"": false}",2021-01-01T00:00:00,2021-01-01T00:00:00
083eada0-42eb-4269-9d44-9fff46a44c8a,77dd8df2-f61c-4834-8585-0418aca194b7,Harbor Point Terminal Municipal Surveillance Cam 1690,CAM-34-689,municipal_surveillance,4K,southbound_exit,active,rtsp://streaming.internal.crimemind.net/live/cam-34-689,"{""fps"": 30, ""night_vision_ir"": true, ""pan_tilt_zoom"": true}",2021-01-01T00:00:00,2021-01-01T00:00:00
95c727f0-39db-45b2-96c9-e30edbe07446,a2b30144-68d2-4532-89f3-3d2b2872a331,West End Suburbs Highway Toll Cam 1691,CAM-34-690,highway_toll,720p,northbound_entry,active,rtsp://streaming.internal.crimemind.net/live/cam-34-690,"{""fps"": 30, ""night_vision_ir"": true, ""pan_tilt_zoom"": false}",2021-01-01T00:00:00,2021-01-01T00:00:00
300e1b57-828f-4abd-88df-2cd028e86154,b077dc10-5789-4411-8cb6-9dadbf901574,South Bay Logistics Hub Residential Ring Cam 1692,CAM-34-691,residential_ring,4K,pedestrian_walkway,active,rtsp://streaming.internal.crimemind.net/live/cam-34-691,"{""fps"": 30, ""night_vision_ir"": true, ""pan_tilt_zoom"": false}",2021-01-01T00:00:00,2021-01-01T00:00:00
72f91105-58e3-4400-a160-7bb2962ca24c,d3afd4e0-926e-4414-9a16-4c550c24939d,Industrial Waterfront & Port Subway Transit Cam 1693,CAM-34-692,subway_transit,1080p,vault_corridor,active,rtsp://streaming.internal.crimemind.net/live/cam-34-692,"{""fps"": 30, ""night_vision_ir"": true, ""pan_tilt_zoom"": true}",2021-01-01T00:00:00,2021-01-01T00:00:00
60b853cc-a0a2-419d-a8ab-034fd88dd4c6,e302ecaa-389b-438e-b78f-93dac872e413,Industrial Waterfront & Port Municipal Surveillance Cam 1694,CAM-34-693,municipal_surveillance,1080p,pedestrian_walkway,active,rtsp://streaming.internal.crimemind.net/live/cam-34-693,"{""fps"": 30, ""night_vision_ir"": true, ""pan_tilt_zoom"": false}",2021-01-01T00:00:00,2021-01-01T00:00:00
49cb1c16-9026-43c5-96ff-6e926dd4a4d7,88fac415-a9e6-445e-b32d-5abf5b48f59e,Eastside Arts Corridor Atm Surveillance Cam 1695,CAM-34-694,atm_surveillance,1080p,vault_corridor,active,rtsp://streaming.internal.crimemind.net/live/cam-34-694,"{""fps"": 30, ""night_vision_ir"": true, ""pan_tilt_zoom"": false}",2021-01-01T00:00:00,2021-01-01T00:00:00
67912c45-3206-4c01-8fc5-3cbe1df386b9,e02de384-22e0-40b1-8a74-b703be8a7d2e,Silver Lake Tech Park Atm Surveillance Cam 1696,CAM-34-695,atm_surveillance,1080p,southbound_exit,active,rtsp://streaming.internal.crimemind.net/live/cam-34-695,"{""fps"": 30, ""night_vision_ir"": true, ""pan_tilt_zoom"": true}",2021-01-01T00:00:00,2021-01-01T00:00:00
c4bb673f-7538-4dff-8fa8-1578ecbdf7cb,ec79692f-7b1c-4da8-9107-f403deb5941b,Eastside Arts Corridor Municipal Surveillance Cam 1697,CAM-34-696,municipal_surveillance,720p,southbound_exit,active,rtsp://streaming.internal.crimemind.net/live/cam-34-696,"{""fps"": 30, ""night_vision_ir"": true, ""pan_tilt_zoom"": false}",2021-01-01T00:00:00,2021-01-01T00:00:00
0b00b6bb-fdd3-4fea-b50e-d7eab3583e93,af7e60f4-2f96-48a4-92b1-fc329852a38f,Industrial Waterfront & Port Residential Ring Cam 1698,CAM-34-697,residential_ring,720p,vault_corridor,active,rtsp://streaming.internal.crimemind.net/live/cam-34-697,"{""fps"": 30, ""night_vision_ir"": true, ""pan_tilt_zoom"": false}",2021-01-01T00:00:00,2021-01-01T00:00:00
29629ca9-0d3b-4f4b-a481-ff7f9156e329,645f0a4a-dc29-4846-a6e6-40e0fd3f5880,Downtown Commercial District Highway Toll Cam 1699,CAM-34-698,highway_toll,1080p,vault_corridor,active,rtsp://streaming.internal.crimemind.net/live/cam-34-698,"{""fps"": 30, ""night_vision_ir"": true, ""pan_tilt_zoom"": true}",2021-01-01T00:00:00,2021-01-01T00:00:00
1f288e84-3b33-4cbf-b4a7-82ab76aa8ec8,95ee9501-7572-4b28-a20d-d2151051912e,Old Town Heritage Ward Municipal Surveillance Cam 1700,CAM-34-699,municipal_surveillance,1080p,northbound_entry,active,rtsp://streaming.internal.crimemind.net/live/cam-34-699,"{""fps"": 30, ""night_vision_ir"": true, ""pan_tilt_zoom"": false}",2021-01-01T00:00:00,2021-01-01T00:00:00
877e47db-71c5-4d89-99d0-e52df6d3eaa9,e42c684a-1f8c-40c9-80d6-63d3ef19f262,Downtown Commercial District Atm Surveillance Cam 1701,CAM-35-700,atm_surveillance,720p,vault_corridor,active,rtsp://streaming.internal.crimemind.net/live/cam-35-700,"{""fps"": 30, ""night_vision_ir"": true, ""pan_tilt_zoom"": false}",2021-01-01T00:00:00,2021-01-01T00:00:00
4f0d575b-10e4-47cc-a55e-edddd36943de,7af3329b-e90d-4fda-a3d5-0fd1b4228f84,Silver Lake Tech Park Atm Surveillance Cam 1702,CAM-35-701,atm_surveillance,1080p,southbound_exit,active,rtsp://streaming.internal.crimemind.net/live/cam-35-701,"{""fps"": 30, ""night_vision_ir"": true, ""pan_tilt_zoom"": true}",2021-01-01T00:00:00,2021-01-01T00:00:00
ce566025-a468-4207-a4d5-4520f9539abe,645b41b1-ac82-4926-b475-3c924cc047bc,Old Town Heritage Ward Private Commercial Cam 1703,CAM-35-702,private_commercial,4K,northbound_entry,active,rtsp://streaming.internal.crimemind.net/live/cam-35-702,"{""fps"": 30, ""night_vision_ir"": true, ""pan_tilt_zoom"": false}",2021-01-01T00:00:00,2021-01-01T00:00:00
1d053c49-55a9-4133-a150-f8df4959c5b5,743f4a74-8c65-431c-859a-b601a2b21e27,Northshore Heights Traffic Police Cam 1704,CAM-35-703,traffic_police,4K,southbound_exit,active,rtsp://streaming.internal.crimemind.net/live/cam-35-703,"{""fps"": 30, ""night_vision_ir"": true, ""pan_tilt_zoom"": false}",2021-01-01T00:00:00,2021-01-01T00:00:00
dd22a726-03a0-4b13-a0b5-4ce102b706fc,a496b08a-8c9f-4ccd-81b4-41ea303807c1,Northshore Heights Residential Ring Cam 1705,CAM-35-704,residential_ring,1080p,pedestrian_walkway,active,rtsp://streaming.internal.crimemind.net/live/cam-35-704,"{""fps"": 30, ""night_vision_ir"": true, ""pan_tilt_zoom"": true}",2021-01-01T00:00:00,2021-01-01T00:00:00
4a2f6ff9-f7a3-491e-917f-fbbdefa3a176,84c75f61-2b13-427f-8bf6-a206a380e6de,Midtown Financial Plaza Atm Surveillance Cam 1706,CAM-35-705,atm_surveillance,720p,northbound_entry,active,rtsp://streaming.internal.crimemind.net/live/cam-35-705,"{""fps"": 30, ""night_vision_ir"": true, ""pan_tilt_zoom"": false}",2021-01-01T00:00:00,2021-01-01T00:00:00
38fd7444-4e36-4b0d-9b61-698106375633,4ebd9c53-bd57-4e9c-828d-84c14818493c,Midtown Financial Plaza Residential Ring Cam 1707,CAM-35-706,residential_ring,720p,360_degree_dome,active,rtsp://streaming.internal.crimemind.net/live/cam-35-706,"{""fps"": 30, ""night_vision_ir"": true, ""pan_tilt_zoom"": false}",2021-01-01T00:00:00,2021-01-01T00:00:00
6247b355-722e-4526-b198-8e2a5507e483,4f0d260c-768c-4163-afbc-a4f68d0a0ff9,Harbor Point Terminal Subway Transit Cam 1708,CAM-35-707,subway_transit,4K,southbound_exit,active,rtsp://streaming.internal.crimemind.net/live/cam-35-707,"{""fps"": 30, ""night_vision_ir"": true, ""pan_tilt_zoom"": true}",2021-01-01T00:00:00,2021-01-01T00:00:00
a3d31b7c-cc76-48a3-acec-d0b7b0cd1d90,c2d130a1-0020-46c1-9de8-4487d89bacf1,Industrial Waterfront & Port Atm Surveillance Cam 1709,CAM-35-708,atm_surveillance,4K,southbound_exit,active,rtsp://streaming.internal.crimemind.net/live/cam-35-708,"{""fps"": 30, ""night_vision_ir"": true, ""pan_tilt_zoom"": false}",2021-01-01T00:00:00,2021-01-01T00:00:00
9afe2b35-e0a6-4e22-849a-f0f6810e699a,27dd8391-7f50-4b5b-be1a-f1a61e81eafb,Silver Lake Tech Park Subway Transit Cam 1710,CAM-35-709,subway_transit,4K,vault_corridor,active,rtsp://streaming.internal.crimemind.net/live/cam-35-709,"{""fps"": 30, ""night_vision_ir"": true, ""pan_tilt_zoom"": false}",2021-01-01T00:00:00,2021-01-01T00:00:00
c83645b1-c618-46b5-bcbb-7364f5d0ea43,c9400dcc-856f-4eff-9bca-bc2e7d0f9481,Downtown Commercial District Highway Toll Cam 1711,CAM-35-710,highway_toll,1080p,southbound_exit,active,rtsp://streaming.internal.crimemind.net/live/cam-35-710,"{""fps"": 30, ""night_vision_ir"": true, ""pan_tilt_zoom"": true}",2021-01-01T00:00:00,2021-01-01T00:00:00
708d1dcc-f8cf-4c55-b983-48fc64dbd325,6c253304-52d8-4b5e-94ff-197e2a51964b,South Bay Logistics Hub Residential Ring Cam 1712,CAM-35-711,residential_ring,1080p,northbound_entry,active,rtsp://streaming.internal.crimemind.net/live/cam-35-711,"{""fps"": 30, ""night_vision_ir"": true, ""pan_tilt_zoom"": false}",2021-01-01T00:00:00,2021-01-01T00:00:00
18653a41-2e8f-43d9-921f-6eed01df1fdf,1a121f77-fe9c-4a65-97cc-92bd9d972ab6,Midtown Financial Plaza Atm Surveillance Cam 1713,CAM-35-712,atm_surveillance,720p,southbound_exit,active,rtsp://streaming.internal.crimemind.net/live/cam-35-712,"{""fps"": 30, ""night_vision_ir"": true, ""pan_tilt_zoom"": false}",2021-01-01T00:00:00,2021-01-01T00:00:00
8c9c7d79-ba4d-4f04-bb49-0271dcb4361d,b0a706fe-146b-4167-9af0-69a3be647e74,Silver Lake Tech Park Residential Ring Cam 1714,CAM-35-713,residential_ring,1080p,vault_corridor,active,rtsp://streaming.internal.crimemind.net/live/cam-35-713,"{""fps"": 30, ""night_vision_ir"": true, ""pan_tilt_zoom"": true}",2021-01-01T00:00:00,2021-01-01T00:00:00
6ebf7567-d0f5-40df-8011-4e2c39598f6b,3da324dc-21f2-47ac-b1c5-ab7f9633cf17,West End Suburbs Subway Transit Cam 1715,CAM-35-714,subway_transit,1080p,360_degree_dome,active,rtsp://streaming.internal.crimemind.net/live/cam-35-714,"{""fps"": 30, ""night_vision_ir"": true, ""pan_tilt_zoom"": false}",2021-01-01T00:00:00,2021-01-01T00:00:00
19b85221-2866-4124-a9fd-fc633a0950bf,9d7a71a8-a620-488b-9a23-d54de7ba3ed4,Harbor Point Terminal Atm Surveillance Cam 1716,CAM-35-715,atm_surveillance,720p,southbound_exit,active,rtsp://streaming.internal.crimemind.net/live/cam-35-715,"{""fps"": 30, ""night_vision_ir"": true, ""pan_tilt_zoom"": false}",2021-01-01T00:00:00,2021-01-01T00:00:00
39b41ab6-fbb0-4586-8ba3-a03a1c94ec88,69c5b43d-f50c-4fde-8018-c2678a04ef1e,South Bay Logistics Hub Highway Toll Cam 1717,CAM-35-716,highway_toll,4K,360_degree_dome,active,rtsp://streaming.internal.crimemind.net/live/cam-35-716,"{""fps"": 30, ""night_vision_ir"": true, ""pan_tilt_zoom"": true}",2021-01-01T00:00:00,2021-01-01T00:00:00
3e739ce9-9b56-49f7-bb43-74ef75e09f3a,45c1071e-f883-4c52-9ad7-a404339a65e3,Silver Lake Tech Park Municipal Surveillance Cam 1718,CAM-35-717,municipal_surveillance,4K,northbound_entry,active,rtsp://streaming.internal.crimemind.net/live/cam-35-717,"{""fps"": 30, ""night_vision_ir"": true, ""pan_tilt_zoom"": false}",2021-01-01T00:00:00,2021-01-01T00:00:00
5696fd81-3715-47b0-b84a-07330258af73,036915f1-c857-4f29-8d1e-82bbb869f1df,Eastside Arts Corridor Atm Surveillance Cam 1719,CAM-35-718,atm_surveillance,1080p,360_degree_dome,active,rtsp://streaming.internal.crimemind.net/live/cam-35-718,"{""fps"": 30, ""night_vision_ir"": true, ""pan_tilt_zoom"": false}",2021-01-01T00:00:00,2021-01-01T00:00:00
70593450-4b9f-4de9-894c-c453fdd4a467,69c3f9b7-e9bd-4569-a0f4-919ba83ad55a,Silver Lake Tech Park Highway Toll Cam 1720,CAM-35-719,highway_toll,1080p,pedestrian_walkway,active,rtsp://streaming.internal.crimemind.net/live/cam-35-719,"{""fps"": 30, ""night_vision_ir"": true, ""pan_tilt_zoom"": true}",2021-01-01T00:00:00,2021-01-01T00:00:00
a0a9627e-2808-4c8f-8d08-db86076b8af1,0b024afd-6db4-40bd-9f2c-916f3845de22,Industrial Waterfront & Port Atm Surveillance Cam 1721,CAM-35-720,atm_surveillance,1080p,vault_corridor,active,rtsp://streaming.internal.crimemind.net/live/cam-35-720,"{""fps"": 30, ""night_vision_ir"": true, ""pan_tilt_zoom"": false}",2021-01-01T00:00:00,2021-01-01T00:00:00
003447e4-4cab-44f5-9fe2-ee02404b1534,f425102f-0a0d-4c8c-9442-012d9862dcc9,Midtown Financial Plaza Highway Toll Cam 1722,CAM-35-721,highway_toll,1080p,northbound_entry,active,rtsp://streaming.internal.crimemind.net/live/cam-35-721,"{""fps"": 30, ""night_vision_ir"": true, ""pan_tilt_zoom"": false}",2021-01-01T00:00:00,2021-01-01T00:00:00
683f7ad0-5cac-4f28-af70-56aa49a263bb,a8fe2f37-9f1d-46db-a8ea-93139a55e69a,Old Town Heritage Ward Municipal Surveillance Cam 1723,CAM-35-722,municipal_surveillance,1080p,vault_corridor,active,rtsp://streaming.internal.crimemind.net/live/cam-35-722,"{""fps"": 30, ""night_vision_ir"": true, ""pan_tilt_zoom"": true}",2021-01-01T00:00:00,2021-01-01T00:00:00
7d90235e-e0f4-4795-a00c-1fd67346bc1e,d2c75a2f-b098-4bf9-81ec-4550f71ee7aa,Industrial Waterfront & Port Residential Ring Cam 1724,CAM-35-723,residential_ring,1080p,360_degree_dome,active,rtsp://streaming.internal.crimemind.net/live/cam-35-723,"{""fps"": 30, ""night_vision_ir"": true, ""pan_tilt_zoom"": false}",2021-01-01T00:00:00,2021-01-01T00:00:00
5df0505c-1de7-49f8-89f1-f2049c0fa082,32d0423e-30c9-4cfa-9ebe-ffcf74d4ff8e,Midtown Financial Plaza Atm Surveillance Cam 1725,CAM-35-724,atm_surveillance,4K,360_degree_dome,active,rtsp://streaming.internal.crimemind.net/live/cam-35-724,"{""fps"": 30, ""night_vision_ir"": true, ""pan_tilt_zoom"": false}",2021-01-01T00:00:00,2021-01-01T00:00:00
b6c44cf9-5a9e-454f-90ff-97e4341d990c,da93ffbf-c054-4d19-9b96-4fe0217b0cc8,Downtown Commercial District Highway Toll Cam 1726,CAM-35-725,highway_toll,1080p,360_degree_dome,active,rtsp://streaming.internal.crimemind.net/live/cam-35-725,"{""fps"": 30, ""night_vision_ir"": true, ""pan_tilt_zoom"": true}",2021-01-01T00:00:00,2021-01-01T00:00:00
fb99cbfd-a4eb-494d-ba67-7daa609e04f8,f056cbe8-3bfc-4a5d-b3ec-76c9af468964,Industrial Waterfront & Port Residential Ring Cam 1727,CAM-35-726,residential_ring,1080p,vault_corridor,active,rtsp://streaming.internal.crimemind.net/live/cam-35-726,"{""fps"": 30, ""night_vision_ir"": true, ""pan_tilt_zoom"": false}",2021-01-01T00:00:00,2021-01-01T00:00:00
c8d15f93-d38a-4f41-a83f-603096d5731c,35c68a88-2ea8-4da8-b616-bfdf27184c62,South Bay Logistics Hub Private Commercial Cam 1728,CAM-35-727,private_commercial,1080p,southbound_exit,active,rtsp://streaming.internal.crimemind.net/live/cam-35-727,"{""fps"": 30, ""night_vision_ir"": true, ""pan_tilt_zoom"": false}",2021-01-01T00:00:00,2021-01-01T00:00:00
e251cc31-694f-4d3a-b008-4c8624bdef34,6d0204a0-c91d-4aac-a63b-d98c729b7dfb,Eastside Arts Corridor Highway Toll Cam 1729,CAM-35-728,highway_toll,4K,vault_corridor,active,rtsp://streaming.internal.crimemind.net/live/cam-35-728,"{""fps"": 30, ""night_vision_ir"": true, ""pan_tilt_zoom"": true}",2021-01-01T00:00:00,2021-01-01T00:00:00
9c2e7351-b5a6-4155-a253-61550128cc3b,225383c8-3ff4-457d-8f6d-6b0b5c481b31,Northshore Heights Residential Ring Cam 1730,CAM-35-729,residential_ring,720p,northbound_entry,active,rtsp://streaming.internal.crimemind.net/live/cam-35-729,"{""fps"": 30, ""night_vision_ir"": true, ""pan_tilt_zoom"": false}",2021-01-01T00:00:00,2021-01-01T00:00:00
c6e519eb-f471-485a-90a7-a6e6bfc68d26,b1779c17-ff7f-4dae-9058-e79e6c6d456f,Silver Lake Tech Park Traffic Police Cam 1731,CAM-35-730,traffic_police,1080p,southbound_exit,active,rtsp://streaming.internal.crimemind.net/live/cam-35-730,"{""fps"": 30, ""night_vision_ir"": true, ""pan_tilt_zoom"": false}",2021-01-01T00:00:00,2021-01-01T00:00:00
211ffb68-ef2c-4ae2-b1ab-8fc9fc3c6927,1432d7ac-5eab-49fb-a589-a521b0883e5c,Old Town Heritage Ward Residential Ring Cam 1732,CAM-35-731,residential_ring,720p,vault_corridor,active,rtsp://streaming.internal.crimemind.net/live/cam-35-731,"{""fps"": 30, ""night_vision_ir"": true, ""pan_tilt_zoom"": true}",2021-01-01T00:00:00,2021-01-01T00:00:00
2fd34702-b0c0-418f-9ca5-4bc5ca1fb8e9,7e7ad317-c99d-40ad-816e-2194feefc8ee,Harbor Point Terminal Municipal Surveillance Cam 1733,CAM-35-732,municipal_surveillance,720p,northbound_entry,active,rtsp://streaming.internal.crimemind.net/live/cam-35-732,"{""fps"": 30, ""night_vision_ir"": true, ""pan_tilt_zoom"": false}",2021-01-01T00:00:00,2021-01-01T00:00:00
0fc036eb-f1e0-45bc-8719-47141f0a84ab,232998b9-3cab-4c0e-a722-a16348e47627,Harbor Point Terminal Subway Transit Cam 1734,CAM-35-733,subway_transit,4K,vault_corridor,active,rtsp://streaming.internal.crimemind.net/live/cam-35-733,"{""fps"": 30, ""night_vision_ir"": true, ""pan_tilt_zoom"": false}",2021-01-01T00:00:00,2021-01-01T00:00:00
e27ddc15-8db6-4f85-9909-24a1d21d65c2,ee44de87-0b8a-4149-863c-d668f5329fd6,Harbor Point Terminal Atm Surveillance Cam 1735,CAM-35-734,atm_surveillance,1080p,pedestrian_walkway,active,rtsp://streaming.internal.crimemind.net/live/cam-35-734,"{""fps"": 30, ""night_vision_ir"": true, ""pan_tilt_zoom"": true}",2021-01-01T00:00:00,2021-01-01T00:00:00
27afad30-8b1d-4c30-991d-ecb6ff2fce15,c724ce62-7333-4545-9bec-1aff8ee68324,Northshore Heights Residential Ring Cam 1736,CAM-35-735,residential_ring,1080p,northbound_entry,active,rtsp://streaming.internal.crimemind.net/live/cam-35-735,"{""fps"": 30, ""night_vision_ir"": true, ""pan_tilt_zoom"": false}",2021-01-01T00:00:00,2021-01-01T00:00:00
585a2601-ef11-4bbc-ba52-3edac80edf51,62185062-1900-4c72-a885-a4d7823a811e,Industrial Waterfront & Port Highway Toll Cam 1737,CAM-35-736,highway_toll,1080p,360_degree_dome,active,rtsp://streaming.internal.crimemind.net/live/cam-35-736,"{""fps"": 30, ""night_vision_ir"": true, ""pan_tilt_zoom"": false}",2021-01-01T00:00:00,2021-01-01T00:00:00
3349a594-bbdb-420d-bd6a-3a3fb33c9b3b,230ba5dc-c270-4681-b815-fd1e8a817a6d,Harbor Point Terminal Subway Transit Cam 1738,CAM-35-737,subway_transit,1080p,360_degree_dome,offline,rtsp://streaming.internal.crimemind.net/live/cam-35-737,"{""fps"": 30, ""night_vision_ir"": true, ""pan_tilt_zoom"": true}",2021-01-01T00:00:00,2021-01-01T00:00:00
ad0f39aa-85a9-47b1-8970-ba896c04e514,65fe16d2-dab4-4e9c-8e7c-e4f222206d3d,Harbor Point Terminal Traffic Police Cam 1739,CAM-35-738,traffic_police,720p,northbound_entry,active,rtsp://streaming.internal.crimemind.net/live/cam-35-738,"{""fps"": 30, ""night_vision_ir"": true, ""pan_tilt_zoom"": false}",2021-01-01T00:00:00,2021-01-01T00:00:00
212d4ea2-e5f5-4585-8324-ec88fbece597,88c14a82-fb9e-4af6-968b-f7645ada3a5b,Midtown Financial Plaza Private Commercial Cam 1740,CAM-35-739,private_commercial,1080p,northbound_entry,active,rtsp://streaming.internal.crimemind.net/live/cam-35-739,"{""fps"": 30, ""night_vision_ir"": true, ""pan_tilt_zoom"": false}",2021-01-01T00:00:00,2021-01-01T00:00:00
3ac6348d-15bd-46ae-9318-d5e9d5b32b9f,e1c01a72-f269-4062-a5b2-5a66c0c63443,Downtown Commercial District Municipal Surveillance Cam 1741,CAM-35-740,municipal_surveillance,720p,vault_corridor,maintenance,rtsp://streaming.internal.crimemind.net/live/cam-35-740,"{""fps"": 30, ""night_vision_ir"": true, ""pan_tilt_zoom"": true}",2021-01-01T00:00:00,2021-01-01T00:00:00
142e6b67-766f-4103-9819-4f555038b007,ed534e44-e2e0-4c72-8354-9a2c831d8a61,South Bay Logistics Hub Municipal Surveillance Cam 1742,CAM-35-741,municipal_surveillance,4K,northbound_entry,active,rtsp://streaming.internal.crimemind.net/live/cam-35-741,"{""fps"": 30, ""night_vision_ir"": true, ""pan_tilt_zoom"": false}",2021-01-01T00:00:00,2021-01-01T00:00:00
6d0d6e9f-08fe-43f3-bf13-5d94d85fc32f,e101743c-7ac9-4916-9429-f7226c29976c,Old Town Heritage Ward Atm Surveillance Cam 1743,CAM-35-742,atm_surveillance,4K,360_degree_dome,active,rtsp://streaming.internal.crimemind.net/live/cam-35-742,"{""fps"": 30, ""night_vision_ir"": true, ""pan_tilt_zoom"": false}",2021-01-01T00:00:00,2021-01-01T00:00:00
d6243b3d-1d4d-440a-9dc8-e1adbafcef20,bdc2e171-df11-461b-a8ca-30130194e5ef,Silver Lake Tech Park Highway Toll Cam 1744,CAM-35-743,highway_toll,720p,northbound_entry,active,rtsp://streaming.internal.crimemind.net/live/cam-35-743,"{""fps"": 30, ""night_vision_ir"": true, ""pan_tilt_zoom"": true}",2021-01-01T00:00:00,2021-01-01T00:00:00
66ccc514-80f5-4dfe-b7a8-f8e73c313ab2,a9b3ea3c-7c20-42a6-8634-e6e7c9d48e03,Eastside Arts Corridor Traffic Police Cam 1745,CAM-35-744,traffic_police,720p,pedestrian_walkway,active,rtsp://streaming.internal.crimemind.net/live/cam-35-744,"{""fps"": 30, ""night_vision_ir"": true, ""pan_tilt_zoom"": false}",2021-01-01T00:00:00,2021-01-01T00:00:00
a988cfbb-af06-4acd-82d0-70bd08d41fc1,3f25ad1e-ba71-418d-acd6-382c9bbcf095,Downtown Commercial District Residential Ring Cam 1746,CAM-35-745,residential_ring,1080p,northbound_entry,active,rtsp://streaming.internal.crimemind.net/live/cam-35-745,"{""fps"": 30, ""night_vision_ir"": true, ""pan_tilt_zoom"": false}",2021-01-01T00:00:00,2021-01-01T00:00:00
8d3bbfa5-228e-4be5-85d0-69500681ff4b,6bd4add6-3c85-422c-be13-7ba99a61fee2,West End Suburbs Subway Transit Cam 1747,CAM-35-746,subway_transit,1080p,southbound_exit,active,rtsp://streaming.internal.crimemind.net/live/cam-35-746,"{""fps"": 30, ""night_vision_ir"": true, ""pan_tilt_zoom"": true}",2021-01-01T00:00:00,2021-01-01T00:00:00
4fac9a0e-cd8a-4614-8b64-57ef8522c950,342c67d2-57a0-4415-b78d-1bf50dbf9cb1,Old Town Heritage Ward Subway Transit Cam 1748,CAM-35-747,subway_transit,4K,vault_corridor,active,rtsp://streaming.internal.crimemind.net/live/cam-35-747,"{""fps"": 30, ""night_vision_ir"": true, ""pan_tilt_zoom"": false}",2021-01-01T00:00:00,2021-01-01T00:00:00
1a72089c-b0dc-44fe-af26-e7e866223977,490a205b-d32b-4666-b8e3-216b1d40c8f7,Harbor Point Terminal Highway Toll Cam 1749,CAM-35-748,highway_toll,720p,southbound_exit,active,rtsp://streaming.internal.crimemind.net/live/cam-35-748,"{""fps"": 30, ""night_vision_ir"": true, ""pan_tilt_zoom"": false}",2021-01-01T00:00:00,2021-01-01T00:00:00
b1b58c29-efd8-4d17-a5fa-f57b0ef8da3c,d23ee182-cfad-4746-beca-d40cc9293357,Harbor Point Terminal Residential Ring Cam 1750,CAM-35-749,residential_ring,1080p,southbound_exit,offline,rtsp://streaming.internal.crimemind.net/live/cam-35-749,"{""fps"": 30, ""night_vision_ir"": true, ""pan_tilt_zoom"": true}",2021-01-01T00:00:00,2021-01-01T00:00:00
757fcc53-8fe4-489f-994c-bad920a6542b,bd5631ac-2562-45c8-aac6-814b89732325,Northshore Heights Residential Ring Cam 1751,CAM-36-750,residential_ring,4K,southbound_exit,active,rtsp://streaming.internal.crimemind.net/live/cam-36-750,"{""fps"": 30, ""night_vision_ir"": true, ""pan_tilt_zoom"": false}",2021-01-01T00:00:00,2021-01-01T00:00:00
9135cd5d-3fb5-46c8-b540-85d794cbf067,daefcb8b-1951-455f-99b5-37607132513c,Old Town Heritage Ward Residential Ring Cam 1752,CAM-36-751,residential_ring,1080p,northbound_entry,active,rtsp://streaming.internal.crimemind.net/live/cam-36-751,"{""fps"": 30, ""night_vision_ir"": true, ""pan_tilt_zoom"": false}",2021-01-01T00:00:00,2021-01-01T00:00:00
b712f899-d503-420f-8d94-d326ac0b6209,4aea7cc7-0cbd-4082-a21c-1f62dd840757,Silver Lake Tech Park Subway Transit Cam 1753,CAM-36-752,subway_transit,4K,northbound_entry,active,rtsp://streaming.internal.crimemind.net/live/cam-36-752,"{""fps"": 30, ""night_vision_ir"": true, ""pan_tilt_zoom"": true}",2021-01-01T00:00:00,2021-01-01T00:00:00
d1b26f3d-8ccd-49ee-83a4-cd6a36e5599d,3a5426de-6557-48a0-a389-3495491fbea2,Midtown Financial Plaza Subway Transit Cam 1754,CAM-36-753,subway_transit,1080p,pedestrian_walkway,active,rtsp://streaming.internal.crimemind.net/live/cam-36-753,"{""fps"": 30, ""night_vision_ir"": true, ""pan_tilt_zoom"": false}",2021-01-01T00:00:00,2021-01-01T00:00:00
6bd270f8-d2d1-4aa1-b6ca-432f0ab6a60c,fab3a1eb-bf71-4e36-9a10-56d5d1e1113b,Eastside Arts Corridor Highway Toll Cam 1755,CAM-36-754,highway_toll,4K,360_degree_dome,active,rtsp://streaming.internal.crimemind.net/live/cam-36-754,"{""fps"": 30, ""night_vision_ir"": true, ""pan_tilt_zoom"": false}",2021-01-01T00:00:00,2021-01-01T00:00:00
268fcbe2-46db-477a-845e-430727b667d6,34fda582-9f71-44cb-915c-0116f2955e03,Downtown Commercial District Atm Surveillance Cam 1756,CAM-36-755,atm_surveillance,720p,northbound_entry,active,rtsp://streaming.internal.crimemind.net/live/cam-36-755,"{""fps"": 30, ""night_vision_ir"": true, ""pan_tilt_zoom"": true}",2021-01-01T00:00:00,2021-01-01T00:00:00
0d7293c3-3a4a-4e7c-b383-def12d75492c,cc0e34cb-5701-4f7c-903f-c33ff4a8d16e,West End Suburbs Subway Transit Cam 1757,CAM-36-756,subway_transit,720p,vault_corridor,active,rtsp://streaming.internal.crimemind.net/live/cam-36-756,"{""fps"": 30, ""night_vision_ir"": true, ""pan_tilt_zoom"": false}",2021-01-01T00:00:00,2021-01-01T00:00:00
352b74df-8bf4-42cc-9cb3-750656a65fee,45c1071e-f883-4c52-9ad7-a404339a65e3,Silver Lake Tech Park Highway Toll Cam 1758,CAM-36-757,highway_toll,4K,vault_corridor,active,rtsp://streaming.internal.crimemind.net/live/cam-36-757,"{""fps"": 30, ""night_vision_ir"": true, ""pan_tilt_zoom"": false}",2021-01-01T00:00:00,2021-01-01T00:00:00
04f214c5-07d1-492e-97d4-4ae607a38382,1f3a36ba-18dd-4644-a8e6-1cb8c07b47c6,Harbor Point Terminal Highway Toll Cam 1759,CAM-36-758,highway_toll,4K,vault_corridor,active,rtsp://streaming.internal.crimemind.net/live/cam-36-758,"{""fps"": 30, ""night_vision_ir"": true, ""pan_tilt_zoom"": true}",2021-01-01T00:00:00,2021-01-01T00:00:00
74d2cfa9-b579-41e4-a2bd-88b254f06b95,0a1094c2-ad09-48ec-a872-4d3d1a33a3df,Downtown Commercial District Residential Ring Cam 1760,CAM-36-759,residential_ring,1080p,southbound_exit,active,rtsp://streaming.internal.crimemind.net/live/cam-36-759,"{""fps"": 30, ""night_vision_ir"": true, ""pan_tilt_zoom"": false}",2021-01-01T00:00:00,2021-01-01T00:00:00
dc0fcea1-15de-41de-875c-050870f03422,23d776af-2bf9-45c9-97d6-74fcc66245ba,Eastside Arts Corridor Subway Transit Cam 1761,CAM-36-760,subway_transit,1080p,pedestrian_walkway,active,rtsp://streaming.internal.crimemind.net/live/cam-36-760,"{""fps"": 30, ""night_vision_ir"": true, ""pan_tilt_zoom"": false}",2021-01-01T00:00:00,2021-01-01T00:00:00
731df0f1-4bab-4f6c-85db-c217f9305ff5,7c6e5013-4d27-4544-9961-2b1c0baeeed4,West End Suburbs Subway Transit Cam 1762,CAM-36-761,subway_transit,720p,pedestrian_walkway,active,rtsp://streaming.internal.crimemind.net/live/cam-36-761,"{""fps"": 30, ""night_vision_ir"": true, ""pan_tilt_zoom"": true}",2021-01-01T00:00:00,2021-01-01T00:00:00
f01a3d65-861c-441e-9a30-8adfd0d3aa32,185b7ee6-e2ca-450e-b204-abdd7aa0759f,Eastside Arts Corridor Residential Ring Cam 1763,CAM-36-762,residential_ring,720p,360_degree_dome,active,rtsp://streaming.internal.crimemind.net/live/cam-36-762,"{""fps"": 30, ""night_vision_ir"": true, ""pan_tilt_zoom"": false}",2021-01-01T00:00:00,2021-01-01T00:00:00
d676d910-87f9-4e40-89ad-f39e651c472f,a4aced81-e56a-40d2-bff0-7a97e6e17f79,Harbor Point Terminal Traffic Police Cam 1764,CAM-36-763,traffic_police,720p,vault_corridor,active,rtsp://streaming.internal.crimemind.net/live/cam-36-763,"{""fps"": 30, ""night_vision_ir"": true, ""pan_tilt_zoom"": false}",2021-01-01T00:00:00,2021-01-01T00:00:00
18227ac7-91e3-4a35-bf8b-d08fb8e8526c,d5445155-9df5-4d48-8a3d-4759c44e0630,Midtown Financial Plaza Highway Toll Cam 1765,CAM-36-764,highway_toll,1080p,southbound_exit,active,rtsp://streaming.internal.crimemind.net/live/cam-36-764,"{""fps"": 30, ""night_vision_ir"": true, ""pan_tilt_zoom"": true}",2021-01-01T00:00:00,2021-01-01T00:00:00
79f22afa-87ae-4277-9e63-65528cfe8b75,bb391965-861a-48d3-891b-64ecab19fa8d,Old Town Heritage Ward Atm Surveillance Cam 1766,CAM-36-765,atm_surveillance,4K,360_degree_dome,active,rtsp://streaming.internal.crimemind.net/live/cam-36-765,"{""fps"": 30, ""night_vision_ir"": true, ""pan_tilt_zoom"": false}",2021-01-01T00:00:00,2021-01-01T00:00:00
c41fcb69-9f66-4482-b8b2-4069a1a7a18d,ca5cae83-0be7-4d19-8b22-a2ca353ea957,Silver Lake Tech Park Traffic Police Cam 1767,CAM-36-766,traffic_police,4K,southbound_exit,active,rtsp://streaming.internal.crimemind.net/live/cam-36-766,"{""fps"": 30, ""night_vision_ir"": true, ""pan_tilt_zoom"": false}",2021-01-01T00:00:00,2021-01-01T00:00:00
34bf8155-97ef-421c-8315-ec6585e3c9a5,5ca3be26-8ec2-4bca-9b22-9c1b2577f397,Northshore Heights Municipal Surveillance Cam 1768,CAM-36-767,municipal_surveillance,720p,southbound_exit,active,rtsp://streaming.internal.crimemind.net/live/cam-36-767,"{""fps"": 30, ""night_vision_ir"": true, ""pan_tilt_zoom"": true}",2021-01-01T00:00:00,2021-01-01T00:00:00
df2b6415-cb52-4f82-8a7a-9ec0217004d7,49e535af-df2e-49c5-8831-602c4fd71829,Silver Lake Tech Park Atm Surveillance Cam 1769,CAM-36-768,atm_surveillance,720p,360_degree_dome,active,rtsp://streaming.internal.crimemind.net/live/cam-36-768,"{""fps"": 30, ""night_vision_ir"": true, ""pan_tilt_zoom"": false}",2021-01-01T00:00:00,2021-01-01T00:00:00
eb246348-2bd2-4ce8-acd0-d8bbdd12dcd1,d3e2367a-197e-4e75-a1b9-ec67f34f4c62,Northshore Heights Atm Surveillance Cam 1770,CAM-36-769,atm_surveillance,4K,360_degree_dome,active,rtsp://streaming.internal.crimemind.net/live/cam-36-769,"{""fps"": 30, ""night_vision_ir"": true, ""pan_tilt_zoom"": false}",2021-01-01T00:00:00,2021-01-01T00:00:00
5028d107-b9db-4b92-a7e2-42646a9b5b6d,4f0d260c-768c-4163-afbc-a4f68d0a0ff9,Harbor Point Terminal Municipal Surveillance Cam 1771,CAM-36-770,municipal_surveillance,4K,southbound_exit,active,rtsp://streaming.internal.crimemind.net/live/cam-36-770,"{""fps"": 30, ""night_vision_ir"": true, ""pan_tilt_zoom"": true}",2021-01-01T00:00:00,2021-01-01T00:00:00
babefabe-bd5d-47d7-bef6-4354b837f046,de798fb8-83f5-473d-91e6-bef3cb719053,Midtown Financial Plaza Highway Toll Cam 1772,CAM-36-771,highway_toll,1080p,vault_corridor,active,rtsp://streaming.internal.crimemind.net/live/cam-36-771,"{""fps"": 30, ""night_vision_ir"": true, ""pan_tilt_zoom"": false}",2021-01-01T00:00:00,2021-01-01T00:00:00
216054a2-2720-4c1d-996b-aa0d5bdc434d,9ed52312-8822-448f-9d88-caa22c68814d,Northshore Heights Traffic Police Cam 1773,CAM-36-772,traffic_police,720p,vault_corridor,active,rtsp://streaming.internal.crimemind.net/live/cam-36-772,"{""fps"": 30, ""night_vision_ir"": true, ""pan_tilt_zoom"": false}",2021-01-01T00:00:00,2021-01-01T00:00:00
c4913d29-ffec-46b8-99f0-b556da54bffb,7721fae1-bfef-4c8d-a8b8-3366e66987e0,Downtown Commercial District Highway Toll Cam 1774,CAM-36-773,highway_toll,1080p,northbound_entry,active,rtsp://streaming.internal.crimemind.net/live/cam-36-773,"{""fps"": 30, ""night_vision_ir"": true, ""pan_tilt_zoom"": true}",2021-01-01T00:00:00,2021-01-01T00:00:00
5190970f-bf1a-4ef9-bdf2-689aef1c0526,62381b67-5be9-45b3-b36c-94cc2b51c520,Eastside Arts Corridor Highway Toll Cam 1775,CAM-36-774,highway_toll,1080p,360_degree_dome,maintenance,rtsp://streaming.internal.crimemind.net/live/cam-36-774,"{""fps"": 30, ""night_vision_ir"": true, ""pan_tilt_zoom"": false}",2021-01-01T00:00:00,2021-01-01T00:00:00
be0cec9d-7ce9-4ee6-920b-f1185b38139f,3bca8274-4e63-4968-b17d-c4b8524062e1,Downtown Commercial District Subway Transit Cam 1776,CAM-36-775,subway_transit,720p,vault_corridor,active,rtsp://streaming.internal.crimemind.net/live/cam-36-775,"{""fps"": 30, ""night_vision_ir"": true, ""pan_tilt_zoom"": false}",2021-01-01T00:00:00,2021-01-01T00:00:00
2fe6fa63-de94-4b39-b2fe-758e811514a1,927dd79d-8b4c-4a7e-abe9-7e9784ab92d1,Industrial Waterfront & Port Atm Surveillance Cam 1777,CAM-36-776,atm_surveillance,1080p,northbound_entry,active,rtsp://streaming.internal.crimemind.net/live/cam-36-776,"{""fps"": 30, ""night_vision_ir"": true, ""pan_tilt_zoom"": true}",2021-01-01T00:00:00,2021-01-01T00:00:00
49cf7085-2530-4fd0-a42e-03c5ada809f4,cf9e9678-399c-48b9-a5fd-838cf4e32740,Northshore Heights Highway Toll Cam 1778,CAM-36-777,highway_toll,1080p,360_degree_dome,active,rtsp://streaming.internal.crimemind.net/live/cam-36-777,"{""fps"": 30, ""night_vision_ir"": true, ""pan_tilt_zoom"": false}",2021-01-01T00:00:00,2021-01-01T00:00:00
30b0a063-8d55-460a-8874-342ea47db5cc,2798307e-df77-477f-9a16-556d7a337114,West End Suburbs Subway Transit Cam 1779,CAM-36-778,subway_transit,720p,360_degree_dome,active,rtsp://streaming.internal.crimemind.net/live/cam-36-778,"{""fps"": 30, ""night_vision_ir"": true, ""pan_tilt_zoom"": false}",2021-01-01T00:00:00,2021-01-01T00:00:00
9898f391-3d9b-459c-9036-9df2d09a41be,c1469cf0-0edd-410e-8436-8cb2f5542484,Downtown Commercial District Municipal Surveillance Cam 1780,CAM-36-779,municipal_surveillance,1080p,northbound_entry,active,rtsp://streaming.internal.crimemind.net/live/cam-36-779,"{""fps"": 30, ""night_vision_ir"": true, ""pan_tilt_zoom"": true}",2021-01-01T00:00:00,2021-01-01T00:00:00
3510a009-82c3-416d-ba0a-e69846eceb3a,442bf876-ae0f-4b32-a714-a76b503215f3,Northshore Heights Residential Ring Cam 1781,CAM-36-780,residential_ring,720p,pedestrian_walkway,active,rtsp://streaming.internal.crimemind.net/live/cam-36-780,"{""fps"": 30, ""night_vision_ir"": true, ""pan_tilt_zoom"": false}",2021-01-01T00:00:00,2021-01-01T00:00:00
78388ac5-c2c8-4cc1-b19e-3b18dc69940d,0d20ea06-4abe-4998-8b1f-b673822087cc,Industrial Waterfront & Port Highway Toll Cam 1782,CAM-36-781,highway_toll,4K,360_degree_dome,maintenance,rtsp://streaming.internal.crimemind.net/live/cam-36-781,"{""fps"": 30, ""night_vision_ir"": true, ""pan_tilt_zoom"": false}",2021-01-01T00:00:00,2021-01-01T00:00:00
7c01f983-5af0-4396-bfd4-147bea23474b,2798307e-df77-477f-9a16-556d7a337114,West End Suburbs Private Commercial Cam 1783,CAM-36-782,private_commercial,720p,360_degree_dome,maintenance,rtsp://streaming.internal.crimemind.net/live/cam-36-782,"{""fps"": 30, ""night_vision_ir"": true, ""pan_tilt_zoom"": true}",2021-01-01T00:00:00,2021-01-01T00:00:00
19305cc4-4d3c-44a9-ae97-54e811490e28,43b16312-a3a0-4f7e-84e8-0e708790ff74,Old Town Heritage Ward Subway Transit Cam 1784,CAM-36-783,subway_transit,720p,pedestrian_walkway,active,rtsp://streaming.internal.crimemind.net/live/cam-36-783,"{""fps"": 30, ""night_vision_ir"": true, ""pan_tilt_zoom"": false}",2021-01-01T00:00:00,2021-01-01T00:00:00
a61e88c8-1c6c-4f81-a64d-134c55314bd1,cb51b716-0314-4756-b068-17528cada2ac,Downtown Commercial District Residential Ring Cam 1785,CAM-36-784,residential_ring,4K,vault_corridor,active,rtsp://streaming.internal.crimemind.net/live/cam-36-784,"{""fps"": 30, ""night_vision_ir"": true, ""pan_tilt_zoom"": false}",2021-01-01T00:00:00,2021-01-01T00:00:00
f7c67c44-f945-4c3c-bf31-4dd4e17b2db2,b7a40c27-ae3f-4b80-a346-7e268f2c3348,Harbor Point Terminal Atm Surveillance Cam 1786,CAM-36-785,atm_surveillance,720p,northbound_entry,active,rtsp://streaming.internal.crimemind.net/live/cam-36-785,"{""fps"": 30, ""night_vision_ir"": true, ""pan_tilt_zoom"": true}",2021-01-01T00:00:00,2021-01-01T00:00:00
a6fe9532-7343-4459-9544-8b50420649fb,b5a7b3b8-ac33-4311-92e7-4b92e84da72b,Old Town Heritage Ward Private Commercial Cam 1787,CAM-36-786,private_commercial,4K,pedestrian_walkway,offline,rtsp://streaming.internal.crimemind.net/live/cam-36-786,"{""fps"": 30, ""night_vision_ir"": true, ""pan_tilt_zoom"": false}",2021-01-01T00:00:00,2021-01-01T00:00:00
246546ca-70ed-46d0-b728-a6b3090d00b0,54d0454a-ee32-453e-9ae1-f24da46256ce,Old Town Heritage Ward Highway Toll Cam 1788,CAM-36-787,highway_toll,1080p,vault_corridor,active,rtsp://streaming.internal.crimemind.net/live/cam-36-787,"{""fps"": 30, ""night_vision_ir"": true, ""pan_tilt_zoom"": false}",2021-01-01T00:00:00,2021-01-01T00:00:00
b5f6b753-8d9c-4531-b9d2-36ba04c2a85f,503e146b-fd97-473a-8d81-1e75d929a174,Silver Lake Tech Park Subway Transit Cam 1789,CAM-36-788,subway_transit,4K,southbound_exit,active,rtsp://streaming.internal.crimemind.net/live/cam-36-788,"{""fps"": 30, ""night_vision_ir"": true, ""pan_tilt_zoom"": true}",2021-01-01T00:00:00,2021-01-01T00:00:00
188a3933-4d0b-4b56-aabf-4c59f79ba0ab,bcf833df-ebd2-4568-847c-daaf21ff5834,West End Suburbs Municipal Surveillance Cam 1790,CAM-36-789,municipal_surveillance,1080p,pedestrian_walkway,active,rtsp://streaming.internal.crimemind.net/live/cam-36-789,"{""fps"": 30, ""night_vision_ir"": true, ""pan_tilt_zoom"": false}",2021-01-01T00:00:00,2021-01-01T00:00:00
66a19940-8165-4c0c-b595-d145ddeea92a,e50f6b86-b26b-432e-8a1f-026861f00f53,Silver Lake Tech Park Subway Transit Cam 1791,CAM-36-790,subway_transit,720p,vault_corridor,active,rtsp://streaming.internal.crimemind.net/live/cam-36-790,"{""fps"": 30, ""night_vision_ir"": true, ""pan_tilt_zoom"": false}",2021-01-01T00:00:00,2021-01-01T00:00:00
a66e6d84-fe1f-44c6-a951-4b8c759f755a,6c8a59c2-926c-4d4c-954b-17fd319ce087,Eastside Arts Corridor Traffic Police Cam 1792,CAM-36-791,traffic_police,1080p,vault_corridor,active,rtsp://streaming.internal.crimemind.net/live/cam-36-791,"{""fps"": 30, ""night_vision_ir"": true, ""pan_tilt_zoom"": true}",2021-01-01T00:00:00,2021-01-01T00:00:00
45fa7a65-a304-4c39-b607-69ddb7f8beeb,eb415af0-cc09-4092-a29d-46b96a996e47,Northshore Heights Highway Toll Cam 1793,CAM-36-792,highway_toll,1080p,southbound_exit,active,rtsp://streaming.internal.crimemind.net/live/cam-36-792,"{""fps"": 30, ""night_vision_ir"": true, ""pan_tilt_zoom"": false}",2021-01-01T00:00:00,2021-01-01T00:00:00
e340dccf-93f3-497d-99f3-91f3aa025b0c,9abeb375-d4d3-463f-a933-25e8a200ee0b,Eastside Arts Corridor Residential Ring Cam 1794,CAM-36-793,residential_ring,720p,vault_corridor,active,rtsp://streaming.internal.crimemind.net/live/cam-36-793,"{""fps"": 30, ""night_vision_ir"": true, ""pan_tilt_zoom"": false}",2021-01-01T00:00:00,2021-01-01T00:00:00
60edcf46-0278-420c-b121-1e7552d0ab83,3b07e5e7-a8c5-4275-84f7-e947e987bb8d,Silver Lake Tech Park Private Commercial Cam 1795,CAM-36-794,private_commercial,1080p,northbound_entry,active,rtsp://streaming.internal.crimemind.net/live/cam-36-794,"{""fps"": 30, ""night_vision_ir"": true, ""pan_tilt_zoom"": true}",2021-01-01T00:00:00,2021-01-01T00:00:00
2936ee9c-cf18-46e6-872d-f19eea5fb194,a3b67bd5-39ad-47e0-88a8-7e28895ea6cb,Harbor Point Terminal Subway Transit Cam 1796,CAM-36-795,subway_transit,1080p,pedestrian_walkway,active,rtsp://streaming.internal.crimemind.net/live/cam-36-795,"{""fps"": 30, ""night_vision_ir"": true, ""pan_tilt_zoom"": false}",2021-01-01T00:00:00,2021-01-01T00:00:00
06b5006d-a0e1-4d6b-b843-c80012a04b69,133fbf85-840b-4993-a3df-9b1812bee8e6,Harbor Point Terminal Highway Toll Cam 1797,CAM-36-796,highway_toll,4K,vault_corridor,maintenance,rtsp://streaming.internal.crimemind.net/live/cam-36-796,"{""fps"": 30, ""night_vision_ir"": true, ""pan_tilt_zoom"": false}",2021-01-01T00:00:00,2021-01-01T00:00:00
acf8591b-fdf2-4bc5-9978-96170ef16cc4,78e8efd4-213d-4096-8853-a6cc4ea67e5c,South Bay Logistics Hub Municipal Surveillance Cam 1798,CAM-36-797,municipal_surveillance,1080p,pedestrian_walkway,active,rtsp://streaming.internal.crimemind.net/live/cam-36-797,"{""fps"": 30, ""night_vision_ir"": true, ""pan_tilt_zoom"": true}",2021-01-01T00:00:00,2021-01-01T00:00:00
cf54b998-1a33-4ac5-95e6-4e052f72dc65,f428983a-2092-409c-a33a-91ecb0655a6c,Midtown Financial Plaza Subway Transit Cam 1799,CAM-36-798,subway_transit,1080p,northbound_entry,active,rtsp://streaming.internal.crimemind.net/live/cam-36-798,"{""fps"": 30, ""night_vision_ir"": true, ""pan_tilt_zoom"": false}",2021-01-01T00:00:00,2021-01-01T00:00:00
a1ca6fb4-62a7-4d43-ab4e-401a5182b244,cf9e9678-399c-48b9-a5fd-838cf4e32740,Northshore Heights Subway Transit Cam 1800,CAM-36-799,subway_transit,720p,northbound_entry,active,rtsp://streaming.internal.crimemind.net/live/cam-36-799,"{""fps"": 30, ""night_vision_ir"": true, ""pan_tilt_zoom"": false}",2021-01-01T00:00:00,2021-01-01T00:00:00
a01497c1-78d5-44af-a84b-0f732ace57a5,01c00065-710e-4255-a60d-3136f6a1594e,Silver Lake Tech Park Residential Ring Cam 1801,CAM-37-800,residential_ring,4K,vault_corridor,active,rtsp://streaming.internal.crimemind.net/live/cam-37-800,"{""fps"": 30, ""night_vision_ir"": true, ""pan_tilt_zoom"": true}",2021-01-01T00:00:00,2021-01-01T00:00:00
1ac69d10-d070-42de-8986-9c7f8e936f8f,1f1ed1de-e222-4412-9371-c022a34e8b59,West End Suburbs Highway Toll Cam 1802,CAM-37-801,highway_toll,4K,southbound_exit,active,rtsp://streaming.internal.crimemind.net/live/cam-37-801,"{""fps"": 30, ""night_vision_ir"": true, ""pan_tilt_zoom"": false}",2021-01-01T00:00:00,2021-01-01T00:00:00
91a9d934-1e8c-4d17-bbe4-7f7ac08af71b,1f4aa675-0b3c-447d-8ab6-7813702e5627,West End Suburbs Municipal Surveillance Cam 1803,CAM-37-802,municipal_surveillance,4K,vault_corridor,active,rtsp://streaming.internal.crimemind.net/live/cam-37-802,"{""fps"": 30, ""night_vision_ir"": true, ""pan_tilt_zoom"": false}",2021-01-01T00:00:00,2021-01-01T00:00:00
b5f11a56-09d9-442d-b6e0-3bb4dfd34ee7,6c9da8d6-e44b-460f-96c3-e9699212da67,Harbor Point Terminal Private Commercial Cam 1804,CAM-37-803,private_commercial,1080p,360_degree_dome,maintenance,rtsp://streaming.internal.crimemind.net/live/cam-37-803,"{""fps"": 30, ""night_vision_ir"": true, ""pan_tilt_zoom"": true}",2021-01-01T00:00:00,2021-01-01T00:00:00
99e57831-70ac-42a4-a7df-4a38f471abdf,bc242a86-49be-40a5-bdab-45399a2a7eb2,West End Suburbs Atm Surveillance Cam 1805,CAM-37-804,atm_surveillance,1080p,pedestrian_walkway,maintenance,rtsp://streaming.internal.crimemind.net/live/cam-37-804,"{""fps"": 30, ""night_vision_ir"": true, ""pan_tilt_zoom"": false}",2021-01-01T00:00:00,2021-01-01T00:00:00
5a43de29-de45-4ef2-b4f8-6b09489cd290,c53489b4-6209-41e1-8791-58b92d8026ce,Downtown Commercial District Private Commercial Cam 1806,CAM-37-805,private_commercial,1080p,vault_corridor,active,rtsp://streaming.internal.crimemind.net/live/cam-37-805,"{""fps"": 30, ""night_vision_ir"": true, ""pan_tilt_zoom"": false}",2021-01-01T00:00:00,2021-01-01T00:00:00
ce738672-dd33-44ec-bedd-f9dbf7a6a2bf,e1d4010e-be02-4bfd-9904-256f1a458a21,Midtown Financial Plaza Highway Toll Cam 1807,CAM-37-806,highway_toll,1080p,southbound_exit,active,rtsp://streaming.internal.crimemind.net/live/cam-37-806,"{""fps"": 30, ""night_vision_ir"": true, ""pan_tilt_zoom"": true}",2021-01-01T00:00:00,2021-01-01T00:00:00
27a5bb4d-de6e-484a-9239-0c172a7b96d0,f738a47d-94b9-4f6a-9da1-3d3c5413b05e,Downtown Commercial District Private Commercial Cam 1808,CAM-37-807,private_commercial,1080p,vault_corridor,active,rtsp://streaming.internal.crimemind.net/live/cam-37-807,"{""fps"": 30, ""night_vision_ir"": true, ""pan_tilt_zoom"": false}",2021-01-01T00:00:00,2021-01-01T00:00:00
9f2837f6-3950-4b10-a333-5c0dd7e68ad6,6bd4add6-3c85-422c-be13-7ba99a61fee2,West End Suburbs Highway Toll Cam 1809,CAM-37-808,highway_toll,1080p,pedestrian_walkway,active,rtsp://streaming.internal.crimemind.net/live/cam-37-808,"{""fps"": 30, ""night_vision_ir"": true, ""pan_tilt_zoom"": false}",2021-01-01T00:00:00,2021-01-01T00:00:00
24bb6890-7b14-48d6-be0e-8525642bc141,78f18c00-250f-4a0a-8aa4-8831f9ffdd80,Downtown Commercial District Municipal Surveillance Cam 1810,CAM-37-809,municipal_surveillance,4K,vault_corridor,active,rtsp://streaming.internal.crimemind.net/live/cam-37-809,"{""fps"": 30, ""night_vision_ir"": true, ""pan_tilt_zoom"": true}",2021-01-01T00:00:00,2021-01-01T00:00:00
7649cf86-bf1c-4ab7-9024-2f4f53b884cb,8d5941ff-e026-44c1-822b-e626edb45447,Midtown Financial Plaza Atm Surveillance Cam 1811,CAM-37-810,atm_surveillance,4K,southbound_exit,active,rtsp://streaming.internal.crimemind.net/live/cam-37-810,"{""fps"": 30, ""night_vision_ir"": true, ""pan_tilt_zoom"": false}",2021-01-01T00:00:00,2021-01-01T00:00:00
bee0f8a8-6ccd-40d4-9b97-40dd260275c1,6b3d3781-deeb-423e-9845-f727e2a12e4e,West End Suburbs Highway Toll Cam 1812,CAM-37-811,highway_toll,1080p,northbound_entry,active,rtsp://streaming.internal.crimemind.net/live/cam-37-811,"{""fps"": 30, ""night_vision_ir"": true, ""pan_tilt_zoom"": false}",2021-01-01T00:00:00,2021-01-01T00:00:00
c41b57c4-bebf-4300-a3bf-a366d15b2f54,25cbe297-dc4b-49e0-813d-79d8ff78c077,Northshore Heights Private Commercial Cam 1813,CAM-37-812,private_commercial,1080p,pedestrian_walkway,active,rtsp://streaming.internal.crimemind.net/live/cam-37-812,"{""fps"": 30, ""night_vision_ir"": true, ""pan_tilt_zoom"": true}",2021-01-01T00:00:00,2021-01-01T00:00:00
d733ff2b-5990-4975-bcc5-934f767b0acf,88cf8d39-5577-4f6d-862d-cdcbbf7363e1,Eastside Arts Corridor Traffic Police Cam 1814,CAM-37-813,traffic_police,1080p,northbound_entry,active,rtsp://streaming.internal.crimemind.net/live/cam-37-813,"{""fps"": 30, ""night_vision_ir"": true, ""pan_tilt_zoom"": false}",2021-01-01T00:00:00,2021-01-01T00:00:00
24f9ac0f-ad7c-485a-aa5c-37815dfa9b37,e42c684a-1f8c-40c9-80d6-63d3ef19f262,Downtown Commercial District Atm Surveillance Cam 1815,CAM-37-814,atm_surveillance,4K,pedestrian_walkway,active,rtsp://streaming.internal.crimemind.net/live/cam-37-814,"{""fps"": 30, ""night_vision_ir"": true, ""pan_tilt_zoom"": false}",2021-01-01T00:00:00,2021-01-01T00:00:00
8886b5d7-cd1d-40e9-9823-d67fc8e0b405,5d6b40fe-33be-4c90-9005-cb7c4dd18e5a,Harbor Point Terminal Municipal Surveillance Cam 1816,CAM-37-815,municipal_surveillance,4K,pedestrian_walkway,active,rtsp://streaming.internal.crimemind.net/live/cam-37-815,"{""fps"": 30, ""night_vision_ir"": true, ""pan_tilt_zoom"": true}",2021-01-01T00:00:00,2021-01-01T00:00:00
853da91d-e1b0-489e-a4b0-a4691cf7d83d,c8d6d925-ef63-4a2c-b487-34c07363464b,Old Town Heritage Ward Municipal Surveillance Cam 1817,CAM-37-816,municipal_surveillance,1080p,vault_corridor,active,rtsp://streaming.internal.crimemind.net/live/cam-37-816,"{""fps"": 30, ""night_vision_ir"": true, ""pan_tilt_zoom"": false}",2021-01-01T00:00:00,2021-01-01T00:00:00
c4420606-b11a-4370-ac91-c82721bb5631,813b8ec9-0a3c-463f-a838-a77fd9d6b7fa,Northshore Heights Subway Transit Cam 1818,CAM-37-817,subway_transit,1080p,southbound_exit,maintenance,rtsp://streaming.internal.crimemind.net/live/cam-37-817,"{""fps"": 30, ""night_vision_ir"": true, ""pan_tilt_zoom"": false}",2021-01-01T00:00:00,2021-01-01T00:00:00
3b7cf361-7a41-4888-8f0d-86f144584caa,56cececb-b228-42b6-9bbd-bd723c2a99b4,South Bay Logistics Hub Municipal Surveillance Cam 1819,CAM-37-818,municipal_surveillance,1080p,northbound_entry,active,rtsp://streaming.internal.crimemind.net/live/cam-37-818,"{""fps"": 30, ""night_vision_ir"": true, ""pan_tilt_zoom"": true}",2021-01-01T00:00:00,2021-01-01T00:00:00
6bc42bd4-8bb9-4eae-9364-2e2e6752bf5c,182c962f-0dac-4dee-8aa3-834c6c111423,West End Suburbs Municipal Surveillance Cam 1820,CAM-37-819,municipal_surveillance,720p,vault_corridor,active,rtsp://streaming.internal.crimemind.net/live/cam-37-819,"{""fps"": 30, ""night_vision_ir"": true, ""pan_tilt_zoom"": false}",2021-01-01T00:00:00,2021-01-01T00:00:00
5fabc3c6-00bd-4ee4-af23-088fbb59de67,566f41ab-2090-44ea-a9cc-a85390458ec6,Harbor Point Terminal Highway Toll Cam 1821,CAM-37-820,highway_toll,720p,360_degree_dome,active,rtsp://streaming.internal.crimemind.net/live/cam-37-820,"{""fps"": 30, ""night_vision_ir"": true, ""pan_tilt_zoom"": false}",2021-01-01T00:00:00,2021-01-01T00:00:00
4ce73a7e-f3d5-4efd-9d55-1395e1e7f1af,b5a7b3b8-ac33-4311-92e7-4b92e84da72b,Old Town Heritage Ward Traffic Police Cam 1822,CAM-37-821,traffic_police,1080p,pedestrian_walkway,active,rtsp://streaming.internal.crimemind.net/live/cam-37-821,"{""fps"": 30, ""night_vision_ir"": true, ""pan_tilt_zoom"": true}",2021-01-01T00:00:00,2021-01-01T00:00:00
91670399-37ae-4670-9ad4-f03bebc1be0e,165deef0-afaa-466d-b5f7-ec108f29b67a,Midtown Financial Plaza Private Commercial Cam 1823,CAM-37-822,private_commercial,720p,pedestrian_walkway,active,rtsp://streaming.internal.crimemind.net/live/cam-37-822,"{""fps"": 30, ""night_vision_ir"": true, ""pan_tilt_zoom"": false}",2021-01-01T00:00:00,2021-01-01T00:00:00
1cc98324-3a9a-4971-a80c-9ec21dd74725,c329e618-0d6e-4b5f-b5d1-568946a778cd,Harbor Point Terminal Highway Toll Cam 1824,CAM-37-823,highway_toll,720p,pedestrian_walkway,active,rtsp://streaming.internal.crimemind.net/live/cam-37-823,"{""fps"": 30, ""night_vision_ir"": true, ""pan_tilt_zoom"": false}",2021-01-01T00:00:00,2021-01-01T00:00:00
f75c1a65-0e1d-4a6e-8e2c-defad546619c,6a81888f-31a6-4358-9075-5789c5f4eb3c,Midtown Financial Plaza Private Commercial Cam 1825,CAM-37-824,private_commercial,4K,northbound_entry,active,rtsp://streaming.internal.crimemind.net/live/cam-37-824,"{""fps"": 30, ""night_vision_ir"": true, ""pan_tilt_zoom"": true}",2021-01-01T00:00:00,2021-01-01T00:00:00
ccf32252-caee-4276-b366-9fccc48c3214,cf9e9678-399c-48b9-a5fd-838cf4e32740,Northshore Heights Atm Surveillance Cam 1826,CAM-37-825,atm_surveillance,1080p,southbound_exit,active,rtsp://streaming.internal.crimemind.net/live/cam-37-825,"{""fps"": 30, ""night_vision_ir"": true, ""pan_tilt_zoom"": false}",2021-01-01T00:00:00,2021-01-01T00:00:00
3500a9ed-f064-4af6-aeae-943186383f7c,e17107fe-6a65-470d-8588-a8e7f3bfcba8,Northshore Heights Subway Transit Cam 1827,CAM-37-826,subway_transit,720p,southbound_exit,active,rtsp://streaming.internal.crimemind.net/live/cam-37-826,"{""fps"": 30, ""night_vision_ir"": true, ""pan_tilt_zoom"": false}",2021-01-01T00:00:00,2021-01-01T00:00:00
57353fcd-157d-44cc-a899-e181b89726a2,c8d6d925-ef63-4a2c-b487-34c07363464b,Old Town Heritage Ward Highway Toll Cam 1828,CAM-37-827,highway_toll,1080p,northbound_entry,active,rtsp://streaming.internal.crimemind.net/live/cam-37-827,"{""fps"": 30, ""night_vision_ir"": true, ""pan_tilt_zoom"": true}",2021-01-01T00:00:00,2021-01-01T00:00:00
fc24a403-4a84-4de1-86dd-af5354c3d7b5,f563ff93-a74b-4a1d-a6ea-062004a4564d,Old Town Heritage Ward Atm Surveillance Cam 1829,CAM-37-828,atm_surveillance,1080p,360_degree_dome,active,rtsp://streaming.internal.crimemind.net/live/cam-37-828,"{""fps"": 30, ""night_vision_ir"": true, ""pan_tilt_zoom"": false}",2021-01-01T00:00:00,2021-01-01T00:00:00
42c8d0ab-ffab-48a3-afc8-fe58b0654742,0acd3e36-6824-4561-bd18-3ffc74a04519,Harbor Point Terminal Private Commercial Cam 1830,CAM-37-829,private_commercial,1080p,northbound_entry,maintenance,rtsp://streaming.internal.crimemind.net/live/cam-37-829,"{""fps"": 30, ""night_vision_ir"": true, ""pan_tilt_zoom"": false}",2021-01-01T00:00:00,2021-01-01T00:00:00
a4464a10-01c6-4380-9e02-470ed2b8c84c,924d6924-322f-4095-a242-d64ca43ca98a,Midtown Financial Plaza Municipal Surveillance Cam 1831,CAM-37-830,municipal_surveillance,1080p,northbound_entry,active,rtsp://streaming.internal.crimemind.net/live/cam-37-830,"{""fps"": 30, ""night_vision_ir"": true, ""pan_tilt_zoom"": true}",2021-01-01T00:00:00,2021-01-01T00:00:00
d31fd226-10d0-4e0d-8928-dc8bebcf8c04,780683aa-9cd2-4dad-9969-399a743d6149,Old Town Heritage Ward Subway Transit Cam 1832,CAM-37-831,subway_transit,4K,vault_corridor,active,rtsp://streaming.internal.crimemind.net/live/cam-37-831,"{""fps"": 30, ""night_vision_ir"": true, ""pan_tilt_zoom"": false}",2021-01-01T00:00:00,2021-01-01T00:00:00
fb827b7b-466e-49a7-85ba-85e81cc82e0e,bc5e02f1-841a-478e-bd1c-72bb718c8f53,Harbor Point Terminal Municipal Surveillance Cam 1833,CAM-37-832,municipal_surveillance,4K,northbound_entry,active,rtsp://streaming.internal.crimemind.net/live/cam-37-832,"{""fps"": 30, ""night_vision_ir"": true, ""pan_tilt_zoom"": false}",2021-01-01T00:00:00,2021-01-01T00:00:00
d0b9e9bf-773b-4434-af7f-5cdf831cc356,23d80291-aada-4c55-8123-7b3a19bbe7e3,Silver Lake Tech Park Highway Toll Cam 1834,CAM-37-833,highway_toll,1080p,southbound_exit,active,rtsp://streaming.internal.crimemind.net/live/cam-37-833,"{""fps"": 30, ""night_vision_ir"": true, ""pan_tilt_zoom"": true}",2021-01-01T00:00:00,2021-01-01T00:00:00
19d2b3d4-bdb9-435c-a194-28332e6dcd68,e31bbd3c-0fe7-46dd-8ed1-405e91df5430,Industrial Waterfront & Port Private Commercial Cam 1835,CAM-37-834,private_commercial,1080p,pedestrian_walkway,active,rtsp://streaming.internal.crimemind.net/live/cam-37-834,"{""fps"": 30, ""night_vision_ir"": true, ""pan_tilt_zoom"": false}",2021-01-01T00:00:00,2021-01-01T00:00:00
3da36dc1-eb9f-47cd-98a6-c7fb7ae5ee42,3a073171-fadc-4006-8621-c17fcf275b6f,Downtown Commercial District Subway Transit Cam 1836,CAM-37-835,subway_transit,720p,vault_corridor,active,rtsp://streaming.internal.crimemind.net/live/cam-37-835,"{""fps"": 30, ""night_vision_ir"": true, ""pan_tilt_zoom"": false}",2021-01-01T00:00:00,2021-01-01T00:00:00
364f63f5-4627-4ca7-a9eb-6f0d4e99a2cf,0198c363-0a3a-4e5a-ab65-5a485e24f8a7,West End Suburbs Private Commercial Cam 1837,CAM-37-836,private_commercial,1080p,southbound_exit,active,rtsp://streaming.internal.crimemind.net/live/cam-37-836,"{""fps"": 30, ""night_vision_ir"": true, ""pan_tilt_zoom"": true}",2021-01-01T00:00:00,2021-01-01T00:00:00
0efd6a82-48b4-4ed0-8fd0-579af787b7c7,5d6b40fe-33be-4c90-9005-cb7c4dd18e5a,Harbor Point Terminal Atm Surveillance Cam 1838,CAM-37-837,atm_surveillance,720p,pedestrian_walkway,active,rtsp://streaming.internal.crimemind.net/live/cam-37-837,"{""fps"": 30, ""night_vision_ir"": true, ""pan_tilt_zoom"": false}",2021-01-01T00:00:00,2021-01-01T00:00:00
8d4faad2-685b-4548-bde2-721a07ac0ece,44f324ba-69e6-40c8-9f5c-0c48c54a0ea9,West End Suburbs Traffic Police Cam 1839,CAM-37-838,traffic_police,720p,northbound_entry,active,rtsp://streaming.internal.crimemind.net/live/cam-37-838,"{""fps"": 30, ""night_vision_ir"": true, ""pan_tilt_zoom"": false}",2021-01-01T00:00:00,2021-01-01T00:00:00
27bbd214-e050-40f7-a512-172b7bf4ebea,c1469cf0-0edd-410e-8436-8cb2f5542484,Downtown Commercial District Subway Transit Cam 1840,CAM-37-839,subway_transit,1080p,pedestrian_walkway,active,rtsp://streaming.internal.crimemind.net/live/cam-37-839,"{""fps"": 30, ""night_vision_ir"": true, ""pan_tilt_zoom"": true}",2021-01-01T00:00:00,2021-01-01T00:00:00
bb27204f-8770-4e74-a6da-a17adea260fa,45fac7b8-53f3-45b5-8258-69179533297b,West End Suburbs Traffic Police Cam 1841,CAM-37-840,traffic_police,1080p,vault_corridor,offline,rtsp://streaming.internal.crimemind.net/live/cam-37-840,"{""fps"": 30, ""night_vision_ir"": true, ""pan_tilt_zoom"": false}",2021-01-01T00:00:00,2021-01-01T00:00:00
09228df0-3af8-4c87-ad96-7f3c25888335,9e67a51f-7538-431b-acc7-00b211824614,South Bay Logistics Hub Private Commercial Cam 1842,CAM-37-841,private_commercial,1080p,northbound_entry,maintenance,rtsp://streaming.internal.crimemind.net/live/cam-37-841,"{""fps"": 30, ""night_vision_ir"": true, ""pan_tilt_zoom"": false}",2021-01-01T00:00:00,2021-01-01T00:00:00
189b4718-7228-4556-83c9-c225f848e51b,eb597e57-8f25-43f1-9f9c-6493b42f60e1,Old Town Heritage Ward Atm Surveillance Cam 1843,CAM-37-842,atm_surveillance,4K,northbound_entry,active,rtsp://streaming.internal.crimemind.net/live/cam-37-842,"{""fps"": 30, ""night_vision_ir"": true, ""pan_tilt_zoom"": true}",2021-01-01T00:00:00,2021-01-01T00:00:00
1947fd39-27d5-43bb-a11f-695b55094128,34209fbc-ce98-48dd-8eac-b9faa3f59956,South Bay Logistics Hub Subway Transit Cam 1844,CAM-37-843,subway_transit,4K,northbound_entry,active,rtsp://streaming.internal.crimemind.net/live/cam-37-843,"{""fps"": 30, ""night_vision_ir"": true, ""pan_tilt_zoom"": false}",2021-01-01T00:00:00,2021-01-01T00:00:00
b31e0c46-5f59-4394-9c71-164764906572,40eeded3-068c-4593-b162-b2def0711461,Downtown Commercial District Traffic Police Cam 1845,CAM-37-844,traffic_police,4K,360_degree_dome,active,rtsp://streaming.internal.crimemind.net/live/cam-37-844,"{""fps"": 30, ""night_vision_ir"": true, ""pan_tilt_zoom"": false}",2021-01-01T00:00:00,2021-01-01T00:00:00
37ef1d53-ae28-4c49-84ba-e6e06aa14c05,a7ebf24d-cea9-4676-aa1b-f6b12dbb5e92,Old Town Heritage Ward Municipal Surveillance Cam 1846,CAM-37-845,municipal_surveillance,720p,360_degree_dome,active,rtsp://streaming.internal.crimemind.net/live/cam-37-845,"{""fps"": 30, ""night_vision_ir"": true, ""pan_tilt_zoom"": true}",2021-01-01T00:00:00,2021-01-01T00:00:00
caa051f4-f9be-493c-9921-10603a287fff,7551611e-881d-4e9b-82f8-6a35f33edbed,West End Suburbs Traffic Police Cam 1847,CAM-37-846,traffic_police,720p,southbound_exit,active,rtsp://streaming.internal.crimemind.net/live/cam-37-846,"{""fps"": 30, ""night_vision_ir"": true, ""pan_tilt_zoom"": false}",2021-01-01T00:00:00,2021-01-01T00:00:00
e6ace7c1-9a04-4c52-be2b-265571999a97,3a073171-fadc-4006-8621-c17fcf275b6f,Downtown Commercial District Subway Transit Cam 1848,CAM-37-847,subway_transit,720p,southbound_exit,active,rtsp://streaming.internal.crimemind.net/live/cam-37-847,"{""fps"": 30, ""night_vision_ir"": true, ""pan_tilt_zoom"": false}",2021-01-01T00:00:00,2021-01-01T00:00:00
b159a781-abab-45a9-89d7-904cc92af29f,fc0cac47-e41f-4d9e-84f2-2d879b3793c1,Industrial Waterfront & Port Highway Toll Cam 1849,CAM-37-848,highway_toll,720p,pedestrian_walkway,active,rtsp://streaming.internal.crimemind.net/live/cam-37-848,"{""fps"": 30, ""night_vision_ir"": true, ""pan_tilt_zoom"": true}",2021-01-01T00:00:00,2021-01-01T00:00:00
968d38a8-f9c7-431a-aa39-61ab291448fc,56cececb-b228-42b6-9bbd-bd723c2a99b4,South Bay Logistics Hub Subway Transit Cam 1850,CAM-37-849,subway_transit,720p,northbound_entry,active,rtsp://streaming.internal.crimemind.net/live/cam-37-849,"{""fps"": 30, ""night_vision_ir"": true, ""pan_tilt_zoom"": false}",2021-01-01T00:00:00,2021-01-01T00:00:00
6e163258-bf01-4cd7-ba6b-79295c12062e,1ad50ad9-5471-4381-a3bc-0c9001245db1,Harbor Point Terminal Residential Ring Cam 1851,CAM-38-850,residential_ring,720p,southbound_exit,active,rtsp://streaming.internal.crimemind.net/live/cam-38-850,"{""fps"": 30, ""night_vision_ir"": true, ""pan_tilt_zoom"": false}",2021-01-01T00:00:00,2021-01-01T00:00:00
b8c0d882-2fd5-4172-ba59-64fb189d484d,5323cfb9-d5f1-416e-b4b7-cace0622b3cc,Eastside Arts Corridor Atm Surveillance Cam 1852,CAM-38-851,atm_surveillance,1080p,pedestrian_walkway,active,rtsp://streaming.internal.crimemind.net/live/cam-38-851,"{""fps"": 30, ""night_vision_ir"": true, ""pan_tilt_zoom"": true}",2021-01-01T00:00:00,2021-01-01T00:00:00
5e66a256-349f-490f-9141-5cfcde4ececd,a56f19e9-d52b-47a2-9500-43ff05183b14,Northshore Heights Highway Toll Cam 1853,CAM-38-852,highway_toll,1080p,southbound_exit,active,rtsp://streaming.internal.crimemind.net/live/cam-38-852,"{""fps"": 30, ""night_vision_ir"": true, ""pan_tilt_zoom"": false}",2021-01-01T00:00:00,2021-01-01T00:00:00
71071ba1-a00c-4fc1-9dc5-6564a7f1e428,36430605-9a2d-4cd0-9d5c-01b53d7fd1f3,Industrial Waterfront & Port Atm Surveillance Cam 1854,CAM-38-853,atm_surveillance,720p,pedestrian_walkway,active,rtsp://streaming.internal.crimemind.net/live/cam-38-853,"{""fps"": 30, ""night_vision_ir"": true, ""pan_tilt_zoom"": false}",2021-01-01T00:00:00,2021-01-01T00:00:00
5fa947f1-ce66-4b98-b760-47660c51e74c,d3a4bd91-7f2e-456e-bbec-6ed7815ebf5b,Old Town Heritage Ward Traffic Police Cam 1855,CAM-38-854,traffic_police,1080p,pedestrian_walkway,active,rtsp://streaming.internal.crimemind.net/live/cam-38-854,"{""fps"": 30, ""night_vision_ir"": true, ""pan_tilt_zoom"": true}",2021-01-01T00:00:00,2021-01-01T00:00:00
3aab3c8d-9580-433d-8306-e5798472c712,ec79692f-7b1c-4da8-9107-f403deb5941b,Eastside Arts Corridor Subway Transit Cam 1856,CAM-38-855,subway_transit,720p,360_degree_dome,active,rtsp://streaming.internal.crimemind.net/live/cam-38-855,"{""fps"": 30, ""night_vision_ir"": true, ""pan_tilt_zoom"": false}",2021-01-01T00:00:00,2021-01-01T00:00:00
f8a9c484-bd1c-429a-92d9-c98dcbfd942b,fa4d1362-d6a9-4504-949d-daa19fc0d02b,Old Town Heritage Ward Municipal Surveillance Cam 1857,CAM-38-856,municipal_surveillance,720p,northbound_entry,active,rtsp://streaming.internal.crimemind.net/live/cam-38-856,"{""fps"": 30, ""night_vision_ir"": true, ""pan_tilt_zoom"": false}",2021-01-01T00:00:00,2021-01-01T00:00:00
dad43e48-0460-46cd-85fc-2248559d6621,2850a853-dbbf-485a-b19f-286482877217,Silver Lake Tech Park Atm Surveillance Cam 1858,CAM-38-857,atm_surveillance,4K,360_degree_dome,active,rtsp://streaming.internal.crimemind.net/live/cam-38-857,"{""fps"": 30, ""night_vision_ir"": true, ""pan_tilt_zoom"": true}",2021-01-01T00:00:00,2021-01-01T00:00:00
fa17edaa-15e7-4f22-846c-a022c997ef7b,19550cff-6e2d-4d2e-aa4f-d284423ef3c8,Silver Lake Tech Park Traffic Police Cam 1859,CAM-38-858,traffic_police,4K,pedestrian_walkway,active,rtsp://streaming.internal.crimemind.net/live/cam-38-858,"{""fps"": 30, ""night_vision_ir"": true, ""pan_tilt_zoom"": false}",2021-01-01T00:00:00,2021-01-01T00:00:00
307df49c-8f46-474a-8d6c-91fdb8be9071,12756eff-4c16-463b-88da-f782bf37752e,West End Suburbs Subway Transit Cam 1860,CAM-38-859,subway_transit,720p,southbound_exit,active,rtsp://streaming.internal.crimemind.net/live/cam-38-859,"{""fps"": 30, ""night_vision_ir"": true, ""pan_tilt_zoom"": false}",2021-01-01T00:00:00,2021-01-01T00:00:00
4bf7422b-ebba-4071-a25e-d8956a76eda1,dff3b94b-be27-4bff-a677-cf7c5bce815a,Downtown Commercial District Municipal Surveillance Cam 1861,CAM-38-860,municipal_surveillance,1080p,northbound_entry,active,rtsp://streaming.internal.crimemind.net/live/cam-38-860,"{""fps"": 30, ""night_vision_ir"": true, ""pan_tilt_zoom"": true}",2021-01-01T00:00:00,2021-01-01T00:00:00
4fd2a468-2a5a-4f68-b728-e79e10663c5b,197f1e33-c5c3-40a2-998a-40aae125eeb7,Harbor Point Terminal Traffic Police Cam 1862,CAM-38-861,traffic_police,4K,southbound_exit,active,rtsp://streaming.internal.crimemind.net/live/cam-38-861,"{""fps"": 30, ""night_vision_ir"": true, ""pan_tilt_zoom"": false}",2021-01-01T00:00:00,2021-01-01T00:00:00
11a6ab10-9a61-4a43-86f7-f454ee10f854,a1607338-c65b-4115-ab0e-33d4b22aafca,Northshore Heights Highway Toll Cam 1863,CAM-38-862,highway_toll,4K,southbound_exit,active,rtsp://streaming.internal.crimemind.net/live/cam-38-862,"{""fps"": 30, ""night_vision_ir"": true, ""pan_tilt_zoom"": false}",2021-01-01T00:00:00,2021-01-01T00:00:00
fec19406-0f34-4375-acdd-eef8a864cda0,a28fdece-7c3c-4a58-ab76-6daca6c505d1,Northshore Heights Private Commercial Cam 1864,CAM-38-863,private_commercial,720p,360_degree_dome,active,rtsp://streaming.internal.crimemind.net/live/cam-38-863,"{""fps"": 30, ""night_vision_ir"": true, ""pan_tilt_zoom"": true}",2021-01-01T00:00:00,2021-01-01T00:00:00
9fc48e93-06a1-49e8-ae08-a4b5424ec1a9,0d0d86f8-b3dc-4044-845a-e8ce266f324a,Silver Lake Tech Park Subway Transit Cam 1865,CAM-38-864,subway_transit,720p,northbound_entry,active,rtsp://streaming.internal.crimemind.net/live/cam-38-864,"{""fps"": 30, ""night_vision_ir"": true, ""pan_tilt_zoom"": false}",2021-01-01T00:00:00,2021-01-01T00:00:00
6fe3d1c0-1ae0-4c5f-b627-17c4588ef538,36a05b99-fe3d-463c-85bf-e8b894668452,Silver Lake Tech Park Private Commercial Cam 1866,CAM-38-865,private_commercial,4K,360_degree_dome,active,rtsp://streaming.internal.crimemind.net/live/cam-38-865,"{""fps"": 30, ""night_vision_ir"": true, ""pan_tilt_zoom"": false}",2021-01-01T00:00:00,2021-01-01T00:00:00
e071e3d9-a8a7-4028-a260-c8d621e5fce7,34fda582-9f71-44cb-915c-0116f2955e03,Downtown Commercial District Highway Toll Cam 1867,CAM-38-866,highway_toll,1080p,vault_corridor,active,rtsp://streaming.internal.crimemind.net/live/cam-38-866,"{""fps"": 30, ""night_vision_ir"": true, ""pan_tilt_zoom"": true}",2021-01-01T00:00:00,2021-01-01T00:00:00
ba597058-3f05-4b60-a24a-a60b651d761c,76312e0d-4006-4a55-945e-669252ea2e10,Harbor Point Terminal Atm Surveillance Cam 1868,CAM-38-867,atm_surveillance,1080p,northbound_entry,active,rtsp://streaming.internal.crimemind.net/live/cam-38-867,"{""fps"": 30, ""night_vision_ir"": true, ""pan_tilt_zoom"": false}",2021-01-01T00:00:00,2021-01-01T00:00:00
923ef10c-fee0-4a72-a17a-14e4ed6172f4,225383c8-3ff4-457d-8f6d-6b0b5c481b31,Northshore Heights Residential Ring Cam 1869,CAM-38-868,residential_ring,1080p,northbound_entry,active,rtsp://streaming.internal.crimemind.net/live/cam-38-868,"{""fps"": 30, ""night_vision_ir"": true, ""pan_tilt_zoom"": false}",2021-01-01T00:00:00,2021-01-01T00:00:00
013f1156-317a-48e6-b6d4-4f7aac912f73,4a848185-1d79-4034-a6d3-dbf484cbe6d8,Midtown Financial Plaza Municipal Surveillance Cam 1870,CAM-38-869,municipal_surveillance,4K,360_degree_dome,active,rtsp://streaming.internal.crimemind.net/live/cam-38-869,"{""fps"": 30, ""night_vision_ir"": true, ""pan_tilt_zoom"": true}",2021-01-01T00:00:00,2021-01-01T00:00:00
12c63d0d-536e-4a21-89d2-198899a37590,1bd40c37-d1a1-4483-8084-2b5bfd7a0493,Silver Lake Tech Park Highway Toll Cam 1871,CAM-38-870,highway_toll,720p,360_degree_dome,active,rtsp://streaming.internal.crimemind.net/live/cam-38-870,"{""fps"": 30, ""night_vision_ir"": true, ""pan_tilt_zoom"": false}",2021-01-01T00:00:00,2021-01-01T00:00:00
33a40175-e019-4af3-a73c-3711ee9a1fa2,8bf9e63d-d87f-459e-805c-5d14dcbf280b,Midtown Financial Plaza Traffic Police Cam 1872,CAM-38-871,traffic_police,4K,northbound_entry,active,rtsp://streaming.internal.crimemind.net/live/cam-38-871,"{""fps"": 30, ""night_vision_ir"": true, ""pan_tilt_zoom"": false}",2021-01-01T00:00:00,2021-01-01T00:00:00
7641b951-4178-4743-b405-2e359773ef7b,06c8d048-9753-4e41-9b8a-69ad1c0ce0cd,South Bay Logistics Hub Traffic Police Cam 1873,CAM-38-872,traffic_police,1080p,pedestrian_walkway,active,rtsp://streaming.internal.crimemind.net/live/cam-38-872,"{""fps"": 30, ""night_vision_ir"": true, ""pan_tilt_zoom"": true}",2021-01-01T00:00:00,2021-01-01T00:00:00
3e9412f0-d5cc-4c94-b7e9-9eb096263416,6f9aab03-811e-4003-9a8b-7a5135a87d99,Northshore Heights Atm Surveillance Cam 1874,CAM-38-873,atm_surveillance,4K,northbound_entry,active,rtsp://streaming.internal.crimemind.net/live/cam-38-873,"{""fps"": 30, ""night_vision_ir"": true, ""pan_tilt_zoom"": false}",2021-01-01T00:00:00,2021-01-01T00:00:00
00d0e8f0-7ff2-47fc-b4b4-a1e61aa9ccf6,6e695c3b-f736-42a3-847b-538b16d0f08a,Downtown Commercial District Private Commercial Cam 1875,CAM-38-874,private_commercial,720p,vault_corridor,active,rtsp://streaming.internal.crimemind.net/live/cam-38-874,"{""fps"": 30, ""night_vision_ir"": true, ""pan_tilt_zoom"": false}",2021-01-01T00:00:00,2021-01-01T00:00:00
82a516f9-726d-4c6f-a694-33988b60c3e8,1449ab18-faee-45e8-a022-8df400035935,Downtown Commercial District Atm Surveillance Cam 1876,CAM-38-875,atm_surveillance,720p,southbound_exit,active,rtsp://streaming.internal.crimemind.net/live/cam-38-875,"{""fps"": 30, ""night_vision_ir"": true, ""pan_tilt_zoom"": true}",2021-01-01T00:00:00,2021-01-01T00:00:00
2ee9c9b6-668f-4c14-835e-07c5f98bb970,780683aa-9cd2-4dad-9969-399a743d6149,Old Town Heritage Ward Subway Transit Cam 1877,CAM-38-876,subway_transit,1080p,northbound_entry,active,rtsp://streaming.internal.crimemind.net/live/cam-38-876,"{""fps"": 30, ""night_vision_ir"": true, ""pan_tilt_zoom"": false}",2021-01-01T00:00:00,2021-01-01T00:00:00
65022003-4368-4f1c-b9f9-49de14dec826,de08386e-6d31-4d15-b0e0-edebb060c380,Northshore Heights Residential Ring Cam 1878,CAM-38-877,residential_ring,1080p,360_degree_dome,active,rtsp://streaming.internal.crimemind.net/live/cam-38-877,"{""fps"": 30, ""night_vision_ir"": true, ""pan_tilt_zoom"": false}",2021-01-01T00:00:00,2021-01-01T00:00:00
dc9871a7-b108-4fda-9db3-4349ce2b5cc3,8d8ca766-3a9b-4974-b8eb-22d5faeefdcb,South Bay Logistics Hub Private Commercial Cam 1879,CAM-38-878,private_commercial,4K,pedestrian_walkway,active,rtsp://streaming.internal.crimemind.net/live/cam-38-878,"{""fps"": 30, ""night_vision_ir"": true, ""pan_tilt_zoom"": true}",2021-01-01T00:00:00,2021-01-01T00:00:00
956f33b3-a057-449e-99a9-1d876813e7ab,78e8efd4-213d-4096-8853-a6cc4ea67e5c,South Bay Logistics Hub Highway Toll Cam 1880,CAM-38-879,highway_toll,1080p,360_degree_dome,active,rtsp://streaming.internal.crimemind.net/live/cam-38-879,"{""fps"": 30, ""night_vision_ir"": true, ""pan_tilt_zoom"": false}",2021-01-01T00:00:00,2021-01-01T00:00:00
cebe5bf6-3485-4ab8-be5b-875eb43f20e2,a9ab2c5b-7247-4cf6-9601-b30759896542,South Bay Logistics Hub Highway Toll Cam 1881,CAM-38-880,highway_toll,4K,northbound_entry,active,rtsp://streaming.internal.crimemind.net/live/cam-38-880,"{""fps"": 30, ""night_vision_ir"": true, ""pan_tilt_zoom"": false}",2021-01-01T00:00:00,2021-01-01T00:00:00
182e9fe6-0b4e-4b93-bc21-64f8ee38e15e,7b67baba-b8a6-4d44-ab99-fb75473fda20,Silver Lake Tech Park Highway Toll Cam 1882,CAM-38-881,highway_toll,1080p,360_degree_dome,active,rtsp://streaming.internal.crimemind.net/live/cam-38-881,"{""fps"": 30, ""night_vision_ir"": true, ""pan_tilt_zoom"": true}",2021-01-01T00:00:00,2021-01-01T00:00:00
41c1b058-eabd-41f6-9cbf-cd075b587029,f3cb7a21-e20e-4b35-bac9-7f6d7914d4bc,Harbor Point Terminal Traffic Police Cam 1883,CAM-38-882,traffic_police,1080p,360_degree_dome,active,rtsp://streaming.internal.crimemind.net/live/cam-38-882,"{""fps"": 30, ""night_vision_ir"": true, ""pan_tilt_zoom"": false}",2021-01-01T00:00:00,2021-01-01T00:00:00
8cca69de-86a6-4015-bbde-973e9b69575a,51b56dd5-2d1c-4046-aeec-7f98a04258ae,West End Suburbs Residential Ring Cam 1884,CAM-38-883,residential_ring,1080p,vault_corridor,active,rtsp://streaming.internal.crimemind.net/live/cam-38-883,"{""fps"": 30, ""night_vision_ir"": true, ""pan_tilt_zoom"": false}",2021-01-01T00:00:00,2021-01-01T00:00:00
543bf9f9-1e51-43d3-b462-9902e7754707,21bb7fe8-99c7-442a-b1d8-21cb2bbebcc7,South Bay Logistics Hub Municipal Surveillance Cam 1885,CAM-38-884,municipal_surveillance,720p,pedestrian_walkway,active,rtsp://streaming.internal.crimemind.net/live/cam-38-884,"{""fps"": 30, ""night_vision_ir"": true, ""pan_tilt_zoom"": true}",2021-01-01T00:00:00,2021-01-01T00:00:00
1ed3f7bf-65d1-44d4-8143-8dcc72796208,4aea7cc7-0cbd-4082-a21c-1f62dd840757,Silver Lake Tech Park Municipal Surveillance Cam 1886,CAM-38-885,municipal_surveillance,1080p,northbound_entry,active,rtsp://streaming.internal.crimemind.net/live/cam-38-885,"{""fps"": 30, ""night_vision_ir"": true, ""pan_tilt_zoom"": false}",2021-01-01T00:00:00,2021-01-01T00:00:00
4140aaa8-3eb0-40b9-bb20-8479c11c28dc,5f0a8a96-7f41-4273-9708-838505940d8d,Industrial Waterfront & Port Subway Transit Cam 1887,CAM-38-886,subway_transit,4K,360_degree_dome,active,rtsp://streaming.internal.crimemind.net/live/cam-38-886,"{""fps"": 30, ""night_vision_ir"": true, ""pan_tilt_zoom"": false}",2021-01-01T00:00:00,2021-01-01T00:00:00
0be6c8ef-7f2a-4426-8373-5bba29c73cc2,4ebd9c53-bd57-4e9c-828d-84c14818493c,Midtown Financial Plaza Highway Toll Cam 1888,CAM-38-887,highway_toll,720p,pedestrian_walkway,active,rtsp://streaming.internal.crimemind.net/live/cam-38-887,"{""fps"": 30, ""night_vision_ir"": true, ""pan_tilt_zoom"": true}",2021-01-01T00:00:00,2021-01-01T00:00:00
7c64d0f9-81dd-4429-99ef-0d03bd234d19,18a25ee8-1de5-400e-85b0-24bb0961edfd,Industrial Waterfront & Port Municipal Surveillance Cam 1889,CAM-38-888,municipal_surveillance,1080p,vault_corridor,active,rtsp://streaming.internal.crimemind.net/live/cam-38-888,"{""fps"": 30, ""night_vision_ir"": true, ""pan_tilt_zoom"": false}",2021-01-01T00:00:00,2021-01-01T00:00:00
f928066c-0072-488b-94a3-e79756da5ed7,96ac76fe-a6d3-4587-bbac-0ce472d7a9e8,Northshore Heights Municipal Surveillance Cam 1890,CAM-38-889,municipal_surveillance,1080p,pedestrian_walkway,active,rtsp://streaming.internal.crimemind.net/live/cam-38-889,"{""fps"": 30, ""night_vision_ir"": true, ""pan_tilt_zoom"": false}",2021-01-01T00:00:00,2021-01-01T00:00:00
b3a092dd-ea4b-44cb-8be3-2ac16471c2e4,b5a7b3b8-ac33-4311-92e7-4b92e84da72b,Old Town Heritage Ward Traffic Police Cam 1891,CAM-38-890,traffic_police,1080p,360_degree_dome,active,rtsp://streaming.internal.crimemind.net/live/cam-38-890,"{""fps"": 30, ""night_vision_ir"": true, ""pan_tilt_zoom"": true}",2021-01-01T00:00:00,2021-01-01T00:00:00
bdff2650-0567-4393-a734-5e63385be86e,4022c8bd-adbe-475d-bb27-5bb0f60a7584,West End Suburbs Residential Ring Cam 1892,CAM-38-891,residential_ring,4K,southbound_exit,active,rtsp://streaming.internal.crimemind.net/live/cam-38-891,"{""fps"": 30, ""night_vision_ir"": true, ""pan_tilt_zoom"": false}",2021-01-01T00:00:00,2021-01-01T00:00:00
cc64d4e0-dbab-48fb-8882-16cda1c83a2a,182c962f-0dac-4dee-8aa3-834c6c111423,West End Suburbs Highway Toll Cam 1893,CAM-38-892,highway_toll,720p,northbound_entry,active,rtsp://streaming.internal.crimemind.net/live/cam-38-892,"{""fps"": 30, ""night_vision_ir"": true, ""pan_tilt_zoom"": false}",2021-01-01T00:00:00,2021-01-01T00:00:00
70dbdc38-2cec-474d-a972-7cd064572d83,f690577a-c62c-460d-be73-9e706197196a,Old Town Heritage Ward Municipal Surveillance Cam 1894,CAM-38-893,municipal_surveillance,1080p,vault_corridor,active,rtsp://streaming.internal.crimemind.net/live/cam-38-893,"{""fps"": 30, ""night_vision_ir"": true, ""pan_tilt_zoom"": true}",2021-01-01T00:00:00,2021-01-01T00:00:00
ea207181-dec5-45df-b4b4-4872de8c8a92,30cb6255-bb47-4ab6-a12a-3bb13f33d6af,Old Town Heritage Ward Private Commercial Cam 1895,CAM-38-894,private_commercial,4K,vault_corridor,active,rtsp://streaming.internal.crimemind.net/live/cam-38-894,"{""fps"": 30, ""night_vision_ir"": true, ""pan_tilt_zoom"": false}",2021-01-01T00:00:00,2021-01-01T00:00:00
faf4d114-7365-4b60-bfc3-471c29f4c83a,cd78ca1e-e92f-4775-8a37-2437998aabb0,South Bay Logistics Hub Residential Ring Cam 1896,CAM-38-895,residential_ring,1080p,vault_corridor,active,rtsp://streaming.internal.crimemind.net/live/cam-38-895,"{""fps"": 30, ""night_vision_ir"": true, ""pan_tilt_zoom"": false}",2021-01-01T00:00:00,2021-01-01T00:00:00
6fa14a4f-4f87-4fd2-adb3-010d2ed14645,81ecbb11-522c-4f57-88e8-1644eca9f2b7,Industrial Waterfront & Port Traffic Police Cam 1897,CAM-38-896,traffic_police,1080p,360_degree_dome,active,rtsp://streaming.internal.crimemind.net/live/cam-38-896,"{""fps"": 30, ""night_vision_ir"": true, ""pan_tilt_zoom"": true}",2021-01-01T00:00:00,2021-01-01T00:00:00
b36b1eef-21a0-4a71-95b1-8cae6a7f690b,e65f9937-83ea-4b67-8a06-c63492ff36fc,South Bay Logistics Hub Subway Transit Cam 1898,CAM-38-897,subway_transit,720p,vault_corridor,active,rtsp://streaming.internal.crimemind.net/live/cam-38-897,"{""fps"": 30, ""night_vision_ir"": true, ""pan_tilt_zoom"": false}",2021-01-01T00:00:00,2021-01-01T00:00:00
a73ab9d9-06c7-45b8-8a99-d86fe2afa397,76b23c6b-bac0-4c8f-8f62-b3a0a5d78fe0,Midtown Financial Plaza Highway Toll Cam 1899,CAM-38-898,highway_toll,1080p,vault_corridor,active,rtsp://streaming.internal.crimemind.net/live/cam-38-898,"{""fps"": 30, ""night_vision_ir"": true, ""pan_tilt_zoom"": false}",2021-01-01T00:00:00,2021-01-01T00:00:00
82704d03-46f8-4caa-b257-cbc9b36bbdf4,629c6c82-4fb8-487a-aefb-68b1bc360100,Industrial Waterfront & Port Traffic Police Cam 1900,CAM-38-899,traffic_police,1080p,pedestrian_walkway,active,rtsp://streaming.internal.crimemind.net/live/cam-38-899,"{""fps"": 30, ""night_vision_ir"": true, ""pan_tilt_zoom"": true}",2021-01-01T00:00:00,2021-01-01T00:00:00
c53d8185-166b-400e-b2ff-8ee56e2691aa,e16b0a1d-520e-4131-86c4-03b667bd1bbe,Harbor Point Terminal Subway Transit Cam 1901,CAM-39-900,subway_transit,1080p,southbound_exit,active,rtsp://streaming.internal.crimemind.net/live/cam-39-900,"{""fps"": 30, ""night_vision_ir"": true, ""pan_tilt_zoom"": false}",2021-01-01T00:00:00,2021-01-01T00:00:00
0b42432e-c40a-4857-81b5-b239b3694c63,f056cbe8-3bfc-4a5d-b3ec-76c9af468964,Industrial Waterfront & Port Highway Toll Cam 1902,CAM-39-901,highway_toll,1080p,northbound_entry,active,rtsp://streaming.internal.crimemind.net/live/cam-39-901,"{""fps"": 30, ""night_vision_ir"": true, ""pan_tilt_zoom"": false}",2021-01-01T00:00:00,2021-01-01T00:00:00
fe6bc95b-f9bb-44f1-8ef6-5bc7c9e602ce,cea67950-bbc4-40c6-9659-142e2604cf88,Downtown Commercial District Atm Surveillance Cam 1903,CAM-39-902,atm_surveillance,1080p,northbound_entry,active,rtsp://streaming.internal.crimemind.net/live/cam-39-902,"{""fps"": 30, ""night_vision_ir"": true, ""pan_tilt_zoom"": true}",2021-01-01T00:00:00,2021-01-01T00:00:00
4ef2d40a-fb30-4a88-b794-c682a0db6b19,c5a8ef3b-d04e-4ee1-a5fa-f7c544b03f6f,Industrial Waterfront & Port Residential Ring Cam 1904,CAM-39-903,residential_ring,1080p,360_degree_dome,active,rtsp://streaming.internal.crimemind.net/live/cam-39-903,"{""fps"": 30, ""night_vision_ir"": true, ""pan_tilt_zoom"": false}",2021-01-01T00:00:00,2021-01-01T00:00:00
e776fc37-289e-42fc-a20c-2f5116b54dbf,9b173b01-83d9-4560-8f2e-bebf289a8410,Industrial Waterfront & Port Municipal Surveillance Cam 1905,CAM-39-904,municipal_surveillance,4K,southbound_exit,active,rtsp://streaming.internal.crimemind.net/live/cam-39-904,"{""fps"": 30, ""night_vision_ir"": true, ""pan_tilt_zoom"": false}",2021-01-01T00:00:00,2021-01-01T00:00:00
af9e2117-3222-4edb-bb3b-3535504259bc,168aaf5c-8fec-4c43-b64f-95ecbbf66233,Old Town Heritage Ward Atm Surveillance Cam 1906,CAM-39-905,atm_surveillance,1080p,vault_corridor,active,rtsp://streaming.internal.crimemind.net/live/cam-39-905,"{""fps"": 30, ""night_vision_ir"": true, ""pan_tilt_zoom"": true}",2021-01-01T00:00:00,2021-01-01T00:00:00
69774f8d-7bc7-4faf-a0c5-2fec5ea3a256,98aa5bb2-e062-4ede-81e6-b9fbf9c8b3bb,Eastside Arts Corridor Highway Toll Cam 1907,CAM-39-906,highway_toll,4K,northbound_entry,active,rtsp://streaming.internal.crimemind.net/live/cam-39-906,"{""fps"": 30, ""night_vision_ir"": true, ""pan_tilt_zoom"": false}",2021-01-01T00:00:00,2021-01-01T00:00:00
aae98522-f5e3-4e59-851c-69d12bcb5ef2,a72ffd12-d698-4403-a43e-f4f936447702,South Bay Logistics Hub Municipal Surveillance Cam 1908,CAM-39-907,municipal_surveillance,4K,360_degree_dome,active,rtsp://streaming.internal.crimemind.net/live/cam-39-907,"{""fps"": 30, ""night_vision_ir"": true, ""pan_tilt_zoom"": false}",2021-01-01T00:00:00,2021-01-01T00:00:00
79ac9a9d-0033-4d25-8902-55ff60617dc4,e23fc38b-4c4f-41e2-b5e4-410262e93638,South Bay Logistics Hub Municipal Surveillance Cam 1909,CAM-39-908,municipal_surveillance,720p,360_degree_dome,active,rtsp://streaming.internal.crimemind.net/live/cam-39-908,"{""fps"": 30, ""night_vision_ir"": true, ""pan_tilt_zoom"": true}",2021-01-01T00:00:00,2021-01-01T00:00:00
cb55983f-1854-4ac0-875f-c8c57389cb91,8a597ea0-7538-4ae0-a4f1-a9fd0ede4952,Eastside Arts Corridor Residential Ring Cam 1910,CAM-39-909,residential_ring,4K,vault_corridor,active,rtsp://streaming.internal.crimemind.net/live/cam-39-909,"{""fps"": 30, ""night_vision_ir"": true, ""pan_tilt_zoom"": false}",2021-01-01T00:00:00,2021-01-01T00:00:00
b6d22e7f-f557-4c4a-90a2-7c5d17322769,8ed58eef-bc61-431c-9afd-4ede4bf1836f,Industrial Waterfront & Port Traffic Police Cam 1911,CAM-39-910,traffic_police,1080p,pedestrian_walkway,active,rtsp://streaming.internal.crimemind.net/live/cam-39-910,"{""fps"": 30, ""night_vision_ir"": true, ""pan_tilt_zoom"": false}",2021-01-01T00:00:00,2021-01-01T00:00:00
47ca527e-7d5d-4676-9a3f-b8a86a01ee12,4b1ab7b5-26c6-4b29-822a-536ff9bb9616,Old Town Heritage Ward Residential Ring Cam 1912,CAM-39-911,residential_ring,720p,vault_corridor,active,rtsp://streaming.internal.crimemind.net/live/cam-39-911,"{""fps"": 30, ""night_vision_ir"": true, ""pan_tilt_zoom"": true}",2021-01-01T00:00:00,2021-01-01T00:00:00
bd9c9b93-612b-46e2-b7c5-3cee08f68ae1,c2d130a1-0020-46c1-9de8-4487d89bacf1,Industrial Waterfront & Port Traffic Police Cam 1913,CAM-39-912,traffic_police,4K,southbound_exit,active,rtsp://streaming.internal.crimemind.net/live/cam-39-912,"{""fps"": 30, ""night_vision_ir"": true, ""pan_tilt_zoom"": false}",2021-01-01T00:00:00,2021-01-01T00:00:00
d9543e52-81c2-4681-8d8c-6a1d02075951,b586b8b3-7c76-422f-972c-b76b86288d6e,Old Town Heritage Ward Private Commercial Cam 1914,CAM-39-913,private_commercial,1080p,southbound_exit,maintenance,rtsp://streaming.internal.crimemind.net/live/cam-39-913,"{""fps"": 30, ""night_vision_ir"": true, ""pan_tilt_zoom"": false}",2021-01-01T00:00:00,2021-01-01T00:00:00
63c05115-7ffe-4ba4-8efd-79155c79f7a6,78971d05-debb-44a6-9c2d-b6d91580e8ca,South Bay Logistics Hub Highway Toll Cam 1915,CAM-39-914,highway_toll,1080p,northbound_entry,active,rtsp://streaming.internal.crimemind.net/live/cam-39-914,"{""fps"": 30, ""night_vision_ir"": true, ""pan_tilt_zoom"": true}",2021-01-01T00:00:00,2021-01-01T00:00:00
0d18db6b-1b74-4ba1-b0c2-fd29df48d7a9,60dbbae9-f93e-424c-a6ed-7ab34f6c0390,South Bay Logistics Hub Municipal Surveillance Cam 1916,CAM-39-915,municipal_surveillance,4K,360_degree_dome,active,rtsp://streaming.internal.crimemind.net/live/cam-39-915,"{""fps"": 30, ""night_vision_ir"": true, ""pan_tilt_zoom"": false}",2021-01-01T00:00:00,2021-01-01T00:00:00
dfb71be3-0053-4a8e-946b-e51ab2376bc8,5323cfb9-d5f1-416e-b4b7-cace0622b3cc,Eastside Arts Corridor Residential Ring Cam 1917,CAM-39-916,residential_ring,720p,vault_corridor,active,rtsp://streaming.internal.crimemind.net/live/cam-39-916,"{""fps"": 30, ""night_vision_ir"": true, ""pan_tilt_zoom"": false}",2021-01-01T00:00:00,2021-01-01T00:00:00
442da42c-bb55-49d1-9371-f5cd5ca15b7e,3e5471bc-20ba-4932-a398-9b0e7f7cab03,Harbor Point Terminal Private Commercial Cam 1918,CAM-39-917,private_commercial,720p,southbound_exit,active,rtsp://streaming.internal.crimemind.net/live/cam-39-917,"{""fps"": 30, ""night_vision_ir"": true, ""pan_tilt_zoom"": true}",2021-01-01T00:00:00,2021-01-01T00:00:00
ec3c480d-6c4e-4d8d-9f7a-058a301f9e1b,d936d6f9-9f55-4c4d-9556-cca6344413f2,Downtown Commercial District Residential Ring Cam 1919,CAM-39-918,residential_ring,1080p,southbound_exit,active,rtsp://streaming.internal.crimemind.net/live/cam-39-918,"{""fps"": 30, ""night_vision_ir"": true, ""pan_tilt_zoom"": false}",2021-01-01T00:00:00,2021-01-01T00:00:00
41a0fc5a-4f7c-4aab-b4d1-7548a2962893,19550cff-6e2d-4d2e-aa4f-d284423ef3c8,Silver Lake Tech Park Traffic Police Cam 1920,CAM-39-919,traffic_police,1080p,pedestrian_walkway,active,rtsp://streaming.internal.crimemind.net/live/cam-39-919,"{""fps"": 30, ""night_vision_ir"": true, ""pan_tilt_zoom"": false}",2021-01-01T00:00:00,2021-01-01T00:00:00
bb56d522-23eb-4b59-aa0a-aa1dbd7b2041,165deef0-afaa-466d-b5f7-ec108f29b67a,Midtown Financial Plaza Highway Toll Cam 1921,CAM-39-920,highway_toll,1080p,pedestrian_walkway,active,rtsp://streaming.internal.crimemind.net/live/cam-39-920,"{""fps"": 30, ""night_vision_ir"": true, ""pan_tilt_zoom"": true}",2021-01-01T00:00:00,2021-01-01T00:00:00
f478a29e-4776-491d-83c4-3908783d807e,da89ae6c-0d25-4eb5-8b9a-d501efd44687,West End Suburbs Municipal Surveillance Cam 1922,CAM-39-921,municipal_surveillance,1080p,360_degree_dome,active,rtsp://streaming.internal.crimemind.net/live/cam-39-921,"{""fps"": 30, ""night_vision_ir"": true, ""pan_tilt_zoom"": false}",2021-01-01T00:00:00,2021-01-01T00:00:00
8cf57f97-01e7-40e1-bebf-f3503c42e13c,91c4f57d-5201-4210-891e-a449b46701b3,Silver Lake Tech Park Municipal Surveillance Cam 1923,CAM-39-922,municipal_surveillance,1080p,northbound_entry,active,rtsp://streaming.internal.crimemind.net/live/cam-39-922,"{""fps"": 30, ""night_vision_ir"": true, ""pan_tilt_zoom"": false}",2021-01-01T00:00:00,2021-01-01T00:00:00
ee9bc352-8d3f-4c5d-9786-8a33d39353d6,5033f291-0e77-47cf-9109-e43f9e0912f3,Industrial Waterfront & Port Atm Surveillance Cam 1924,CAM-39-923,atm_surveillance,4K,360_degree_dome,active,rtsp://streaming.internal.crimemind.net/live/cam-39-923,"{""fps"": 30, ""night_vision_ir"": true, ""pan_tilt_zoom"": true}",2021-01-01T00:00:00,2021-01-01T00:00:00
1198ff12-6a62-4ee5-85d5-cde296ef6e42,35323ddf-26f0-40e7-a0e7-8a4cf64800cb,Midtown Financial Plaza Highway Toll Cam 1925,CAM-39-924,highway_toll,1080p,pedestrian_walkway,active,rtsp://streaming.internal.crimemind.net/live/cam-39-924,"{""fps"": 30, ""night_vision_ir"": true, ""pan_tilt_zoom"": false}",2021-01-01T00:00:00,2021-01-01T00:00:00
3eb7c236-31b0-4691-96a8-bcc5572aa690,a3cac6b5-39cc-4ebd-b828-c2f60561339d,Eastside Arts Corridor Municipal Surveillance Cam 1926,CAM-39-925,municipal_surveillance,1080p,vault_corridor,active,rtsp://streaming.internal.crimemind.net/live/cam-39-925,"{""fps"": 30, ""night_vision_ir"": true, ""pan_tilt_zoom"": false}",2021-01-01T00:00:00,2021-01-01T00:00:00
5e342c09-d9ba-4e97-9e97-c840948cc9d1,2448d0e3-a852-4ffa-9eda-9134b08129cd,Silver Lake Tech Park Residential Ring Cam 1927,CAM-39-926,residential_ring,1080p,northbound_entry,active,rtsp://streaming.internal.crimemind.net/live/cam-39-926,"{""fps"": 30, ""night_vision_ir"": true, ""pan_tilt_zoom"": true}",2021-01-01T00:00:00,2021-01-01T00:00:00
e0d22db8-ad07-4f63-bf13-81f29a8337d7,743f4a74-8c65-431c-859a-b601a2b21e27,Northshore Heights Private Commercial Cam 1928,CAM-39-927,private_commercial,1080p,pedestrian_walkway,active,rtsp://streaming.internal.crimemind.net/live/cam-39-927,"{""fps"": 30, ""night_vision_ir"": true, ""pan_tilt_zoom"": false}",2021-01-01T00:00:00,2021-01-01T00:00:00
8704302c-1050-41ba-84cc-d2aaf4f64ec3,f32122b0-99e9-4e28-908e-d9d6cf177e7c,Silver Lake Tech Park Municipal Surveillance Cam 1929,CAM-39-928,municipal_surveillance,720p,pedestrian_walkway,active,rtsp://streaming.internal.crimemind.net/live/cam-39-928,"{""fps"": 30, ""night_vision_ir"": true, ""pan_tilt_zoom"": false}",2021-01-01T00:00:00,2021-01-01T00:00:00
ee5e49fa-9a04-44b1-af1d-cf2d67a73f45,9ff57b86-6536-4b0f-9e3e-20188aea7f12,South Bay Logistics Hub Residential Ring Cam 1930,CAM-39-929,residential_ring,4K,southbound_exit,active,rtsp://streaming.internal.crimemind.net/live/cam-39-929,"{""fps"": 30, ""night_vision_ir"": true, ""pan_tilt_zoom"": true}",2021-01-01T00:00:00,2021-01-01T00:00:00
a9df7a85-5dc9-4b89-a5f8-c7f4c360728b,71774b8a-77c8-43c4-b5f6-1ea3907cb199,South Bay Logistics Hub Highway Toll Cam 1931,CAM-39-930,highway_toll,1080p,southbound_exit,maintenance,rtsp://streaming.internal.crimemind.net/live/cam-39-930,"{""fps"": 30, ""night_vision_ir"": true, ""pan_tilt_zoom"": false}",2021-01-01T00:00:00,2021-01-01T00:00:00
f89bbc9d-af12-437f-88d2-0bd3d24f7872,1020c4b7-55c2-4a49-af2a-0cb0f865b162,Northshore Heights Residential Ring Cam 1932,CAM-39-931,residential_ring,1080p,northbound_entry,active,rtsp://streaming.internal.crimemind.net/live/cam-39-931,"{""fps"": 30, ""night_vision_ir"": true, ""pan_tilt_zoom"": false}",2021-01-01T00:00:00,2021-01-01T00:00:00
11e8c512-479c-41f1-91d8-b746411a3398,46dbc3f5-4e69-4eb8-a256-2ff2c6e4066c,Northshore Heights Municipal Surveillance Cam 1933,CAM-39-932,municipal_surveillance,4K,360_degree_dome,active,rtsp://streaming.internal.crimemind.net/live/cam-39-932,"{""fps"": 30, ""night_vision_ir"": true, ""pan_tilt_zoom"": true}",2021-01-01T00:00:00,2021-01-01T00:00:00
5bd23d68-df42-4978-8906-2234f1961dd5,8d6da22d-8205-4d82-96d7-c7e708b15d5f,Downtown Commercial District Traffic Police Cam 1934,CAM-39-933,traffic_police,1080p,vault_corridor,active,rtsp://streaming.internal.crimemind.net/live/cam-39-933,"{""fps"": 30, ""night_vision_ir"": true, ""pan_tilt_zoom"": false}",2021-01-01T00:00:00,2021-01-01T00:00:00
0060bc54-06a6-4bf8-93f8-fe5a7b32ba2d,0ffd516f-a045-467a-9b9e-ded290e32060,Silver Lake Tech Park Residential Ring Cam 1935,CAM-39-934,residential_ring,720p,pedestrian_walkway,active,rtsp://streaming.internal.crimemind.net/live/cam-39-934,"{""fps"": 30, ""night_vision_ir"": true, ""pan_tilt_zoom"": false}",2021-01-01T00:00:00,2021-01-01T00:00:00
6a64d895-82fd-4232-ac1b-9eced6c1d9b9,a4aced81-e56a-40d2-bff0-7a97e6e17f79,Harbor Point Terminal Municipal Surveillance Cam 1936,CAM-39-935,municipal_surveillance,4K,360_degree_dome,active,rtsp://streaming.internal.crimemind.net/live/cam-39-935,"{""fps"": 30, ""night_vision_ir"": true, ""pan_tilt_zoom"": true}",2021-01-01T00:00:00,2021-01-01T00:00:00
cd6ef437-1069-40df-b286-121426794f7c,8d5941ff-e026-44c1-822b-e626edb45447,Midtown Financial Plaza Traffic Police Cam 1937,CAM-39-936,traffic_police,4K,vault_corridor,active,rtsp://streaming.internal.crimemind.net/live/cam-39-936,"{""fps"": 30, ""night_vision_ir"": true, ""pan_tilt_zoom"": false}",2021-01-01T00:00:00,2021-01-01T00:00:00
4a6a0180-13a7-4c8c-8987-72f3c7a76c9a,afe70f3d-5456-48a9-b4c1-1e21a91a8884,Northshore Heights Private Commercial Cam 1938,CAM-39-937,private_commercial,720p,pedestrian_walkway,active,rtsp://streaming.internal.crimemind.net/live/cam-39-937,"{""fps"": 30, ""night_vision_ir"": true, ""pan_tilt_zoom"": false}",2021-01-01T00:00:00,2021-01-01T00:00:00
c0f465bc-056c-4b9b-a573-3083125cf11b,cbda2c89-e893-4071-85d3-a996866aeb62,West End Suburbs Municipal Surveillance Cam 1939,CAM-39-938,municipal_surveillance,1080p,vault_corridor,active,rtsp://streaming.internal.crimemind.net/live/cam-39-938,"{""fps"": 30, ""night_vision_ir"": true, ""pan_tilt_zoom"": true}",2021-01-01T00:00:00,2021-01-01T00:00:00
1e8cd3d8-a055-4856-a334-0160a8edf4e3,0b024afd-6db4-40bd-9f2c-916f3845de22,Industrial Waterfront & Port Highway Toll Cam 1940,CAM-39-939,highway_toll,4K,pedestrian_walkway,active,rtsp://streaming.internal.crimemind.net/live/cam-39-939,"{""fps"": 30, ""night_vision_ir"": true, ""pan_tilt_zoom"": false}",2021-01-01T00:00:00,2021-01-01T00:00:00
4538b1e9-1b86-44b4-b2ab-fa9147b6bf3b,cc0125bb-1144-4f56-8476-724551a4a2b6,Silver Lake Tech Park Private Commercial Cam 1941,CAM-39-940,private_commercial,720p,pedestrian_walkway,active,rtsp://streaming.internal.crimemind.net/live/cam-39-940,"{""fps"": 30, ""night_vision_ir"": true, ""pan_tilt_zoom"": false}",2021-01-01T00:00:00,2021-01-01T00:00:00
99bec4fa-581d-4ec6-82d8-38de66d701a4,22080229-fb34-4a26-bf23-28ec48da9cd9,West End Suburbs Private Commercial Cam 1942,CAM-39-941,private_commercial,1080p,360_degree_dome,active,rtsp://streaming.internal.crimemind.net/live/cam-39-941,"{""fps"": 30, ""night_vision_ir"": true, ""pan_tilt_zoom"": true}",2021-01-01T00:00:00,2021-01-01T00:00:00
83893cca-a2d3-4031-adf1-2d016c9282e0,cd0202e0-4086-47f9-9b93-f5c8dc2a84ee,Northshore Heights Residential Ring Cam 1943,CAM-39-942,residential_ring,720p,pedestrian_walkway,active,rtsp://streaming.internal.crimemind.net/live/cam-39-942,"{""fps"": 30, ""night_vision_ir"": true, ""pan_tilt_zoom"": false}",2021-01-01T00:00:00,2021-01-01T00:00:00
35503fa3-e74e-44ea-a1ed-5c1e9271ff71,81582aea-2d0c-4038-9060-359a696e29ec,Downtown Commercial District Municipal Surveillance Cam 1944,CAM-39-943,municipal_surveillance,1080p,southbound_exit,active,rtsp://streaming.internal.crimemind.net/live/cam-39-943,"{""fps"": 30, ""night_vision_ir"": true, ""pan_tilt_zoom"": false}",2021-01-01T00:00:00,2021-01-01T00:00:00
2deb2b45-e240-44ff-84a5-ffdbf016c3b9,417b31aa-4d0b-4aa9-a719-4f950b20488c,Harbor Point Terminal Highway Toll Cam 1945,CAM-39-944,highway_toll,1080p,vault_corridor,active,rtsp://streaming.internal.crimemind.net/live/cam-39-944,"{""fps"": 30, ""night_vision_ir"": true, ""pan_tilt_zoom"": true}",2021-01-01T00:00:00,2021-01-01T00:00:00
e8942e97-6131-4c88-bec5-825814b7242b,20593c7e-e4cc-46f2-b1bf-6074c39087f4,Industrial Waterfront & Port Atm Surveillance Cam 1946,CAM-39-945,atm_surveillance,1080p,southbound_exit,active,rtsp://streaming.internal.crimemind.net/live/cam-39-945,"{""fps"": 30, ""night_vision_ir"": true, ""pan_tilt_zoom"": false}",2021-01-01T00:00:00,2021-01-01T00:00:00
3eb39566-3652-429b-b13f-0ae947763c26,6c9a8aea-f4a6-48a8-b4e9-cc0543ceabf2,Northshore Heights Private Commercial Cam 1947,CAM-39-946,private_commercial,4K,360_degree_dome,active,rtsp://streaming.internal.crimemind.net/live/cam-39-946,"{""fps"": 30, ""night_vision_ir"": true, ""pan_tilt_zoom"": false}",2021-01-01T00:00:00,2021-01-01T00:00:00
e29d5951-7d75-4b2c-8ceb-ae6b9e16c952,6ac944d2-1766-44e4-ac3b-00eb4a2b5cbc,Midtown Financial Plaza Municipal Surveillance Cam 1948,CAM-39-947,municipal_surveillance,1080p,vault_corridor,active,rtsp://streaming.internal.crimemind.net/live/cam-39-947,"{""fps"": 30, ""night_vision_ir"": true, ""pan_tilt_zoom"": true}",2021-01-01T00:00:00,2021-01-01T00:00:00
8abf3424-795e-4144-b544-deb875c3ec59,5b40a2d3-72a3-44b8-9226-72a41b2f619b,Industrial Waterfront & Port Highway Toll Cam 1949,CAM-39-948,highway_toll,720p,northbound_entry,active,rtsp://streaming.internal.crimemind.net/live/cam-39-948,"{""fps"": 30, ""night_vision_ir"": true, ""pan_tilt_zoom"": false}",2021-01-01T00:00:00,2021-01-01T00:00:00
86a43fa6-3f14-48cd-9cbd-9065d3d2f8d0,65fe16d2-dab4-4e9c-8e7c-e4f222206d3d,Harbor Point Terminal Residential Ring Cam 1950,CAM-39-949,residential_ring,720p,360_degree_dome,active,rtsp://streaming.internal.crimemind.net/live/cam-39-949,"{""fps"": 30, ""night_vision_ir"": true, ""pan_tilt_zoom"": false}",2021-01-01T00:00:00,2021-01-01T00:00:00
ccd4fe2b-c786-4f12-8c05-133913a2a11a,2ceda3b8-acd5-4b88-a47e-cf0b7e2bc11b,Midtown Financial Plaza Atm Surveillance Cam 1951,CAM-40-950,atm_surveillance,1080p,360_degree_dome,active,rtsp://streaming.internal.crimemind.net/live/cam-40-950,"{""fps"": 30, ""night_vision_ir"": true, ""pan_tilt_zoom"": true}",2021-01-01T00:00:00,2021-01-01T00:00:00
8378faa9-e428-4ea0-9676-05ad94691863,2ceda3b8-acd5-4b88-a47e-cf0b7e2bc11b,Midtown Financial Plaza Municipal Surveillance Cam 1952,CAM-40-951,municipal_surveillance,4K,northbound_entry,active,rtsp://streaming.internal.crimemind.net/live/cam-40-951,"{""fps"": 30, ""night_vision_ir"": true, ""pan_tilt_zoom"": false}",2021-01-01T00:00:00,2021-01-01T00:00:00
25d86512-2b66-4d6e-b953-0b413da3e0c0,342c67d2-57a0-4415-b78d-1bf50dbf9cb1,Old Town Heritage Ward Residential Ring Cam 1953,CAM-40-952,residential_ring,720p,vault_corridor,active,rtsp://streaming.internal.crimemind.net/live/cam-40-952,"{""fps"": 30, ""night_vision_ir"": true, ""pan_tilt_zoom"": false}",2021-01-01T00:00:00,2021-01-01T00:00:00
431fb27b-579c-4a32-b1d6-2a2f59d41966,ef742a83-3254-4adc-8e4a-8c7d4bffa600,Downtown Commercial District Highway Toll Cam 1954,CAM-40-953,highway_toll,4K,southbound_exit,active,rtsp://streaming.internal.crimemind.net/live/cam-40-953,"{""fps"": 30, ""night_vision_ir"": true, ""pan_tilt_zoom"": true}",2021-01-01T00:00:00,2021-01-01T00:00:00
8a43f692-3f41-4b76-a60d-e82795acff90,639ee1bb-8f44-459a-bd87-a8d21d6203f9,Northshore Heights Subway Transit Cam 1955,CAM-40-954,subway_transit,1080p,vault_corridor,active,rtsp://streaming.internal.crimemind.net/live/cam-40-954,"{""fps"": 30, ""night_vision_ir"": true, ""pan_tilt_zoom"": false}",2021-01-01T00:00:00,2021-01-01T00:00:00
b1848f73-ce7b-42f8-b6c8-fa347cf4d785,3880b399-ecd8-479d-9673-824c64510044,Midtown Financial Plaza Atm Surveillance Cam 1956,CAM-40-955,atm_surveillance,720p,360_degree_dome,active,rtsp://streaming.internal.crimemind.net/live/cam-40-955,"{""fps"": 30, ""night_vision_ir"": true, ""pan_tilt_zoom"": false}",2021-01-01T00:00:00,2021-01-01T00:00:00
adf30570-4d70-4e2f-be13-1a8aaa139c67,62fa468f-5765-49fa-a1e1-bf8e7c8d7a5e,Harbor Point Terminal Traffic Police Cam 1957,CAM-40-956,traffic_police,720p,northbound_entry,active,rtsp://streaming.internal.crimemind.net/live/cam-40-956,"{""fps"": 30, ""night_vision_ir"": true, ""pan_tilt_zoom"": true}",2021-01-01T00:00:00,2021-01-01T00:00:00
4c90de47-d1d8-4d77-a4af-6154efe965b0,019dbaf8-6f53-4ff4-904e-58cbe6a632a4,Industrial Waterfront & Port Municipal Surveillance Cam 1958,CAM-40-957,municipal_surveillance,720p,vault_corridor,active,rtsp://streaming.internal.crimemind.net/live/cam-40-957,"{""fps"": 30, ""night_vision_ir"": true, ""pan_tilt_zoom"": false}",2021-01-01T00:00:00,2021-01-01T00:00:00
b8d75d88-8e9a-41d1-8b82-838e4f175745,34209fbc-ce98-48dd-8eac-b9faa3f59956,South Bay Logistics Hub Municipal Surveillance Cam 1959,CAM-40-958,municipal_surveillance,720p,360_degree_dome,active,rtsp://streaming.internal.crimemind.net/live/cam-40-958,"{""fps"": 30, ""night_vision_ir"": true, ""pan_tilt_zoom"": false}",2021-01-01T00:00:00,2021-01-01T00:00:00
5e017a9f-8d37-4cb7-b967-f1b6513d749d,032462ee-985b-419f-ae68-87a557c7f157,Old Town Heritage Ward Subway Transit Cam 1960,CAM-40-959,subway_transit,1080p,360_degree_dome,active,rtsp://streaming.internal.crimemind.net/live/cam-40-959,"{""fps"": 30, ""night_vision_ir"": true, ""pan_tilt_zoom"": true}",2021-01-01T00:00:00,2021-01-01T00:00:00
6bd06fbd-0653-467a-aef5-93bdf1e179ee,a2d27fcd-9fe6-4776-87a7-f691d671ff26,Harbor Point Terminal Highway Toll Cam 1961,CAM-40-960,highway_toll,1080p,northbound_entry,active,rtsp://streaming.internal.crimemind.net/live/cam-40-960,"{""fps"": 30, ""night_vision_ir"": true, ""pan_tilt_zoom"": false}",2021-01-01T00:00:00,2021-01-01T00:00:00
64716d6e-af59-4291-beeb-72ca77337f77,4b66084f-450b-4bf7-9ef9-95086a92abed,Midtown Financial Plaza Atm Surveillance Cam 1962,CAM-40-961,atm_surveillance,720p,northbound_entry,active,rtsp://streaming.internal.crimemind.net/live/cam-40-961,"{""fps"": 30, ""night_vision_ir"": true, ""pan_tilt_zoom"": false}",2021-01-01T00:00:00,2021-01-01T00:00:00
f73d54e0-721b-4ba5-8987-8747ad156172,eeabd89f-179e-4048-9a7d-569e3e41c74c,Northshore Heights Residential Ring Cam 1963,CAM-40-962,residential_ring,1080p,vault_corridor,active,rtsp://streaming.internal.crimemind.net/live/cam-40-962,"{""fps"": 30, ""night_vision_ir"": true, ""pan_tilt_zoom"": true}",2021-01-01T00:00:00,2021-01-01T00:00:00
1dc17196-a59b-422f-a331-dc4a1226661d,e279c52e-2b3e-4f6e-8d7f-dd5110510741,Silver Lake Tech Park Subway Transit Cam 1964,CAM-40-963,subway_transit,1080p,360_degree_dome,offline,rtsp://streaming.internal.crimemind.net/live/cam-40-963,"{""fps"": 30, ""night_vision_ir"": true, ""pan_tilt_zoom"": false}",2021-01-01T00:00:00,2021-01-01T00:00:00
92f5539e-f579-46f2-a037-b5612b64a3c7,4b59af74-b3ee-4f6b-bf16-6112ab45dfc8,Harbor Point Terminal Private Commercial Cam 1965,CAM-40-964,private_commercial,1080p,vault_corridor,active,rtsp://streaming.internal.crimemind.net/live/cam-40-964,"{""fps"": 30, ""night_vision_ir"": true, ""pan_tilt_zoom"": false}",2021-01-01T00:00:00,2021-01-01T00:00:00
2156427a-9644-4f30-a65c-e4a17006760d,f6a31ba2-c4ef-4e53-873d-4ba03a2dd9de,Eastside Arts Corridor Residential Ring Cam 1966,CAM-40-965,residential_ring,1080p,vault_corridor,active,rtsp://streaming.internal.crimemind.net/live/cam-40-965,"{""fps"": 30, ""night_vision_ir"": true, ""pan_tilt_zoom"": true}",2021-01-01T00:00:00,2021-01-01T00:00:00
3c73dede-4376-45db-8475-ff00d1717523,ef742a83-3254-4adc-8e4a-8c7d4bffa600,Downtown Commercial District Atm Surveillance Cam 1967,CAM-40-966,atm_surveillance,720p,vault_corridor,active,rtsp://streaming.internal.crimemind.net/live/cam-40-966,"{""fps"": 30, ""night_vision_ir"": true, ""pan_tilt_zoom"": false}",2021-01-01T00:00:00,2021-01-01T00:00:00
09107d60-44d8-47c6-ad11-c940f26aea41,4c3c22c0-fa8c-4226-8634-722b6e34d589,Silver Lake Tech Park Atm Surveillance Cam 1968,CAM-40-967,atm_surveillance,4K,360_degree_dome,active,rtsp://streaming.internal.crimemind.net/live/cam-40-967,"{""fps"": 30, ""night_vision_ir"": true, ""pan_tilt_zoom"": false}",2021-01-01T00:00:00,2021-01-01T00:00:00
92816803-63c4-4a24-baa5-d1e58258d2fb,a72ffd12-d698-4403-a43e-f4f936447702,South Bay Logistics Hub Atm Surveillance Cam 1969,CAM-40-968,atm_surveillance,1080p,pedestrian_walkway,active,rtsp://streaming.internal.crimemind.net/live/cam-40-968,"{""fps"": 30, ""night_vision_ir"": true, ""pan_tilt_zoom"": true}",2021-01-01T00:00:00,2021-01-01T00:00:00
c84166bc-14c5-456a-a8fa-d1be56d8a658,9ccf7b92-ec8c-4291-a80a-ec21be42823b,Silver Lake Tech Park Subway Transit Cam 1970,CAM-40-969,subway_transit,1080p,northbound_entry,active,rtsp://streaming.internal.crimemind.net/live/cam-40-969,"{""fps"": 30, ""night_vision_ir"": true, ""pan_tilt_zoom"": false}",2021-01-01T00:00:00,2021-01-01T00:00:00
3d9ffd28-98bc-471e-99ea-821829e1c469,30cb6255-bb47-4ab6-a12a-3bb13f33d6af,Old Town Heritage Ward Atm Surveillance Cam 1971,CAM-40-970,atm_surveillance,1080p,southbound_exit,active,rtsp://streaming.internal.crimemind.net/live/cam-40-970,"{""fps"": 30, ""night_vision_ir"": true, ""pan_tilt_zoom"": false}",2021-01-01T00:00:00,2021-01-01T00:00:00
851d1244-bc58-4321-b630-edc099829815,343db96c-9d38-42c1-97ff-4c525245026a,Eastside Arts Corridor Highway Toll Cam 1972,CAM-40-971,highway_toll,1080p,northbound_entry,active,rtsp://streaming.internal.crimemind.net/live/cam-40-971,"{""fps"": 30, ""night_vision_ir"": true, ""pan_tilt_zoom"": true}",2021-01-01T00:00:00,2021-01-01T00:00:00
e7c6d1c0-174c-415d-86f4-f7d4a8f080ec,4aea7cc7-0cbd-4082-a21c-1f62dd840757,Silver Lake Tech Park Subway Transit Cam 1973,CAM-40-972,subway_transit,1080p,northbound_entry,active,rtsp://streaming.internal.crimemind.net/live/cam-40-972,"{""fps"": 30, ""night_vision_ir"": true, ""pan_tilt_zoom"": false}",2021-01-01T00:00:00,2021-01-01T00:00:00
96ebd5d9-2124-4801-af7c-f31d79786afa,481bcf75-289c-446b-8f59-92916f06f905,Midtown Financial Plaza Atm Surveillance Cam 1974,CAM-40-973,atm_surveillance,4K,pedestrian_walkway,active,rtsp://streaming.internal.crimemind.net/live/cam-40-973,"{""fps"": 30, ""night_vision_ir"": true, ""pan_tilt_zoom"": false}",2021-01-01T00:00:00,2021-01-01T00:00:00
d5da3bc0-3d9c-4e91-a0e9-e7df1f2fe890,d515b932-d77e-4e28-8c41-3407f65a4862,Downtown Commercial District Atm Surveillance Cam 1975,CAM-40-974,atm_surveillance,720p,360_degree_dome,active,rtsp://streaming.internal.crimemind.net/live/cam-40-974,"{""fps"": 30, ""night_vision_ir"": true, ""pan_tilt_zoom"": true}",2021-01-01T00:00:00,2021-01-01T00:00:00
f6ac4589-1507-4f24-b47c-407eb6bd67ae,dfc0b267-6bbf-4c1c-a5e7-b682879527a0,Industrial Waterfront & Port Traffic Police Cam 1976,CAM-40-975,traffic_police,1080p,southbound_exit,active,rtsp://streaming.internal.crimemind.net/live/cam-40-975,"{""fps"": 30, ""night_vision_ir"": true, ""pan_tilt_zoom"": false}",2021-01-01T00:00:00,2021-01-01T00:00:00
dfe5ac81-f5fa-40c2-88a5-929007ea2e83,a75263e3-ac25-4cc3-bcff-3a9024401f32,Silver Lake Tech Park Highway Toll Cam 1977,CAM-40-976,highway_toll,720p,360_degree_dome,active,rtsp://streaming.internal.crimemind.net/live/cam-40-976,"{""fps"": 30, ""night_vision_ir"": true, ""pan_tilt_zoom"": false}",2021-01-01T00:00:00,2021-01-01T00:00:00
d8cbe764-16e2-4932-8635-8953c453eaa6,86936087-e19b-40c3-9e03-361b246251b6,Silver Lake Tech Park Residential Ring Cam 1978,CAM-40-977,residential_ring,4K,northbound_entry,active,rtsp://streaming.internal.crimemind.net/live/cam-40-977,"{""fps"": 30, ""night_vision_ir"": true, ""pan_tilt_zoom"": true}",2021-01-01T00:00:00,2021-01-01T00:00:00
c88d0d3b-1d84-42ec-b3c5-41995aa6c6b4,64a7d431-2f0b-4f0b-b167-825c8b252c3e,Midtown Financial Plaza Atm Surveillance Cam 1979,CAM-40-978,atm_surveillance,4K,southbound_exit,active,rtsp://streaming.internal.crimemind.net/live/cam-40-978,"{""fps"": 30, ""night_vision_ir"": true, ""pan_tilt_zoom"": false}",2021-01-01T00:00:00,2021-01-01T00:00:00
9164d95d-5701-4cbd-ada1-33c19bb14087,71f79e55-30f2-4da4-a865-bb1052b54215,Old Town Heritage Ward Municipal Surveillance Cam 1980,CAM-40-979,municipal_surveillance,720p,vault_corridor,active,rtsp://streaming.internal.crimemind.net/live/cam-40-979,"{""fps"": 30, ""night_vision_ir"": true, ""pan_tilt_zoom"": false}",2021-01-01T00:00:00,2021-01-01T00:00:00
48b8e68d-6c49-4683-bf7c-b9a8a12f655e,daefcb8b-1951-455f-99b5-37607132513c,Old Town Heritage Ward Traffic Police Cam 1981,CAM-40-980,traffic_police,1080p,360_degree_dome,active,rtsp://streaming.internal.crimemind.net/live/cam-40-980,"{""fps"": 30, ""night_vision_ir"": true, ""pan_tilt_zoom"": true}",2021-01-01T00:00:00,2021-01-01T00:00:00
d258a052-bbe9-4225-8a6e-5b164de5070c,3c4daf85-ffe9-46b0-8993-9f84ce6e00a1,Eastside Arts Corridor Subway Transit Cam 1982,CAM-40-981,subway_transit,1080p,vault_corridor,active,rtsp://streaming.internal.crimemind.net/live/cam-40-981,"{""fps"": 30, ""night_vision_ir"": true, ""pan_tilt_zoom"": false}",2021-01-01T00:00:00,2021-01-01T00:00:00
1d7e291a-1d1a-4a8d-865c-7b69c2cf57b7,e5809c09-8423-4a5d-a025-75e795b61d5c,Harbor Point Terminal Traffic Police Cam 1983,CAM-40-982,traffic_police,1080p,vault_corridor,active,rtsp://streaming.internal.crimemind.net/live/cam-40-982,"{""fps"": 30, ""night_vision_ir"": true, ""pan_tilt_zoom"": false}",2021-01-01T00:00:00,2021-01-01T00:00:00
d95b62dc-40ea-4134-903c-ba13354994df,89298228-6851-45be-9364-d19a79e9099e,South Bay Logistics Hub Residential Ring Cam 1984,CAM-40-983,residential_ring,1080p,northbound_entry,active,rtsp://streaming.internal.crimemind.net/live/cam-40-983,"{""fps"": 30, ""night_vision_ir"": true, ""pan_tilt_zoom"": true}",2021-01-01T00:00:00,2021-01-01T00:00:00
3372505a-656e-4fcd-b596-3eb5300c03e8,4c3c22c0-fa8c-4226-8634-722b6e34d589,Silver Lake Tech Park Traffic Police Cam 1985,CAM-40-984,traffic_police,1080p,360_degree_dome,active,rtsp://streaming.internal.crimemind.net/live/cam-40-984,"{""fps"": 30, ""night_vision_ir"": true, ""pan_tilt_zoom"": false}",2021-01-01T00:00:00,2021-01-01T00:00:00
116bc487-4d99-44be-8fda-de3c8111891e,a51b6392-1221-4ea5-8306-222fec4a33d1,Harbor Point Terminal Private Commercial Cam 1986,CAM-40-985,private_commercial,4K,pedestrian_walkway,active,rtsp://streaming.internal.crimemind.net/live/cam-40-985,"{""fps"": 30, ""night_vision_ir"": true, ""pan_tilt_zoom"": false}",2021-01-01T00:00:00,2021-01-01T00:00:00
4f0e344e-abb6-492f-af74-e6f070c69ac0,e5809c09-8423-4a5d-a025-75e795b61d5c,Harbor Point Terminal Traffic Police Cam 1987,CAM-40-986,traffic_police,1080p,vault_corridor,maintenance,rtsp://streaming.internal.crimemind.net/live/cam-40-986,"{""fps"": 30, ""night_vision_ir"": true, ""pan_tilt_zoom"": true}",2021-01-01T00:00:00,2021-01-01T00:00:00
de67f30c-31e4-46a7-ae7d-87634f2689e8,80917acb-b3f0-4374-b7ff-52ae3f74e4d4,West End Suburbs Private Commercial Cam 1988,CAM-40-987,private_commercial,720p,vault_corridor,active,rtsp://streaming.internal.crimemind.net/live/cam-40-987,"{""fps"": 30, ""night_vision_ir"": true, ""pan_tilt_zoom"": false}",2021-01-01T00:00:00,2021-01-01T00:00:00
9f2c0e0f-ce91-4dc0-834f-40c8911f8fd5,9a4c0cbb-2814-4b6e-a8c9-e4b2a08423d9,Old Town Heritage Ward Atm Surveillance Cam 1989,CAM-40-988,atm_surveillance,1080p,pedestrian_walkway,active,rtsp://streaming.internal.crimemind.net/live/cam-40-988,"{""fps"": 30, ""night_vision_ir"": true, ""pan_tilt_zoom"": false}",2021-01-01T00:00:00,2021-01-01T00:00:00
3f8e991e-6cca-4a71-a5ed-ff9d5c506f2d,9a7abe52-e0d7-49d1-a43e-ce317a870a8c,Harbor Point Terminal Residential Ring Cam 1990,CAM-40-989,residential_ring,720p,northbound_entry,offline,rtsp://streaming.internal.crimemind.net/live/cam-40-989,"{""fps"": 30, ""night_vision_ir"": true, ""pan_tilt_zoom"": true}",2021-01-01T00:00:00,2021-01-01T00:00:00
f7f82e89-a8c7-4866-b627-70e5ee4b85d4,ff070cc6-0659-45d3-befe-a912af927841,Silver Lake Tech Park Residential Ring Cam 1991,CAM-40-990,residential_ring,1080p,pedestrian_walkway,active,rtsp://streaming.internal.crimemind.net/live/cam-40-990,"{""fps"": 30, ""night_vision_ir"": true, ""pan_tilt_zoom"": false}",2021-01-01T00:00:00,2021-01-01T00:00:00
ee676df3-a2fc-4fdf-a563-df470b8a8602,7bed43b9-df6d-4b76-bcf7-42e42d8efd36,Downtown Commercial District Municipal Surveillance Cam 1992,CAM-40-991,municipal_surveillance,1080p,360_degree_dome,active,rtsp://streaming.internal.crimemind.net/live/cam-40-991,"{""fps"": 30, ""night_vision_ir"": true, ""pan_tilt_zoom"": false}",2021-01-01T00:00:00,2021-01-01T00:00:00
eafbb37c-ab8d-4e12-993e-1315e18e335d,3c783113-d707-410f-9898-08a8270a66eb,Silver Lake Tech Park Atm Surveillance Cam 1993,CAM-40-992,atm_surveillance,4K,southbound_exit,active,rtsp://streaming.internal.crimemind.net/live/cam-40-992,"{""fps"": 30, ""night_vision_ir"": true, ""pan_tilt_zoom"": true}",2021-01-01T00:00:00,2021-01-01T00:00:00
f830e219-8a32-4e36-ad6d-9c5175d0b9d6,61893448-f0ed-4b79-9e43-52e6b91cc9d3,Northshore Heights Highway Toll Cam 1994,CAM-40-993,highway_toll,4K,pedestrian_walkway,active,rtsp://streaming.internal.crimemind.net/live/cam-40-993,"{""fps"": 30, ""night_vision_ir"": true, ""pan_tilt_zoom"": false}",2021-01-01T00:00:00,2021-01-01T00:00:00
ec969d36-ba33-407f-bb0f-1042f882fa54,42f64324-7383-45cc-9d3e-b0e17ea7160d,Midtown Financial Plaza Residential Ring Cam 1995,CAM-40-994,residential_ring,720p,360_degree_dome,active,rtsp://streaming.internal.crimemind.net/live/cam-40-994,"{""fps"": 30, ""night_vision_ir"": true, ""pan_tilt_zoom"": false}",2021-01-01T00:00:00,2021-01-01T00:00:00
21886e92-b2ac-4800-a97a-10c36a00416a,edcecca9-a5ff-42b5-96c8-33f3933d08b0,Harbor Point Terminal Municipal Surveillance Cam 1996,CAM-40-995,municipal_surveillance,1080p,southbound_exit,active,rtsp://streaming.internal.crimemind.net/live/cam-40-995,"{""fps"": 30, ""night_vision_ir"": true, ""pan_tilt_zoom"": true}",2021-01-01T00:00:00,2021-01-01T00:00:00
3d8fea46-cca9-4047-8106-9b16bbefca25,d23ee182-cfad-4746-beca-d40cc9293357,Harbor Point Terminal Residential Ring Cam 1997,CAM-40-996,residential_ring,1080p,360_degree_dome,active,rtsp://streaming.internal.crimemind.net/live/cam-40-996,"{""fps"": 30, ""night_vision_ir"": true, ""pan_tilt_zoom"": false}",2021-01-01T00:00:00,2021-01-01T00:00:00
e31d9490-0ea6-4008-8dcb-9c0d2a4ec6ea,9280ca4a-cbdf-49ef-a9a0-1c533357951a,Eastside Arts Corridor Private Commercial Cam 1998,CAM-40-997,private_commercial,1080p,pedestrian_walkway,active,rtsp://streaming.internal.crimemind.net/live/cam-40-997,"{""fps"": 30, ""night_vision_ir"": true, ""pan_tilt_zoom"": false}",2021-01-01T00:00:00,2021-01-01T00:00:00
d6407999-6301-4252-8b51-d6eabcccf5d8,6c8a59c2-926c-4d4c-954b-17fd319ce087,Eastside Arts Corridor Atm Surveillance Cam 1999,CAM-40-998,atm_surveillance,1080p,pedestrian_walkway,active,rtsp://streaming.internal.crimemind.net/live/cam-40-998,"{""fps"": 30, ""night_vision_ir"": true, ""pan_tilt_zoom"": true}",2021-01-01T00:00:00,2021-01-01T00:00:00
1b961d24-3127-46fc-b4d4-dc59daadd90a,a2f2d463-e5da-46d9-8924-baacfdeae93e,Northshore Heights Highway Toll Cam 2000,CAM-40-999,highway_toll,4K,southbound_exit,active,rtsp://streaming.internal.crimemind.net/live/cam-40-999,"{""fps"": 30, ""night_vision_ir"": true, ""pan_tilt_zoom"": false}",2021-01-01T00:00:00,2021-01-01T00:00:00
5eed143b-ec78-417d-b8bb-1301df8b0658,067623cb-698b-4430-82d3-09f70f5a9772,Eastside Arts Corridor Residential Ring Cam 2001,CAM-41-000,residential_ring,720p,360_degree_dome,active,rtsp://streaming.internal.crimemind.net/live/cam-41-000,"{""fps"": 30, ""night_vision_ir"": true, ""pan_tilt_zoom"": false}",2021-01-01T00:00:00,2021-01-01T00:00:00
bc77253c-765a-4a5c-8fcd-b97b61f9ff63,bd73149f-0971-4f16-920a-dfaaa58fe44e,Midtown Financial Plaza Subway Transit Cam 2002,CAM-41-001,subway_transit,1080p,vault_corridor,active,rtsp://streaming.internal.crimemind.net/live/cam-41-001,"{""fps"": 30, ""night_vision_ir"": true, ""pan_tilt_zoom"": true}",2021-01-01T00:00:00,2021-01-01T00:00:00
fdf43cc7-0a9e-4d0f-9186-a7345f894441,9a7abe52-e0d7-49d1-a43e-ce317a870a8c,Harbor Point Terminal Atm Surveillance Cam 2003,CAM-41-002,atm_surveillance,1080p,vault_corridor,active,rtsp://streaming.internal.crimemind.net/live/cam-41-002,"{""fps"": 30, ""night_vision_ir"": true, ""pan_tilt_zoom"": false}",2021-01-01T00:00:00,2021-01-01T00:00:00
d185aa0f-c549-45d7-9be8-c6cc0fc61e0a,8b4428f1-7da8-4b3c-8fef-2e27c706b1ea,Industrial Waterfront & Port Highway Toll Cam 2004,CAM-41-003,highway_toll,720p,pedestrian_walkway,active,rtsp://streaming.internal.crimemind.net/live/cam-41-003,"{""fps"": 30, ""night_vision_ir"": true, ""pan_tilt_zoom"": false}",2021-01-01T00:00:00,2021-01-01T00:00:00
2b64ac1b-f4e0-44b6-9033-07e8183b2c30,a18fbdc6-b4c6-4e37-a8c7-51cec9f7b232,Northshore Heights Municipal Surveillance Cam 2005,CAM-41-004,municipal_surveillance,1080p,360_degree_dome,active,rtsp://streaming.internal.crimemind.net/live/cam-41-004,"{""fps"": 30, ""night_vision_ir"": true, ""pan_tilt_zoom"": true}",2021-01-01T00:00:00,2021-01-01T00:00:00
b334a75b-bd09-4728-9186-670a7514f51f,fbed759f-113c-4c15-b6eb-5ee941529cd9,Industrial Waterfront & Port Atm Surveillance Cam 2006,CAM-41-005,atm_surveillance,1080p,northbound_entry,active,rtsp://streaming.internal.crimemind.net/live/cam-41-005,"{""fps"": 30, ""night_vision_ir"": true, ""pan_tilt_zoom"": false}",2021-01-01T00:00:00,2021-01-01T00:00:00
e6c83584-c924-4ca2-b89f-14169ad25937,6893e0fe-823d-44bc-a24c-1c905e8933e9,Industrial Waterfront & Port Residential Ring Cam 2007,CAM-41-006,residential_ring,720p,southbound_exit,active,rtsp://streaming.internal.crimemind.net/live/cam-41-006,"{""fps"": 30, ""night_vision_ir"": true, ""pan_tilt_zoom"": false}",2021-01-01T00:00:00,2021-01-01T00:00:00
384437b9-549e-4996-a47d-62743072cf44,28dfe2aa-b503-4bc1-9f02-411396384a0f,Industrial Waterfront & Port Atm Surveillance Cam 2008,CAM-41-007,atm_surveillance,4K,vault_corridor,active,rtsp://streaming.internal.crimemind.net/live/cam-41-007,"{""fps"": 30, ""night_vision_ir"": true, ""pan_tilt_zoom"": true}",2021-01-01T00:00:00,2021-01-01T00:00:00
e7535b79-e5ad-4aab-af6f-34cf25cbc43d,1d8148dd-1a6a-4d6d-93bc-b968b989a6f3,Northshore Heights Residential Ring Cam 2009,CAM-41-008,residential_ring,1080p,vault_corridor,active,rtsp://streaming.internal.crimemind.net/live/cam-41-008,"{""fps"": 30, ""night_vision_ir"": true, ""pan_tilt_zoom"": false}",2021-01-01T00:00:00,2021-01-01T00:00:00
c323f1c9-e3d7-4a3a-8d85-1c4abca16a1f,a1e291ef-8ac8-4bda-847d-57d56e2649fb,Midtown Financial Plaza Subway Transit Cam 2010,CAM-41-009,subway_transit,1080p,southbound_exit,active,rtsp://streaming.internal.crimemind.net/live/cam-41-009,"{""fps"": 30, ""night_vision_ir"": true, ""pan_tilt_zoom"": false}",2021-01-01T00:00:00,2021-01-01T00:00:00
718a2edf-a013-4721-b174-2ef3a7518ac0,34fda582-9f71-44cb-915c-0116f2955e03,Downtown Commercial District Private Commercial Cam 2011,CAM-41-010,private_commercial,1080p,360_degree_dome,active,rtsp://streaming.internal.crimemind.net/live/cam-41-010,"{""fps"": 30, ""night_vision_ir"": true, ""pan_tilt_zoom"": true}",2021-01-01T00:00:00,2021-01-01T00:00:00
c4aa37e5-7c6d-43cd-814b-e873df1766e1,1eeb8d75-4e77-44e4-8b31-ee121c883e00,Northshore Heights Subway Transit Cam 2012,CAM-41-011,subway_transit,4K,360_degree_dome,active,rtsp://streaming.internal.crimemind.net/live/cam-41-011,"{""fps"": 30, ""night_vision_ir"": true, ""pan_tilt_zoom"": false}",2021-01-01T00:00:00,2021-01-01T00:00:00
f861a5a0-0cf3-4a48-b25e-ba36e4460f40,78055769-96de-48c9-bdd8-a55b6ae04421,South Bay Logistics Hub Private Commercial Cam 2013,CAM-41-012,private_commercial,4K,pedestrian_walkway,active,rtsp://streaming.internal.crimemind.net/live/cam-41-012,"{""fps"": 30, ""night_vision_ir"": true, ""pan_tilt_zoom"": false}",2021-01-01T00:00:00,2021-01-01T00:00:00
fa4a521e-9551-4e3d-9920-b62dc686b345,6e695c3b-f736-42a3-847b-538b16d0f08a,Downtown Commercial District Private Commercial Cam 2014,CAM-41-013,private_commercial,1080p,360_degree_dome,active,rtsp://streaming.internal.crimemind.net/live/cam-41-013,"{""fps"": 30, ""night_vision_ir"": true, ""pan_tilt_zoom"": true}",2021-01-01T00:00:00,2021-01-01T00:00:00
3072b28b-e607-4689-805a-b21efa3bdf68,38e36556-86e9-4709-ade6-44b453bca140,Silver Lake Tech Park Subway Transit Cam 2015,CAM-41-014,subway_transit,1080p,northbound_entry,active,rtsp://streaming.internal.crimemind.net/live/cam-41-014,"{""fps"": 30, ""night_vision_ir"": true, ""pan_tilt_zoom"": false}",2021-01-01T00:00:00,2021-01-01T00:00:00
59f0d43a-a945-4e15-bdc1-8f4dd40ad484,4b08da45-e652-4bb0-bbd2-f3fcb35dc258,Harbor Point Terminal Highway Toll Cam 2016,CAM-41-015,highway_toll,720p,northbound_entry,active,rtsp://streaming.internal.crimemind.net/live/cam-41-015,"{""fps"": 30, ""night_vision_ir"": true, ""pan_tilt_zoom"": false}",2021-01-01T00:00:00,2021-01-01T00:00:00
7f326359-5e97-4b8e-b753-914c89c3e921,edcecca9-a5ff-42b5-96c8-33f3933d08b0,Harbor Point Terminal Residential Ring Cam 2017,CAM-41-016,residential_ring,4K,360_degree_dome,active,rtsp://streaming.internal.crimemind.net/live/cam-41-016,"{""fps"": 30, ""night_vision_ir"": true, ""pan_tilt_zoom"": true}",2021-01-01T00:00:00,2021-01-01T00:00:00
497c6352-1966-4c5b-a405-63c3a6712e74,fcffd16b-bc06-4563-bee1-4a659a173885,Silver Lake Tech Park Private Commercial Cam 2018,CAM-41-017,private_commercial,1080p,vault_corridor,active,rtsp://streaming.internal.crimemind.net/live/cam-41-017,"{""fps"": 30, ""night_vision_ir"": true, ""pan_tilt_zoom"": false}",2021-01-01T00:00:00,2021-01-01T00:00:00
70ef23db-686a-4bdb-b3cf-e9f37e3c3f02,61cebaa2-3797-4c06-87e1-ec72036bd981,West End Suburbs Municipal Surveillance Cam 2019,CAM-41-018,municipal_surveillance,1080p,360_degree_dome,active,rtsp://streaming.internal.crimemind.net/live/cam-41-018,"{""fps"": 30, ""night_vision_ir"": true, ""pan_tilt_zoom"": false}",2021-01-01T00:00:00,2021-01-01T00:00:00
18047112-baf9-4753-85a9-15e7dab45731,78e8efd4-213d-4096-8853-a6cc4ea67e5c,South Bay Logistics Hub Private Commercial Cam 2020,CAM-41-019,private_commercial,4K,southbound_exit,active,rtsp://streaming.internal.crimemind.net/live/cam-41-019,"{""fps"": 30, ""night_vision_ir"": true, ""pan_tilt_zoom"": true}",2021-01-01T00:00:00,2021-01-01T00:00:00
2bedf746-52a5-4ce6-8552-0e4d360f7761,5bc715fb-4ebb-4645-adba-464453bd8a1b,Silver Lake Tech Park Private Commercial Cam 2021,CAM-41-020,private_commercial,4K,360_degree_dome,active,rtsp://streaming.internal.crimemind.net/live/cam-41-020,"{""fps"": 30, ""night_vision_ir"": true, ""pan_tilt_zoom"": false}",2021-01-01T00:00:00,2021-01-01T00:00:00
afd5b3ed-4e97-43e2-ab75-63b93b6f9ca6,bb391965-861a-48d3-891b-64ecab19fa8d,Old Town Heritage Ward Residential Ring Cam 2022,CAM-41-021,residential_ring,1080p,vault_corridor,active,rtsp://streaming.internal.crimemind.net/live/cam-41-021,"{""fps"": 30, ""night_vision_ir"": true, ""pan_tilt_zoom"": false}",2021-01-01T00:00:00,2021-01-01T00:00:00
443c681b-1016-4335-870d-6e6d0a360c30,15ef7f18-6047-444d-8ad0-f152d89da094,Downtown Commercial District Residential Ring Cam 2023,CAM-41-022,residential_ring,720p,360_degree_dome,active,rtsp://streaming.internal.crimemind.net/live/cam-41-022,"{""fps"": 30, ""night_vision_ir"": true, ""pan_tilt_zoom"": true}",2021-01-01T00:00:00,2021-01-01T00:00:00
57f0dce3-5479-4c39-b3b0-e4e608995d34,47e400c3-c14a-4af5-b416-d98c7e7c3052,Silver Lake Tech Park Private Commercial Cam 2024,CAM-41-023,private_commercial,4K,360_degree_dome,active,rtsp://streaming.internal.crimemind.net/live/cam-41-023,"{""fps"": 30, ""night_vision_ir"": true, ""pan_tilt_zoom"": false}",2021-01-01T00:00:00,2021-01-01T00:00:00
ff3e6c38-e378-4e5f-adca-027c0b3d4fe7,22080229-fb34-4a26-bf23-28ec48da9cd9,West End Suburbs Private Commercial Cam 2025,CAM-41-024,private_commercial,720p,southbound_exit,active,rtsp://streaming.internal.crimemind.net/live/cam-41-024,"{""fps"": 30, ""night_vision_ir"": true, ""pan_tilt_zoom"": false}",2021-01-01T00:00:00,2021-01-01T00:00:00
99220056-9bf0-4815-8542-d6dd4f4f628a,6c636585-9811-4465-8727-5f9bdd5e08e6,West End Suburbs Private Commercial Cam 2026,CAM-41-025,private_commercial,1080p,vault_corridor,active,rtsp://streaming.internal.crimemind.net/live/cam-41-025,"{""fps"": 30, ""night_vision_ir"": true, ""pan_tilt_zoom"": true}",2021-01-01T00:00:00,2021-01-01T00:00:00
092197b6-8c4f-48b5-b82f-23e4ab7a7e24,cafdd416-21e4-4852-84d7-f37dcc3c2d23,Eastside Arts Corridor Highway Toll Cam 2027,CAM-41-026,highway_toll,1080p,northbound_entry,active,rtsp://streaming.internal.crimemind.net/live/cam-41-026,"{""fps"": 30, ""night_vision_ir"": true, ""pan_tilt_zoom"": false}",2021-01-01T00:00:00,2021-01-01T00:00:00
25fbf982-64f1-4aad-98ce-5f61e2477170,b75fe1ff-29db-4860-b556-51ed15a966f4,Silver Lake Tech Park Highway Toll Cam 2028,CAM-41-027,highway_toll,1080p,pedestrian_walkway,active,rtsp://streaming.internal.crimemind.net/live/cam-41-027,"{""fps"": 30, ""night_vision_ir"": true, ""pan_tilt_zoom"": false}",2021-01-01T00:00:00,2021-01-01T00:00:00
d5d00679-7894-4d73-a3b0-c08818f20e43,3f3ea7ab-66a1-4d4e-a5b9-dc13534e74c7,Silver Lake Tech Park Private Commercial Cam 2029,CAM-41-028,private_commercial,720p,pedestrian_walkway,active,rtsp://streaming.internal.crimemind.net/live/cam-41-028,"{""fps"": 30, ""night_vision_ir"": true, ""pan_tilt_zoom"": true}",2021-01-01T00:00:00,2021-01-01T00:00:00
dc73c083-840d-4791-b431-a5cae3c96404,12b5a69c-1dc7-4e27-b3b4-22b5651e214c,Industrial Waterfront & Port Highway Toll Cam 2030,CAM-41-029,highway_toll,720p,southbound_exit,active,rtsp://streaming.internal.crimemind.net/live/cam-41-029,"{""fps"": 30, ""night_vision_ir"": true, ""pan_tilt_zoom"": false}",2021-01-01T00:00:00,2021-01-01T00:00:00
4cbd6d70-009a-4b8f-8929-65e28b0e7e71,9ff57b86-6536-4b0f-9e3e-20188aea7f12,South Bay Logistics Hub Municipal Surveillance Cam 2031,CAM-41-030,municipal_surveillance,720p,southbound_exit,active,rtsp://streaming.internal.crimemind.net/live/cam-41-030,"{""fps"": 30, ""night_vision_ir"": true, ""pan_tilt_zoom"": false}",2021-01-01T00:00:00,2021-01-01T00:00:00
d35996fc-9e04-43b2-9c09-0f74f4086fa4,a9ab2c5b-7247-4cf6-9601-b30759896542,South Bay Logistics Hub Traffic Police Cam 2032,CAM-41-031,traffic_police,1080p,360_degree_dome,active,rtsp://streaming.internal.crimemind.net/live/cam-41-031,"{""fps"": 30, ""night_vision_ir"": true, ""pan_tilt_zoom"": true}",2021-01-01T00:00:00,2021-01-01T00:00:00
bed9233b-3f5b-4973-9e6e-d535a724a63c,eb64023a-5724-4ae0-8423-362ef7bb4355,South Bay Logistics Hub Traffic Police Cam 2033,CAM-41-032,traffic_police,4K,360_degree_dome,active,rtsp://streaming.internal.crimemind.net/live/cam-41-032,"{""fps"": 30, ""night_vision_ir"": true, ""pan_tilt_zoom"": false}",2021-01-01T00:00:00,2021-01-01T00:00:00
5d19318a-a437-464b-864d-dde95538f255,19a7e8d7-a390-45c3-8681-5991d3f9ab7d,Midtown Financial Plaza Traffic Police Cam 2034,CAM-41-033,traffic_police,720p,pedestrian_walkway,maintenance,rtsp://streaming.internal.crimemind.net/live/cam-41-033,"{""fps"": 30, ""night_vision_ir"": true, ""pan_tilt_zoom"": false}",2021-01-01T00:00:00,2021-01-01T00:00:00
ce71b92d-ad97-493a-b367-b36b1e326540,54fcafef-adc7-4635-98a9-68ce6aeb8307,Midtown Financial Plaza Subway Transit Cam 2035,CAM-41-034,subway_transit,720p,southbound_exit,active,rtsp://streaming.internal.crimemind.net/live/cam-41-034,"{""fps"": 30, ""night_vision_ir"": true, ""pan_tilt_zoom"": true}",2021-01-01T00:00:00,2021-01-01T00:00:00
168a375d-a6db-432d-bd9b-cbf39f8e03a8,7b3b82a0-c8dd-48e1-b6d8-d2fc0c88443a,Downtown Commercial District Atm Surveillance Cam 2036,CAM-41-035,atm_surveillance,1080p,pedestrian_walkway,active,rtsp://streaming.internal.crimemind.net/live/cam-41-035,"{""fps"": 30, ""night_vision_ir"": true, ""pan_tilt_zoom"": false}",2021-01-01T00:00:00,2021-01-01T00:00:00
63f62ef7-c162-42bc-ac4e-84ea5b3a997f,83901bb4-c4e5-403c-83ec-8d29453ebbba,West End Suburbs Traffic Police Cam 2037,CAM-41-036,traffic_police,1080p,360_degree_dome,active,rtsp://streaming.internal.crimemind.net/live/cam-41-036,"{""fps"": 30, ""night_vision_ir"": true, ""pan_tilt_zoom"": false}",2021-01-01T00:00:00,2021-01-01T00:00:00
271c8956-d57a-4b02-95e3-86fb7822c12e,af59770b-f6aa-4345-9485-086639cc79cc,Harbor Point Terminal Highway Toll Cam 2038,CAM-41-037,highway_toll,1080p,vault_corridor,active,rtsp://streaming.internal.crimemind.net/live/cam-41-037,"{""fps"": 30, ""night_vision_ir"": true, ""pan_tilt_zoom"": true}",2021-01-01T00:00:00,2021-01-01T00:00:00
5a8bf2a1-4b20-4a96-8207-7f66d869f00b,a88f814b-5ea3-47ec-9560-a710bde3018b,Downtown Commercial District Municipal Surveillance Cam 2039,CAM-41-038,municipal_surveillance,1080p,vault_corridor,active,rtsp://streaming.internal.crimemind.net/live/cam-41-038,"{""fps"": 30, ""night_vision_ir"": true, ""pan_tilt_zoom"": false}",2021-01-01T00:00:00,2021-01-01T00:00:00
e36419c8-7450-423f-9448-0e1a2504eefd,c724ce62-7333-4545-9bec-1aff8ee68324,Northshore Heights Atm Surveillance Cam 2040,CAM-41-039,atm_surveillance,720p,pedestrian_walkway,active,rtsp://streaming.internal.crimemind.net/live/cam-41-039,"{""fps"": 30, ""night_vision_ir"": true, ""pan_tilt_zoom"": false}",2021-01-01T00:00:00,2021-01-01T00:00:00
4c81f783-8f7e-4d9d-b6c9-3a5edc15cfcd,c53489b4-6209-41e1-8791-58b92d8026ce,Downtown Commercial District Traffic Police Cam 2041,CAM-41-040,traffic_police,4K,360_degree_dome,active,rtsp://streaming.internal.crimemind.net/live/cam-41-040,"{""fps"": 30, ""night_vision_ir"": true, ""pan_tilt_zoom"": true}",2021-01-01T00:00:00,2021-01-01T00:00:00
d4a27323-5da1-4b83-acaa-8424349de799,cce4b417-fa97-4538-9b82-fee15e1b9d9e,West End Suburbs Residential Ring Cam 2042,CAM-41-041,residential_ring,1080p,southbound_exit,active,rtsp://streaming.internal.crimemind.net/live/cam-41-041,"{""fps"": 30, ""night_vision_ir"": true, ""pan_tilt_zoom"": false}",2021-01-01T00:00:00,2021-01-01T00:00:00
c35a08f8-e01b-4900-88cd-6f0928995c6c,c359a5db-8c11-43c5-81fd-4490c4b6395c,Eastside Arts Corridor Highway Toll Cam 2043,CAM-41-042,highway_toll,1080p,northbound_entry,active,rtsp://streaming.internal.crimemind.net/live/cam-41-042,"{""fps"": 30, ""night_vision_ir"": true, ""pan_tilt_zoom"": false}",2021-01-01T00:00:00,2021-01-01T00:00:00
6d7efc44-7186-44dc-bbdb-441cbba45510,05a44ed5-56fb-48d8-b082-7f7eadc06bf1,South Bay Logistics Hub Municipal Surveillance Cam 2044,CAM-41-043,municipal_surveillance,4K,360_degree_dome,active,rtsp://streaming.internal.crimemind.net/live/cam-41-043,"{""fps"": 30, ""night_vision_ir"": true, ""pan_tilt_zoom"": true}",2021-01-01T00:00:00,2021-01-01T00:00:00
fe41cedf-76bd-4077-bfeb-0b9156b103d8,e302ecaa-389b-438e-b78f-93dac872e413,Industrial Waterfront & Port Traffic Police Cam 2045,CAM-41-044,traffic_police,1080p,northbound_entry,active,rtsp://streaming.internal.crimemind.net/live/cam-41-044,"{""fps"": 30, ""night_vision_ir"": true, ""pan_tilt_zoom"": false}",2021-01-01T00:00:00,2021-01-01T00:00:00
384e8078-3cc9-45c5-8307-afe5f1d794ec,c3671781-4be3-48d2-8982-3b09617c0527,Eastside Arts Corridor Private Commercial Cam 2046,CAM-41-045,private_commercial,4K,pedestrian_walkway,active,rtsp://streaming.internal.crimemind.net/live/cam-41-045,"{""fps"": 30, ""night_vision_ir"": true, ""pan_tilt_zoom"": false}",2021-01-01T00:00:00,2021-01-01T00:00:00
dd248ede-2398-49a5-9d50-77607385d22f,fe40a4d3-4dc5-46e0-8e71-d89d5f176b76,Midtown Financial Plaza Highway Toll Cam 2047,CAM-41-046,highway_toll,1080p,pedestrian_walkway,active,rtsp://streaming.internal.crimemind.net/live/cam-41-046,"{""fps"": 30, ""night_vision_ir"": true, ""pan_tilt_zoom"": true}",2021-01-01T00:00:00,2021-01-01T00:00:00
9a46642a-4f62-404b-b6f3-9b55d497a507,68310490-e66e-493e-9c0a-39a36cf22833,Industrial Waterfront & Port Private Commercial Cam 2048,CAM-41-047,private_commercial,1080p,vault_corridor,active,rtsp://streaming.internal.crimemind.net/live/cam-41-047,"{""fps"": 30, ""night_vision_ir"": true, ""pan_tilt_zoom"": false}",2021-01-01T00:00:00,2021-01-01T00:00:00
4ea07d34-5d85-4da2-adc8-9dee214b8158,a1dcca2d-4e1b-459b-8572-f50f319ee86e,Northshore Heights Municipal Surveillance Cam 2049,CAM-41-048,municipal_surveillance,4K,vault_corridor,active,rtsp://streaming.internal.crimemind.net/live/cam-41-048,"{""fps"": 30, ""night_vision_ir"": true, ""pan_tilt_zoom"": false}",2021-01-01T00:00:00,2021-01-01T00:00:00
536aeef7-89d3-4c7b-b52e-504f8cef207f,277f87ab-a7a8-4b1f-936b-752ea5528c57,Northshore Heights Private Commercial Cam 2050,CAM-41-049,private_commercial,1080p,360_degree_dome,active,rtsp://streaming.internal.crimemind.net/live/cam-41-049,"{""fps"": 30, ""night_vision_ir"": true, ""pan_tilt_zoom"": true}",2021-01-01T00:00:00,2021-01-01T00:00:00
396ea79b-180a-41c5-8b0f-6db79796e62a,473c6965-c1a8-46d5-8590-0c4a7a3488b9,Northshore Heights Private Commercial Cam 2051,CAM-42-050,private_commercial,1080p,southbound_exit,active,rtsp://streaming.internal.crimemind.net/live/cam-42-050,"{""fps"": 30, ""night_vision_ir"": true, ""pan_tilt_zoom"": false}",2021-01-01T00:00:00,2021-01-01T00:00:00
bfa0703d-f96f-4d6f-b307-0eda70f261e0,019dbaf8-6f53-4ff4-904e-58cbe6a632a4,Industrial Waterfront & Port Private Commercial Cam 2052,CAM-42-051,private_commercial,4K,northbound_entry,active,rtsp://streaming.internal.crimemind.net/live/cam-42-051,"{""fps"": 30, ""night_vision_ir"": true, ""pan_tilt_zoom"": false}",2021-01-01T00:00:00,2021-01-01T00:00:00
828d1001-1af0-4301-b024-657734ca2682,35430e0f-7b98-4740-a241-3e93e10c052f,South Bay Logistics Hub Municipal Surveillance Cam 2053,CAM-42-052,municipal_surveillance,4K,northbound_entry,active,rtsp://streaming.internal.crimemind.net/live/cam-42-052,"{""fps"": 30, ""night_vision_ir"": true, ""pan_tilt_zoom"": true}",2021-01-01T00:00:00,2021-01-01T00:00:00
449867a0-6e5f-40bf-a16b-df58c9ad1a40,321d9a50-10b6-43d2-a420-254318b54616,Industrial Waterfront & Port Private Commercial Cam 2054,CAM-42-053,private_commercial,720p,vault_corridor,active,rtsp://streaming.internal.crimemind.net/live/cam-42-053,"{""fps"": 30, ""night_vision_ir"": true, ""pan_tilt_zoom"": false}",2021-01-01T00:00:00,2021-01-01T00:00:00
c0b1bfba-566a-4089-b61b-9f945eb13350,74b75d61-5e38-4e5e-ada3-70d6a6ea3891,West End Suburbs Residential Ring Cam 2055,CAM-42-054,residential_ring,720p,pedestrian_walkway,active,rtsp://streaming.internal.crimemind.net/live/cam-42-054,"{""fps"": 30, ""night_vision_ir"": true, ""pan_tilt_zoom"": false}",2021-01-01T00:00:00,2021-01-01T00:00:00
6b8c1e14-b5dd-4f52-b480-03a1ca742356,847ae733-52cc-4705-a60d-7741e71c6394,West End Suburbs Subway Transit Cam 2056,CAM-42-055,subway_transit,1080p,northbound_entry,active,rtsp://streaming.internal.crimemind.net/live/cam-42-055,"{""fps"": 30, ""night_vision_ir"": true, ""pan_tilt_zoom"": true}",2021-01-01T00:00:00,2021-01-01T00:00:00
f930ea66-6e02-4e62-b4c0-12dbd9d05609,d6b4ced5-c3c5-4fc4-82cc-16bcaa654d18,South Bay Logistics Hub Traffic Police Cam 2057,CAM-42-056,traffic_police,720p,northbound_entry,active,rtsp://streaming.internal.crimemind.net/live/cam-42-056,"{""fps"": 30, ""night_vision_ir"": true, ""pan_tilt_zoom"": false}",2021-01-01T00:00:00,2021-01-01T00:00:00
3639873c-5d68-4103-9085-b00c47c539ae,ed56081f-a6be-48b9-87ea-9949d17f2b8e,Silver Lake Tech Park Private Commercial Cam 2058,CAM-42-057,private_commercial,1080p,vault_corridor,active,rtsp://streaming.internal.crimemind.net/live/cam-42-057,"{""fps"": 30, ""night_vision_ir"": true, ""pan_tilt_zoom"": false}",2021-01-01T00:00:00,2021-01-01T00:00:00
f935f213-f04f-4ec6-ad2a-3959fd854f8d,b142f82d-8b02-46b2-9f23-4d0c2f64cae5,West End Suburbs Atm Surveillance Cam 2059,CAM-42-058,atm_surveillance,720p,northbound_entry,active,rtsp://streaming.internal.crimemind.net/live/cam-42-058,"{""fps"": 30, ""night_vision_ir"": true, ""pan_tilt_zoom"": true}",2021-01-01T00:00:00,2021-01-01T00:00:00
1751af8f-b6fc-493d-8097-35606c048ef3,32cc974d-268e-40bd-9d8c-d367fafbadfb,Silver Lake Tech Park Private Commercial Cam 2060,CAM-42-059,private_commercial,4K,360_degree_dome,active,rtsp://streaming.internal.crimemind.net/live/cam-42-059,"{""fps"": 30, ""night_vision_ir"": true, ""pan_tilt_zoom"": false}",2021-01-01T00:00:00,2021-01-01T00:00:00
849dd968-5744-4daf-80e1-1e36634130eb,3bca8274-4e63-4968-b17d-c4b8524062e1,Downtown Commercial District Private Commercial Cam 2061,CAM-42-060,private_commercial,4K,southbound_exit,active,rtsp://streaming.internal.crimemind.net/live/cam-42-060,"{""fps"": 30, ""night_vision_ir"": true, ""pan_tilt_zoom"": false}",2021-01-01T00:00:00,2021-01-01T00:00:00
343fcc37-55ed-4363-a35b-7b69fa03c5ab,cf93a126-fb78-4586-9b86-ed852ff4d968,Silver Lake Tech Park Private Commercial Cam 2062,CAM-42-061,private_commercial,4K,southbound_exit,active,rtsp://streaming.internal.crimemind.net/live/cam-42-061,"{""fps"": 30, ""night_vision_ir"": true, ""pan_tilt_zoom"": true}",2021-01-01T00:00:00,2021-01-01T00:00:00
3dc2ad84-f5c0-41b7-b2cc-eda335444ed4,dc45ece8-a7b9-495a-9f77-f604cbcf31ab,Silver Lake Tech Park Atm Surveillance Cam 2063,CAM-42-062,atm_surveillance,1080p,pedestrian_walkway,active,rtsp://streaming.internal.crimemind.net/live/cam-42-062,"{""fps"": 30, ""night_vision_ir"": true, ""pan_tilt_zoom"": false}",2021-01-01T00:00:00,2021-01-01T00:00:00
21cc1c6c-fc23-483c-95e2-352898f6f9e8,e3f64ced-2938-4969-96f9-eb518178eb0c,Harbor Point Terminal Private Commercial Cam 2064,CAM-42-063,private_commercial,1080p,pedestrian_walkway,active,rtsp://streaming.internal.crimemind.net/live/cam-42-063,"{""fps"": 30, ""night_vision_ir"": true, ""pan_tilt_zoom"": false}",2021-01-01T00:00:00,2021-01-01T00:00:00
13f7a86d-7862-4fbe-b8eb-ec713a5f1655,7256c576-bdac-4caf-9de6-4e21b0abde47,Downtown Commercial District Private Commercial Cam 2065,CAM-42-064,private_commercial,1080p,southbound_exit,active,rtsp://streaming.internal.crimemind.net/live/cam-42-064,"{""fps"": 30, ""night_vision_ir"": true, ""pan_tilt_zoom"": true}",2021-01-01T00:00:00,2021-01-01T00:00:00
cda8d1f0-afa1-4e5f-a952-b5d6a602b773,1ab5810c-a222-4750-ab98-a3e6c9ce0a8d,Harbor Point Terminal Private Commercial Cam 2066,CAM-42-065,private_commercial,1080p,pedestrian_walkway,active,rtsp://streaming.internal.crimemind.net/live/cam-42-065,"{""fps"": 30, ""night_vision_ir"": true, ""pan_tilt_zoom"": false}",2021-01-01T00:00:00,2021-01-01T00:00:00
0b825a27-8fa3-44dc-8733-30b89e811ab7,0bf66eb9-cb3e-4495-bb59-c848b27e2593,Old Town Heritage Ward Traffic Police Cam 2067,CAM-42-066,traffic_police,1080p,360_degree_dome,active,rtsp://streaming.internal.crimemind.net/live/cam-42-066,"{""fps"": 30, ""night_vision_ir"": true, ""pan_tilt_zoom"": false}",2021-01-01T00:00:00,2021-01-01T00:00:00
35d15254-9717-4815-aecd-8ce56ad01144,8cf3ceb4-d5b8-4a78-afec-982d26be2238,Industrial Waterfront & Port Residential Ring Cam 2068,CAM-42-067,residential_ring,1080p,360_degree_dome,active,rtsp://streaming.internal.crimemind.net/live/cam-42-067,"{""fps"": 30, ""night_vision_ir"": true, ""pan_tilt_zoom"": true}",2021-01-01T00:00:00,2021-01-01T00:00:00
20c85686-8ef5-4290-93f3-3d80c9f8a9c1,079235e8-ffd7-4245-b7fc-d47948721091,Northshore Heights Traffic Police Cam 2069,CAM-42-068,traffic_police,1080p,northbound_entry,active,rtsp://streaming.internal.crimemind.net/live/cam-42-068,"{""fps"": 30, ""night_vision_ir"": true, ""pan_tilt_zoom"": false}",2021-01-01T00:00:00,2021-01-01T00:00:00
2c3bce24-2696-4c80-81be-da58c7042d7c,97186504-bf1d-4c53-b26d-12733451dfe6,West End Suburbs Atm Surveillance Cam 2070,CAM-42-069,atm_surveillance,1080p,vault_corridor,active,rtsp://streaming.internal.crimemind.net/live/cam-42-069,"{""fps"": 30, ""night_vision_ir"": true, ""pan_tilt_zoom"": false}",2021-01-01T00:00:00,2021-01-01T00:00:00
23fe7473-d3a2-43ad-bbfd-8e490e7d6480,41155346-5e70-4f99-b498-3d517790d51d,Eastside Arts Corridor Atm Surveillance Cam 2071,CAM-42-070,atm_surveillance,720p,vault_corridor,active,rtsp://streaming.internal.crimemind.net/live/cam-42-070,"{""fps"": 30, ""night_vision_ir"": true, ""pan_tilt_zoom"": true}",2021-01-01T00:00:00,2021-01-01T00:00:00
b2530c84-ddc0-4d03-8b3c-97e6f8be1a17,ba381460-df90-4456-8648-ac664d866ecf,Industrial Waterfront & Port Highway Toll Cam 2072,CAM-42-071,highway_toll,1080p,southbound_exit,offline,rtsp://streaming.internal.crimemind.net/live/cam-42-071,"{""fps"": 30, ""night_vision_ir"": true, ""pan_tilt_zoom"": false}",2021-01-01T00:00:00,2021-01-01T00:00:00
f2b7f66d-14cc-4f84-b6af-b78e3187ccae,3bceb79b-2066-4f55-8994-2e405aaeb9d9,Downtown Commercial District Residential Ring Cam 2073,CAM-42-072,residential_ring,4K,pedestrian_walkway,active,rtsp://streaming.internal.crimemind.net/live/cam-42-072,"{""fps"": 30, ""night_vision_ir"": true, ""pan_tilt_zoom"": false}",2021-01-01T00:00:00,2021-01-01T00:00:00
282ea7cd-6be4-4844-8de4-8a1383d48180,23d776af-2bf9-45c9-97d6-74fcc66245ba,Eastside Arts Corridor Subway Transit Cam 2074,CAM-42-073,subway_transit,4K,southbound_exit,active,rtsp://streaming.internal.crimemind.net/live/cam-42-073,"{""fps"": 30, ""night_vision_ir"": true, ""pan_tilt_zoom"": true}",2021-01-01T00:00:00,2021-01-01T00:00:00
0ffe0dba-54ba-4425-9d29-553e0cce176f,014e23d9-4941-4e1f-a602-26e391decf8d,Eastside Arts Corridor Highway Toll Cam 2075,CAM-42-074,highway_toll,1080p,vault_corridor,active,rtsp://streaming.internal.crimemind.net/live/cam-42-074,"{""fps"": 30, ""night_vision_ir"": true, ""pan_tilt_zoom"": false}",2021-01-01T00:00:00,2021-01-01T00:00:00
4e00dfb4-998a-4f0b-ab36-e699cba2a715,bc9c47a5-7a8a-45d1-bd98-9fbff90dcbd1,Harbor Point Terminal Subway Transit Cam 2076,CAM-42-075,subway_transit,1080p,northbound_entry,active,rtsp://streaming.internal.crimemind.net/live/cam-42-075,"{""fps"": 30, ""night_vision_ir"": true, ""pan_tilt_zoom"": false}",2021-01-01T00:00:00,2021-01-01T00:00:00
3a2bf421-97e5-4b99-a685-e0d0a1c4542e,3a073171-fadc-4006-8621-c17fcf275b6f,Downtown Commercial District Highway Toll Cam 2077,CAM-42-076,highway_toll,4K,vault_corridor,active,rtsp://streaming.internal.crimemind.net/live/cam-42-076,"{""fps"": 30, ""night_vision_ir"": true, ""pan_tilt_zoom"": true}",2021-01-01T00:00:00,2021-01-01T00:00:00
d82a2919-9a4b-4f88-a47b-4c9c6961f1b7,bd485a44-26d8-4405-919e-7040e22e83bf,Eastside Arts Corridor Traffic Police Cam 2078,CAM-42-077,traffic_police,4K,vault_corridor,active,rtsp://streaming.internal.crimemind.net/live/cam-42-077,"{""fps"": 30, ""night_vision_ir"": true, ""pan_tilt_zoom"": false}",2021-01-01T00:00:00,2021-01-01T00:00:00
5b24a0dd-21de-491e-9290-f23f6de7328c,5f0a8a96-7f41-4273-9708-838505940d8d,Industrial Waterfront & Port Municipal Surveillance Cam 2079,CAM-42-078,municipal_surveillance,720p,360_degree_dome,active,rtsp://streaming.internal.crimemind.net/live/cam-42-078,"{""fps"": 30, ""night_vision_ir"": true, ""pan_tilt_zoom"": false}",2021-01-01T00:00:00,2021-01-01T00:00:00
a3c5de87-2964-41a3-aad1-b27546ab3220,6c5b5cd6-40fc-44d1-a29a-f5b97e37b300,Old Town Heritage Ward Atm Surveillance Cam 2080,CAM-42-079,atm_surveillance,4K,northbound_entry,active,rtsp://streaming.internal.crimemind.net/live/cam-42-079,"{""fps"": 30, ""night_vision_ir"": true, ""pan_tilt_zoom"": true}",2021-01-01T00:00:00,2021-01-01T00:00:00
c3b1fe27-83d2-4e0f-837e-b5ba4e2594a3,1b1bf2b9-1aa1-4bfe-a6ce-1963606ab7e2,Northshore Heights Municipal Surveillance Cam 2081,CAM-42-080,municipal_surveillance,4K,northbound_entry,active,rtsp://streaming.internal.crimemind.net/live/cam-42-080,"{""fps"": 30, ""night_vision_ir"": true, ""pan_tilt_zoom"": false}",2021-01-01T00:00:00,2021-01-01T00:00:00
dc947b2f-2338-478c-b145-d909da0cba1b,6e695c3b-f736-42a3-847b-538b16d0f08a,Downtown Commercial District Highway Toll Cam 2082,CAM-42-081,highway_toll,1080p,360_degree_dome,active,rtsp://streaming.internal.crimemind.net/live/cam-42-081,"{""fps"": 30, ""night_vision_ir"": true, ""pan_tilt_zoom"": false}",2021-01-01T00:00:00,2021-01-01T00:00:00
bf5f3cb1-6149-4553-b897-50d15f05ed18,fa4d1362-d6a9-4504-949d-daa19fc0d02b,Old Town Heritage Ward Municipal Surveillance Cam 2083,CAM-42-082,municipal_surveillance,1080p,360_degree_dome,active,rtsp://streaming.internal.crimemind.net/live/cam-42-082,"{""fps"": 30, ""night_vision_ir"": true, ""pan_tilt_zoom"": true}",2021-01-01T00:00:00,2021-01-01T00:00:00
4fcc408c-6403-4495-b8c7-a0ca112f4890,fe40a4d3-4dc5-46e0-8e71-d89d5f176b76,Midtown Financial Plaza Residential Ring Cam 2084,CAM-42-083,residential_ring,720p,pedestrian_walkway,active,rtsp://streaming.internal.crimemind.net/live/cam-42-083,"{""fps"": 30, ""night_vision_ir"": true, ""pan_tilt_zoom"": false}",2021-01-01T00:00:00,2021-01-01T00:00:00
8db516ea-c40e-45d3-abb1-3fe49988f47d,e180551e-86dc-4758-ac51-ce9fa7b6c815,Industrial Waterfront & Port Atm Surveillance Cam 2085,CAM-42-084,atm_surveillance,720p,pedestrian_walkway,active,rtsp://streaming.internal.crimemind.net/live/cam-42-084,"{""fps"": 30, ""night_vision_ir"": true, ""pan_tilt_zoom"": false}",2021-01-01T00:00:00,2021-01-01T00:00:00
bebe9983-2ffc-4013-bd2e-6304f624123d,4e4b153d-e7e9-4542-9404-5ce7f40e41ef,Downtown Commercial District Municipal Surveillance Cam 2086,CAM-42-085,municipal_surveillance,1080p,northbound_entry,active,rtsp://streaming.internal.crimemind.net/live/cam-42-085,"{""fps"": 30, ""night_vision_ir"": true, ""pan_tilt_zoom"": true}",2021-01-01T00:00:00,2021-01-01T00:00:00
4be4fec0-daf0-474d-a2cc-28a0c143f286,8783823e-85d1-4155-9b0a-ea5022a4eeac,Harbor Point Terminal Private Commercial Cam 2087,CAM-42-086,private_commercial,1080p,northbound_entry,active,rtsp://streaming.internal.crimemind.net/live/cam-42-086,"{""fps"": 30, ""night_vision_ir"": true, ""pan_tilt_zoom"": false}",2021-01-01T00:00:00,2021-01-01T00:00:00
c7c581d6-d240-48f7-b75c-ca3bee661a4a,78bbbcd3-69bb-4f08-9f9d-f0e818bfa31b,Harbor Point Terminal Private Commercial Cam 2088,CAM-42-087,private_commercial,4K,360_degree_dome,active,rtsp://streaming.internal.crimemind.net/live/cam-42-087,"{""fps"": 30, ""night_vision_ir"": true, ""pan_tilt_zoom"": false}",2021-01-01T00:00:00,2021-01-01T00:00:00
a273e1df-e3e7-4697-a8e6-f0efd915e3fb,71774b8a-77c8-43c4-b5f6-1ea3907cb199,South Bay Logistics Hub Highway Toll Cam 2089,CAM-42-088,highway_toll,720p,southbound_exit,active,rtsp://streaming.internal.crimemind.net/live/cam-42-088,"{""fps"": 30, ""night_vision_ir"": true, ""pan_tilt_zoom"": true}",2021-01-01T00:00:00,2021-01-01T00:00:00
f2a7751e-9413-4f63-a2e0-b75e3efd18b0,6c500b08-8a33-4322-abd3-02ed09e3170a,Old Town Heritage Ward Subway Transit Cam 2090,CAM-42-089,subway_transit,4K,northbound_entry,active,rtsp://streaming.internal.crimemind.net/live/cam-42-089,"{""fps"": 30, ""night_vision_ir"": true, ""pan_tilt_zoom"": false}",2021-01-01T00:00:00,2021-01-01T00:00:00
8ee8331e-a967-42b3-8805-63d43f6af4c4,c359a5db-8c11-43c5-81fd-4490c4b6395c,Eastside Arts Corridor Highway Toll Cam 2091,CAM-42-090,highway_toll,1080p,360_degree_dome,active,rtsp://streaming.internal.crimemind.net/live/cam-42-090,"{""fps"": 30, ""night_vision_ir"": true, ""pan_tilt_zoom"": false}",2021-01-01T00:00:00,2021-01-01T00:00:00
e64ef236-3d3d-4873-86e4-95c42dd578a8,65fe16d2-dab4-4e9c-8e7c-e4f222206d3d,Harbor Point Terminal Subway Transit Cam 2092,CAM-42-091,subway_transit,1080p,pedestrian_walkway,active,rtsp://streaming.internal.crimemind.net/live/cam-42-091,"{""fps"": 30, ""night_vision_ir"": true, ""pan_tilt_zoom"": true}",2021-01-01T00:00:00,2021-01-01T00:00:00
804b73d0-8bba-400a-a07c-0c43fbb48e5e,f7367e21-54f9-4b3e-b73a-d3de273b8a3a,Midtown Financial Plaza Traffic Police Cam 2093,CAM-42-092,traffic_police,1080p,southbound_exit,active,rtsp://streaming.internal.crimemind.net/live/cam-42-092,"{""fps"": 30, ""night_vision_ir"": true, ""pan_tilt_zoom"": false}",2021-01-01T00:00:00,2021-01-01T00:00:00
b11bc35d-e672-40c1-b5d9-3efb0873476b,ed955178-9b00-4a40-b3ca-0f68527f8177,Silver Lake Tech Park Private Commercial Cam 2094,CAM-42-093,private_commercial,720p,pedestrian_walkway,active,rtsp://streaming.internal.crimemind.net/live/cam-42-093,"{""fps"": 30, ""night_vision_ir"": true, ""pan_tilt_zoom"": false}",2021-01-01T00:00:00,2021-01-01T00:00:00
35ba3cd1-057c-4f03-a55b-72682b4c707c,13f03a82-2742-40ed-9890-941f9dae24d2,Eastside Arts Corridor Municipal Surveillance Cam 2095,CAM-42-094,municipal_surveillance,1080p,pedestrian_walkway,active,rtsp://streaming.internal.crimemind.net/live/cam-42-094,"{""fps"": 30, ""night_vision_ir"": true, ""pan_tilt_zoom"": true}",2021-01-01T00:00:00,2021-01-01T00:00:00
2cd2f7d8-88e3-413c-837b-cd6a02bb2e0c,96375a85-31ed-4651-8816-996db8737131,Downtown Commercial District Residential Ring Cam 2096,CAM-42-095,residential_ring,1080p,360_degree_dome,active,rtsp://streaming.internal.crimemind.net/live/cam-42-095,"{""fps"": 30, ""night_vision_ir"": true, ""pan_tilt_zoom"": false}",2021-01-01T00:00:00,2021-01-01T00:00:00
04087652-fd11-4c86-ae5d-80c4f2f985c4,82a9f55e-ae91-4f9e-b006-477647fb84a6,Old Town Heritage Ward Private Commercial Cam 2097,CAM-42-096,private_commercial,1080p,360_degree_dome,active,rtsp://streaming.internal.crimemind.net/live/cam-42-096,"{""fps"": 30, ""night_vision_ir"": true, ""pan_tilt_zoom"": false}",2021-01-01T00:00:00,2021-01-01T00:00:00
6e1cc611-68b1-4ba2-a270-90d95d6dde97,289091b6-6065-4659-a275-7c7eb2ffb349,Silver Lake Tech Park Private Commercial Cam 2098,CAM-42-097,private_commercial,1080p,pedestrian_walkway,active,rtsp://streaming.internal.crimemind.net/live/cam-42-097,"{""fps"": 30, ""night_vision_ir"": true, ""pan_tilt_zoom"": true}",2021-01-01T00:00:00,2021-01-01T00:00:00
59ec6535-3e80-44a5-966f-2ac77e24453b,0198c363-0a3a-4e5a-ab65-5a485e24f8a7,West End Suburbs Residential Ring Cam 2099,CAM-42-098,residential_ring,1080p,vault_corridor,active,rtsp://streaming.internal.crimemind.net/live/cam-42-098,"{""fps"": 30, ""night_vision_ir"": true, ""pan_tilt_zoom"": false}",2021-01-01T00:00:00,2021-01-01T00:00:00
2d715c3f-73c2-4440-835c-74bc08fbcdab,36021d23-412e-4915-814d-5fa94b0f4f28,Midtown Financial Plaza Atm Surveillance Cam 2100,CAM-42-099,atm_surveillance,1080p,southbound_exit,active,rtsp://streaming.internal.crimemind.net/live/cam-42-099,"{""fps"": 30, ""night_vision_ir"": true, ""pan_tilt_zoom"": false}",2021-01-01T00:00:00,2021-01-01T00:00:00
37197e9f-a293-4093-8819-b78dbdc47feb,b0ab7aa9-94a5-4572-adcd-110e48e68d92,Industrial Waterfront & Port Residential Ring Cam 2101,CAM-43-100,residential_ring,720p,vault_corridor,active,rtsp://streaming.internal.crimemind.net/live/cam-43-100,"{""fps"": 30, ""night_vision_ir"": true, ""pan_tilt_zoom"": true}",2021-01-01T00:00:00,2021-01-01T00:00:00
04643adb-0c02-4951-a80b-d2522846f8a8,d3a4bd91-7f2e-456e-bbec-6ed7815ebf5b,Old Town Heritage Ward Traffic Police Cam 2102,CAM-43-101,traffic_police,720p,vault_corridor,active,rtsp://streaming.internal.crimemind.net/live/cam-43-101,"{""fps"": 30, ""night_vision_ir"": true, ""pan_tilt_zoom"": false}",2021-01-01T00:00:00,2021-01-01T00:00:00
d5c77a9a-344c-4264-a670-4669df41e25d,e02de384-22e0-40b1-8a74-b703be8a7d2e,Silver Lake Tech Park Atm Surveillance Cam 2103,CAM-43-102,atm_surveillance,720p,northbound_entry,active,rtsp://streaming.internal.crimemind.net/live/cam-43-102,"{""fps"": 30, ""night_vision_ir"": true, ""pan_tilt_zoom"": false}",2021-01-01T00:00:00,2021-01-01T00:00:00
ef2692bb-b74f-418a-a09e-8f5fad827e30,3a04736e-843c-44e3-ba51-300105fecdae,Old Town Heritage Ward Highway Toll Cam 2104,CAM-43-103,highway_toll,1080p,vault_corridor,active,rtsp://streaming.internal.crimemind.net/live/cam-43-103,"{""fps"": 30, ""night_vision_ir"": true, ""pan_tilt_zoom"": true}",2021-01-01T00:00:00,2021-01-01T00:00:00
cd630db5-355b-4ce7-9316-018b97f8a08b,41f7ad8c-08f4-4005-beab-4deb6a58d6ec,Silver Lake Tech Park Atm Surveillance Cam 2105,CAM-43-104,atm_surveillance,1080p,pedestrian_walkway,active,rtsp://streaming.internal.crimemind.net/live/cam-43-104,"{""fps"": 30, ""night_vision_ir"": true, ""pan_tilt_zoom"": false}",2021-01-01T00:00:00,2021-01-01T00:00:00
7f1fc4f6-ce14-4054-ae1c-c47847f73593,da41db37-0c86-4be2-af4f-aedabcaed7b4,Old Town Heritage Ward Highway Toll Cam 2106,CAM-43-105,highway_toll,1080p,southbound_exit,active,rtsp://streaming.internal.crimemind.net/live/cam-43-105,"{""fps"": 30, ""night_vision_ir"": true, ""pan_tilt_zoom"": false}",2021-01-01T00:00:00,2021-01-01T00:00:00
e9394976-08d3-40d7-92b8-763bf0c1744b,c737f733-63b2-4b80-9dbd-24fa54df9e86,Northshore Heights Traffic Police Cam 2107,CAM-43-106,traffic_police,1080p,pedestrian_walkway,active,rtsp://streaming.internal.crimemind.net/live/cam-43-106,"{""fps"": 30, ""night_vision_ir"": true, ""pan_tilt_zoom"": true}",2021-01-01T00:00:00,2021-01-01T00:00:00
479b5623-61c4-4fd8-be5d-040939fd77b0,35fd4f4d-3092-445c-95f5-0b344946a5ba,West End Suburbs Residential Ring Cam 2108,CAM-43-107,residential_ring,720p,360_degree_dome,active,rtsp://streaming.internal.crimemind.net/live/cam-43-107,"{""fps"": 30, ""night_vision_ir"": true, ""pan_tilt_zoom"": false}",2021-01-01T00:00:00,2021-01-01T00:00:00
a9ee35b7-a816-490c-bcb6-3b5950beee22,bd5631ac-2562-45c8-aac6-814b89732325,Northshore Heights Traffic Police Cam 2109,CAM-43-108,traffic_police,1080p,360_degree_dome,active,rtsp://streaming.internal.crimemind.net/live/cam-43-108,"{""fps"": 30, ""night_vision_ir"": true, ""pan_tilt_zoom"": false}",2021-01-01T00:00:00,2021-01-01T00:00:00
dfdf8394-3dd5-4b37-a125-165e33681642,e28e3c27-ef17-4aaa-ab01-1171cc2389f8,West End Suburbs Residential Ring Cam 2110,CAM-43-109,residential_ring,4K,pedestrian_walkway,active,rtsp://streaming.internal.crimemind.net/live/cam-43-109,"{""fps"": 30, ""night_vision_ir"": true, ""pan_tilt_zoom"": true}",2021-01-01T00:00:00,2021-01-01T00:00:00
282f7237-23c4-4bca-91c2-86c9bf4e371f,83901bb4-c4e5-403c-83ec-8d29453ebbba,West End Suburbs Atm Surveillance Cam 2111,CAM-43-110,atm_surveillance,1080p,vault_corridor,active,rtsp://streaming.internal.crimemind.net/live/cam-43-110,"{""fps"": 30, ""night_vision_ir"": true, ""pan_tilt_zoom"": false}",2021-01-01T00:00:00,2021-01-01T00:00:00
379a55f1-6966-4b2a-bd15-607da6ff6269,18a25ee8-1de5-400e-85b0-24bb0961edfd,Industrial Waterfront & Port Municipal Surveillance Cam 2112,CAM-43-111,municipal_surveillance,720p,southbound_exit,active,rtsp://streaming.internal.crimemind.net/live/cam-43-111,"{""fps"": 30, ""night_vision_ir"": true, ""pan_tilt_zoom"": false}",2021-01-01T00:00:00,2021-01-01T00:00:00
c4ca3547-2a23-4a34-ac46-3020c5d5becd,95cb9c85-a5a2-412b-bf57-4396f532d35f,Old Town Heritage Ward Municipal Surveillance Cam 2113,CAM-43-112,municipal_surveillance,720p,pedestrian_walkway,active,rtsp://streaming.internal.crimemind.net/live/cam-43-112,"{""fps"": 30, ""night_vision_ir"": true, ""pan_tilt_zoom"": true}",2021-01-01T00:00:00,2021-01-01T00:00:00
5c10066f-765e-4c2d-a9c6-422a44bb161e,36430605-9a2d-4cd0-9d5c-01b53d7fd1f3,Industrial Waterfront & Port Subway Transit Cam 2114,CAM-43-113,subway_transit,4K,pedestrian_walkway,active,rtsp://streaming.internal.crimemind.net/live/cam-43-113,"{""fps"": 30, ""night_vision_ir"": true, ""pan_tilt_zoom"": false}",2021-01-01T00:00:00,2021-01-01T00:00:00
b8fe58df-cf9e-4fde-aed3-abe8f5b605e9,6893e0fe-823d-44bc-a24c-1c905e8933e9,Industrial Waterfront & Port Highway Toll Cam 2115,CAM-43-114,highway_toll,1080p,360_degree_dome,active,rtsp://streaming.internal.crimemind.net/live/cam-43-114,"{""fps"": 30, ""night_vision_ir"": true, ""pan_tilt_zoom"": false}",2021-01-01T00:00:00,2021-01-01T00:00:00
9010ac68-d4a5-460a-bd39-49c3ee391819,240008ab-6cde-40f5-ad36-f5fe247d753e,Silver Lake Tech Park Traffic Police Cam 2116,CAM-43-115,traffic_police,1080p,360_degree_dome,active,rtsp://streaming.internal.crimemind.net/live/cam-43-115,"{""fps"": 30, ""night_vision_ir"": true, ""pan_tilt_zoom"": true}",2021-01-01T00:00:00,2021-01-01T00:00:00
dcfa143a-58cd-4f61-947d-b7d320c6c41d,5fed26a1-f734-477c-a998-3a719a8cbba9,Harbor Point Terminal Traffic Police Cam 2117,CAM-43-116,traffic_police,720p,southbound_exit,active,rtsp://streaming.internal.crimemind.net/live/cam-43-116,"{""fps"": 30, ""night_vision_ir"": true, ""pan_tilt_zoom"": false}",2021-01-01T00:00:00,2021-01-01T00:00:00
59bf9310-7445-4186-9147-ac60ed850005,490a205b-d32b-4666-b8e3-216b1d40c8f7,Harbor Point Terminal Atm Surveillance Cam 2118,CAM-43-117,atm_surveillance,720p,southbound_exit,active,rtsp://streaming.internal.crimemind.net/live/cam-43-117,"{""fps"": 30, ""night_vision_ir"": true, ""pan_tilt_zoom"": false}",2021-01-01T00:00:00,2021-01-01T00:00:00
49b1bf04-b355-46ad-a03c-0c505eeb604e,6bd4add6-3c85-422c-be13-7ba99a61fee2,West End Suburbs Residential Ring Cam 2119,CAM-43-118,residential_ring,1080p,southbound_exit,active,rtsp://streaming.internal.crimemind.net/live/cam-43-118,"{""fps"": 30, ""night_vision_ir"": true, ""pan_tilt_zoom"": true}",2021-01-01T00:00:00,2021-01-01T00:00:00
a5930242-8d19-41e1-b6bc-393868bb627a,2448d0e3-a852-4ffa-9eda-9134b08129cd,Silver Lake Tech Park Private Commercial Cam 2120,CAM-43-119,private_commercial,4K,360_degree_dome,active,rtsp://streaming.internal.crimemind.net/live/cam-43-119,"{""fps"": 30, ""night_vision_ir"": true, ""pan_tilt_zoom"": false}",2021-01-01T00:00:00,2021-01-01T00:00:00
a09a8828-8238-4b41-8a10-5c4936e69539,6c57e691-998f-4956-af2a-22c07a018a55,Eastside Arts Corridor Subway Transit Cam 2121,CAM-43-120,subway_transit,1080p,southbound_exit,active,rtsp://streaming.internal.crimemind.net/live/cam-43-120,"{""fps"": 30, ""night_vision_ir"": true, ""pan_tilt_zoom"": false}",2021-01-01T00:00:00,2021-01-01T00:00:00
80ecd474-8e20-46c6-99e9-abf4336c8a5b,b9a7ada4-72d5-4d3b-b3ac-994a0291951e,Downtown Commercial District Private Commercial Cam 2122,CAM-43-121,private_commercial,720p,vault_corridor,active,rtsp://streaming.internal.crimemind.net/live/cam-43-121,"{""fps"": 30, ""night_vision_ir"": true, ""pan_tilt_zoom"": true}",2021-01-01T00:00:00,2021-01-01T00:00:00
5ed85d94-ada7-4b23-9cd4-9cd0d6277776,4e789ee2-4a76-43f1-ab79-b96b434ddbd0,Eastside Arts Corridor Traffic Police Cam 2123,CAM-43-122,traffic_police,4K,southbound_exit,active,rtsp://streaming.internal.crimemind.net/live/cam-43-122,"{""fps"": 30, ""night_vision_ir"": true, ""pan_tilt_zoom"": false}",2021-01-01T00:00:00,2021-01-01T00:00:00
7ead8f4b-7875-4b74-a613-dd48f81b8842,f1fc4e28-2213-48c1-8c08-bcbbbc726a36,Old Town Heritage Ward Subway Transit Cam 2124,CAM-43-123,subway_transit,1080p,360_degree_dome,active,rtsp://streaming.internal.crimemind.net/live/cam-43-123,"{""fps"": 30, ""night_vision_ir"": true, ""pan_tilt_zoom"": false}",2021-01-01T00:00:00,2021-01-01T00:00:00
0c953271-3151-42f8-93c2-e54329b8e514,4b59af74-b3ee-4f6b-bf16-6112ab45dfc8,Harbor Point Terminal Traffic Police Cam 2125,CAM-43-124,traffic_police,1080p,pedestrian_walkway,active,rtsp://streaming.internal.crimemind.net/live/cam-43-124,"{""fps"": 30, ""night_vision_ir"": true, ""pan_tilt_zoom"": true}",2021-01-01T00:00:00,2021-01-01T00:00:00
4f639373-897f-4559-8c1c-06003596e43b,7cfe32f2-7e76-4a02-93e4-88b988955caf,South Bay Logistics Hub Residential Ring Cam 2126,CAM-43-125,residential_ring,4K,northbound_entry,active,rtsp://streaming.internal.crimemind.net/live/cam-43-125,"{""fps"": 30, ""night_vision_ir"": true, ""pan_tilt_zoom"": false}",2021-01-01T00:00:00,2021-01-01T00:00:00
93289994-03ca-4ae7-8d8f-20cfeab6f62f,0dbf1dec-bd30-4182-ac38-c7ee19587eab,Midtown Financial Plaza Highway Toll Cam 2127,CAM-43-126,highway_toll,720p,northbound_entry,active,rtsp://streaming.internal.crimemind.net/live/cam-43-126,"{""fps"": 30, ""night_vision_ir"": true, ""pan_tilt_zoom"": false}",2021-01-01T00:00:00,2021-01-01T00:00:00
83565591-3d81-4ab2-bad4-d58434185934,e29777f0-d73b-4396-b242-b1b3526146bf,Downtown Commercial District Atm Surveillance Cam 2128,CAM-43-127,atm_surveillance,1080p,southbound_exit,active,rtsp://streaming.internal.crimemind.net/live/cam-43-127,"{""fps"": 30, ""night_vision_ir"": true, ""pan_tilt_zoom"": true}",2021-01-01T00:00:00,2021-01-01T00:00:00
2aa64975-a80f-4b8b-9430-4723de667a5b,96ac76fe-a6d3-4587-bbac-0ce472d7a9e8,Northshore Heights Residential Ring Cam 2129,CAM-43-128,residential_ring,4K,northbound_entry,active,rtsp://streaming.internal.crimemind.net/live/cam-43-128,"{""fps"": 30, ""night_vision_ir"": true, ""pan_tilt_zoom"": false}",2021-01-01T00:00:00,2021-01-01T00:00:00
ee0d629c-1347-4a3c-8f7b-48f629d34abe,881f0386-41c6-498b-8c93-e88fb2e83060,Eastside Arts Corridor Traffic Police Cam 2130,CAM-43-129,traffic_police,1080p,northbound_entry,offline,rtsp://streaming.internal.crimemind.net/live/cam-43-129,"{""fps"": 30, ""night_vision_ir"": true, ""pan_tilt_zoom"": false}",2021-01-01T00:00:00,2021-01-01T00:00:00
686a6b07-a453-4f3e-bad4-c1ab9f7a2aba,55f5571d-ed06-4588-871e-2b25ed255fd5,Northshore Heights Residential Ring Cam 2131,CAM-43-130,residential_ring,1080p,360_degree_dome,active,rtsp://streaming.internal.crimemind.net/live/cam-43-130,"{""fps"": 30, ""night_vision_ir"": true, ""pan_tilt_zoom"": true}",2021-01-01T00:00:00,2021-01-01T00:00:00
16e0c2c2-cbe5-4893-a6ff-fb5c27126a8d,304ada13-7048-4b2a-89f6-6b39c79fff27,Harbor Point Terminal Highway Toll Cam 2132,CAM-43-131,highway_toll,1080p,vault_corridor,active,rtsp://streaming.internal.crimemind.net/live/cam-43-131,"{""fps"": 30, ""night_vision_ir"": true, ""pan_tilt_zoom"": false}",2021-01-01T00:00:00,2021-01-01T00:00:00
ad917eba-2cb4-4ebc-9443-c17989fcd916,304ada13-7048-4b2a-89f6-6b39c79fff27,Harbor Point Terminal Municipal Surveillance Cam 2133,CAM-43-132,municipal_surveillance,1080p,vault_corridor,active,rtsp://streaming.internal.crimemind.net/live/cam-43-132,"{""fps"": 30, ""night_vision_ir"": true, ""pan_tilt_zoom"": false}",2021-01-01T00:00:00,2021-01-01T00:00:00
47d2fbd2-161e-4128-a805-c48ff8d5a416,fe25f57e-b668-4d3b-b411-2ca08ea12573,Midtown Financial Plaza Atm Surveillance Cam 2134,CAM-43-133,atm_surveillance,4K,pedestrian_walkway,active,rtsp://streaming.internal.crimemind.net/live/cam-43-133,"{""fps"": 30, ""night_vision_ir"": true, ""pan_tilt_zoom"": true}",2021-01-01T00:00:00,2021-01-01T00:00:00
8d80a7f4-4a35-4a30-bd76-39ef10049d4a,2ae17f23-e181-4f60-a7ec-e908525ec893,West End Suburbs Highway Toll Cam 2135,CAM-43-134,highway_toll,1080p,southbound_exit,active,rtsp://streaming.internal.crimemind.net/live/cam-43-134,"{""fps"": 30, ""night_vision_ir"": true, ""pan_tilt_zoom"": false}",2021-01-01T00:00:00,2021-01-01T00:00:00
cd8d0817-343b-42ef-8a92-666862792610,fc9a5fc6-86ec-484e-a96a-60855860455e,Industrial Waterfront & Port Subway Transit Cam 2136,CAM-43-135,subway_transit,1080p,southbound_exit,active,rtsp://streaming.internal.crimemind.net/live/cam-43-135,"{""fps"": 30, ""night_vision_ir"": true, ""pan_tilt_zoom"": false}",2021-01-01T00:00:00,2021-01-01T00:00:00
a9990a7e-37e6-4b6f-b028-58b940b13e15,c20562a9-4343-4621-ab17-ed9ac85f542c,West End Suburbs Municipal Surveillance Cam 2137,CAM-43-136,municipal_surveillance,4K,northbound_entry,active,rtsp://streaming.internal.crimemind.net/live/cam-43-136,"{""fps"": 30, ""night_vision_ir"": true, ""pan_tilt_zoom"": true}",2021-01-01T00:00:00,2021-01-01T00:00:00
3e851958-f5e6-46d4-869a-db41c75b6291,c5b7910a-46c9-45ab-98b0-6d553fb1a571,West End Suburbs Municipal Surveillance Cam 2138,CAM-43-137,municipal_surveillance,720p,vault_corridor,active,rtsp://streaming.internal.crimemind.net/live/cam-43-137,"{""fps"": 30, ""night_vision_ir"": true, ""pan_tilt_zoom"": false}",2021-01-01T00:00:00,2021-01-01T00:00:00
81da88a0-c9c8-4853-b4c3-dae7c750907e,f2f390f3-a8f8-4098-83a5-5749bb7842ee,Northshore Heights Municipal Surveillance Cam 2139,CAM-43-138,municipal_surveillance,720p,southbound_exit,active,rtsp://streaming.internal.crimemind.net/live/cam-43-138,"{""fps"": 30, ""night_vision_ir"": true, ""pan_tilt_zoom"": false}",2021-01-01T00:00:00,2021-01-01T00:00:00
77aff379-0ec3-4e83-93d2-a803599954d4,cf9f8abf-93e0-4950-94e7-2d3833d94261,Eastside Arts Corridor Atm Surveillance Cam 2140,CAM-43-139,atm_surveillance,1080p,vault_corridor,active,rtsp://streaming.internal.crimemind.net/live/cam-43-139,"{""fps"": 30, ""night_vision_ir"": true, ""pan_tilt_zoom"": true}",2021-01-01T00:00:00,2021-01-01T00:00:00
50c4878e-90ad-4c44-9b1e-20d99654fc76,b65439a6-2adc-46d3-a497-517d03d35514,Harbor Point Terminal Traffic Police Cam 2141,CAM-43-140,traffic_police,4K,vault_corridor,active,rtsp://streaming.internal.crimemind.net/live/cam-43-140,"{""fps"": 30, ""night_vision_ir"": true, ""pan_tilt_zoom"": false}",2021-01-01T00:00:00,2021-01-01T00:00:00
4cbb2037-4982-48e4-a231-10040c5c4019,fa0f2010-fa72-40c6-b6cd-5623437bf351,Industrial Waterfront & Port Atm Surveillance Cam 2142,CAM-43-141,atm_surveillance,4K,pedestrian_walkway,active,rtsp://streaming.internal.crimemind.net/live/cam-43-141,"{""fps"": 30, ""night_vision_ir"": true, ""pan_tilt_zoom"": false}",2021-01-01T00:00:00,2021-01-01T00:00:00
9e2f9e55-5b68-4ef9-bd2b-d26c3b088473,abb790d0-642d-4201-b063-561471851daf,West End Suburbs Private Commercial Cam 2143,CAM-43-142,private_commercial,720p,360_degree_dome,active,rtsp://streaming.internal.crimemind.net/live/cam-43-142,"{""fps"": 30, ""night_vision_ir"": true, ""pan_tilt_zoom"": true}",2021-01-01T00:00:00,2021-01-01T00:00:00
eff619e6-bfa6-4fd1-b670-e99bbdbf2281,25cbe297-dc4b-49e0-813d-79d8ff78c077,Northshore Heights Atm Surveillance Cam 2144,CAM-43-143,atm_surveillance,4K,pedestrian_walkway,active,rtsp://streaming.internal.crimemind.net/live/cam-43-143,"{""fps"": 30, ""night_vision_ir"": true, ""pan_tilt_zoom"": false}",2021-01-01T00:00:00,2021-01-01T00:00:00
873b1254-3640-4ada-9b19-5a78000fdafd,22080229-fb34-4a26-bf23-28ec48da9cd9,West End Suburbs Highway Toll Cam 2145,CAM-43-144,highway_toll,1080p,northbound_entry,active,rtsp://streaming.internal.crimemind.net/live/cam-43-144,"{""fps"": 30, ""night_vision_ir"": true, ""pan_tilt_zoom"": false}",2021-01-01T00:00:00,2021-01-01T00:00:00
d5350b7b-3bbb-4480-b274-226d9efa123f,2c18e141-db6b-483a-864a-26f419fd3180,Harbor Point Terminal Municipal Surveillance Cam 2146,CAM-43-145,municipal_surveillance,1080p,southbound_exit,active,rtsp://streaming.internal.crimemind.net/live/cam-43-145,"{""fps"": 30, ""night_vision_ir"": true, ""pan_tilt_zoom"": true}",2021-01-01T00:00:00,2021-01-01T00:00:00
fb88d3de-5487-4a65-82db-521639f5dfee,761d6936-1634-4023-8f61-339ff60c3a37,Northshore Heights Highway Toll Cam 2147,CAM-43-146,highway_toll,720p,northbound_entry,active,rtsp://streaming.internal.crimemind.net/live/cam-43-146,"{""fps"": 30, ""night_vision_ir"": true, ""pan_tilt_zoom"": false}",2021-01-01T00:00:00,2021-01-01T00:00:00
d26e4abd-9362-44af-a318-9a5e268bf015,0cd86b59-a60f-4108-98aa-102068b7c0fb,Harbor Point Terminal Residential Ring Cam 2148,CAM-43-147,residential_ring,1080p,northbound_entry,offline,rtsp://streaming.internal.crimemind.net/live/cam-43-147,"{""fps"": 30, ""night_vision_ir"": true, ""pan_tilt_zoom"": false}",2021-01-01T00:00:00,2021-01-01T00:00:00
649ce512-e073-49a8-8e5f-c7648ed61cb4,9280ca4a-cbdf-49ef-a9a0-1c533357951a,Eastside Arts Corridor Residential Ring Cam 2149,CAM-43-148,residential_ring,1080p,vault_corridor,active,rtsp://streaming.internal.crimemind.net/live/cam-43-148,"{""fps"": 30, ""night_vision_ir"": true, ""pan_tilt_zoom"": true}",2021-01-01T00:00:00,2021-01-01T00:00:00
ffb17e39-1ae5-4602-921e-36f03b0e1791,42afea55-c4e7-4616-9be2-d603f1fb1b73,Midtown Financial Plaza Private Commercial Cam 2150,CAM-43-149,private_commercial,4K,pedestrian_walkway,active,rtsp://streaming.internal.crimemind.net/live/cam-43-149,"{""fps"": 30, ""night_vision_ir"": true, ""pan_tilt_zoom"": false}",2021-01-01T00:00:00,2021-01-01T00:00:00
27e3c956-76ea-48e6-9cf4-889501ad42b2,cc96f13a-0fda-44af-a478-5ccba9a5cfce,Eastside Arts Corridor Highway Toll Cam 2151,CAM-44-150,highway_toll,1080p,vault_corridor,active,rtsp://streaming.internal.crimemind.net/live/cam-44-150,"{""fps"": 30, ""night_vision_ir"": true, ""pan_tilt_zoom"": false}",2021-01-01T00:00:00,2021-01-01T00:00:00
a272b7c4-8460-4a4f-8bf2-6712abf2e0d2,473c6965-c1a8-46d5-8590-0c4a7a3488b9,Northshore Heights Residential Ring Cam 2152,CAM-44-151,residential_ring,4K,vault_corridor,active,rtsp://streaming.internal.crimemind.net/live/cam-44-151,"{""fps"": 30, ""night_vision_ir"": true, ""pan_tilt_zoom"": true}",2021-01-01T00:00:00,2021-01-01T00:00:00
a70ed3e0-813d-4ec3-b806-5f49760ea317,4d1e8040-30ac-40ff-aa09-876b88083f59,South Bay Logistics Hub Private Commercial Cam 2153,CAM-44-152,private_commercial,4K,vault_corridor,active,rtsp://streaming.internal.crimemind.net/live/cam-44-152,"{""fps"": 30, ""night_vision_ir"": true, ""pan_tilt_zoom"": false}",2021-01-01T00:00:00,2021-01-01T00:00:00
bd2cf7a6-db42-4c1c-b176-c66c6bd4ea9f,23b5463e-4ab0-40e4-a86c-d7b0133bf507,Northshore Heights Private Commercial Cam 2154,CAM-44-153,private_commercial,4K,pedestrian_walkway,maintenance,rtsp://streaming.internal.crimemind.net/live/cam-44-153,"{""fps"": 30, ""night_vision_ir"": true, ""pan_tilt_zoom"": false}",2021-01-01T00:00:00,2021-01-01T00:00:00
86f61984-421b-4441-ac0f-58c2225bcf89,28ac78f7-7bd4-46be-b552-15f2ad38d1df,Midtown Financial Plaza Residential Ring Cam 2155,CAM-44-154,residential_ring,4K,vault_corridor,active,rtsp://streaming.internal.crimemind.net/live/cam-44-154,"{""fps"": 30, ""night_vision_ir"": true, ""pan_tilt_zoom"": true}",2021-01-01T00:00:00,2021-01-01T00:00:00
173030ce-bbb9-4800-81f8-71ca61d8e968,c55c21ec-c49b-4191-bb04-80db31360f5d,Northshore Heights Municipal Surveillance Cam 2156,CAM-44-155,municipal_surveillance,720p,pedestrian_walkway,maintenance,rtsp://streaming.internal.crimemind.net/live/cam-44-155,"{""fps"": 30, ""night_vision_ir"": true, ""pan_tilt_zoom"": false}",2021-01-01T00:00:00,2021-01-01T00:00:00
1e95b98b-0b68-487b-b39e-1d696c6c25d2,6b145a03-b478-4d8f-9525-c05f45ee67fb,South Bay Logistics Hub Residential Ring Cam 2157,CAM-44-156,residential_ring,1080p,pedestrian_walkway,active,rtsp://streaming.internal.crimemind.net/live/cam-44-156,"{""fps"": 30, ""night_vision_ir"": true, ""pan_tilt_zoom"": false}",2021-01-01T00:00:00,2021-01-01T00:00:00
b1b01005-24b0-4900-a604-b8e949091469,ba53e747-c0d8-4cc3-81ac-a25221175d86,Eastside Arts Corridor Municipal Surveillance Cam 2158,CAM-44-157,municipal_surveillance,1080p,pedestrian_walkway,active,rtsp://streaming.internal.crimemind.net/live/cam-44-157,"{""fps"": 30, ""night_vision_ir"": true, ""pan_tilt_zoom"": true}",2021-01-01T00:00:00,2021-01-01T00:00:00
2bf12794-abd7-4b40-b12c-6041c13d68df,e02de384-22e0-40b1-8a74-b703be8a7d2e,Silver Lake Tech Park Traffic Police Cam 2159,CAM-44-158,traffic_police,1080p,vault_corridor,active,rtsp://streaming.internal.crimemind.net/live/cam-44-158,"{""fps"": 30, ""night_vision_ir"": true, ""pan_tilt_zoom"": false}",2021-01-01T00:00:00,2021-01-01T00:00:00
4d53d034-3999-4ee6-be22-8331bcf60b19,9bee4201-30cd-4dd0-b958-f093f283054a,Harbor Point Terminal Highway Toll Cam 2160,CAM-44-159,highway_toll,1080p,360_degree_dome,active,rtsp://streaming.internal.crimemind.net/live/cam-44-159,"{""fps"": 30, ""night_vision_ir"": true, ""pan_tilt_zoom"": false}",2021-01-01T00:00:00,2021-01-01T00:00:00
3a126089-3157-4654-9edc-3228756137ea,424fc12d-1221-40b1-9f01-376e8e8990f9,West End Suburbs Subway Transit Cam 2161,CAM-44-160,subway_transit,1080p,vault_corridor,active,rtsp://streaming.internal.crimemind.net/live/cam-44-160,"{""fps"": 30, ""night_vision_ir"": true, ""pan_tilt_zoom"": true}",2021-01-01T00:00:00,2021-01-01T00:00:00
3549d34b-35c8-44bb-b78a-2909ad886590,d3afd4e0-926e-4414-9a16-4c550c24939d,Industrial Waterfront & Port Municipal Surveillance Cam 2162,CAM-44-161,municipal_surveillance,1080p,360_degree_dome,active,rtsp://streaming.internal.crimemind.net/live/cam-44-161,"{""fps"": 30, ""night_vision_ir"": true, ""pan_tilt_zoom"": false}",2021-01-01T00:00:00,2021-01-01T00:00:00
dbb4f618-1895-46d4-9b1f-cd6f893ee449,a442f5fe-b54c-46f5-9f1e-ce32ad9ca563,Harbor Point Terminal Residential Ring Cam 2163,CAM-44-162,residential_ring,1080p,vault_corridor,offline,rtsp://streaming.internal.crimemind.net/live/cam-44-162,"{""fps"": 30, ""night_vision_ir"": true, ""pan_tilt_zoom"": false}",2021-01-01T00:00:00,2021-01-01T00:00:00
a09d4c85-3e65-41c5-aa60-099d37de670a,ee44de87-0b8a-4149-863c-d668f5329fd6,Harbor Point Terminal Traffic Police Cam 2164,CAM-44-163,traffic_police,1080p,southbound_exit,active,rtsp://streaming.internal.crimemind.net/live/cam-44-163,"{""fps"": 30, ""night_vision_ir"": true, ""pan_tilt_zoom"": true}",2021-01-01T00:00:00,2021-01-01T00:00:00
8e5f54d0-c035-4650-bc98-386cd2d28bbf,50c680af-dc2f-4991-a085-03dad1c997f0,Industrial Waterfront & Port Subway Transit Cam 2165,CAM-44-164,subway_transit,720p,360_degree_dome,active,rtsp://streaming.internal.crimemind.net/live/cam-44-164,"{""fps"": 30, ""night_vision_ir"": true, ""pan_tilt_zoom"": false}",2021-01-01T00:00:00,2021-01-01T00:00:00
32e92034-8fc0-41be-bf5e-daefd09e64ca,23b5463e-4ab0-40e4-a86c-d7b0133bf507,Northshore Heights Traffic Police Cam 2166,CAM-44-165,traffic_police,1080p,pedestrian_walkway,active,rtsp://streaming.internal.crimemind.net/live/cam-44-165,"{""fps"": 30, ""night_vision_ir"": true, ""pan_tilt_zoom"": false}",2021-01-01T00:00:00,2021-01-01T00:00:00
efb26ec0-3d68-472e-843b-554e83455fcd,d936d6f9-9f55-4c4d-9556-cca6344413f2,Downtown Commercial District Traffic Police Cam 2167,CAM-44-166,traffic_police,1080p,southbound_exit,active,rtsp://streaming.internal.crimemind.net/live/cam-44-166,"{""fps"": 30, ""night_vision_ir"": true, ""pan_tilt_zoom"": true}",2021-01-01T00:00:00,2021-01-01T00:00:00
2ef0fd52-5e3f-4ebc-a686-da8f447b33aa,300b126f-5c6b-4ee2-bbd8-68bc58337be5,Harbor Point Terminal Subway Transit Cam 2168,CAM-44-167,subway_transit,4K,360_degree_dome,active,rtsp://streaming.internal.crimemind.net/live/cam-44-167,"{""fps"": 30, ""night_vision_ir"": true, ""pan_tilt_zoom"": false}",2021-01-01T00:00:00,2021-01-01T00:00:00
09dc27f1-0a81-43f5-8008-b07adb4295ea,1eeb8d75-4e77-44e4-8b31-ee121c883e00,Northshore Heights Traffic Police Cam 2169,CAM-44-168,traffic_police,720p,southbound_exit,active,rtsp://streaming.internal.crimemind.net/live/cam-44-168,"{""fps"": 30, ""night_vision_ir"": true, ""pan_tilt_zoom"": false}",2021-01-01T00:00:00,2021-01-01T00:00:00
17b53b53-8c39-4fad-b921-a9d97b952f5d,238573cf-a5e1-4115-9f4f-0060ae5626c2,Harbor Point Terminal Private Commercial Cam 2170,CAM-44-169,private_commercial,1080p,360_degree_dome,active,rtsp://streaming.internal.crimemind.net/live/cam-44-169,"{""fps"": 30, ""night_vision_ir"": true, ""pan_tilt_zoom"": true}",2021-01-01T00:00:00,2021-01-01T00:00:00
7b9c16cc-f11b-44ef-8982-a13571bc18f4,1ca6ff8f-0b40-42ad-9b0c-3bdef3b1a681,South Bay Logistics Hub Highway Toll Cam 2171,CAM-44-170,highway_toll,1080p,360_degree_dome,active,rtsp://streaming.internal.crimemind.net/live/cam-44-170,"{""fps"": 30, ""night_vision_ir"": true, ""pan_tilt_zoom"": false}",2021-01-01T00:00:00,2021-01-01T00:00:00
0f308026-1df4-42d2-9c10-e5908fcc6202,76b23c6b-bac0-4c8f-8f62-b3a0a5d78fe0,Midtown Financial Plaza Traffic Police Cam 2172,CAM-44-171,traffic_police,4K,southbound_exit,maintenance,rtsp://streaming.internal.crimemind.net/live/cam-44-171,"{""fps"": 30, ""night_vision_ir"": true, ""pan_tilt_zoom"": false}",2021-01-01T00:00:00,2021-01-01T00:00:00
b873f7d1-094e-4d0a-aa6c-9e60ac71aff3,a72ffd12-d698-4403-a43e-f4f936447702,South Bay Logistics Hub Residential Ring Cam 2173,CAM-44-172,residential_ring,1080p,360_degree_dome,active,rtsp://streaming.internal.crimemind.net/live/cam-44-172,"{""fps"": 30, ""night_vision_ir"": true, ""pan_tilt_zoom"": true}",2021-01-01T00:00:00,2021-01-01T00:00:00
72fc2b89-7f0f-409e-b280-abee8e43865a,31297265-6d67-43c8-846b-73e1011d2d55,Downtown Commercial District Highway Toll Cam 2174,CAM-44-173,highway_toll,720p,360_degree_dome,active,rtsp://streaming.internal.crimemind.net/live/cam-44-173,"{""fps"": 30, ""night_vision_ir"": true, ""pan_tilt_zoom"": false}",2021-01-01T00:00:00,2021-01-01T00:00:00
6a289b94-0aba-4cb8-b7ba-a4af0229a65f,2295e607-6c14-4397-8182-289640bde83b,Harbor Point Terminal Highway Toll Cam 2175,CAM-44-174,highway_toll,4K,pedestrian_walkway,active,rtsp://streaming.internal.crimemind.net/live/cam-44-174,"{""fps"": 30, ""night_vision_ir"": true, ""pan_tilt_zoom"": false}",2021-01-01T00:00:00,2021-01-01T00:00:00
e2fee7ca-cacb-49fb-b606-94a399ea6cf5,431acb26-6afa-44f0-b420-12c90d34caea,Industrial Waterfront & Port Private Commercial Cam 2176,CAM-44-175,private_commercial,1080p,360_degree_dome,active,rtsp://streaming.internal.crimemind.net/live/cam-44-175,"{""fps"": 30, ""night_vision_ir"": true, ""pan_tilt_zoom"": true}",2021-01-01T00:00:00,2021-01-01T00:00:00
b7d94cce-0de3-4b9c-baa7-153212a460e6,6c9a8aea-f4a6-48a8-b4e9-cc0543ceabf2,Northshore Heights Municipal Surveillance Cam 2177,CAM-44-176,municipal_surveillance,1080p,pedestrian_walkway,active,rtsp://streaming.internal.crimemind.net/live/cam-44-176,"{""fps"": 30, ""night_vision_ir"": true, ""pan_tilt_zoom"": false}",2021-01-01T00:00:00,2021-01-01T00:00:00
f7820499-10ee-4a89-ba94-05ffeea7a136,2e17b8c5-90d9-4b20-bc52-fa921c923a5e,Harbor Point Terminal Private Commercial Cam 2178,CAM-44-177,private_commercial,1080p,northbound_entry,active,rtsp://streaming.internal.crimemind.net/live/cam-44-177,"{""fps"": 30, ""night_vision_ir"": true, ""pan_tilt_zoom"": false}",2021-01-01T00:00:00,2021-01-01T00:00:00
2b14a3d7-9239-452c-b1f5-40a2578783d5,03fa1b8c-10af-4400-8b27-107aa24b2b86,Old Town Heritage Ward Municipal Surveillance Cam 2179,CAM-44-178,municipal_surveillance,1080p,southbound_exit,active,rtsp://streaming.internal.crimemind.net/live/cam-44-178,"{""fps"": 30, ""night_vision_ir"": true, ""pan_tilt_zoom"": true}",2021-01-01T00:00:00,2021-01-01T00:00:00
b0b345f7-4ca9-453e-98de-47d1247de25f,a2f2d463-e5da-46d9-8924-baacfdeae93e,Northshore Heights Traffic Police Cam 2180,CAM-44-179,traffic_police,720p,360_degree_dome,active,rtsp://streaming.internal.crimemind.net/live/cam-44-179,"{""fps"": 30, ""night_vision_ir"": true, ""pan_tilt_zoom"": false}",2021-01-01T00:00:00,2021-01-01T00:00:00
f49311ee-c584-4460-a1e7-e58fe716e215,9d9ae307-dd63-4b4d-b918-4c96be6693eb,Northshore Heights Municipal Surveillance Cam 2181,CAM-44-180,municipal_surveillance,1080p,vault_corridor,active,rtsp://streaming.internal.crimemind.net/live/cam-44-180,"{""fps"": 30, ""night_vision_ir"": true, ""pan_tilt_zoom"": false}",2021-01-01T00:00:00,2021-01-01T00:00:00
dd0dcd7c-5cd6-4016-844e-2cde3ea502e0,50354e32-5769-4288-b03c-dbf44925b518,West End Suburbs Traffic Police Cam 2182,CAM-44-181,traffic_police,1080p,vault_corridor,active,rtsp://streaming.internal.crimemind.net/live/cam-44-181,"{""fps"": 30, ""night_vision_ir"": true, ""pan_tilt_zoom"": true}",2021-01-01T00:00:00,2021-01-01T00:00:00
f938fc1b-bb92-4e95-8d61-4bd85aad2923,4f0d260c-768c-4163-afbc-a4f68d0a0ff9,Harbor Point Terminal Atm Surveillance Cam 2183,CAM-44-182,atm_surveillance,1080p,southbound_exit,active,rtsp://streaming.internal.crimemind.net/live/cam-44-182,"{""fps"": 30, ""night_vision_ir"": true, ""pan_tilt_zoom"": false}",2021-01-01T00:00:00,2021-01-01T00:00:00
718ea6a9-e31b-4854-ab58-90b5ab1e7cda,cf6a3a05-39de-47d4-88e4-8cd3e6652bc6,Old Town Heritage Ward Private Commercial Cam 2184,CAM-44-183,private_commercial,1080p,northbound_entry,active,rtsp://streaming.internal.crimemind.net/live/cam-44-183,"{""fps"": 30, ""night_vision_ir"": true, ""pan_tilt_zoom"": false}",2021-01-01T00:00:00,2021-01-01T00:00:00
a6d222f9-83bc-4e17-85ab-d44a2e960d33,718d5772-fc0e-4314-94fc-97e2ea0fc525,Harbor Point Terminal Municipal Surveillance Cam 2185,CAM-44-184,municipal_surveillance,1080p,360_degree_dome,active,rtsp://streaming.internal.crimemind.net/live/cam-44-184,"{""fps"": 30, ""night_vision_ir"": true, ""pan_tilt_zoom"": true}",2021-01-01T00:00:00,2021-01-01T00:00:00
1d44c0b2-b2ec-4ac3-a261-5b4aacd71aa3,f6ce2074-028d-44f3-84f0-ff2685edcd10,Downtown Commercial District Atm Surveillance Cam 2186,CAM-44-185,atm_surveillance,1080p,360_degree_dome,active,rtsp://streaming.internal.crimemind.net/live/cam-44-185,"{""fps"": 30, ""night_vision_ir"": true, ""pan_tilt_zoom"": false}",2021-01-01T00:00:00,2021-01-01T00:00:00
986267b4-6228-4fc4-a31d-ee2ceb404266,7e7d1b96-df15-46b1-9fff-12e3b3452230,Midtown Financial Plaza Highway Toll Cam 2187,CAM-44-186,highway_toll,1080p,360_degree_dome,active,rtsp://streaming.internal.crimemind.net/live/cam-44-186,"{""fps"": 30, ""night_vision_ir"": true, ""pan_tilt_zoom"": false}",2021-01-01T00:00:00,2021-01-01T00:00:00
19cf1219-57ea-4791-a5e0-981e376cc87d,70038975-ffcb-4b80-a8a3-dd74abbf6646,South Bay Logistics Hub Residential Ring Cam 2188,CAM-44-187,residential_ring,1080p,360_degree_dome,active,rtsp://streaming.internal.crimemind.net/live/cam-44-187,"{""fps"": 30, ""night_vision_ir"": true, ""pan_tilt_zoom"": true}",2021-01-01T00:00:00,2021-01-01T00:00:00
fd57e8b6-143c-493c-9969-9b2cfb9ec036,dc54e291-c92d-4384-ae7d-63b751bb582d,Harbor Point Terminal Residential Ring Cam 2189,CAM-44-188,residential_ring,1080p,northbound_entry,active,rtsp://streaming.internal.crimemind.net/live/cam-44-188,"{""fps"": 30, ""night_vision_ir"": true, ""pan_tilt_zoom"": false}",2021-01-01T00:00:00,2021-01-01T00:00:00
aa515064-4d72-42be-ba59-3d407f90279c,52894265-df4e-46ff-bc5d-31adac64f763,West End Suburbs Subway Transit Cam 2190,CAM-44-189,subway_transit,4K,vault_corridor,active,rtsp://streaming.internal.crimemind.net/live/cam-44-189,"{""fps"": 30, ""night_vision_ir"": true, ""pan_tilt_zoom"": false}",2021-01-01T00:00:00,2021-01-01T00:00:00
52afc540-7e3a-4c13-88ba-e86c9d26fb76,98aa5bb2-e062-4ede-81e6-b9fbf9c8b3bb,Eastside Arts Corridor Atm Surveillance Cam 2191,CAM-44-190,atm_surveillance,1080p,northbound_entry,active,rtsp://streaming.internal.crimemind.net/live/cam-44-190,"{""fps"": 30, ""night_vision_ir"": true, ""pan_tilt_zoom"": true}",2021-01-01T00:00:00,2021-01-01T00:00:00
86453dd9-010e-472d-b7fd-d7d74a557d81,82a9f55e-ae91-4f9e-b006-477647fb84a6,Old Town Heritage Ward Residential Ring Cam 2192,CAM-44-191,residential_ring,720p,pedestrian_walkway,active,rtsp://streaming.internal.crimemind.net/live/cam-44-191,"{""fps"": 30, ""night_vision_ir"": true, ""pan_tilt_zoom"": false}",2021-01-01T00:00:00,2021-01-01T00:00:00
75f5f21f-91aa-4a90-845d-f877542a34fb,6c5b5cd6-40fc-44d1-a29a-f5b97e37b300,Old Town Heritage Ward Private Commercial Cam 2193,CAM-44-192,private_commercial,1080p,360_degree_dome,active,rtsp://streaming.internal.crimemind.net/live/cam-44-192,"{""fps"": 30, ""night_vision_ir"": true, ""pan_tilt_zoom"": false}",2021-01-01T00:00:00,2021-01-01T00:00:00
82b31720-2167-4a83-b5d2-528888591fc4,36a55299-9d1f-4ac0-8500-234b0e857b7a,Midtown Financial Plaza Highway Toll Cam 2194,CAM-44-193,highway_toll,1080p,360_degree_dome,active,rtsp://streaming.internal.crimemind.net/live/cam-44-193,"{""fps"": 30, ""night_vision_ir"": true, ""pan_tilt_zoom"": true}",2021-01-01T00:00:00,2021-01-01T00:00:00
173f4338-cc1b-4a19-9b47-39b526895390,820f1e5f-665c-4572-9e42-c6980a0c1972,Silver Lake Tech Park Private Commercial Cam 2195,CAM-44-194,private_commercial,1080p,northbound_entry,active,rtsp://streaming.internal.crimemind.net/live/cam-44-194,"{""fps"": 30, ""night_vision_ir"": true, ""pan_tilt_zoom"": false}",2021-01-01T00:00:00,2021-01-01T00:00:00
6e916f5d-dd72-4f02-a78e-6803be9f885a,08b84ebd-1a71-4b96-a695-65b2ef236c80,Midtown Financial Plaza Private Commercial Cam 2196,CAM-44-195,private_commercial,1080p,pedestrian_walkway,active,rtsp://streaming.internal.crimemind.net/live/cam-44-195,"{""fps"": 30, ""night_vision_ir"": true, ""pan_tilt_zoom"": false}",2021-01-01T00:00:00,2021-01-01T00:00:00
9f854e4e-11a6-4f41-a1c7-035700491f54,08b84ebd-1a71-4b96-a695-65b2ef236c80,Midtown Financial Plaza Atm Surveillance Cam 2197,CAM-44-196,atm_surveillance,1080p,northbound_entry,active,rtsp://streaming.internal.crimemind.net/live/cam-44-196,"{""fps"": 30, ""night_vision_ir"": true, ""pan_tilt_zoom"": true}",2021-01-01T00:00:00,2021-01-01T00:00:00
07aa0d94-6a8c-4830-9e7a-bdeaa3cd71e5,78e8efd4-213d-4096-8853-a6cc4ea67e5c,South Bay Logistics Hub Subway Transit Cam 2198,CAM-44-197,subway_transit,4K,northbound_entry,active,rtsp://streaming.internal.crimemind.net/live/cam-44-197,"{""fps"": 30, ""night_vision_ir"": true, ""pan_tilt_zoom"": false}",2021-01-01T00:00:00,2021-01-01T00:00:00
c752f305-5013-4360-ba5a-5424b5787735,a28fdece-7c3c-4a58-ab76-6daca6c505d1,Northshore Heights Private Commercial Cam 2199,CAM-44-198,private_commercial,1080p,360_degree_dome,active,rtsp://streaming.internal.crimemind.net/live/cam-44-198,"{""fps"": 30, ""night_vision_ir"": true, ""pan_tilt_zoom"": false}",2021-01-01T00:00:00,2021-01-01T00:00:00
a4d81c0c-8537-4690-9383-28c6759ed866,4022c8bd-adbe-475d-bb27-5bb0f60a7584,West End Suburbs Atm Surveillance Cam 2200,CAM-44-199,atm_surveillance,1080p,pedestrian_walkway,active,rtsp://streaming.internal.crimemind.net/live/cam-44-199,"{""fps"": 30, ""night_vision_ir"": true, ""pan_tilt_zoom"": true}",2021-01-01T00:00:00,2021-01-01T00:00:00
334e584c-ef7f-4834-a2ff-a2fa26eb56b3,ec31de6e-4469-4682-a992-186694011d82,Harbor Point Terminal Private Commercial Cam 2201,CAM-45-200,private_commercial,4K,360_degree_dome,active,rtsp://streaming.internal.crimemind.net/live/cam-45-200,"{""fps"": 30, ""night_vision_ir"": true, ""pan_tilt_zoom"": false}",2021-01-01T00:00:00,2021-01-01T00:00:00
9d2dc289-ce7b-44d1-bcd2-e1ef40662a41,ddc00e01-0cb6-4ce6-88bd-51817d001710,Silver Lake Tech Park Atm Surveillance Cam 2202,CAM-45-201,atm_surveillance,720p,vault_corridor,active,rtsp://streaming.internal.crimemind.net/live/cam-45-201,"{""fps"": 30, ""night_vision_ir"": true, ""pan_tilt_zoom"": false}",2021-01-01T00:00:00,2021-01-01T00:00:00
264c597a-1f5d-4786-bed6-90da54245368,7a78c41a-a6a6-482c-b480-26a83aa1e3b4,Industrial Waterfront & Port Traffic Police Cam 2203,CAM-45-202,traffic_police,1080p,360_degree_dome,active,rtsp://streaming.internal.crimemind.net/live/cam-45-202,"{""fps"": 30, ""night_vision_ir"": true, ""pan_tilt_zoom"": true}",2021-01-01T00:00:00,2021-01-01T00:00:00
331c7c0d-d3b3-423c-ad9d-f40cb3bc1e40,9aaf2844-1dd3-4419-b5ba-83c1c9a9bfc4,West End Suburbs Traffic Police Cam 2204,CAM-45-203,traffic_police,4K,vault_corridor,maintenance,rtsp://streaming.internal.crimemind.net/live/cam-45-203,"{""fps"": 30, ""night_vision_ir"": true, ""pan_tilt_zoom"": false}",2021-01-01T00:00:00,2021-01-01T00:00:00
aa015077-825a-4e2c-b003-767646b0ba04,ed080058-9e09-45b6-9b40-84884b35b6f9,Northshore Heights Subway Transit Cam 2205,CAM-45-204,subway_transit,1080p,pedestrian_walkway,active,rtsp://streaming.internal.crimemind.net/live/cam-45-204,"{""fps"": 30, ""night_vision_ir"": true, ""pan_tilt_zoom"": false}",2021-01-01T00:00:00,2021-01-01T00:00:00
1c592689-de19-4ed2-91bd-c69fe07373b5,a241bd4c-7b25-4a76-8feb-e78846510b6a,Eastside Arts Corridor Atm Surveillance Cam 2206,CAM-45-205,atm_surveillance,720p,southbound_exit,active,rtsp://streaming.internal.crimemind.net/live/cam-45-205,"{""fps"": 30, ""night_vision_ir"": true, ""pan_tilt_zoom"": true}",2021-01-01T00:00:00,2021-01-01T00:00:00
d1661d84-ae22-4f43-a49a-9f599e4436af,503e146b-fd97-473a-8d81-1e75d929a174,Silver Lake Tech Park Municipal Surveillance Cam 2207,CAM-45-206,municipal_surveillance,4K,vault_corridor,active,rtsp://streaming.internal.crimemind.net/live/cam-45-206,"{""fps"": 30, ""night_vision_ir"": true, ""pan_tilt_zoom"": false}",2021-01-01T00:00:00,2021-01-01T00:00:00
ed7eb434-a0c4-495a-b521-3a249c8c9b6b,481bcf75-289c-446b-8f59-92916f06f905,Midtown Financial Plaza Private Commercial Cam 2208,CAM-45-207,private_commercial,4K,pedestrian_walkway,active,rtsp://streaming.internal.crimemind.net/live/cam-45-207,"{""fps"": 30, ""night_vision_ir"": true, ""pan_tilt_zoom"": false}",2021-01-01T00:00:00,2021-01-01T00:00:00
4431002c-42db-4cef-932d-a82a10432cc2,0b024afd-6db4-40bd-9f2c-916f3845de22,Industrial Waterfront & Port Residential Ring Cam 2209,CAM-45-208,residential_ring,4K,360_degree_dome,active,rtsp://streaming.internal.crimemind.net/live/cam-45-208,"{""fps"": 30, ""night_vision_ir"": true, ""pan_tilt_zoom"": true}",2021-01-01T00:00:00,2021-01-01T00:00:00
b2194c60-a17b-4acc-8da8-dacb6a360f63,b06e17ef-e840-4517-94e4-f5fa6c06472a,Silver Lake Tech Park Residential Ring Cam 2210,CAM-45-209,residential_ring,1080p,southbound_exit,active,rtsp://streaming.internal.crimemind.net/live/cam-45-209,"{""fps"": 30, ""night_vision_ir"": true, ""pan_tilt_zoom"": false}",2021-01-01T00:00:00,2021-01-01T00:00:00
527131af-2d9e-4ef6-a526-785d08bb0329,9899761e-009a-4817-9935-913638b4d7ab,Industrial Waterfront & Port Private Commercial Cam 2211,CAM-45-210,private_commercial,720p,pedestrian_walkway,active,rtsp://streaming.internal.crimemind.net/live/cam-45-210,"{""fps"": 30, ""night_vision_ir"": true, ""pan_tilt_zoom"": false}",2021-01-01T00:00:00,2021-01-01T00:00:00
5869adc8-2931-4b48-9f13-22f60f1e06d5,40eeded3-068c-4593-b162-b2def0711461,Downtown Commercial District Municipal Surveillance Cam 2212,CAM-45-211,municipal_surveillance,720p,360_degree_dome,active,rtsp://streaming.internal.crimemind.net/live/cam-45-211,"{""fps"": 30, ""night_vision_ir"": true, ""pan_tilt_zoom"": true}",2021-01-01T00:00:00,2021-01-01T00:00:00
edf1c1c4-b066-422d-b267-2777430017c1,6c253304-52d8-4b5e-94ff-197e2a51964b,South Bay Logistics Hub Highway Toll Cam 2213,CAM-45-212,highway_toll,4K,northbound_entry,active,rtsp://streaming.internal.crimemind.net/live/cam-45-212,"{""fps"": 30, ""night_vision_ir"": true, ""pan_tilt_zoom"": false}",2021-01-01T00:00:00,2021-01-01T00:00:00
83a32b6e-a839-48bc-a8e5-ff5b2730784f,6c500b08-8a33-4322-abd3-02ed09e3170a,Old Town Heritage Ward Municipal Surveillance Cam 2214,CAM-45-213,municipal_surveillance,4K,northbound_entry,active,rtsp://streaming.internal.crimemind.net/live/cam-45-213,"{""fps"": 30, ""night_vision_ir"": true, ""pan_tilt_zoom"": false}",2021-01-01T00:00:00,2021-01-01T00:00:00
5fb2f241-dd6b-4c6e-93b5-8bd98e307c4f,bd2c3d9d-88cf-432e-bfd4-0e8a3e01055b,Northshore Heights Municipal Surveillance Cam 2215,CAM-45-214,municipal_surveillance,4K,360_degree_dome,active,rtsp://streaming.internal.crimemind.net/live/cam-45-214,"{""fps"": 30, ""night_vision_ir"": true, ""pan_tilt_zoom"": true}",2021-01-01T00:00:00,2021-01-01T00:00:00
d863f704-bc7b-4293-a2b1-338df302a664,5d6b40fe-33be-4c90-9005-cb7c4dd18e5a,Harbor Point Terminal Highway Toll Cam 2216,CAM-45-215,highway_toll,1080p,vault_corridor,active,rtsp://streaming.internal.crimemind.net/live/cam-45-215,"{""fps"": 30, ""night_vision_ir"": true, ""pan_tilt_zoom"": false}",2021-01-01T00:00:00,2021-01-01T00:00:00
36c45eac-5ef6-4dd0-b405-c55203a13dc3,dcd0cb44-fa44-4fbe-bd70-6fcfa52703fe,Midtown Financial Plaza Subway Transit Cam 2217,CAM-45-216,subway_transit,1080p,southbound_exit,active,rtsp://streaming.internal.crimemind.net/live/cam-45-216,"{""fps"": 30, ""night_vision_ir"": true, ""pan_tilt_zoom"": false}",2021-01-01T00:00:00,2021-01-01T00:00:00
0a2fda71-12ef-4f4f-8250-75dbb8754aab,f44dfcac-70a1-4c3a-83ac-0150cc804a78,Industrial Waterfront & Port Municipal Surveillance Cam 2218,CAM-45-217,municipal_surveillance,1080p,vault_corridor,active,rtsp://streaming.internal.crimemind.net/live/cam-45-217,"{""fps"": 30, ""night_vision_ir"": true, ""pan_tilt_zoom"": true}",2021-01-01T00:00:00,2021-01-01T00:00:00
32ac4a4b-b946-4dcc-b154-a9a45a8452c9,783152c1-d8c0-4715-a600-1a313e767968,Industrial Waterfront & Port Private Commercial Cam 2219,CAM-45-218,private_commercial,1080p,vault_corridor,active,rtsp://streaming.internal.crimemind.net/live/cam-45-218,"{""fps"": 30, ""night_vision_ir"": true, ""pan_tilt_zoom"": false}",2021-01-01T00:00:00,2021-01-01T00:00:00
dbe105b5-9340-4a9f-9957-bf856913ad4c,032ce1ae-ac35-48d7-b818-318dbc1b636c,Midtown Financial Plaza Atm Surveillance Cam 2220,CAM-45-219,atm_surveillance,720p,pedestrian_walkway,active,rtsp://streaming.internal.crimemind.net/live/cam-45-219,"{""fps"": 30, ""night_vision_ir"": true, ""pan_tilt_zoom"": false}",2021-01-01T00:00:00,2021-01-01T00:00:00
c759cfac-9b56-47f1-b972-ae6c39bab41e,50354e32-5769-4288-b03c-dbf44925b518,West End Suburbs Residential Ring Cam 2221,CAM-45-220,residential_ring,1080p,360_degree_dome,active,rtsp://streaming.internal.crimemind.net/live/cam-45-220,"{""fps"": 30, ""night_vision_ir"": true, ""pan_tilt_zoom"": true}",2021-01-01T00:00:00,2021-01-01T00:00:00
305e3a5b-afd3-419a-8cb3-16a2f031c9a1,e17107fe-6a65-470d-8588-a8e7f3bfcba8,Northshore Heights Traffic Police Cam 2222,CAM-45-221,traffic_police,720p,vault_corridor,active,rtsp://streaming.internal.crimemind.net/live/cam-45-221,"{""fps"": 30, ""night_vision_ir"": true, ""pan_tilt_zoom"": false}",2021-01-01T00:00:00,2021-01-01T00:00:00
fbfb1df7-ae55-464a-94aa-62386b25b8b1,2e17b8c5-90d9-4b20-bc52-fa921c923a5e,Harbor Point Terminal Municipal Surveillance Cam 2223,CAM-45-222,municipal_surveillance,720p,vault_corridor,maintenance,rtsp://streaming.internal.crimemind.net/live/cam-45-222,"{""fps"": 30, ""night_vision_ir"": true, ""pan_tilt_zoom"": false}",2021-01-01T00:00:00,2021-01-01T00:00:00
47261acd-d851-4177-bcd9-3a6e6a9f5a7c,f32122b0-99e9-4e28-908e-d9d6cf177e7c,Silver Lake Tech Park Atm Surveillance Cam 2224,CAM-45-223,atm_surveillance,720p,northbound_entry,active,rtsp://streaming.internal.crimemind.net/live/cam-45-223,"{""fps"": 30, ""night_vision_ir"": true, ""pan_tilt_zoom"": true}",2021-01-01T00:00:00,2021-01-01T00:00:00
3795e5e8-c07c-4575-9360-b230a98d5bca,35323ddf-26f0-40e7-a0e7-8a4cf64800cb,Midtown Financial Plaza Private Commercial Cam 2225,CAM-45-224,private_commercial,1080p,360_degree_dome,active,rtsp://streaming.internal.crimemind.net/live/cam-45-224,"{""fps"": 30, ""night_vision_ir"": true, ""pan_tilt_zoom"": false}",2021-01-01T00:00:00,2021-01-01T00:00:00
892426ba-959d-46df-943d-76de6dd08ef1,28ae33a6-75d1-4118-b20b-298561b0a25f,West End Suburbs Traffic Police Cam 2226,CAM-45-225,traffic_police,4K,pedestrian_walkway,active,rtsp://streaming.internal.crimemind.net/live/cam-45-225,"{""fps"": 30, ""night_vision_ir"": true, ""pan_tilt_zoom"": false}",2021-01-01T00:00:00,2021-01-01T00:00:00
0523532d-fe0c-42a9-b98b-b2d0869b9869,9ff57b86-6536-4b0f-9e3e-20188aea7f12,South Bay Logistics Hub Traffic Police Cam 2227,CAM-45-226,traffic_police,4K,vault_corridor,active,rtsp://streaming.internal.crimemind.net/live/cam-45-226,"{""fps"": 30, ""night_vision_ir"": true, ""pan_tilt_zoom"": true}",2021-01-01T00:00:00,2021-01-01T00:00:00
1b84dd1a-179a-4abd-90e5-07fe5fae922b,a1dcca2d-4e1b-459b-8572-f50f319ee86e,Northshore Heights Subway Transit Cam 2228,CAM-45-227,subway_transit,4K,northbound_entry,active,rtsp://streaming.internal.crimemind.net/live/cam-45-227,"{""fps"": 30, ""night_vision_ir"": true, ""pan_tilt_zoom"": false}",2021-01-01T00:00:00,2021-01-01T00:00:00
867ce7b7-08ef-420b-9818-f59c1040be5f,a606c9a5-a66d-4638-bce2-9d67eab94819,Old Town Heritage Ward Municipal Surveillance Cam 2229,CAM-45-228,municipal_surveillance,1080p,360_degree_dome,active,rtsp://streaming.internal.crimemind.net/live/cam-45-228,"{""fps"": 30, ""night_vision_ir"": true, ""pan_tilt_zoom"": false}",2021-01-01T00:00:00,2021-01-01T00:00:00
c3ceb5df-c396-494b-b14f-571b5ad4ace9,f6ce2074-028d-44f3-84f0-ff2685edcd10,Downtown Commercial District Private Commercial Cam 2230,CAM-45-229,private_commercial,4K,northbound_entry,maintenance,rtsp://streaming.internal.crimemind.net/live/cam-45-229,"{""fps"": 30, ""night_vision_ir"": true, ""pan_tilt_zoom"": true}",2021-01-01T00:00:00,2021-01-01T00:00:00
89de35ba-39c5-48d1-8f1f-b802133076ce,5d6b40fe-33be-4c90-9005-cb7c4dd18e5a,Harbor Point Terminal Subway Transit Cam 2231,CAM-45-230,subway_transit,1080p,360_degree_dome,active,rtsp://streaming.internal.crimemind.net/live/cam-45-230,"{""fps"": 30, ""night_vision_ir"": true, ""pan_tilt_zoom"": false}",2021-01-01T00:00:00,2021-01-01T00:00:00
8d951dfb-4ab2-4be9-9a71-1e167b94db82,9280ca4a-cbdf-49ef-a9a0-1c533357951a,Eastside Arts Corridor Atm Surveillance Cam 2232,CAM-45-231,atm_surveillance,4K,360_degree_dome,active,rtsp://streaming.internal.crimemind.net/live/cam-45-231,"{""fps"": 30, ""night_vision_ir"": true, ""pan_tilt_zoom"": false}",2021-01-01T00:00:00,2021-01-01T00:00:00
dbe670bd-a6e2-48c4-816d-16109a07f381,01349c7a-7289-46f9-bfe5-62c37359e504,Harbor Point Terminal Traffic Police Cam 2233,CAM-45-232,traffic_police,1080p,northbound_entry,offline,rtsp://streaming.internal.crimemind.net/live/cam-45-232,"{""fps"": 30, ""night_vision_ir"": true, ""pan_tilt_zoom"": true}",2021-01-01T00:00:00,2021-01-01T00:00:00
228034ec-d63f-41cc-81a8-f04b07b3d6e3,2932b1fb-6a52-4280-8d1a-a78a9587b832,Industrial Waterfront & Port Subway Transit Cam 2234,CAM-45-233,subway_transit,4K,northbound_entry,active,rtsp://streaming.internal.crimemind.net/live/cam-45-233,"{""fps"": 30, ""night_vision_ir"": true, ""pan_tilt_zoom"": false}",2021-01-01T00:00:00,2021-01-01T00:00:00
6b72999f-46fe-4ba4-b6ab-e89e2200bbfe,d9b3e6d6-bd01-4b10-a46e-00244999fc66,Downtown Commercial District Subway Transit Cam 2235,CAM-45-234,subway_transit,720p,pedestrian_walkway,active,rtsp://streaming.internal.crimemind.net/live/cam-45-234,"{""fps"": 30, ""night_vision_ir"": true, ""pan_tilt_zoom"": false}",2021-01-01T00:00:00,2021-01-01T00:00:00
4e53fab6-1ea4-465b-a55b-833d147af72d,34de3e7c-790b-488d-94c1-7fe56d2a7934,Midtown Financial Plaza Subway Transit Cam 2236,CAM-45-235,subway_transit,1080p,northbound_entry,active,rtsp://streaming.internal.crimemind.net/live/cam-45-235,"{""fps"": 30, ""night_vision_ir"": true, ""pan_tilt_zoom"": true}",2021-01-01T00:00:00,2021-01-01T00:00:00
f29fad10-4441-4727-b34a-9f377bca2f30,f738a47d-94b9-4f6a-9da1-3d3c5413b05e,Downtown Commercial District Municipal Surveillance Cam 2237,CAM-45-236,municipal_surveillance,4K,vault_corridor,active,rtsp://streaming.internal.crimemind.net/live/cam-45-236,"{""fps"": 30, ""night_vision_ir"": true, ""pan_tilt_zoom"": false}",2021-01-01T00:00:00,2021-01-01T00:00:00
585cc6a0-5796-4644-98ee-59a3e68555f6,f1f6a4ec-f842-428c-b836-79ffa3553b37,Old Town Heritage Ward Municipal Surveillance Cam 2238,CAM-45-237,municipal_surveillance,720p,southbound_exit,active,rtsp://streaming.internal.crimemind.net/live/cam-45-237,"{""fps"": 30, ""night_vision_ir"": true, ""pan_tilt_zoom"": false}",2021-01-01T00:00:00,2021-01-01T00:00:00
1faf2a55-03d4-4555-829a-c4604575f40a,8b4428f1-7da8-4b3c-8fef-2e27c706b1ea,Industrial Waterfront & Port Subway Transit Cam 2239,CAM-45-238,subway_transit,1080p,southbound_exit,active,rtsp://streaming.internal.crimemind.net/live/cam-45-238,"{""fps"": 30, ""night_vision_ir"": true, ""pan_tilt_zoom"": true}",2021-01-01T00:00:00,2021-01-01T00:00:00
3c662406-256a-41dd-8909-7366cf171bb0,ba840fa4-2cb6-4ddc-8c20-b956be8abdaa,Downtown Commercial District Highway Toll Cam 2240,CAM-45-239,highway_toll,720p,pedestrian_walkway,active,rtsp://streaming.internal.crimemind.net/live/cam-45-239,"{""fps"": 30, ""night_vision_ir"": true, ""pan_tilt_zoom"": false}",2021-01-01T00:00:00,2021-01-01T00:00:00
d4543b33-f897-46bf-9564-2b1464bfa017,fc44970b-3792-46a3-ba16-492575fdaa56,Silver Lake Tech Park Atm Surveillance Cam 2241,CAM-45-240,atm_surveillance,1080p,vault_corridor,active,rtsp://streaming.internal.crimemind.net/live/cam-45-240,"{""fps"": 30, ""night_vision_ir"": true, ""pan_tilt_zoom"": false}",2021-01-01T00:00:00,2021-01-01T00:00:00
c2d2b296-e321-4000-91b6-b90d9f9feeb3,1e5afa05-7732-4cd3-855e-36bc01ae9f0e,Downtown Commercial District Highway Toll Cam 2242,CAM-45-241,highway_toll,1080p,360_degree_dome,active,rtsp://streaming.internal.crimemind.net/live/cam-45-241,"{""fps"": 30, ""night_vision_ir"": true, ""pan_tilt_zoom"": true}",2021-01-01T00:00:00,2021-01-01T00:00:00
5d44197c-f507-400f-b0d4-67363e01e6c8,5c8be847-9598-4325-9bcc-bfcf274b7ad4,South Bay Logistics Hub Residential Ring Cam 2243,CAM-45-242,residential_ring,1080p,pedestrian_walkway,active,rtsp://streaming.internal.crimemind.net/live/cam-45-242,"{""fps"": 30, ""night_vision_ir"": true, ""pan_tilt_zoom"": false}",2021-01-01T00:00:00,2021-01-01T00:00:00
d391ea29-5e8c-466e-b308-f79bfc9b8f02,f425102f-0a0d-4c8c-9442-012d9862dcc9,Midtown Financial Plaza Highway Toll Cam 2244,CAM-45-243,highway_toll,4K,vault_corridor,active,rtsp://streaming.internal.crimemind.net/live/cam-45-243,"{""fps"": 30, ""night_vision_ir"": true, ""pan_tilt_zoom"": false}",2021-01-01T00:00:00,2021-01-01T00:00:00
3215c170-b1ae-45a0-bca9-2118fe1f1ae6,92236067-bc29-43f2-9506-458e3b8ef280,Northshore Heights Traffic Police Cam 2245,CAM-45-244,traffic_police,1080p,360_degree_dome,active,rtsp://streaming.internal.crimemind.net/live/cam-45-244,"{""fps"": 30, ""night_vision_ir"": true, ""pan_tilt_zoom"": true}",2021-01-01T00:00:00,2021-01-01T00:00:00
dfc21ce6-77b5-4377-bb63-26f4bbe2beb8,0a839e2e-2e56-4442-882e-15def411a0f1,South Bay Logistics Hub Highway Toll Cam 2246,CAM-45-245,highway_toll,1080p,360_degree_dome,active,rtsp://streaming.internal.crimemind.net/live/cam-45-245,"{""fps"": 30, ""night_vision_ir"": true, ""pan_tilt_zoom"": false}",2021-01-01T00:00:00,2021-01-01T00:00:00
fe162424-1c64-4c98-9035-c6b0abe349af,3540f5dd-72a8-404d-8ced-a5d64eb36687,Northshore Heights Traffic Police Cam 2247,CAM-45-246,traffic_police,4K,vault_corridor,active,rtsp://streaming.internal.crimemind.net/live/cam-45-246,"{""fps"": 30, ""night_vision_ir"": true, ""pan_tilt_zoom"": false}",2021-01-01T00:00:00,2021-01-01T00:00:00
b04f162c-cf69-4564-8342-408e8b8dab96,58b6d777-7014-4587-8c76-2364a49043d6,West End Suburbs Municipal Surveillance Cam 2248,CAM-45-247,municipal_surveillance,720p,pedestrian_walkway,active,rtsp://streaming.internal.crimemind.net/live/cam-45-247,"{""fps"": 30, ""night_vision_ir"": true, ""pan_tilt_zoom"": true}",2021-01-01T00:00:00,2021-01-01T00:00:00
b4a67bed-e310-416a-a48d-ac6505895923,9291dd33-ab3c-4940-8c71-39522ffc0897,Silver Lake Tech Park Private Commercial Cam 2249,CAM-45-248,private_commercial,720p,vault_corridor,active,rtsp://streaming.internal.crimemind.net/live/cam-45-248,"{""fps"": 30, ""night_vision_ir"": true, ""pan_tilt_zoom"": false}",2021-01-01T00:00:00,2021-01-01T00:00:00
443653c3-bdfa-4a90-bd58-12cc94f8c3d5,1ca6ff8f-0b40-42ad-9b0c-3bdef3b1a681,South Bay Logistics Hub Highway Toll Cam 2250,CAM-45-249,highway_toll,720p,pedestrian_walkway,maintenance,rtsp://streaming.internal.crimemind.net/live/cam-45-249,"{""fps"": 30, ""night_vision_ir"": true, ""pan_tilt_zoom"": false}",2021-01-01T00:00:00,2021-01-01T00:00:00
eb5263ec-1402-4fa4-abe2-60bfdc523be4,f425102f-0a0d-4c8c-9442-012d9862dcc9,Midtown Financial Plaza Residential Ring Cam 2251,CAM-46-250,residential_ring,4K,pedestrian_walkway,maintenance,rtsp://streaming.internal.crimemind.net/live/cam-46-250,"{""fps"": 30, ""night_vision_ir"": true, ""pan_tilt_zoom"": true}",2021-01-01T00:00:00,2021-01-01T00:00:00
c9515f9f-3909-445a-9dc8-a880f144519c,3bd8bbec-8656-487e-9759-21750d86cd95,Northshore Heights Atm Surveillance Cam 2252,CAM-46-251,atm_surveillance,720p,southbound_exit,active,rtsp://streaming.internal.crimemind.net/live/cam-46-251,"{""fps"": 30, ""night_vision_ir"": true, ""pan_tilt_zoom"": false}",2021-01-01T00:00:00,2021-01-01T00:00:00
d6c0fdc7-b970-4bbf-8727-05137a13b5e2,5d7738b7-c927-48fb-81d6-6076ba14f46a,Northshore Heights Atm Surveillance Cam 2253,CAM-46-252,atm_surveillance,1080p,southbound_exit,active,rtsp://streaming.internal.crimemind.net/live/cam-46-252,"{""fps"": 30, ""night_vision_ir"": true, ""pan_tilt_zoom"": false}",2021-01-01T00:00:00,2021-01-01T00:00:00
05b95277-6d42-424b-ad3a-aff48aeb120b,014e23d9-4941-4e1f-a602-26e391decf8d,Eastside Arts Corridor Residential Ring Cam 2254,CAM-46-253,residential_ring,720p,pedestrian_walkway,offline,rtsp://streaming.internal.crimemind.net/live/cam-46-253,"{""fps"": 30, ""night_vision_ir"": true, ""pan_tilt_zoom"": true}",2021-01-01T00:00:00,2021-01-01T00:00:00
6ac21a82-ed73-4bde-9ca1-434c2253ea98,0cd89bf2-b859-4774-8ae8-d0d984162d20,Harbor Point Terminal Atm Surveillance Cam 2255,CAM-46-254,atm_surveillance,4K,northbound_entry,active,rtsp://streaming.internal.crimemind.net/live/cam-46-254,"{""fps"": 30, ""night_vision_ir"": true, ""pan_tilt_zoom"": false}",2021-01-01T00:00:00,2021-01-01T00:00:00
97ca5b94-2953-44c5-81bf-54622d06d6db,66d605ca-aa34-4407-8905-8fa1afcb8b55,Silver Lake Tech Park Municipal Surveillance Cam 2256,CAM-46-255,municipal_surveillance,1080p,vault_corridor,active,rtsp://streaming.internal.crimemind.net/live/cam-46-255,"{""fps"": 30, ""night_vision_ir"": true, ""pan_tilt_zoom"": false}",2021-01-01T00:00:00,2021-01-01T00:00:00
1d794c77-fcbc-490d-92ef-8e7f3bb51a89,9b173b01-83d9-4560-8f2e-bebf289a8410,Industrial Waterfront & Port Traffic Police Cam 2257,CAM-46-256,traffic_police,4K,northbound_entry,active,rtsp://streaming.internal.crimemind.net/live/cam-46-256,"{""fps"": 30, ""night_vision_ir"": true, ""pan_tilt_zoom"": true}",2021-01-01T00:00:00,2021-01-01T00:00:00
28edc167-649b-4e69-b1d3-971fc216ef92,f44dfcac-70a1-4c3a-83ac-0150cc804a78,Industrial Waterfront & Port Highway Toll Cam 2258,CAM-46-257,highway_toll,1080p,360_degree_dome,active,rtsp://streaming.internal.crimemind.net/live/cam-46-257,"{""fps"": 30, ""night_vision_ir"": true, ""pan_tilt_zoom"": false}",2021-01-01T00:00:00,2021-01-01T00:00:00
e3206180-f45d-43e5-aa44-f637e3d287f9,d5445155-9df5-4d48-8a3d-4759c44e0630,Midtown Financial Plaza Private Commercial Cam 2259,CAM-46-258,private_commercial,4K,pedestrian_walkway,active,rtsp://streaming.internal.crimemind.net/live/cam-46-258,"{""fps"": 30, ""night_vision_ir"": true, ""pan_tilt_zoom"": false}",2021-01-01T00:00:00,2021-01-01T00:00:00
e07a0b86-0201-4f77-8225-2ce1d8e0258b,01c00065-710e-4255-a60d-3136f6a1594e,Silver Lake Tech Park Subway Transit Cam 2260,CAM-46-259,subway_transit,1080p,southbound_exit,active,rtsp://streaming.internal.crimemind.net/live/cam-46-259,"{""fps"": 30, ""night_vision_ir"": true, ""pan_tilt_zoom"": true}",2021-01-01T00:00:00,2021-01-01T00:00:00
c18ff109-4d7f-4afb-9c22-af8c73770abc,79f75138-4cb8-4cf7-9e7b-e29a6a6e4757,Harbor Point Terminal Subway Transit Cam 2261,CAM-46-260,subway_transit,1080p,vault_corridor,active,rtsp://streaming.internal.crimemind.net/live/cam-46-260,"{""fps"": 30, ""night_vision_ir"": true, ""pan_tilt_zoom"": false}",2021-01-01T00:00:00,2021-01-01T00:00:00
f7930b80-85ae-4f51-b5fd-b8fb200daf27,c1eb2051-d9fc-4f02-b0c1-527d479b44ad,Harbor Point Terminal Subway Transit Cam 2262,CAM-46-261,subway_transit,720p,northbound_entry,active,rtsp://streaming.internal.crimemind.net/live/cam-46-261,"{""fps"": 30, ""night_vision_ir"": true, ""pan_tilt_zoom"": false}",2021-01-01T00:00:00,2021-01-01T00:00:00
47f17e8c-231a-4ef2-aec9-dc521759ceb3,8000ddfd-49b9-499c-b703-a3c710211653,Old Town Heritage Ward Highway Toll Cam 2263,CAM-46-262,highway_toll,1080p,vault_corridor,active,rtsp://streaming.internal.crimemind.net/live/cam-46-262,"{""fps"": 30, ""night_vision_ir"": true, ""pan_tilt_zoom"": true}",2021-01-01T00:00:00,2021-01-01T00:00:00
182f0fc7-28b4-43d1-863a-497e63349475,30cb6255-bb47-4ab6-a12a-3bb13f33d6af,Old Town Heritage Ward Private Commercial Cam 2264,CAM-46-263,private_commercial,4K,northbound_entry,active,rtsp://streaming.internal.crimemind.net/live/cam-46-263,"{""fps"": 30, ""night_vision_ir"": true, ""pan_tilt_zoom"": false}",2021-01-01T00:00:00,2021-01-01T00:00:00
5e5b2981-0e3d-49ba-892f-0bff206dcb10,43b09447-d386-409e-a829-5a1e84cd9e23,Downtown Commercial District Traffic Police Cam 2265,CAM-46-264,traffic_police,1080p,pedestrian_walkway,offline,rtsp://streaming.internal.crimemind.net/live/cam-46-264,"{""fps"": 30, ""night_vision_ir"": true, ""pan_tilt_zoom"": false}",2021-01-01T00:00:00,2021-01-01T00:00:00
1bea0a6a-887c-42bb-b15a-9f73d6230786,d8936f71-8d10-4cc4-bc7e-771728a0e237,Industrial Waterfront & Port Private Commercial Cam 2266,CAM-46-265,private_commercial,1080p,southbound_exit,active,rtsp://streaming.internal.crimemind.net/live/cam-46-265,"{""fps"": 30, ""night_vision_ir"": true, ""pan_tilt_zoom"": true}",2021-01-01T00:00:00,2021-01-01T00:00:00
e08c7b77-7fec-4bdf-9684-60607d37ef24,289091b6-6065-4659-a275-7c7eb2ffb349,Silver Lake Tech Park Traffic Police Cam 2267,CAM-46-266,traffic_police,1080p,northbound_entry,maintenance,rtsp://streaming.internal.crimemind.net/live/cam-46-266,"{""fps"": 30, ""night_vision_ir"": true, ""pan_tilt_zoom"": false}",2021-01-01T00:00:00,2021-01-01T00:00:00
687d48d4-c151-4181-a803-3e20078e6c32,94caf399-0378-4848-a1b5-f3a170ea2121,Old Town Heritage Ward Highway Toll Cam 2268,CAM-46-267,highway_toll,4K,360_degree_dome,active,rtsp://streaming.internal.crimemind.net/live/cam-46-267,"{""fps"": 30, ""night_vision_ir"": true, ""pan_tilt_zoom"": false}",2021-01-01T00:00:00,2021-01-01T00:00:00
75b3813e-104d-48e4-b923-e14a2e816249,e42c684a-1f8c-40c9-80d6-63d3ef19f262,Downtown Commercial District Highway Toll Cam 2269,CAM-46-268,highway_toll,720p,pedestrian_walkway,active,rtsp://streaming.internal.crimemind.net/live/cam-46-268,"{""fps"": 30, ""night_vision_ir"": true, ""pan_tilt_zoom"": true}",2021-01-01T00:00:00,2021-01-01T00:00:00
485d3edd-3ea2-49a0-a50a-0ec9be319853,4134bf0a-c213-4851-8b6f-a4aff2ad3baa,South Bay Logistics Hub Private Commercial Cam 2270,CAM-46-269,private_commercial,720p,pedestrian_walkway,active,rtsp://streaming.internal.crimemind.net/live/cam-46-269,"{""fps"": 30, ""night_vision_ir"": true, ""pan_tilt_zoom"": false}",2021-01-01T00:00:00,2021-01-01T00:00:00
2c401234-162a-40f8-82e0-a49c75ef15ff,860e6ee5-6e75-4ffd-9347-9a4ff0a8947d,West End Suburbs Subway Transit Cam 2271,CAM-46-270,subway_transit,1080p,pedestrian_walkway,active,rtsp://streaming.internal.crimemind.net/live/cam-46-270,"{""fps"": 30, ""night_vision_ir"": true, ""pan_tilt_zoom"": false}",2021-01-01T00:00:00,2021-01-01T00:00:00
ae7ce8eb-2684-4276-b36e-3348985b5898,ecacddb5-999a-41a7-a6d2-bb67cdfe1642,Northshore Heights Residential Ring Cam 2272,CAM-46-271,residential_ring,1080p,southbound_exit,maintenance,rtsp://streaming.internal.crimemind.net/live/cam-46-271,"{""fps"": 30, ""night_vision_ir"": true, ""pan_tilt_zoom"": true}",2021-01-01T00:00:00,2021-01-01T00:00:00
0c2ef553-015d-4a31-9c2e-a2e29acce6d5,62525626-c673-487a-bef5-ae929b38e11c,Downtown Commercial District Traffic Police Cam 2273,CAM-46-272,traffic_police,720p,southbound_exit,active,rtsp://streaming.internal.crimemind.net/live/cam-46-272,"{""fps"": 30, ""night_vision_ir"": true, ""pan_tilt_zoom"": false}",2021-01-01T00:00:00,2021-01-01T00:00:00
1ceae121-c6f6-4c39-b420-6ffa3aff0d58,3e58edbf-5964-4879-b9c0-2a7017aa6309,Old Town Heritage Ward Residential Ring Cam 2274,CAM-46-273,residential_ring,720p,vault_corridor,active,rtsp://streaming.internal.crimemind.net/live/cam-46-273,"{""fps"": 30, ""night_vision_ir"": true, ""pan_tilt_zoom"": false}",2021-01-01T00:00:00,2021-01-01T00:00:00
d3ca7eab-9c7d-4f84-9e55-7a06f2e53208,2ceda3b8-acd5-4b88-a47e-cf0b7e2bc11b,Midtown Financial Plaza Highway Toll Cam 2275,CAM-46-274,highway_toll,1080p,pedestrian_walkway,active,rtsp://streaming.internal.crimemind.net/live/cam-46-274,"{""fps"": 30, ""night_vision_ir"": true, ""pan_tilt_zoom"": true}",2021-01-01T00:00:00,2021-01-01T00:00:00
e8aabd52-de44-42c6-b417-83d99371d284,6d161bf0-352e-4b0c-99d9-383b5261a462,Harbor Point Terminal Traffic Police Cam 2276,CAM-46-275,traffic_police,1080p,northbound_entry,active,rtsp://streaming.internal.crimemind.net/live/cam-46-275,"{""fps"": 30, ""night_vision_ir"": true, ""pan_tilt_zoom"": false}",2021-01-01T00:00:00,2021-01-01T00:00:00
d9bcb411-ea4d-446e-81d5-70699fbbc565,1f4aa675-0b3c-447d-8ab6-7813702e5627,West End Suburbs Municipal Surveillance Cam 2277,CAM-46-276,municipal_surveillance,1080p,vault_corridor,active,rtsp://streaming.internal.crimemind.net/live/cam-46-276,"{""fps"": 30, ""night_vision_ir"": true, ""pan_tilt_zoom"": false}",2021-01-01T00:00:00,2021-01-01T00:00:00
7aa0f964-52b6-4475-83b8-e1da489cad7c,0cd89bf2-b859-4774-8ae8-d0d984162d20,Harbor Point Terminal Atm Surveillance Cam 2278,CAM-46-277,atm_surveillance,1080p,southbound_exit,active,rtsp://streaming.internal.crimemind.net/live/cam-46-277,"{""fps"": 30, ""night_vision_ir"": true, ""pan_tilt_zoom"": true}",2021-01-01T00:00:00,2021-01-01T00:00:00
594bfbb4-0903-40f8-8f3e-85fb2e11f635,4b59af74-b3ee-4f6b-bf16-6112ab45dfc8,Harbor Point Terminal Atm Surveillance Cam 2279,CAM-46-278,atm_surveillance,4K,southbound_exit,active,rtsp://streaming.internal.crimemind.net/live/cam-46-278,"{""fps"": 30, ""night_vision_ir"": true, ""pan_tilt_zoom"": false}",2021-01-01T00:00:00,2021-01-01T00:00:00
b2c96009-f762-4ff3-9d26-8fab69909c88,6de8ac97-bdca-4a78-8fda-c7917a7cebda,Silver Lake Tech Park Atm Surveillance Cam 2280,CAM-46-279,atm_surveillance,720p,pedestrian_walkway,active,rtsp://streaming.internal.crimemind.net/live/cam-46-279,"{""fps"": 30, ""night_vision_ir"": true, ""pan_tilt_zoom"": false}",2021-01-01T00:00:00,2021-01-01T00:00:00
97632029-d9b1-4435-9502-9aeef22456bb,70f7b30c-6739-4b3a-bd60-3291e5541daf,West End Suburbs Traffic Police Cam 2281,CAM-46-280,traffic_police,1080p,northbound_entry,active,rtsp://streaming.internal.crimemind.net/live/cam-46-280,"{""fps"": 30, ""night_vision_ir"": true, ""pan_tilt_zoom"": true}",2021-01-01T00:00:00,2021-01-01T00:00:00
68aa4f59-929b-4d7e-9e03-f6f7913ef35a,35323ddf-26f0-40e7-a0e7-8a4cf64800cb,Midtown Financial Plaza Traffic Police Cam 2282,CAM-46-281,traffic_police,4K,southbound_exit,active,rtsp://streaming.internal.crimemind.net/live/cam-46-281,"{""fps"": 30, ""night_vision_ir"": true, ""pan_tilt_zoom"": false}",2021-01-01T00:00:00,2021-01-01T00:00:00
5f6a2f16-8b78-471e-b093-8426c8f71385,185b7ee6-e2ca-450e-b204-abdd7aa0759f,Eastside Arts Corridor Private Commercial Cam 2283,CAM-46-282,private_commercial,4K,pedestrian_walkway,active,rtsp://streaming.internal.crimemind.net/live/cam-46-282,"{""fps"": 30, ""night_vision_ir"": true, ""pan_tilt_zoom"": false}",2021-01-01T00:00:00,2021-01-01T00:00:00
5e6e2d9b-4569-4639-a9d4-6f8a10a40f0f,5b10319e-45e8-4fb5-abd9-e8eb6d5c334f,Silver Lake Tech Park Municipal Surveillance Cam 2284,CAM-46-283,municipal_surveillance,1080p,vault_corridor,active,rtsp://streaming.internal.crimemind.net/live/cam-46-283,"{""fps"": 30, ""night_vision_ir"": true, ""pan_tilt_zoom"": true}",2021-01-01T00:00:00,2021-01-01T00:00:00
d16cc997-08c6-482c-9633-5ea397ca7d4e,b6197fe2-93f5-4996-82fd-b6300d0d4be1,Old Town Heritage Ward Highway Toll Cam 2285,CAM-46-284,highway_toll,4K,pedestrian_walkway,active,rtsp://streaming.internal.crimemind.net/live/cam-46-284,"{""fps"": 30, ""night_vision_ir"": true, ""pan_tilt_zoom"": false}",2021-01-01T00:00:00,2021-01-01T00:00:00
8b9d8861-7912-477e-aeb4-0b7e4e71fc8a,cd612269-f000-4471-af44-56ef53d5ccae,Industrial Waterfront & Port Highway Toll Cam 2286,CAM-46-285,highway_toll,1080p,southbound_exit,active,rtsp://streaming.internal.crimemind.net/live/cam-46-285,"{""fps"": 30, ""night_vision_ir"": true, ""pan_tilt_zoom"": false}",2021-01-01T00:00:00,2021-01-01T00:00:00
9956a3e9-7d1b-448d-af21-e29593c3b6b1,9291dd33-ab3c-4940-8c71-39522ffc0897,Silver Lake Tech Park Residential Ring Cam 2287,CAM-46-286,residential_ring,720p,northbound_entry,active,rtsp://streaming.internal.crimemind.net/live/cam-46-286,"{""fps"": 30, ""night_vision_ir"": true, ""pan_tilt_zoom"": true}",2021-01-01T00:00:00,2021-01-01T00:00:00
2c50758f-8128-4cad-9667-0692361334b3,0b8a17f3-b62a-4896-912a-e89cd6b40ade,Midtown Financial Plaza Traffic Police Cam 2288,CAM-46-287,traffic_police,1080p,360_degree_dome,active,rtsp://streaming.internal.crimemind.net/live/cam-46-287,"{""fps"": 30, ""night_vision_ir"": true, ""pan_tilt_zoom"": false}",2021-01-01T00:00:00,2021-01-01T00:00:00
685597cc-eb18-4ae3-b9d1-b292b76fc904,f96f7963-3610-4120-9e31-1c54ae87459a,Harbor Point Terminal Residential Ring Cam 2289,CAM-46-288,residential_ring,1080p,northbound_entry,active,rtsp://streaming.internal.crimemind.net/live/cam-46-288,"{""fps"": 30, ""night_vision_ir"": true, ""pan_tilt_zoom"": false}",2021-01-01T00:00:00,2021-01-01T00:00:00
33298cdf-34af-49ca-be8d-cd1c04507fb0,f6a31ba2-c4ef-4e53-873d-4ba03a2dd9de,Eastside Arts Corridor Municipal Surveillance Cam 2290,CAM-46-289,municipal_surveillance,1080p,vault_corridor,active,rtsp://streaming.internal.crimemind.net/live/cam-46-289,"{""fps"": 30, ""night_vision_ir"": true, ""pan_tilt_zoom"": true}",2021-01-01T00:00:00,2021-01-01T00:00:00
0b608bd3-43cf-43ae-8caa-40f7fdf27b9a,a1841345-a0f1-4644-bfe8-a79c0c38a38f,Downtown Commercial District Private Commercial Cam 2291,CAM-46-290,private_commercial,1080p,northbound_entry,active,rtsp://streaming.internal.crimemind.net/live/cam-46-290,"{""fps"": 30, ""night_vision_ir"": true, ""pan_tilt_zoom"": false}",2021-01-01T00:00:00,2021-01-01T00:00:00
ba076106-4d4e-45d3-8ec1-3ba5cd2dbdcf,6a81888f-31a6-4358-9075-5789c5f4eb3c,Midtown Financial Plaza Subway Transit Cam 2292,CAM-46-291,subway_transit,4K,pedestrian_walkway,active,rtsp://streaming.internal.crimemind.net/live/cam-46-291,"{""fps"": 30, ""night_vision_ir"": true, ""pan_tilt_zoom"": false}",2021-01-01T00:00:00,2021-01-01T00:00:00
ccdccbd4-2eac-429d-b3ca-c885194a1e79,9d69f00e-574e-4cb8-ab7c-fbb3d11f4127,Northshore Heights Highway Toll Cam 2293,CAM-46-292,highway_toll,720p,southbound_exit,active,rtsp://streaming.internal.crimemind.net/live/cam-46-292,"{""fps"": 30, ""night_vision_ir"": true, ""pan_tilt_zoom"": true}",2021-01-01T00:00:00,2021-01-01T00:00:00
53b72ba0-8bcb-45ee-85fa-ae06bf035ce4,76312e0d-4006-4a55-945e-669252ea2e10,Harbor Point Terminal Municipal Surveillance Cam 2294,CAM-46-293,municipal_surveillance,1080p,pedestrian_walkway,active,rtsp://streaming.internal.crimemind.net/live/cam-46-293,"{""fps"": 30, ""night_vision_ir"": true, ""pan_tilt_zoom"": false}",2021-01-01T00:00:00,2021-01-01T00:00:00
2d4d6a9a-9686-4486-8270-141a5549a190,fed393bb-958d-4c80-9cd0-5ccd833c2542,Silver Lake Tech Park Highway Toll Cam 2295,CAM-46-294,highway_toll,1080p,vault_corridor,active,rtsp://streaming.internal.crimemind.net/live/cam-46-294,"{""fps"": 30, ""night_vision_ir"": true, ""pan_tilt_zoom"": false}",2021-01-01T00:00:00,2021-01-01T00:00:00
a50c0556-3cea-40d5-b890-e0f25a3bb080,9051c16d-34a1-4186-a550-eae27f0d5dea,Industrial Waterfront & Port Subway Transit Cam 2296,CAM-46-295,subway_transit,4K,northbound_entry,active,rtsp://streaming.internal.crimemind.net/live/cam-46-295,"{""fps"": 30, ""night_vision_ir"": true, ""pan_tilt_zoom"": true}",2021-01-01T00:00:00,2021-01-01T00:00:00
8cbd5ab5-c28e-4789-8de7-05674fe91fca,5349e028-0796-4095-8438-17b06e078805,Northshore Heights Residential Ring Cam 2297,CAM-46-296,residential_ring,4K,vault_corridor,active,rtsp://streaming.internal.crimemind.net/live/cam-46-296,"{""fps"": 30, ""night_vision_ir"": true, ""pan_tilt_zoom"": false}",2021-01-01T00:00:00,2021-01-01T00:00:00
c60e2ca7-e866-45b9-8c29-864a701f20e6,1918f398-c88d-4097-b2b2-41ba5dad868c,Silver Lake Tech Park Residential Ring Cam 2298,CAM-46-297,residential_ring,4K,northbound_entry,active,rtsp://streaming.internal.crimemind.net/live/cam-46-297,"{""fps"": 30, ""night_vision_ir"": true, ""pan_tilt_zoom"": false}",2021-01-01T00:00:00,2021-01-01T00:00:00
204abcce-a119-44d7-9a50-4683d0c901dd,cc522908-6374-4533-943f-729a5bcbee78,Industrial Waterfront & Port Private Commercial Cam 2299,CAM-46-298,private_commercial,1080p,360_degree_dome,maintenance,rtsp://streaming.internal.crimemind.net/live/cam-46-298,"{""fps"": 30, ""night_vision_ir"": true, ""pan_tilt_zoom"": true}",2021-01-01T00:00:00,2021-01-01T00:00:00
f6e81f59-3c52-40dd-8d25-baebb2aee4ed,d1cfe36f-7ff9-4fec-9444-14a8f16cff43,Downtown Commercial District Highway Toll Cam 2300,CAM-46-299,highway_toll,4K,pedestrian_walkway,maintenance,rtsp://streaming.internal.crimemind.net/live/cam-46-299,"{""fps"": 30, ""night_vision_ir"": true, ""pan_tilt_zoom"": false}",2021-01-01T00:00:00,2021-01-01T00:00:00
3730caf2-e854-48a6-9b6c-d60009a74e8c,8ca4beae-eb5e-48cd-bf6f-d0c9a26a51f7,Northshore Heights Municipal Surveillance Cam 2301,CAM-47-300,municipal_surveillance,1080p,southbound_exit,active,rtsp://streaming.internal.crimemind.net/live/cam-47-300,"{""fps"": 30, ""night_vision_ir"": true, ""pan_tilt_zoom"": false}",2021-01-01T00:00:00,2021-01-01T00:00:00
99275917-fd21-4bb6-8b5b-3298ff6d5284,fe98d357-dcfc-42a1-b993-2fc20482eb30,Industrial Waterfront & Port Municipal Surveillance Cam 2302,CAM-47-301,municipal_surveillance,1080p,northbound_entry,active,rtsp://streaming.internal.crimemind.net/live/cam-47-301,"{""fps"": 30, ""night_vision_ir"": true, ""pan_tilt_zoom"": true}",2021-01-01T00:00:00,2021-01-01T00:00:00
04a73667-2874-4b49-b669-0dde0f568eec,183cb9c3-d69b-48a8-9cc7-593793a01672,Harbor Point Terminal Subway Transit Cam 2303,CAM-47-302,subway_transit,4K,360_degree_dome,active,rtsp://streaming.internal.crimemind.net/live/cam-47-302,"{""fps"": 30, ""night_vision_ir"": true, ""pan_tilt_zoom"": false}",2021-01-01T00:00:00,2021-01-01T00:00:00
5cd3c43a-1eff-48b7-ba08-d02687fe0d7c,e8458ab1-cc7d-4643-a31b-c94141f3b6fa,Old Town Heritage Ward Residential Ring Cam 2304,CAM-47-303,residential_ring,4K,360_degree_dome,active,rtsp://streaming.internal.crimemind.net/live/cam-47-303,"{""fps"": 30, ""night_vision_ir"": true, ""pan_tilt_zoom"": false}",2021-01-01T00:00:00,2021-01-01T00:00:00
6b2d8419-e650-492f-8b54-da2674a2fa9f,cd612269-f000-4471-af44-56ef53d5ccae,Industrial Waterfront & Port Traffic Police Cam 2305,CAM-47-304,traffic_police,1080p,northbound_entry,active,rtsp://streaming.internal.crimemind.net/live/cam-47-304,"{""fps"": 30, ""night_vision_ir"": true, ""pan_tilt_zoom"": true}",2021-01-01T00:00:00,2021-01-01T00:00:00
5d699566-7992-4b8f-89f9-fb4233025a10,182c962f-0dac-4dee-8aa3-834c6c111423,West End Suburbs Highway Toll Cam 2306,CAM-47-305,highway_toll,1080p,pedestrian_walkway,offline,rtsp://streaming.internal.crimemind.net/live/cam-47-305,"{""fps"": 30, ""night_vision_ir"": true, ""pan_tilt_zoom"": false}",2021-01-01T00:00:00,2021-01-01T00:00:00
0fe5938c-9a95-4d21-8c4a-f152abdcc3d3,94caf399-0378-4848-a1b5-f3a170ea2121,Old Town Heritage Ward Traffic Police Cam 2307,CAM-47-306,traffic_police,1080p,northbound_entry,active,rtsp://streaming.internal.crimemind.net/live/cam-47-306,"{""fps"": 30, ""night_vision_ir"": true, ""pan_tilt_zoom"": false}",2021-01-01T00:00:00,2021-01-01T00:00:00
04778f66-58bd-49f9-a1c2-67de78f558b1,58f0230e-bda3-4f44-ad11-7b442270b492,Northshore Heights Private Commercial Cam 2308,CAM-47-307,private_commercial,4K,vault_corridor,active,rtsp://streaming.internal.crimemind.net/live/cam-47-307,"{""fps"": 30, ""night_vision_ir"": true, ""pan_tilt_zoom"": true}",2021-01-01T00:00:00,2021-01-01T00:00:00
1659ce4a-2dd4-4698-aa97-0adf60879b21,e38ce774-3200-4cb0-a53c-94b9b4d62be3,Downtown Commercial District Subway Transit Cam 2309,CAM-47-308,subway_transit,1080p,vault_corridor,active,rtsp://streaming.internal.crimemind.net/live/cam-47-308,"{""fps"": 30, ""night_vision_ir"": true, ""pan_tilt_zoom"": false}",2021-01-01T00:00:00,2021-01-01T00:00:00
7a0cc588-d9c6-48ab-a596-8a71e39a3c06,94ed9ba3-f091-4ba6-a2e3-f3b2f2f5f947,Midtown Financial Plaza Subway Transit Cam 2310,CAM-47-309,subway_transit,720p,northbound_entry,active,rtsp://streaming.internal.crimemind.net/live/cam-47-309,"{""fps"": 30, ""night_vision_ir"": true, ""pan_tilt_zoom"": false}",2021-01-01T00:00:00,2021-01-01T00:00:00
f0329b59-8394-49ae-a568-92dd364706dc,59aa5164-0cf3-4086-b694-cde908cea4b9,Downtown Commercial District Atm Surveillance Cam 2311,CAM-47-310,atm_surveillance,1080p,northbound_entry,active,rtsp://streaming.internal.crimemind.net/live/cam-47-310,"{""fps"": 30, ""night_vision_ir"": true, ""pan_tilt_zoom"": true}",2021-01-01T00:00:00,2021-01-01T00:00:00
6d5eaba3-c7e1-4806-9a3e-dfa60344eaf7,1cb56813-b7a0-4392-a20d-b8c4bd390940,Harbor Point Terminal Traffic Police Cam 2312,CAM-47-311,traffic_police,4K,pedestrian_walkway,active,rtsp://streaming.internal.crimemind.net/live/cam-47-311,"{""fps"": 30, ""night_vision_ir"": true, ""pan_tilt_zoom"": false}",2021-01-01T00:00:00,2021-01-01T00:00:00
7cb3d5e6-747a-4608-b033-318ed6ae436c,bdb50820-6e6b-4645-aec2-5564b88f3e7e,Harbor Point Terminal Atm Surveillance Cam 2313,CAM-47-312,atm_surveillance,4K,360_degree_dome,active,rtsp://streaming.internal.crimemind.net/live/cam-47-312,"{""fps"": 30, ""night_vision_ir"": true, ""pan_tilt_zoom"": false}",2021-01-01T00:00:00,2021-01-01T00:00:00
8e30db0d-ea86-46d2-a747-fdccb99b6797,0a5f39f8-5678-4760-b135-04909c4c3a0c,South Bay Logistics Hub Subway Transit Cam 2314,CAM-47-313,subway_transit,4K,southbound_exit,active,rtsp://streaming.internal.crimemind.net/live/cam-47-313,"{""fps"": 30, ""night_vision_ir"": true, ""pan_tilt_zoom"": true}",2021-01-01T00:00:00,2021-01-01T00:00:00
9e3e9cf3-e681-41da-82b3-ffaf49761274,38d564cb-33cb-4a05-9ab9-84a101014551,West End Suburbs Residential Ring Cam 2315,CAM-47-314,residential_ring,720p,360_degree_dome,active,rtsp://streaming.internal.crimemind.net/live/cam-47-314,"{""fps"": 30, ""night_vision_ir"": true, ""pan_tilt_zoom"": false}",2021-01-01T00:00:00,2021-01-01T00:00:00
5a43bf45-7543-4108-a861-abfa65127117,94caf399-0378-4848-a1b5-f3a170ea2121,Old Town Heritage Ward Residential Ring Cam 2316,CAM-47-315,residential_ring,720p,360_degree_dome,active,rtsp://streaming.internal.crimemind.net/live/cam-47-315,"{""fps"": 30, ""night_vision_ir"": true, ""pan_tilt_zoom"": false}",2021-01-01T00:00:00,2021-01-01T00:00:00
971eb9cd-1fa3-49fe-a151-25caae59f2f0,8b81a015-59f7-40b1-b89a-d5a99c65483f,Eastside Arts Corridor Residential Ring Cam 2317,CAM-47-316,residential_ring,1080p,vault_corridor,active,rtsp://streaming.internal.crimemind.net/live/cam-47-316,"{""fps"": 30, ""night_vision_ir"": true, ""pan_tilt_zoom"": true}",2021-01-01T00:00:00,2021-01-01T00:00:00
4b833d26-bc3a-4a86-a1a1-c4543267a868,36e38ed7-a198-4181-aa73-f2230350f008,Industrial Waterfront & Port Highway Toll Cam 2318,CAM-47-317,highway_toll,1080p,vault_corridor,active,rtsp://streaming.internal.crimemind.net/live/cam-47-317,"{""fps"": 30, ""night_vision_ir"": true, ""pan_tilt_zoom"": false}",2021-01-01T00:00:00,2021-01-01T00:00:00
286b8151-5402-4190-8b86-6f0eb9d0533a,94645b76-4efd-4918-9790-35d1d3f6a445,Harbor Point Terminal Residential Ring Cam 2319,CAM-47-318,residential_ring,1080p,360_degree_dome,active,rtsp://streaming.internal.crimemind.net/live/cam-47-318,"{""fps"": 30, ""night_vision_ir"": true, ""pan_tilt_zoom"": false}",2021-01-01T00:00:00,2021-01-01T00:00:00
0d9e9e01-efb0-4c84-9a18-8557ddb7d993,6c8a59c2-926c-4d4c-954b-17fd319ce087,Eastside Arts Corridor Traffic Police Cam 2320,CAM-47-319,traffic_police,720p,360_degree_dome,active,rtsp://streaming.internal.crimemind.net/live/cam-47-319,"{""fps"": 30, ""night_vision_ir"": true, ""pan_tilt_zoom"": true}",2021-01-01T00:00:00,2021-01-01T00:00:00
c091980f-ee69-4fbd-abf0-ed530b44b29f,465265ed-d998-4491-b061-657418fefe00,Midtown Financial Plaza Traffic Police Cam 2321,CAM-47-320,traffic_police,4K,360_degree_dome,maintenance,rtsp://streaming.internal.crimemind.net/live/cam-47-320,"{""fps"": 30, ""night_vision_ir"": true, ""pan_tilt_zoom"": false}",2021-01-01T00:00:00,2021-01-01T00:00:00
128d85fb-34fb-4954-ad28-e05d69572a85,b87824db-d267-46d7-8575-b45d4aad70ab,Industrial Waterfront & Port Subway Transit Cam 2322,CAM-47-321,subway_transit,720p,southbound_exit,active,rtsp://streaming.internal.crimemind.net/live/cam-47-321,"{""fps"": 30, ""night_vision_ir"": true, ""pan_tilt_zoom"": false}",2021-01-01T00:00:00,2021-01-01T00:00:00
28456864-cc84-4036-9972-32494ba05f40,bceaa541-b62f-4da6-a808-3c4acfa407c7,South Bay Logistics Hub Highway Toll Cam 2323,CAM-47-322,highway_toll,720p,pedestrian_walkway,active,rtsp://streaming.internal.crimemind.net/live/cam-47-322,"{""fps"": 30, ""night_vision_ir"": true, ""pan_tilt_zoom"": true}",2021-01-01T00:00:00,2021-01-01T00:00:00
d399658b-dbeb-4979-b1e1-bd35d03cbfeb,63cda949-d226-47a6-96e2-252a289bd5fc,Downtown Commercial District Highway Toll Cam 2324,CAM-47-323,highway_toll,1080p,northbound_entry,active,rtsp://streaming.internal.crimemind.net/live/cam-47-323,"{""fps"": 30, ""night_vision_ir"": true, ""pan_tilt_zoom"": false}",2021-01-01T00:00:00,2021-01-01T00:00:00
46697e0f-8ca3-4249-b811-6e52d6682d7a,480ddc54-e2c4-4a4d-9165-5974cd3a7560,Downtown Commercial District Subway Transit Cam 2325,CAM-47-324,subway_transit,4K,northbound_entry,maintenance,rtsp://streaming.internal.crimemind.net/live/cam-47-324,"{""fps"": 30, ""night_vision_ir"": true, ""pan_tilt_zoom"": false}",2021-01-01T00:00:00,2021-01-01T00:00:00
1a5aca44-c9c1-4720-a254-f074fe97622e,f32122b0-99e9-4e28-908e-d9d6cf177e7c,Silver Lake Tech Park Municipal Surveillance Cam 2326,CAM-47-325,municipal_surveillance,1080p,vault_corridor,active,rtsp://streaming.internal.crimemind.net/live/cam-47-325,"{""fps"": 30, ""night_vision_ir"": true, ""pan_tilt_zoom"": true}",2021-01-01T00:00:00,2021-01-01T00:00:00
923f732c-5ebd-4593-9f3b-b6a894e08623,ad1840bd-8ef8-484b-a6e7-9911a33fdc5c,Old Town Heritage Ward Private Commercial Cam 2327,CAM-47-326,private_commercial,4K,northbound_entry,active,rtsp://streaming.internal.crimemind.net/live/cam-47-326,"{""fps"": 30, ""night_vision_ir"": true, ""pan_tilt_zoom"": false}",2021-01-01T00:00:00,2021-01-01T00:00:00
d136b797-c755-4874-9560-afe58c53d7ce,bf15204c-cfaf-44fb-a2f7-520b9ea7af82,Downtown Commercial District Residential Ring Cam 2328,CAM-47-327,residential_ring,1080p,pedestrian_walkway,active,rtsp://streaming.internal.crimemind.net/live/cam-47-327,"{""fps"": 30, ""night_vision_ir"": true, ""pan_tilt_zoom"": false}",2021-01-01T00:00:00,2021-01-01T00:00:00
1fdb55a1-e9fa-4d91-bee2-380dd9bfa69f,cf9e9678-399c-48b9-a5fd-838cf4e32740,Northshore Heights Traffic Police Cam 2329,CAM-47-328,traffic_police,1080p,360_degree_dome,active,rtsp://streaming.internal.crimemind.net/live/cam-47-328,"{""fps"": 30, ""night_vision_ir"": true, ""pan_tilt_zoom"": true}",2021-01-01T00:00:00,2021-01-01T00:00:00
26a5e793-7d66-4faf-8e75-c3a8aa186629,baa399a6-26fd-446c-a57e-5b3a9435dfb5,Old Town Heritage Ward Highway Toll Cam 2330,CAM-47-329,highway_toll,720p,northbound_entry,active,rtsp://streaming.internal.crimemind.net/live/cam-47-329,"{""fps"": 30, ""night_vision_ir"": true, ""pan_tilt_zoom"": false}",2021-01-01T00:00:00,2021-01-01T00:00:00
94fe51b9-dba0-4f98-98b9-932c64a18a5d,230b2f57-8f31-4a95-8eee-5e377fd2d5ee,Harbor Point Terminal Atm Surveillance Cam 2331,CAM-47-330,atm_surveillance,1080p,southbound_exit,active,rtsp://streaming.internal.crimemind.net/live/cam-47-330,"{""fps"": 30, ""night_vision_ir"": true, ""pan_tilt_zoom"": false}",2021-01-01T00:00:00,2021-01-01T00:00:00
e72c72d6-1c07-4caa-9afb-6ac86ae5c6fd,4307ef29-6b54-4b09-b0cf-a4c848bf88da,Old Town Heritage Ward Private Commercial Cam 2332,CAM-47-331,private_commercial,1080p,northbound_entry,active,rtsp://streaming.internal.crimemind.net/live/cam-47-331,"{""fps"": 30, ""night_vision_ir"": true, ""pan_tilt_zoom"": true}",2021-01-01T00:00:00,2021-01-01T00:00:00
ce125c07-2c04-4d02-8203-7e598613c47b,70d1e9e3-02fc-42c4-9d90-c148572b829f,Eastside Arts Corridor Traffic Police Cam 2333,CAM-47-332,traffic_police,1080p,360_degree_dome,active,rtsp://streaming.internal.crimemind.net/live/cam-47-332,"{""fps"": 30, ""night_vision_ir"": true, ""pan_tilt_zoom"": false}",2021-01-01T00:00:00,2021-01-01T00:00:00
2da5bb16-1bbc-4d8b-94d5-bcf8558bf0ef,1918f398-c88d-4097-b2b2-41ba5dad868c,Silver Lake Tech Park Traffic Police Cam 2334,CAM-47-333,traffic_police,1080p,360_degree_dome,active,rtsp://streaming.internal.crimemind.net/live/cam-47-333,"{""fps"": 30, ""night_vision_ir"": true, ""pan_tilt_zoom"": false}",2021-01-01T00:00:00,2021-01-01T00:00:00
478dc434-b2f5-40ef-90a0-3869aa4afaca,2e1ce0b6-34b2-4f0e-811d-5087f1fcbdea,Industrial Waterfront & Port Traffic Police Cam 2335,CAM-47-334,traffic_police,720p,360_degree_dome,active,rtsp://streaming.internal.crimemind.net/live/cam-47-334,"{""fps"": 30, ""night_vision_ir"": true, ""pan_tilt_zoom"": true}",2021-01-01T00:00:00,2021-01-01T00:00:00
6efd87a1-86bc-4bed-977d-f28cec37fc7a,b4e6271b-9020-4783-95fd-beef318c3d27,West End Suburbs Subway Transit Cam 2336,CAM-47-335,subway_transit,720p,northbound_entry,active,rtsp://streaming.internal.crimemind.net/live/cam-47-335,"{""fps"": 30, ""night_vision_ir"": true, ""pan_tilt_zoom"": false}",2021-01-01T00:00:00,2021-01-01T00:00:00
19f1d9d4-6c34-4949-9f85-1122608d5460,9ccf7b92-ec8c-4291-a80a-ec21be42823b,Silver Lake Tech Park Subway Transit Cam 2337,CAM-47-336,subway_transit,1080p,pedestrian_walkway,active,rtsp://streaming.internal.crimemind.net/live/cam-47-336,"{""fps"": 30, ""night_vision_ir"": true, ""pan_tilt_zoom"": false}",2021-01-01T00:00:00,2021-01-01T00:00:00
bd73fe5d-7284-471f-aebe-c0afdd8c4ae6,59c46e0d-fb9a-462d-aec5-dfeccfb048f8,Midtown Financial Plaza Highway Toll Cam 2338,CAM-47-337,highway_toll,720p,360_degree_dome,active,rtsp://streaming.internal.crimemind.net/live/cam-47-337,"{""fps"": 30, ""night_vision_ir"": true, ""pan_tilt_zoom"": true}",2021-01-01T00:00:00,2021-01-01T00:00:00
42d55080-cbd5-400b-9aed-e138babe19d9,4d1e8040-30ac-40ff-aa09-876b88083f59,South Bay Logistics Hub Atm Surveillance Cam 2339,CAM-47-338,atm_surveillance,1080p,northbound_entry,maintenance,rtsp://streaming.internal.crimemind.net/live/cam-47-338,"{""fps"": 30, ""night_vision_ir"": true, ""pan_tilt_zoom"": false}",2021-01-01T00:00:00,2021-01-01T00:00:00
4bf5bd91-5371-42de-9acd-2721a6f17b79,b142f82d-8b02-46b2-9f23-4d0c2f64cae5,West End Suburbs Private Commercial Cam 2340,CAM-47-339,private_commercial,1080p,pedestrian_walkway,offline,rtsp://streaming.internal.crimemind.net/live/cam-47-339,"{""fps"": 30, ""night_vision_ir"": true, ""pan_tilt_zoom"": false}",2021-01-01T00:00:00,2021-01-01T00:00:00
b0c44f7c-306c-42c4-9ab7-43c7b214ed03,6eff1961-a69f-4218-ab17-043cf5114ee0,Downtown Commercial District Municipal Surveillance Cam 2341,CAM-47-340,municipal_surveillance,1080p,vault_corridor,active,rtsp://streaming.internal.crimemind.net/live/cam-47-340,"{""fps"": 30, ""night_vision_ir"": true, ""pan_tilt_zoom"": true}",2021-01-01T00:00:00,2021-01-01T00:00:00
3477a8ce-d650-42a5-a44c-19fcab695ebe,3426bf90-0fbb-4dbb-afac-b48eabd41ae5,Downtown Commercial District Private Commercial Cam 2342,CAM-47-341,private_commercial,720p,southbound_exit,active,rtsp://streaming.internal.crimemind.net/live/cam-47-341,"{""fps"": 30, ""night_vision_ir"": true, ""pan_tilt_zoom"": false}",2021-01-01T00:00:00,2021-01-01T00:00:00
1b9d95d5-8abb-4e8b-9c4c-3bbda59437aa,343db96c-9d38-42c1-97ff-4c525245026a,Eastside Arts Corridor Atm Surveillance Cam 2343,CAM-47-342,atm_surveillance,720p,vault_corridor,offline,rtsp://streaming.internal.crimemind.net/live/cam-47-342,"{""fps"": 30, ""night_vision_ir"": true, ""pan_tilt_zoom"": false}",2021-01-01T00:00:00,2021-01-01T00:00:00
b99b6c95-e516-4d35-a35b-9f68fc06b181,cd3bec1c-c042-4445-9855-13bcfc36c1b7,South Bay Logistics Hub Residential Ring Cam 2344,CAM-47-343,residential_ring,720p,southbound_exit,active,rtsp://streaming.internal.crimemind.net/live/cam-47-343,"{""fps"": 30, ""night_vision_ir"": true, ""pan_tilt_zoom"": true}",2021-01-01T00:00:00,2021-01-01T00:00:00
5d87d492-43cd-4fda-8116-2f08a1756045,8ed58eef-bc61-431c-9afd-4ede4bf1836f,Industrial Waterfront & Port Residential Ring Cam 2345,CAM-47-344,residential_ring,1080p,northbound_entry,active,rtsp://streaming.internal.crimemind.net/live/cam-47-344,"{""fps"": 30, ""night_vision_ir"": true, ""pan_tilt_zoom"": false}",2021-01-01T00:00:00,2021-01-01T00:00:00
17121ecd-b7f8-4d45-b5fe-285989347317,68310490-e66e-493e-9c0a-39a36cf22833,Industrial Waterfront & Port Residential Ring Cam 2346,CAM-47-345,residential_ring,4K,360_degree_dome,active,rtsp://streaming.internal.crimemind.net/live/cam-47-345,"{""fps"": 30, ""night_vision_ir"": true, ""pan_tilt_zoom"": false}",2021-01-01T00:00:00,2021-01-01T00:00:00
d98c4f7a-f737-42ca-9180-2a3c2e28e08d,a4aced81-e56a-40d2-bff0-7a97e6e17f79,Harbor Point Terminal Municipal Surveillance Cam 2347,CAM-47-346,municipal_surveillance,4K,360_degree_dome,active,rtsp://streaming.internal.crimemind.net/live/cam-47-346,"{""fps"": 30, ""night_vision_ir"": true, ""pan_tilt_zoom"": true}",2021-01-01T00:00:00,2021-01-01T00:00:00
e4d68bdd-fb24-4e4a-a3cb-8e701ed97359,55a601a3-c713-4f83-a47b-92596e1817d0,Industrial Waterfront & Port Traffic Police Cam 2348,CAM-47-347,traffic_police,4K,pedestrian_walkway,active,rtsp://streaming.internal.crimemind.net/live/cam-47-347,"{""fps"": 30, ""night_vision_ir"": true, ""pan_tilt_zoom"": false}",2021-01-01T00:00:00,2021-01-01T00:00:00
64fe428e-7833-4193-9b52-2774d59c4206,460bbc7c-034a-43e8-9bbe-482c08f5b433,Midtown Financial Plaza Residential Ring Cam 2349,CAM-47-348,residential_ring,720p,pedestrian_walkway,active,rtsp://streaming.internal.crimemind.net/live/cam-47-348,"{""fps"": 30, ""night_vision_ir"": true, ""pan_tilt_zoom"": false}",2021-01-01T00:00:00,2021-01-01T00:00:00
ed24dfba-149e-4ed3-9dcd-e9ca0693a1e9,5551d093-2249-40e5-816c-53847e335cdb,Northshore Heights Residential Ring Cam 2350,CAM-47-349,residential_ring,4K,360_degree_dome,active,rtsp://streaming.internal.crimemind.net/live/cam-47-349,"{""fps"": 30, ""night_vision_ir"": true, ""pan_tilt_zoom"": true}",2021-01-01T00:00:00,2021-01-01T00:00:00
d8973ed3-e89e-44f3-a28d-aa733f23a5b4,44f324ba-69e6-40c8-9f5c-0c48c54a0ea9,West End Suburbs Residential Ring Cam 2351,CAM-48-350,residential_ring,4K,360_degree_dome,active,rtsp://streaming.internal.crimemind.net/live/cam-48-350,"{""fps"": 30, ""night_vision_ir"": true, ""pan_tilt_zoom"": false}",2021-01-01T00:00:00,2021-01-01T00:00:00
c198c2c4-53c3-42a8-add4-71af0c29cea7,dd80380d-0686-461c-bc7a-1e06909bfc71,South Bay Logistics Hub Traffic Police Cam 2352,CAM-48-351,traffic_police,720p,pedestrian_walkway,active,rtsp://streaming.internal.crimemind.net/live/cam-48-351,"{""fps"": 30, ""night_vision_ir"": true, ""pan_tilt_zoom"": false}",2021-01-01T00:00:00,2021-01-01T00:00:00
840f85b6-cc6c-4911-8b17-3bb9bcbfeaf8,8aecf698-afd2-4ca4-8a05-f6aeabbe2591,South Bay Logistics Hub Residential Ring Cam 2353,CAM-48-352,residential_ring,1080p,vault_corridor,maintenance,rtsp://streaming.internal.crimemind.net/live/cam-48-352,"{""fps"": 30, ""night_vision_ir"": true, ""pan_tilt_zoom"": true}",2021-01-01T00:00:00,2021-01-01T00:00:00
33949ff2-c058-4a57-b044-3aaa1e27e5d2,de08386e-6d31-4d15-b0e0-edebb060c380,Northshore Heights Atm Surveillance Cam 2354,CAM-48-353,atm_surveillance,720p,vault_corridor,active,rtsp://streaming.internal.crimemind.net/live/cam-48-353,"{""fps"": 30, ""night_vision_ir"": true, ""pan_tilt_zoom"": false}",2021-01-01T00:00:00,2021-01-01T00:00:00
6dd2b1cb-3b42-4972-b552-0b4afeb2700c,17a90746-496a-4aaa-b35b-b752881f7cb4,Old Town Heritage Ward Highway Toll Cam 2355,CAM-48-354,highway_toll,4K,vault_corridor,active,rtsp://streaming.internal.crimemind.net/live/cam-48-354,"{""fps"": 30, ""night_vision_ir"": true, ""pan_tilt_zoom"": false}",2021-01-01T00:00:00,2021-01-01T00:00:00
30152159-cd88-4f50-b11d-dbb2bd84e158,8497ee87-2689-47b9-befa-8cd208944e88,Downtown Commercial District Traffic Police Cam 2356,CAM-48-355,traffic_police,1080p,vault_corridor,active,rtsp://streaming.internal.crimemind.net/live/cam-48-355,"{""fps"": 30, ""night_vision_ir"": true, ""pan_tilt_zoom"": true}",2021-01-01T00:00:00,2021-01-01T00:00:00
14c4319a-0b57-4a1a-8329-c0b71ba94488,2ceda3b8-acd5-4b88-a47e-cf0b7e2bc11b,Midtown Financial Plaza Private Commercial Cam 2357,CAM-48-356,private_commercial,1080p,northbound_entry,active,rtsp://streaming.internal.crimemind.net/live/cam-48-356,"{""fps"": 30, ""night_vision_ir"": true, ""pan_tilt_zoom"": false}",2021-01-01T00:00:00,2021-01-01T00:00:00
3b59c567-327b-4315-978d-8359c6d3f7f4,b127015b-cbb3-45de-8513-b8cf7f089028,Old Town Heritage Ward Subway Transit Cam 2358,CAM-48-357,subway_transit,1080p,northbound_entry,active,rtsp://streaming.internal.crimemind.net/live/cam-48-357,"{""fps"": 30, ""night_vision_ir"": true, ""pan_tilt_zoom"": false}",2021-01-01T00:00:00,2021-01-01T00:00:00
04812a4d-e5ee-4651-8652-3f5c66a3549e,33771e0b-1c53-401d-aae8-42c3dcaaeb79,Harbor Point Terminal Municipal Surveillance Cam 2359,CAM-48-358,municipal_surveillance,4K,360_degree_dome,active,rtsp://streaming.internal.crimemind.net/live/cam-48-358,"{""fps"": 30, ""night_vision_ir"": true, ""pan_tilt_zoom"": true}",2021-01-01T00:00:00,2021-01-01T00:00:00
fef20fbf-5733-40e2-a7f7-4e0cef8cecbf,761d6936-1634-4023-8f61-339ff60c3a37,Northshore Heights Highway Toll Cam 2360,CAM-48-359,highway_toll,1080p,southbound_exit,active,rtsp://streaming.internal.crimemind.net/live/cam-48-359,"{""fps"": 30, ""night_vision_ir"": true, ""pan_tilt_zoom"": false}",2021-01-01T00:00:00,2021-01-01T00:00:00
29194d0f-33a5-4e5a-ada8-7af196821cfc,8284db65-2ec0-4a09-9a4d-dd983d575666,Midtown Financial Plaza Private Commercial Cam 2361,CAM-48-360,private_commercial,1080p,vault_corridor,active,rtsp://streaming.internal.crimemind.net/live/cam-48-360,"{""fps"": 30, ""night_vision_ir"": true, ""pan_tilt_zoom"": false}",2021-01-01T00:00:00,2021-01-01T00:00:00
7d0606cb-cdcf-45ec-ba14-d69304295865,cd1eee88-3957-470e-bd07-e5bc03fadec8,Harbor Point Terminal Residential Ring Cam 2362,CAM-48-361,residential_ring,1080p,360_degree_dome,active,rtsp://streaming.internal.crimemind.net/live/cam-48-361,"{""fps"": 30, ""night_vision_ir"": true, ""pan_tilt_zoom"": true}",2021-01-01T00:00:00,2021-01-01T00:00:00
90ed81fd-779a-4117-ac94-2bacd2864a3c,a31d5f5f-ebb7-4990-a73b-29ad795fca0a,Silver Lake Tech Park Atm Surveillance Cam 2363,CAM-48-362,atm_surveillance,720p,pedestrian_walkway,active,rtsp://streaming.internal.crimemind.net/live/cam-48-362,"{""fps"": 30, ""night_vision_ir"": true, ""pan_tilt_zoom"": false}",2021-01-01T00:00:00,2021-01-01T00:00:00
ef250336-19b9-497b-a946-4120bd1ec9e2,7c6e5013-4d27-4544-9961-2b1c0baeeed4,West End Suburbs Subway Transit Cam 2364,CAM-48-363,subway_transit,720p,pedestrian_walkway,active,rtsp://streaming.internal.crimemind.net/live/cam-48-363,"{""fps"": 30, ""night_vision_ir"": true, ""pan_tilt_zoom"": false}",2021-01-01T00:00:00,2021-01-01T00:00:00
c07415fc-0ce0-4bf9-9b91-61b1d70d10c2,78e8efd4-213d-4096-8853-a6cc4ea67e5c,South Bay Logistics Hub Residential Ring Cam 2365,CAM-48-364,residential_ring,720p,southbound_exit,active,rtsp://streaming.internal.crimemind.net/live/cam-48-364,"{""fps"": 30, ""night_vision_ir"": true, ""pan_tilt_zoom"": true}",2021-01-01T00:00:00,2021-01-01T00:00:00
a61a13dd-90fd-4af3-bb01-75661f4532e4,96ac76fe-a6d3-4587-bbac-0ce472d7a9e8,Northshore Heights Residential Ring Cam 2366,CAM-48-365,residential_ring,4K,pedestrian_walkway,active,rtsp://streaming.internal.crimemind.net/live/cam-48-365,"{""fps"": 30, ""night_vision_ir"": true, ""pan_tilt_zoom"": false}",2021-01-01T00:00:00,2021-01-01T00:00:00
1092d318-8f12-40b5-af66-063461e9c4b5,0161450c-a14c-4a4e-89a5-7c03328a9149,Downtown Commercial District Subway Transit Cam 2367,CAM-48-366,subway_transit,1080p,southbound_exit,active,rtsp://streaming.internal.crimemind.net/live/cam-48-366,"{""fps"": 30, ""night_vision_ir"": true, ""pan_tilt_zoom"": false}",2021-01-01T00:00:00,2021-01-01T00:00:00
945df00e-507c-4f75-83c5-9cdc9d5f24b6,eb211240-e554-4ba7-8f8c-13d00232a393,Industrial Waterfront & Port Municipal Surveillance Cam 2368,CAM-48-367,municipal_surveillance,720p,northbound_entry,active,rtsp://streaming.internal.crimemind.net/live/cam-48-367,"{""fps"": 30, ""night_vision_ir"": true, ""pan_tilt_zoom"": true}",2021-01-01T00:00:00,2021-01-01T00:00:00
246fcd97-8947-4bae-ac46-c74ffe3a06e9,af5680a1-577a-4194-bae4-a47a1e289172,Silver Lake Tech Park Residential Ring Cam 2369,CAM-48-368,residential_ring,4K,360_degree_dome,active,rtsp://streaming.internal.crimemind.net/live/cam-48-368,"{""fps"": 30, ""night_vision_ir"": true, ""pan_tilt_zoom"": false}",2021-01-01T00:00:00,2021-01-01T00:00:00
8c6ec9c2-ca57-4fd0-843b-aec8bdd206e1,fe40a4d3-4dc5-46e0-8e71-d89d5f176b76,Midtown Financial Plaza Private Commercial Cam 2370,CAM-48-369,private_commercial,720p,vault_corridor,active,rtsp://streaming.internal.crimemind.net/live/cam-48-369,"{""fps"": 30, ""night_vision_ir"": true, ""pan_tilt_zoom"": false}",2021-01-01T00:00:00,2021-01-01T00:00:00
9f4890a2-9a8b-40fd-b9da-3545a0d376d9,58c1adb3-eb5b-4763-9b64-44b0f59fa172,South Bay Logistics Hub Residential Ring Cam 2371,CAM-48-370,residential_ring,1080p,360_degree_dome,active,rtsp://streaming.internal.crimemind.net/live/cam-48-370,"{""fps"": 30, ""night_vision_ir"": true, ""pan_tilt_zoom"": true}",2021-01-01T00:00:00,2021-01-01T00:00:00
f41b88a6-8da7-4b55-bc28-c75ef38bed04,238573cf-a5e1-4115-9f4f-0060ae5626c2,Harbor Point Terminal Subway Transit Cam 2372,CAM-48-371,subway_transit,1080p,northbound_entry,active,rtsp://streaming.internal.crimemind.net/live/cam-48-371,"{""fps"": 30, ""night_vision_ir"": true, ""pan_tilt_zoom"": false}",2021-01-01T00:00:00,2021-01-01T00:00:00
afff101a-9c34-4fd8-97f6-b2b0ad5c70aa,30cb6255-bb47-4ab6-a12a-3bb13f33d6af,Old Town Heritage Ward Traffic Police Cam 2373,CAM-48-372,traffic_police,1080p,northbound_entry,active,rtsp://streaming.internal.crimemind.net/live/cam-48-372,"{""fps"": 30, ""night_vision_ir"": true, ""pan_tilt_zoom"": false}",2021-01-01T00:00:00,2021-01-01T00:00:00
1b746c59-000e-4a18-bb85-34eeff9fe166,d936d6f9-9f55-4c4d-9556-cca6344413f2,Downtown Commercial District Atm Surveillance Cam 2374,CAM-48-373,atm_surveillance,720p,360_degree_dome,active,rtsp://streaming.internal.crimemind.net/live/cam-48-373,"{""fps"": 30, ""night_vision_ir"": true, ""pan_tilt_zoom"": true}",2021-01-01T00:00:00,2021-01-01T00:00:00
46bf8be7-71be-4683-9de5-b99f7c50dd18,1ad50ad9-5471-4381-a3bc-0c9001245db1,Harbor Point Terminal Municipal Surveillance Cam 2375,CAM-48-374,municipal_surveillance,4K,vault_corridor,active,rtsp://streaming.internal.crimemind.net/live/cam-48-374,"{""fps"": 30, ""night_vision_ir"": true, ""pan_tilt_zoom"": false}",2021-01-01T00:00:00,2021-01-01T00:00:00
ccf6d519-6129-4ce9-aab6-7b2617d82fbf,fa0f2010-fa72-40c6-b6cd-5623437bf351,Industrial Waterfront & Port Subway Transit Cam 2376,CAM-48-375,subway_transit,4K,pedestrian_walkway,active,rtsp://streaming.internal.crimemind.net/live/cam-48-375,"{""fps"": 30, ""night_vision_ir"": true, ""pan_tilt_zoom"": false}",2021-01-01T00:00:00,2021-01-01T00:00:00
a5c93556-696c-480a-9899-fafdfed1c356,e101743c-7ac9-4916-9429-f7226c29976c,Old Town Heritage Ward Highway Toll Cam 2377,CAM-48-376,highway_toll,1080p,vault_corridor,active,rtsp://streaming.internal.crimemind.net/live/cam-48-376,"{""fps"": 30, ""night_vision_ir"": true, ""pan_tilt_zoom"": true}",2021-01-01T00:00:00,2021-01-01T00:00:00
b674448e-9aeb-40c1-a57a-794952f69a7e,5d6b40fe-33be-4c90-9005-cb7c4dd18e5a,Harbor Point Terminal Atm Surveillance Cam 2378,CAM-48-377,atm_surveillance,1080p,vault_corridor,active,rtsp://streaming.internal.crimemind.net/live/cam-48-377,"{""fps"": 30, ""night_vision_ir"": true, ""pan_tilt_zoom"": false}",2021-01-01T00:00:00,2021-01-01T00:00:00
1b531a76-aaa4-4b6b-82a6-c45b36c3bd60,ed080058-9e09-45b6-9b40-84884b35b6f9,Northshore Heights Residential Ring Cam 2379,CAM-48-378,residential_ring,720p,northbound_entry,active,rtsp://streaming.internal.crimemind.net/live/cam-48-378,"{""fps"": 30, ""night_vision_ir"": true, ""pan_tilt_zoom"": false}",2021-01-01T00:00:00,2021-01-01T00:00:00
61afacdc-5aeb-4e41-b7a0-6027c1c41aa8,7af3329b-e90d-4fda-a3d5-0fd1b4228f84,Silver Lake Tech Park Highway Toll Cam 2380,CAM-48-379,highway_toll,1080p,southbound_exit,active,rtsp://streaming.internal.crimemind.net/live/cam-48-379,"{""fps"": 30, ""night_vision_ir"": true, ""pan_tilt_zoom"": true}",2021-01-01T00:00:00,2021-01-01T00:00:00
c0faecfa-adb0-4708-aa00-c8a3afc0ec97,72ea8a4c-6851-49c5-9f05-11d0da92fafa,Old Town Heritage Ward Subway Transit Cam 2381,CAM-48-380,subway_transit,1080p,360_degree_dome,active,rtsp://streaming.internal.crimemind.net/live/cam-48-380,"{""fps"": 30, ""night_vision_ir"": true, ""pan_tilt_zoom"": false}",2021-01-01T00:00:00,2021-01-01T00:00:00
0a985267-008f-4ffe-87f4-19587dd8098a,d327c890-8ed8-4608-90a8-3c7e1b7901c6,Northshore Heights Atm Surveillance Cam 2382,CAM-48-381,atm_surveillance,1080p,pedestrian_walkway,active,rtsp://streaming.internal.crimemind.net/live/cam-48-381,"{""fps"": 30, ""night_vision_ir"": true, ""pan_tilt_zoom"": false}",2021-01-01T00:00:00,2021-01-01T00:00:00
ef44edcd-828c-4a19-888b-b18c0331edd0,a1607338-c65b-4115-ab0e-33d4b22aafca,Northshore Heights Highway Toll Cam 2383,CAM-48-382,highway_toll,4K,southbound_exit,active,rtsp://streaming.internal.crimemind.net/live/cam-48-382,"{""fps"": 30, ""night_vision_ir"": true, ""pan_tilt_zoom"": true}",2021-01-01T00:00:00,2021-01-01T00:00:00
e64aaef5-9739-418c-b9f7-dd629fac03b9,eafce050-e516-4d45-be0e-38fb6417f409,West End Suburbs Private Commercial Cam 2384,CAM-48-383,private_commercial,4K,vault_corridor,active,rtsp://streaming.internal.crimemind.net/live/cam-48-383,"{""fps"": 30, ""night_vision_ir"": true, ""pan_tilt_zoom"": false}",2021-01-01T00:00:00,2021-01-01T00:00:00
3ed0be60-59e2-460b-92ef-73f39692643b,65b2194c-1a95-45b3-be0a-7dca59fb2c53,Northshore Heights Private Commercial Cam 2385,CAM-48-384,private_commercial,1080p,vault_corridor,active,rtsp://streaming.internal.crimemind.net/live/cam-48-384,"{""fps"": 30, ""night_vision_ir"": true, ""pan_tilt_zoom"": false}",2021-01-01T00:00:00,2021-01-01T00:00:00
1198716b-b82f-4fd3-9549-ade0b91aff37,c9400dcc-856f-4eff-9bca-bc2e7d0f9481,Downtown Commercial District Traffic Police Cam 2386,CAM-48-385,traffic_police,4K,northbound_entry,active,rtsp://streaming.internal.crimemind.net/live/cam-48-385,"{""fps"": 30, ""night_vision_ir"": true, ""pan_tilt_zoom"": true}",2021-01-01T00:00:00,2021-01-01T00:00:00
d0c44382-1c26-46b7-a282-c19934f1b98a,21e92c0f-137c-4a56-83ea-8319088d0ad0,Industrial Waterfront & Port Atm Surveillance Cam 2387,CAM-48-386,atm_surveillance,720p,northbound_entry,active,rtsp://streaming.internal.crimemind.net/live/cam-48-386,"{""fps"": 30, ""night_vision_ir"": true, ""pan_tilt_zoom"": false}",2021-01-01T00:00:00,2021-01-01T00:00:00
b9ba8833-e052-4b7a-bfa1-7367705e092d,a0fc4c8e-413a-431c-b217-80f81676d3ed,West End Suburbs Subway Transit Cam 2388,CAM-48-387,subway_transit,4K,vault_corridor,active,rtsp://streaming.internal.crimemind.net/live/cam-48-387,"{""fps"": 30, ""night_vision_ir"": true, ""pan_tilt_zoom"": false}",2021-01-01T00:00:00,2021-01-01T00:00:00
c03f71f3-2ec2-4d81-acc1-2a54f8c4f55c,12ee9b77-3a2a-451c-ba3b-43334279da5f,Downtown Commercial District Subway Transit Cam 2389,CAM-48-388,subway_transit,1080p,360_degree_dome,active,rtsp://streaming.internal.crimemind.net/live/cam-48-388,"{""fps"": 30, ""night_vision_ir"": true, ""pan_tilt_zoom"": true}",2021-01-01T00:00:00,2021-01-01T00:00:00
c9cc34e9-9f90-4888-a21e-e8041acbab5b,dc45ece8-a7b9-495a-9f77-f604cbcf31ab,Silver Lake Tech Park Municipal Surveillance Cam 2390,CAM-48-389,municipal_surveillance,720p,northbound_entry,active,rtsp://streaming.internal.crimemind.net/live/cam-48-389,"{""fps"": 30, ""night_vision_ir"": true, ""pan_tilt_zoom"": false}",2021-01-01T00:00:00,2021-01-01T00:00:00
422dc643-7459-4d58-a0c9-d96b9fe189db,d18e0253-b2bb-41fb-8799-c467a5aa138c,Northshore Heights Municipal Surveillance Cam 2391,CAM-48-390,municipal_surveillance,720p,360_degree_dome,active,rtsp://streaming.internal.crimemind.net/live/cam-48-390,"{""fps"": 30, ""night_vision_ir"": true, ""pan_tilt_zoom"": false}",2021-01-01T00:00:00,2021-01-01T00:00:00
ec679e0f-2d95-4691-a41e-8ce66555d93a,eb79c5c1-bf40-47d1-865e-411b292a52c6,Midtown Financial Plaza Highway Toll Cam 2392,CAM-48-391,highway_toll,1080p,northbound_entry,active,rtsp://streaming.internal.crimemind.net/live/cam-48-391,"{""fps"": 30, ""night_vision_ir"": true, ""pan_tilt_zoom"": true}",2021-01-01T00:00:00,2021-01-01T00:00:00
83e467d7-2344-4a94-bef0-6f24ed18ea68,b3d31590-1dcf-4107-b651-4be9a87937f1,Harbor Point Terminal Private Commercial Cam 2393,CAM-48-392,private_commercial,1080p,pedestrian_walkway,active,rtsp://streaming.internal.crimemind.net/live/cam-48-392,"{""fps"": 30, ""night_vision_ir"": true, ""pan_tilt_zoom"": false}",2021-01-01T00:00:00,2021-01-01T00:00:00
c228155f-ad40-4d11-893d-731bc064d7eb,1e5afa05-7732-4cd3-855e-36bc01ae9f0e,Downtown Commercial District Highway Toll Cam 2394,CAM-48-393,highway_toll,4K,360_degree_dome,active,rtsp://streaming.internal.crimemind.net/live/cam-48-393,"{""fps"": 30, ""night_vision_ir"": true, ""pan_tilt_zoom"": false}",2021-01-01T00:00:00,2021-01-01T00:00:00
558b02a9-6fc0-4622-836a-8b666479bf89,98e8e121-0026-47e1-806e-491bcd829fe0,Northshore Heights Private Commercial Cam 2395,CAM-48-394,private_commercial,1080p,vault_corridor,active,rtsp://streaming.internal.crimemind.net/live/cam-48-394,"{""fps"": 30, ""night_vision_ir"": true, ""pan_tilt_zoom"": true}",2021-01-01T00:00:00,2021-01-01T00:00:00
936862f6-989b-4ab3-8d21-86878380fcd7,f563ff93-a74b-4a1d-a6ea-062004a4564d,Old Town Heritage Ward Residential Ring Cam 2396,CAM-48-395,residential_ring,1080p,northbound_entry,active,rtsp://streaming.internal.crimemind.net/live/cam-48-395,"{""fps"": 30, ""night_vision_ir"": true, ""pan_tilt_zoom"": false}",2021-01-01T00:00:00,2021-01-01T00:00:00
e2c3c60c-76a5-4226-be9c-3430a91957e2,b045abed-2226-4c0f-ac6b-4bc90b58727d,Harbor Point Terminal Atm Surveillance Cam 2397,CAM-48-396,atm_surveillance,1080p,360_degree_dome,active,rtsp://streaming.internal.crimemind.net/live/cam-48-396,"{""fps"": 30, ""night_vision_ir"": true, ""pan_tilt_zoom"": false}",2021-01-01T00:00:00,2021-01-01T00:00:00
0de87fe7-20d8-4524-a887-98ef0176b12d,f3ba0ada-cc09-4a72-b33f-8d1763bcdf07,Eastside Arts Corridor Municipal Surveillance Cam 2398,CAM-48-397,municipal_surveillance,4K,360_degree_dome,active,rtsp://streaming.internal.crimemind.net/live/cam-48-397,"{""fps"": 30, ""night_vision_ir"": true, ""pan_tilt_zoom"": true}",2021-01-01T00:00:00,2021-01-01T00:00:00
4791cb8d-3a38-4afe-8e11-6fa82591b361,86aada27-ebff-450b-9674-5add1c7cd345,Old Town Heritage Ward Private Commercial Cam 2399,CAM-48-398,private_commercial,720p,southbound_exit,active,rtsp://streaming.internal.crimemind.net/live/cam-48-398,"{""fps"": 30, ""night_vision_ir"": true, ""pan_tilt_zoom"": false}",2021-01-01T00:00:00,2021-01-01T00:00:00
f89382e1-40b0-4831-9bac-e806a1386944,3540f5dd-72a8-404d-8ced-a5d64eb36687,Northshore Heights Traffic Police Cam 2400,CAM-48-399,traffic_police,1080p,vault_corridor,active,rtsp://streaming.internal.crimemind.net/live/cam-48-399,"{""fps"": 30, ""night_vision_ir"": true, ""pan_tilt_zoom"": false}",2021-01-01T00:00:00,2021-01-01T00:00:00
d7395115-7062-4ba8-8c87-87edd528babe,fd16d333-c310-4057-99ad-5804bd986bca,Midtown Financial Plaza Municipal Surveillance Cam 2401,CAM-49-400,municipal_surveillance,720p,360_degree_dome,maintenance,rtsp://streaming.internal.crimemind.net/live/cam-49-400,"{""fps"": 30, ""night_vision_ir"": true, ""pan_tilt_zoom"": true}",2021-01-01T00:00:00,2021-01-01T00:00:00
f4061ace-1111-4a2c-a0fd-4e704234f70b,1c541fcf-11e1-41ed-83ae-94743df66d97,Eastside Arts Corridor Municipal Surveillance Cam 2402,CAM-49-401,municipal_surveillance,1080p,southbound_exit,active,rtsp://streaming.internal.crimemind.net/live/cam-49-401,"{""fps"": 30, ""night_vision_ir"": true, ""pan_tilt_zoom"": false}",2021-01-01T00:00:00,2021-01-01T00:00:00
417f3e7d-d571-4c73-8a74-8fa3c3693a84,b9338e70-476f-48b9-84a9-e70116c5b36e,Harbor Point Terminal Private Commercial Cam 2403,CAM-49-402,private_commercial,1080p,pedestrian_walkway,active,rtsp://streaming.internal.crimemind.net/live/cam-49-402,"{""fps"": 30, ""night_vision_ir"": true, ""pan_tilt_zoom"": false}",2021-01-01T00:00:00,2021-01-01T00:00:00
4d3f8e42-fd3e-4c28-8851-30680d5966e4,74b75d61-5e38-4e5e-ada3-70d6a6ea3891,West End Suburbs Municipal Surveillance Cam 2404,CAM-49-403,municipal_surveillance,4K,vault_corridor,active,rtsp://streaming.internal.crimemind.net/live/cam-49-403,"{""fps"": 30, ""night_vision_ir"": true, ""pan_tilt_zoom"": true}",2021-01-01T00:00:00,2021-01-01T00:00:00
eb8f771d-b5e6-4412-ba0e-08abc2513a3a,5a92baca-47f9-4587-9bde-cc34ef24b610,South Bay Logistics Hub Traffic Police Cam 2405,CAM-49-404,traffic_police,1080p,northbound_entry,active,rtsp://streaming.internal.crimemind.net/live/cam-49-404,"{""fps"": 30, ""night_vision_ir"": true, ""pan_tilt_zoom"": false}",2021-01-01T00:00:00,2021-01-01T00:00:00
9fe7d3b0-58a6-4aba-be24-a12c1cf3b89d,ae28ef94-9623-4ff0-a37c-8ad1b6427603,Downtown Commercial District Traffic Police Cam 2406,CAM-49-405,traffic_police,4K,360_degree_dome,active,rtsp://streaming.internal.crimemind.net/live/cam-49-405,"{""fps"": 30, ""night_vision_ir"": true, ""pan_tilt_zoom"": false}",2021-01-01T00:00:00,2021-01-01T00:00:00
efd934ba-c709-4519-8c6e-1bdb669ce78c,08385921-07cf-4fdb-8ca9-df8e2976d79f,Harbor Point Terminal Private Commercial Cam 2407,CAM-49-406,private_commercial,720p,southbound_exit,active,rtsp://streaming.internal.crimemind.net/live/cam-49-406,"{""fps"": 30, ""night_vision_ir"": true, ""pan_tilt_zoom"": true}",2021-01-01T00:00:00,2021-01-01T00:00:00
a3bd922a-9f6a-4df3-baf7-220c519fdfcb,0385de4b-f44f-4dd5-914c-cffd78f80429,Industrial Waterfront & Port Traffic Police Cam 2408,CAM-49-407,traffic_police,1080p,360_degree_dome,active,rtsp://streaming.internal.crimemind.net/live/cam-49-407,"{""fps"": 30, ""night_vision_ir"": true, ""pan_tilt_zoom"": false}",2021-01-01T00:00:00,2021-01-01T00:00:00
86cb7b9d-8599-4a80-8a89-c34ef0b76086,eafce050-e516-4d45-be0e-38fb6417f409,West End Suburbs Subway Transit Cam 2409,CAM-49-408,subway_transit,720p,vault_corridor,active,rtsp://streaming.internal.crimemind.net/live/cam-49-408,"{""fps"": 30, ""night_vision_ir"": true, ""pan_tilt_zoom"": false}",2021-01-01T00:00:00,2021-01-01T00:00:00
01946932-3f62-45a7-aec5-4ca3533fab2f,56a58252-ee07-4f26-93fd-ddd732d0aea7,Downtown Commercial District Highway Toll Cam 2410,CAM-49-409,highway_toll,1080p,360_degree_dome,active,rtsp://streaming.internal.crimemind.net/live/cam-49-409,"{""fps"": 30, ""night_vision_ir"": true, ""pan_tilt_zoom"": true}",2021-01-01T00:00:00,2021-01-01T00:00:00
ad13bfc8-7eb5-4477-95bc-b0fce2680ddd,036915f1-c857-4f29-8d1e-82bbb869f1df,Eastside Arts Corridor Subway Transit Cam 2411,CAM-49-410,subway_transit,4K,vault_corridor,active,rtsp://streaming.internal.crimemind.net/live/cam-49-410,"{""fps"": 30, ""night_vision_ir"": true, ""pan_tilt_zoom"": false}",2021-01-01T00:00:00,2021-01-01T00:00:00
0e6d426e-b183-4eb8-81bb-96dece51caf5,952235ab-2445-491a-a918-daaf50cd719b,Old Town Heritage Ward Highway Toll Cam 2412,CAM-49-411,highway_toll,1080p,northbound_entry,active,rtsp://streaming.internal.crimemind.net/live/cam-49-411,"{""fps"": 30, ""night_vision_ir"": true, ""pan_tilt_zoom"": false}",2021-01-01T00:00:00,2021-01-01T00:00:00
5ad5c38a-b7b6-400e-89c5-7f1614bcba66,5c8be847-9598-4325-9bcc-bfcf274b7ad4,South Bay Logistics Hub Subway Transit Cam 2413,CAM-49-412,subway_transit,720p,pedestrian_walkway,active,rtsp://streaming.internal.crimemind.net/live/cam-49-412,"{""fps"": 30, ""night_vision_ir"": true, ""pan_tilt_zoom"": true}",2021-01-01T00:00:00,2021-01-01T00:00:00
188e5d78-9ccf-4210-9703-31acab9e8747,d677f190-b045-4c6f-a4b8-63da28e9afc3,Old Town Heritage Ward Residential Ring Cam 2414,CAM-49-413,residential_ring,1080p,northbound_entry,offline,rtsp://streaming.internal.crimemind.net/live/cam-49-413,"{""fps"": 30, ""night_vision_ir"": true, ""pan_tilt_zoom"": false}",2021-01-01T00:00:00,2021-01-01T00:00:00
5ad1a5d3-365e-4bec-95b2-38a053532361,b0a92b69-5fe4-40d7-ae09-f3866116e937,Industrial Waterfront & Port Traffic Police Cam 2415,CAM-49-414,traffic_police,1080p,360_degree_dome,active,rtsp://streaming.internal.crimemind.net/live/cam-49-414,"{""fps"": 30, ""night_vision_ir"": true, ""pan_tilt_zoom"": false}",2021-01-01T00:00:00,2021-01-01T00:00:00
b445980d-e888-40d6-9adb-0833d7137700,fab3a1eb-bf71-4e36-9a10-56d5d1e1113b,Eastside Arts Corridor Highway Toll Cam 2416,CAM-49-415,highway_toll,1080p,360_degree_dome,active,rtsp://streaming.internal.crimemind.net/live/cam-49-415,"{""fps"": 30, ""night_vision_ir"": true, ""pan_tilt_zoom"": true}",2021-01-01T00:00:00,2021-01-01T00:00:00
a543dc6e-9f91-4814-89a0-9a5cc0011a55,4003c01c-7241-43e0-aa38-2af0343c2ae6,Eastside Arts Corridor Atm Surveillance Cam 2417,CAM-49-416,atm_surveillance,1080p,pedestrian_walkway,active,rtsp://streaming.internal.crimemind.net/live/cam-49-416,"{""fps"": 30, ""night_vision_ir"": true, ""pan_tilt_zoom"": false}",2021-01-01T00:00:00,2021-01-01T00:00:00
8f8367c2-d20f-4300-853a-3a1f2fa57b93,7681e97d-4b67-4dcd-b79a-2f82cb7b445e,West End Suburbs Residential Ring Cam 2418,CAM-49-417,residential_ring,1080p,northbound_entry,active,rtsp://streaming.internal.crimemind.net/live/cam-49-417,"{""fps"": 30, ""night_vision_ir"": true, ""pan_tilt_zoom"": false}",2021-01-01T00:00:00,2021-01-01T00:00:00
08e0f1f9-6e42-4734-9909-df3b0245b942,0122d678-1e74-4867-a3c4-df936b8fdf55,Midtown Financial Plaza Atm Surveillance Cam 2419,CAM-49-418,atm_surveillance,4K,vault_corridor,active,rtsp://streaming.internal.crimemind.net/live/cam-49-418,"{""fps"": 30, ""night_vision_ir"": true, ""pan_tilt_zoom"": true}",2021-01-01T00:00:00,2021-01-01T00:00:00
f4dbbd30-0c09-4c88-b126-5b613a47e71c,47fe4fcf-5588-4208-8d0c-eb7960573b36,Eastside Arts Corridor Traffic Police Cam 2420,CAM-49-419,traffic_police,1080p,northbound_entry,active,rtsp://streaming.internal.crimemind.net/live/cam-49-419,"{""fps"": 30, ""night_vision_ir"": true, ""pan_tilt_zoom"": false}",2021-01-01T00:00:00,2021-01-01T00:00:00
3f0164d5-9008-47c0-a5d1-13abf2c0f205,7ba8994c-352e-453d-935f-6767635025c2,Industrial Waterfront & Port Municipal Surveillance Cam 2421,CAM-49-420,municipal_surveillance,4K,northbound_entry,active,rtsp://streaming.internal.crimemind.net/live/cam-49-420,"{""fps"": 30, ""night_vision_ir"": true, ""pan_tilt_zoom"": false}",2021-01-01T00:00:00,2021-01-01T00:00:00
48c690c4-3406-4b80-a315-bba90f5f1f45,3bca8274-4e63-4968-b17d-c4b8524062e1,Downtown Commercial District Municipal Surveillance Cam 2422,CAM-49-421,municipal_surveillance,4K,northbound_entry,active,rtsp://streaming.internal.crimemind.net/live/cam-49-421,"{""fps"": 30, ""night_vision_ir"": true, ""pan_tilt_zoom"": true}",2021-01-01T00:00:00,2021-01-01T00:00:00
b5473857-8162-4f09-a951-87cfee559088,1bd40c37-d1a1-4483-8084-2b5bfd7a0493,Silver Lake Tech Park Residential Ring Cam 2423,CAM-49-422,residential_ring,1080p,360_degree_dome,active,rtsp://streaming.internal.crimemind.net/live/cam-49-422,"{""fps"": 30, ""night_vision_ir"": true, ""pan_tilt_zoom"": false}",2021-01-01T00:00:00,2021-01-01T00:00:00
1e43d496-60f6-48c4-936d-b4f09772672a,0acd3e36-6824-4561-bd18-3ffc74a04519,Harbor Point Terminal Highway Toll Cam 2424,CAM-49-423,highway_toll,720p,southbound_exit,maintenance,rtsp://streaming.internal.crimemind.net/live/cam-49-423,"{""fps"": 30, ""night_vision_ir"": true, ""pan_tilt_zoom"": false}",2021-01-01T00:00:00,2021-01-01T00:00:00
e4c518fb-1e6f-47cb-a822-167ac17c1ea0,9e999b4e-2b25-4071-bac1-622f4731f902,Eastside Arts Corridor Residential Ring Cam 2425,CAM-49-424,residential_ring,720p,northbound_entry,active,rtsp://streaming.internal.crimemind.net/live/cam-49-424,"{""fps"": 30, ""night_vision_ir"": true, ""pan_tilt_zoom"": true}",2021-01-01T00:00:00,2021-01-01T00:00:00
526bdd8d-926e-4142-aa19-a3b20d1f6617,d0962f2b-a88d-47a4-b87f-7e47b003f12f,Eastside Arts Corridor Highway Toll Cam 2426,CAM-49-425,highway_toll,1080p,northbound_entry,active,rtsp://streaming.internal.crimemind.net/live/cam-49-425,"{""fps"": 30, ""night_vision_ir"": true, ""pan_tilt_zoom"": false}",2021-01-01T00:00:00,2021-01-01T00:00:00
fefb4be7-b2c5-4ffb-8b8e-c0b6ab03caf7,3e637ea8-e4fd-4195-ad0f-a47fbb524252,Old Town Heritage Ward Traffic Police Cam 2427,CAM-49-426,traffic_police,1080p,southbound_exit,active,rtsp://streaming.internal.crimemind.net/live/cam-49-426,"{""fps"": 30, ""night_vision_ir"": true, ""pan_tilt_zoom"": false}",2021-01-01T00:00:00,2021-01-01T00:00:00
6b75ba09-c5aa-40e2-b30e-5ad2f8abcf8d,e101743c-7ac9-4916-9429-f7226c29976c,Old Town Heritage Ward Traffic Police Cam 2428,CAM-49-427,traffic_police,4K,vault_corridor,active,rtsp://streaming.internal.crimemind.net/live/cam-49-427,"{""fps"": 30, ""night_vision_ir"": true, ""pan_tilt_zoom"": true}",2021-01-01T00:00:00,2021-01-01T00:00:00
e95d8865-09ab-4ad1-ab1b-9fbde93b1490,9a7abe52-e0d7-49d1-a43e-ce317a870a8c,Harbor Point Terminal Highway Toll Cam 2429,CAM-49-428,highway_toll,720p,northbound_entry,active,rtsp://streaming.internal.crimemind.net/live/cam-49-428,"{""fps"": 30, ""night_vision_ir"": true, ""pan_tilt_zoom"": false}",2021-01-01T00:00:00,2021-01-01T00:00:00
26beda77-4dad-4a0a-adbc-1fb44117ad4c,480ddc54-e2c4-4a4d-9165-5974cd3a7560,Downtown Commercial District Private Commercial Cam 2430,CAM-49-429,private_commercial,4K,360_degree_dome,active,rtsp://streaming.internal.crimemind.net/live/cam-49-429,"{""fps"": 30, ""night_vision_ir"": true, ""pan_tilt_zoom"": false}",2021-01-01T00:00:00,2021-01-01T00:00:00
a77ece50-8d29-47ca-a3b6-51e6b6bb01f7,2b136722-281e-40f8-b4ed-e9cf89f6f1dc,West End Suburbs Residential Ring Cam 2431,CAM-49-430,residential_ring,1080p,vault_corridor,active,rtsp://streaming.internal.crimemind.net/live/cam-49-430,"{""fps"": 30, ""night_vision_ir"": true, ""pan_tilt_zoom"": true}",2021-01-01T00:00:00,2021-01-01T00:00:00
620ed9fc-603c-4696-aa3b-e2f0cea89012,10ecf933-756e-4cca-b45d-37f43ae76a73,Harbor Point Terminal Municipal Surveillance Cam 2432,CAM-49-431,municipal_surveillance,720p,northbound_entry,maintenance,rtsp://streaming.internal.crimemind.net/live/cam-49-431,"{""fps"": 30, ""night_vision_ir"": true, ""pan_tilt_zoom"": false}",2021-01-01T00:00:00,2021-01-01T00:00:00
e2db7909-4a2d-43ad-b6de-78d77d6d3a3c,88c14a82-fb9e-4af6-968b-f7645ada3a5b,Midtown Financial Plaza Private Commercial Cam 2433,CAM-49-432,private_commercial,1080p,southbound_exit,active,rtsp://streaming.internal.crimemind.net/live/cam-49-432,"{""fps"": 30, ""night_vision_ir"": true, ""pan_tilt_zoom"": false}",2021-01-01T00:00:00,2021-01-01T00:00:00
a8aecd6f-aad8-4482-8fd3-595921ff0fc2,fbed759f-113c-4c15-b6eb-5ee941529cd9,Industrial Waterfront & Port Highway Toll Cam 2434,CAM-49-433,highway_toll,1080p,vault_corridor,active,rtsp://streaming.internal.crimemind.net/live/cam-49-433,"{""fps"": 30, ""night_vision_ir"": true, ""pan_tilt_zoom"": true}",2021-01-01T00:00:00,2021-01-01T00:00:00
dc3df9a8-edef-4090-acb6-1c677c2224d8,72dd78f9-af96-4ea4-aeaf-b9bb3bebbfff,Harbor Point Terminal Highway Toll Cam 2435,CAM-49-434,highway_toll,720p,pedestrian_walkway,active,rtsp://streaming.internal.crimemind.net/live/cam-49-434,"{""fps"": 30, ""night_vision_ir"": true, ""pan_tilt_zoom"": false}",2021-01-01T00:00:00,2021-01-01T00:00:00
871887a1-a76f-4901-b7c6-771b11397ee9,d850211d-1794-48cf-8d57-84a560b807e0,Eastside Arts Corridor Residential Ring Cam 2436,CAM-49-435,residential_ring,1080p,vault_corridor,active,rtsp://streaming.internal.crimemind.net/live/cam-49-435,"{""fps"": 30, ""night_vision_ir"": true, ""pan_tilt_zoom"": false}",2021-01-01T00:00:00,2021-01-01T00:00:00
75f5bd65-e1d7-44a3-baad-9b2fe55b63e1,539dd2f1-e79a-4cc8-b36a-cdbd94e0f320,West End Suburbs Private Commercial Cam 2437,CAM-49-436,private_commercial,1080p,pedestrian_walkway,active,rtsp://streaming.internal.crimemind.net/live/cam-49-436,"{""fps"": 30, ""night_vision_ir"": true, ""pan_tilt_zoom"": true}",2021-01-01T00:00:00,2021-01-01T00:00:00
05fed9ec-ba15-4be0-989e-df980d3154d7,9d3e0727-9f67-42f4-8253-fae9577658bd,Eastside Arts Corridor Traffic Police Cam 2438,CAM-49-437,traffic_police,720p,northbound_entry,active,rtsp://streaming.internal.crimemind.net/live/cam-49-437,"{""fps"": 30, ""night_vision_ir"": true, ""pan_tilt_zoom"": false}",2021-01-01T00:00:00,2021-01-01T00:00:00
f83b80fb-f17a-4772-80f8-915310890d9d,3fcf7da9-2a69-446a-a590-e97fc8e4903b,Silver Lake Tech Park Subway Transit Cam 2439,CAM-49-438,subway_transit,4K,southbound_exit,active,rtsp://streaming.internal.crimemind.net/live/cam-49-438,"{""fps"": 30, ""night_vision_ir"": true, ""pan_tilt_zoom"": false}",2021-01-01T00:00:00,2021-01-01T00:00:00
f2dbea4b-d9c3-4450-8c9b-516a753f94d2,d677f190-b045-4c6f-a4b8-63da28e9afc3,Old Town Heritage Ward Traffic Police Cam 2440,CAM-49-439,traffic_police,4K,southbound_exit,active,rtsp://streaming.internal.crimemind.net/live/cam-49-439,"{""fps"": 30, ""night_vision_ir"": true, ""pan_tilt_zoom"": true}",2021-01-01T00:00:00,2021-01-01T00:00:00
844eccd7-86ec-44cf-85bd-8f332c182151,a1589432-4445-4e26-8c56-2e252e087649,Downtown Commercial District Highway Toll Cam 2441,CAM-49-440,highway_toll,1080p,pedestrian_walkway,active,rtsp://streaming.internal.crimemind.net/live/cam-49-440,"{""fps"": 30, ""night_vision_ir"": true, ""pan_tilt_zoom"": false}",2021-01-01T00:00:00,2021-01-01T00:00:00
dbe899a9-3572-4aa8-ba43-a53fcde671a4,b04b070c-ed36-4864-bbb7-7155633a8489,Downtown Commercial District Private Commercial Cam 2442,CAM-49-441,private_commercial,1080p,vault_corridor,active,rtsp://streaming.internal.crimemind.net/live/cam-49-441,"{""fps"": 30, ""night_vision_ir"": true, ""pan_tilt_zoom"": false}",2021-01-01T00:00:00,2021-01-01T00:00:00
b8f55619-9c70-4b08-a275-8af11ea354d8,b0a706fe-146b-4167-9af0-69a3be647e74,Silver Lake Tech Park Traffic Police Cam 2443,CAM-49-442,traffic_police,720p,northbound_entry,active,rtsp://streaming.internal.crimemind.net/live/cam-49-442,"{""fps"": 30, ""night_vision_ir"": true, ""pan_tilt_zoom"": true}",2021-01-01T00:00:00,2021-01-01T00:00:00
7ec98193-0c68-49f1-90f1-c0e1afeaae82,3e5471bc-20ba-4932-a398-9b0e7f7cab03,Harbor Point Terminal Atm Surveillance Cam 2444,CAM-49-443,atm_surveillance,1080p,northbound_entry,active,rtsp://streaming.internal.crimemind.net/live/cam-49-443,"{""fps"": 30, ""night_vision_ir"": true, ""pan_tilt_zoom"": false}",2021-01-01T00:00:00,2021-01-01T00:00:00
930fd84e-df2b-4fc6-9340-acd1a45a014c,74b75d61-5e38-4e5e-ada3-70d6a6ea3891,West End Suburbs Municipal Surveillance Cam 2445,CAM-49-444,municipal_surveillance,1080p,360_degree_dome,active,rtsp://streaming.internal.crimemind.net/live/cam-49-444,"{""fps"": 30, ""night_vision_ir"": true, ""pan_tilt_zoom"": false}",2021-01-01T00:00:00,2021-01-01T00:00:00
79e2895d-ae47-4a41-9bda-5db88416be7c,93c0ad74-3290-4591-b576-73576626a6b7,Northshore Heights Municipal Surveillance Cam 2446,CAM-49-445,municipal_surveillance,4K,southbound_exit,offline,rtsp://streaming.internal.crimemind.net/live/cam-49-445,"{""fps"": 30, ""night_vision_ir"": true, ""pan_tilt_zoom"": true}",2021-01-01T00:00:00,2021-01-01T00:00:00
67b17f50-7915-4c36-b6f2-f65ed843f90b,64a7d431-2f0b-4f0b-b167-825c8b252c3e,Midtown Financial Plaza Residential Ring Cam 2447,CAM-49-446,residential_ring,1080p,360_degree_dome,active,rtsp://streaming.internal.crimemind.net/live/cam-49-446,"{""fps"": 30, ""night_vision_ir"": true, ""pan_tilt_zoom"": false}",2021-01-01T00:00:00,2021-01-01T00:00:00
7d60b17b-fedf-4dfa-a60c-c7fc04d37c04,431acb26-6afa-44f0-b420-12c90d34caea,Industrial Waterfront & Port Highway Toll Cam 2448,CAM-49-447,highway_toll,720p,southbound_exit,active,rtsp://streaming.internal.crimemind.net/live/cam-49-447,"{""fps"": 30, ""night_vision_ir"": true, ""pan_tilt_zoom"": false}",2021-01-01T00:00:00,2021-01-01T00:00:00
c43692f8-a169-4d37-b919-f16945b78fb7,cc9edab9-21de-45ae-9b99-ce9082926110,Eastside Arts Corridor Atm Surveillance Cam 2449,CAM-49-448,atm_surveillance,4K,southbound_exit,active,rtsp://streaming.internal.crimemind.net/live/cam-49-448,"{""fps"": 30, ""night_vision_ir"": true, ""pan_tilt_zoom"": true}",2021-01-01T00:00:00,2021-01-01T00:00:00
c7bb3453-38b7-4405-9e6f-88fa0ff7a64b,21a2ee0f-2cda-4e95-8c83-a5b7534a5f3e,Silver Lake Tech Park Subway Transit Cam 2450,CAM-49-449,subway_transit,1080p,northbound_entry,active,rtsp://streaming.internal.crimemind.net/live/cam-49-449,"{""fps"": 30, ""night_vision_ir"": true, ""pan_tilt_zoom"": false}",2021-01-01T00:00:00,2021-01-01T00:00:00
e11bf815-21e6-48f2-9ad5-77718897db73,89f2b5fd-476c-40a4-b62f-18ab116e2f57,South Bay Logistics Hub Residential Ring Cam 2451,CAM-50-450,residential_ring,1080p,northbound_entry,active,rtsp://streaming.internal.crimemind.net/live/cam-50-450,"{""fps"": 30, ""night_vision_ir"": true, ""pan_tilt_zoom"": false}",2021-01-01T00:00:00,2021-01-01T00:00:00
13c867ff-5df8-4fc0-b936-c4d79ac8484c,cb51b716-0314-4756-b068-17528cada2ac,Downtown Commercial District Residential Ring Cam 2452,CAM-50-451,residential_ring,1080p,northbound_entry,active,rtsp://streaming.internal.crimemind.net/live/cam-50-451,"{""fps"": 30, ""night_vision_ir"": true, ""pan_tilt_zoom"": true}",2021-01-01T00:00:00,2021-01-01T00:00:00
37f11bea-e93c-4473-9dba-2b8994c18afe,26b757aa-14b0-45ce-810b-bde67110bea6,Silver Lake Tech Park Traffic Police Cam 2453,CAM-50-452,traffic_police,4K,360_degree_dome,active,rtsp://streaming.internal.crimemind.net/live/cam-50-452,"{""fps"": 30, ""night_vision_ir"": true, ""pan_tilt_zoom"": false}",2021-01-01T00:00:00,2021-01-01T00:00:00
d4ec23d9-3ec0-4ee8-8fae-f81dc6116503,78bbbcd3-69bb-4f08-9f9d-f0e818bfa31b,Harbor Point Terminal Traffic Police Cam 2454,CAM-50-453,traffic_police,4K,360_degree_dome,active,rtsp://streaming.internal.crimemind.net/live/cam-50-453,"{""fps"": 30, ""night_vision_ir"": true, ""pan_tilt_zoom"": false}",2021-01-01T00:00:00,2021-01-01T00:00:00
845ec3db-57bd-4d91-84d0-aeefeb71544a,bc111b09-a7a6-4642-8d3b-544aacf66b5e,Silver Lake Tech Park Subway Transit Cam 2455,CAM-50-454,subway_transit,1080p,southbound_exit,active,rtsp://streaming.internal.crimemind.net/live/cam-50-454,"{""fps"": 30, ""night_vision_ir"": true, ""pan_tilt_zoom"": true}",2021-01-01T00:00:00,2021-01-01T00:00:00
e359cae8-671c-4f79-bb07-83a4a52f552d,9d7a71a8-a620-488b-9a23-d54de7ba3ed4,Harbor Point Terminal Highway Toll Cam 2456,CAM-50-455,highway_toll,4K,northbound_entry,active,rtsp://streaming.internal.crimemind.net/live/cam-50-455,"{""fps"": 30, ""night_vision_ir"": true, ""pan_tilt_zoom"": false}",2021-01-01T00:00:00,2021-01-01T00:00:00
3052292d-d323-4bd0-ad3f-3cce45fe838f,cad44804-365a-4750-9150-0660c8735d02,South Bay Logistics Hub Subway Transit Cam 2457,CAM-50-456,subway_transit,4K,northbound_entry,offline,rtsp://streaming.internal.crimemind.net/live/cam-50-456,"{""fps"": 30, ""night_vision_ir"": true, ""pan_tilt_zoom"": false}",2021-01-01T00:00:00,2021-01-01T00:00:00
8bac3bf5-6947-47dd-a9fc-c5f05bb29666,19a7e8d7-a390-45c3-8681-5991d3f9ab7d,Midtown Financial Plaza Private Commercial Cam 2458,CAM-50-457,private_commercial,720p,360_degree_dome,active,rtsp://streaming.internal.crimemind.net/live/cam-50-457,"{""fps"": 30, ""night_vision_ir"": true, ""pan_tilt_zoom"": true}",2021-01-01T00:00:00,2021-01-01T00:00:00
9ec65bf0-baab-4280-9480-c80169a8616c,f87d9a92-d9f1-47cd-9130-e94a84f6064f,Midtown Financial Plaza Residential Ring Cam 2459,CAM-50-458,residential_ring,1080p,360_degree_dome,active,rtsp://streaming.internal.crimemind.net/live/cam-50-458,"{""fps"": 30, ""night_vision_ir"": true, ""pan_tilt_zoom"": false}",2021-01-01T00:00:00,2021-01-01T00:00:00
2e4deb60-42eb-4014-a5a8-fff432c8760d,2a22abf5-436c-4a68-bf80-413d595400d4,Harbor Point Terminal Highway Toll Cam 2460,CAM-50-459,highway_toll,4K,360_degree_dome,active,rtsp://streaming.internal.crimemind.net/live/cam-50-459,"{""fps"": 30, ""night_vision_ir"": true, ""pan_tilt_zoom"": false}",2021-01-01T00:00:00,2021-01-01T00:00:00
f2164d37-5b83-4610-a288-03a925e7cc87,ae1c1c5b-d0b0-418e-9b1f-ed3a9efc839a,Eastside Arts Corridor Highway Toll Cam 2461,CAM-50-460,highway_toll,1080p,360_degree_dome,active,rtsp://streaming.internal.crimemind.net/live/cam-50-460,"{""fps"": 30, ""night_vision_ir"": true, ""pan_tilt_zoom"": true}",2021-01-01T00:00:00,2021-01-01T00:00:00
f7a4eef3-f576-48b7-a6db-bbdb0a75c669,d703289f-55ed-42c0-ac78-62367a588703,Harbor Point Terminal Traffic Police Cam 2462,CAM-50-461,traffic_police,720p,pedestrian_walkway,active,rtsp://streaming.internal.crimemind.net/live/cam-50-461,"{""fps"": 30, ""night_vision_ir"": true, ""pan_tilt_zoom"": false}",2021-01-01T00:00:00,2021-01-01T00:00:00
f8672792-8ce3-4216-b6ee-871b8cbc8ee6,ec79692f-7b1c-4da8-9107-f403deb5941b,Eastside Arts Corridor Residential Ring Cam 2463,CAM-50-462,residential_ring,720p,northbound_entry,active,rtsp://streaming.internal.crimemind.net/live/cam-50-462,"{""fps"": 30, ""night_vision_ir"": true, ""pan_tilt_zoom"": false}",2021-01-01T00:00:00,2021-01-01T00:00:00
1dd622a0-28d5-486d-9419-3d373567260d,9f48198a-4276-42c6-8c4f-83d9f66eeb24,West End Suburbs Residential Ring Cam 2464,CAM-50-463,residential_ring,4K,southbound_exit,active,rtsp://streaming.internal.crimemind.net/live/cam-50-463,"{""fps"": 30, ""night_vision_ir"": true, ""pan_tilt_zoom"": true}",2021-01-01T00:00:00,2021-01-01T00:00:00
efefbdf7-c683-4a89-919f-18317a3a5ab3,36e38ed7-a198-4181-aa73-f2230350f008,Industrial Waterfront & Port Residential Ring Cam 2465,CAM-50-464,residential_ring,1080p,northbound_entry,active,rtsp://streaming.internal.crimemind.net/live/cam-50-464,"{""fps"": 30, ""night_vision_ir"": true, ""pan_tilt_zoom"": false}",2021-01-01T00:00:00,2021-01-01T00:00:00
d43aa6ab-31cb-40a7-8792-1c8d6e4eea5e,e28e3c27-ef17-4aaa-ab01-1171cc2389f8,West End Suburbs Atm Surveillance Cam 2466,CAM-50-465,atm_surveillance,4K,360_degree_dome,active,rtsp://streaming.internal.crimemind.net/live/cam-50-465,"{""fps"": 30, ""night_vision_ir"": true, ""pan_tilt_zoom"": false}",2021-01-01T00:00:00,2021-01-01T00:00:00
ae48e5d0-7c6f-4ef9-8231-333c620cd05b,4b59af74-b3ee-4f6b-bf16-6112ab45dfc8,Harbor Point Terminal Private Commercial Cam 2467,CAM-50-466,private_commercial,1080p,northbound_entry,active,rtsp://streaming.internal.crimemind.net/live/cam-50-466,"{""fps"": 30, ""night_vision_ir"": true, ""pan_tilt_zoom"": true}",2021-01-01T00:00:00,2021-01-01T00:00:00
e3b1c117-a761-4b9c-9a6e-2b2c78b19de4,eb129966-16fc-4900-9676-1cd3cf1841ac,Downtown Commercial District Municipal Surveillance Cam 2468,CAM-50-467,municipal_surveillance,1080p,vault_corridor,active,rtsp://streaming.internal.crimemind.net/live/cam-50-467,"{""fps"": 30, ""night_vision_ir"": true, ""pan_tilt_zoom"": false}",2021-01-01T00:00:00,2021-01-01T00:00:00
0223a2df-998e-43c2-b71c-e09b2cbc442c,2493c3ee-6183-4fd0-9517-44582b7dddc1,West End Suburbs Traffic Police Cam 2469,CAM-50-468,traffic_police,1080p,360_degree_dome,active,rtsp://streaming.internal.crimemind.net/live/cam-50-468,"{""fps"": 30, ""night_vision_ir"": true, ""pan_tilt_zoom"": false}",2021-01-01T00:00:00,2021-01-01T00:00:00
31e59848-3482-468a-8545-479fd0dcea5b,c3f904e2-e1ba-45e5-acb0-950f6e36b317,Midtown Financial Plaza Traffic Police Cam 2470,CAM-50-469,traffic_police,1080p,northbound_entry,active,rtsp://streaming.internal.crimemind.net/live/cam-50-469,"{""fps"": 30, ""night_vision_ir"": true, ""pan_tilt_zoom"": true}",2021-01-01T00:00:00,2021-01-01T00:00:00
b6e88226-0ab9-4865-b596-71b37ae625a3,aa516120-25cd-425c-80c5-12dd2ce0272f,Old Town Heritage Ward Highway Toll Cam 2471,CAM-50-470,highway_toll,720p,northbound_entry,active,rtsp://streaming.internal.crimemind.net/live/cam-50-470,"{""fps"": 30, ""night_vision_ir"": true, ""pan_tilt_zoom"": false}",2021-01-01T00:00:00,2021-01-01T00:00:00
c3647f4d-c057-4b37-a99f-16b2ddcd6a8a,0d0d86f8-b3dc-4044-845a-e8ce266f324a,Silver Lake Tech Park Subway Transit Cam 2472,CAM-50-471,subway_transit,4K,pedestrian_walkway,active,rtsp://streaming.internal.crimemind.net/live/cam-50-471,"{""fps"": 30, ""night_vision_ir"": true, ""pan_tilt_zoom"": false}",2021-01-01T00:00:00,2021-01-01T00:00:00
848692a7-ebe9-48a8-b648-ae58b9c0cf8b,13e25dad-6f22-40a0-8bc5-a21275e1a1e8,Northshore Heights Subway Transit Cam 2473,CAM-50-472,subway_transit,4K,360_degree_dome,active,rtsp://streaming.internal.crimemind.net/live/cam-50-472,"{""fps"": 30, ""night_vision_ir"": true, ""pan_tilt_zoom"": true}",2021-01-01T00:00:00,2021-01-01T00:00:00
d2938b36-0607-4bfb-a8a3-3d018f03b151,877cc51c-cbd0-4c37-be1b-9307dea28a4a,Midtown Financial Plaza Private Commercial Cam 2474,CAM-50-473,private_commercial,1080p,vault_corridor,active,rtsp://streaming.internal.crimemind.net/live/cam-50-473,"{""fps"": 30, ""night_vision_ir"": true, ""pan_tilt_zoom"": false}",2021-01-01T00:00:00,2021-01-01T00:00:00
839f6fbf-e8be-4cb3-88d9-7bc184738a44,8b81a015-59f7-40b1-b89a-d5a99c65483f,Eastside Arts Corridor Private Commercial Cam 2475,CAM-50-474,private_commercial,1080p,northbound_entry,active,rtsp://streaming.internal.crimemind.net/live/cam-50-474,"{""fps"": 30, ""night_vision_ir"": true, ""pan_tilt_zoom"": false}",2021-01-01T00:00:00,2021-01-01T00:00:00
67ec0d11-f907-4e9b-8b95-b4a7def9a6d7,b586b8b3-7c76-422f-972c-b76b86288d6e,Old Town Heritage Ward Traffic Police Cam 2476,CAM-50-475,traffic_police,1080p,360_degree_dome,active,rtsp://streaming.internal.crimemind.net/live/cam-50-475,"{""fps"": 30, ""night_vision_ir"": true, ""pan_tilt_zoom"": true}",2021-01-01T00:00:00,2021-01-01T00:00:00
831d6d2f-d900-43c0-8357-af53b38da409,ac2c3495-db55-4ad9-a9f0-b245ec339f08,West End Suburbs Highway Toll Cam 2477,CAM-50-476,highway_toll,4K,northbound_entry,active,rtsp://streaming.internal.crimemind.net/live/cam-50-476,"{""fps"": 30, ""night_vision_ir"": true, ""pan_tilt_zoom"": false}",2021-01-01T00:00:00,2021-01-01T00:00:00
288c6a9f-a6bd-4c36-aaba-43287be08de4,eeabd89f-179e-4048-9a7d-569e3e41c74c,Northshore Heights Traffic Police Cam 2478,CAM-50-477,traffic_police,4K,360_degree_dome,maintenance,rtsp://streaming.internal.crimemind.net/live/cam-50-477,"{""fps"": 30, ""night_vision_ir"": true, ""pan_tilt_zoom"": false}",2021-01-01T00:00:00,2021-01-01T00:00:00
53efdfb5-371b-4f83-9802-1ed1a0efc52a,d18e0253-b2bb-41fb-8799-c467a5aa138c,Northshore Heights Highway Toll Cam 2479,CAM-50-478,highway_toll,1080p,southbound_exit,active,rtsp://streaming.internal.crimemind.net/live/cam-50-478,"{""fps"": 30, ""night_vision_ir"": true, ""pan_tilt_zoom"": true}",2021-01-01T00:00:00,2021-01-01T00:00:00
c5d7b645-3b8e-473b-96cc-9636cfdcfb86,1cad1461-adcb-436c-9b11-764fe7c2d9f2,South Bay Logistics Hub Subway Transit Cam 2480,CAM-50-479,subway_transit,1080p,southbound_exit,active,rtsp://streaming.internal.crimemind.net/live/cam-50-479,"{""fps"": 30, ""night_vision_ir"": true, ""pan_tilt_zoom"": false}",2021-01-01T00:00:00,2021-01-01T00:00:00
940bf2f0-db3e-49f8-b836-e5f1014ed5ff,8d6da22d-8205-4d82-96d7-c7e708b15d5f,Downtown Commercial District Atm Surveillance Cam 2481,CAM-50-480,atm_surveillance,720p,vault_corridor,active,rtsp://streaming.internal.crimemind.net/live/cam-50-480,"{""fps"": 30, ""night_vision_ir"": true, ""pan_tilt_zoom"": false}",2021-01-01T00:00:00,2021-01-01T00:00:00
33652066-ba23-4e3a-8a1a-2c27ea94f65b,99be2c61-b699-4ce3-b2cf-c83a9de38b70,Harbor Point Terminal Private Commercial Cam 2482,CAM-50-481,private_commercial,1080p,360_degree_dome,active,rtsp://streaming.internal.crimemind.net/live/cam-50-481,"{""fps"": 30, ""night_vision_ir"": true, ""pan_tilt_zoom"": true}",2021-01-01T00:00:00,2021-01-01T00:00:00
ac2eb880-06c8-40eb-8fdf-bffa6a4e415b,89f2b5fd-476c-40a4-b62f-18ab116e2f57,South Bay Logistics Hub Atm Surveillance Cam 2483,CAM-50-482,atm_surveillance,1080p,southbound_exit,active,rtsp://streaming.internal.crimemind.net/live/cam-50-482,"{""fps"": 30, ""night_vision_ir"": true, ""pan_tilt_zoom"": false}",2021-01-01T00:00:00,2021-01-01T00:00:00
f43760b1-c253-4be7-a06e-06a55ecffbb8,51b77b35-0137-444a-970f-214d182faf5c,Midtown Financial Plaza Residential Ring Cam 2484,CAM-50-483,residential_ring,1080p,southbound_exit,active,rtsp://streaming.internal.crimemind.net/live/cam-50-483,"{""fps"": 30, ""night_vision_ir"": true, ""pan_tilt_zoom"": false}",2021-01-01T00:00:00,2021-01-01T00:00:00
69347f5c-9516-4b56-ac65-edb9c6ffabb2,890612c2-63c5-48be-936c-af09e1c78034,Downtown Commercial District Municipal Surveillance Cam 2485,CAM-50-484,municipal_surveillance,720p,northbound_entry,active,rtsp://streaming.internal.crimemind.net/live/cam-50-484,"{""fps"": 30, ""night_vision_ir"": true, ""pan_tilt_zoom"": true}",2021-01-01T00:00:00,2021-01-01T00:00:00
d525cabc-f92c-4d30-a476-abc7c6d3d953,f078d70c-d103-4c15-9525-6a80199c4536,Industrial Waterfront & Port Residential Ring Cam 2486,CAM-50-485,residential_ring,720p,vault_corridor,active,rtsp://streaming.internal.crimemind.net/live/cam-50-485,"{""fps"": 30, ""night_vision_ir"": true, ""pan_tilt_zoom"": false}",2021-01-01T00:00:00,2021-01-01T00:00:00
e42195a4-75e1-47fe-8484-1083358402a4,036915f1-c857-4f29-8d1e-82bbb869f1df,Eastside Arts Corridor Atm Surveillance Cam 2487,CAM-50-486,atm_surveillance,1080p,pedestrian_walkway,active,rtsp://streaming.internal.crimemind.net/live/cam-50-486,"{""fps"": 30, ""night_vision_ir"": true, ""pan_tilt_zoom"": false}",2021-01-01T00:00:00,2021-01-01T00:00:00
aa17dd87-d830-4a96-ad1e-cb72815d3c69,81ecbb11-522c-4f57-88e8-1644eca9f2b7,Industrial Waterfront & Port Highway Toll Cam 2488,CAM-50-487,highway_toll,720p,southbound_exit,active,rtsp://streaming.internal.crimemind.net/live/cam-50-487,"{""fps"": 30, ""night_vision_ir"": true, ""pan_tilt_zoom"": true}",2021-01-01T00:00:00,2021-01-01T00:00:00
445810e3-183f-49c5-b664-00e169cd24cd,185b7ee6-e2ca-450e-b204-abdd7aa0759f,Eastside Arts Corridor Atm Surveillance Cam 2489,CAM-50-488,atm_surveillance,720p,northbound_entry,active,rtsp://streaming.internal.crimemind.net/live/cam-50-488,"{""fps"": 30, ""night_vision_ir"": true, ""pan_tilt_zoom"": false}",2021-01-01T00:00:00,2021-01-01T00:00:00
a6a6e728-7737-4ea9-8e10-1aaa788ad333,e86a2145-2f3e-43f6-84a4-4d22af841f80,Silver Lake Tech Park Municipal Surveillance Cam 2490,CAM-50-489,municipal_surveillance,4K,pedestrian_walkway,active,rtsp://streaming.internal.crimemind.net/live/cam-50-489,"{""fps"": 30, ""night_vision_ir"": true, ""pan_tilt_zoom"": false}",2021-01-01T00:00:00,2021-01-01T00:00:00
c91c2ecf-b282-4d97-a86a-37e264d0ff40,cd78ca1e-e92f-4775-8a37-2437998aabb0,South Bay Logistics Hub Municipal Surveillance Cam 2491,CAM-50-490,municipal_surveillance,4K,northbound_entry,active,rtsp://streaming.internal.crimemind.net/live/cam-50-490,"{""fps"": 30, ""night_vision_ir"": true, ""pan_tilt_zoom"": true}",2021-01-01T00:00:00,2021-01-01T00:00:00
cc652857-08ff-4804-8e20-6b2ce81d4739,43b16312-a3a0-4f7e-84e8-0e708790ff74,Old Town Heritage Ward Municipal Surveillance Cam 2492,CAM-50-491,municipal_surveillance,1080p,northbound_entry,active,rtsp://streaming.internal.crimemind.net/live/cam-50-491,"{""fps"": 30, ""night_vision_ir"": true, ""pan_tilt_zoom"": false}",2021-01-01T00:00:00,2021-01-01T00:00:00
1a00f5e9-4577-4a2f-843f-b6eeb8b20937,a928c03b-93c8-4ee3-b416-360fd3c603af,West End Suburbs Traffic Police Cam 2493,CAM-50-492,traffic_police,1080p,southbound_exit,active,rtsp://streaming.internal.crimemind.net/live/cam-50-492,"{""fps"": 30, ""night_vision_ir"": true, ""pan_tilt_zoom"": false}",2021-01-01T00:00:00,2021-01-01T00:00:00
c62de288-6b51-48da-9c5e-f585f6031738,ba5904b6-21f7-47c6-8743-7a91b8250b5f,Old Town Heritage Ward Atm Surveillance Cam 2494,CAM-50-493,atm_surveillance,1080p,360_degree_dome,active,rtsp://streaming.internal.crimemind.net/live/cam-50-493,"{""fps"": 30, ""night_vision_ir"": true, ""pan_tilt_zoom"": true}",2021-01-01T00:00:00,2021-01-01T00:00:00
6cdcfc0a-37d0-4a93-9f6a-79d4a495c0d8,70f7b30c-6739-4b3a-bd60-3291e5541daf,West End Suburbs Traffic Police Cam 2495,CAM-50-494,traffic_police,720p,vault_corridor,active,rtsp://streaming.internal.crimemind.net/live/cam-50-494,"{""fps"": 30, ""night_vision_ir"": true, ""pan_tilt_zoom"": false}",2021-01-01T00:00:00,2021-01-01T00:00:00
29cb2e94-32e3-4646-8976-945a818b264d,a69a6024-2688-4fa0-9e0f-4a423c487d0a,Industrial Waterfront & Port Atm Surveillance Cam 2496,CAM-50-495,atm_surveillance,1080p,northbound_entry,active,rtsp://streaming.internal.crimemind.net/live/cam-50-495,"{""fps"": 30, ""night_vision_ir"": true, ""pan_tilt_zoom"": false}",2021-01-01T00:00:00,2021-01-01T00:00:00
8664378d-ba78-45f3-a98d-2564f789013f,51b56dd5-2d1c-4046-aeec-7f98a04258ae,West End Suburbs Municipal Surveillance Cam 2497,CAM-50-496,municipal_surveillance,1080p,360_degree_dome,active,rtsp://streaming.internal.crimemind.net/live/cam-50-496,"{""fps"": 30, ""night_vision_ir"": true, ""pan_tilt_zoom"": true}",2021-01-01T00:00:00,2021-01-01T00:00:00
82109ec2-51fa-4d61-b98c-e5262e72b842,9e4301a6-8696-4680-927c-3728a8099cf8,South Bay Logistics Hub Residential Ring Cam 2498,CAM-50-497,residential_ring,720p,360_degree_dome,active,rtsp://streaming.internal.crimemind.net/live/cam-50-497,"{""fps"": 30, ""night_vision_ir"": true, ""pan_tilt_zoom"": false}",2021-01-01T00:00:00,2021-01-01T00:00:00
5b544418-96ab-43ae-a0b8-04c571d0b413,bd2c3d9d-88cf-432e-bfd4-0e8a3e01055b,Northshore Heights Subway Transit Cam 2499,CAM-50-498,subway_transit,1080p,360_degree_dome,active,rtsp://streaming.internal.crimemind.net/live/cam-50-498,"{""fps"": 30, ""night_vision_ir"": true, ""pan_tilt_zoom"": false}",2021-01-01T00:00:00,2021-01-01T00:00:00
2d157563-2444-4abe-8ae2-a1a087cbeb01,21bb7fe8-99c7-442a-b1d8-21cb2bbebcc7,South Bay Logistics Hub Subway Transit Cam 2500,CAM-50-499,subway_transit,4K,vault_corridor,active,rtsp://streaming.internal.crimemind.net/live/cam-50-499,"{""fps"": 30, ""night_vision_ir"": true, ""pan_tilt_zoom"": true}",2021-01-01T00:00:00,2021-01-01T00:00:00
