location_id,name,address,city,area,postal_code,latitude,longitude,location_type,risk_level,risk_metadata,created_at,updated_at
0b0577c9-af9e-4b16-8feb-edeaaf17b343,Old Town Heritage Ward Public Transit #1,435 St. Marks Place,Metropolis Central,Old Town Heritage Ward,MC-10001,40.8465782,-73.9721046,public_transit,moderate,"{""cctv_coverage"": ""standard"", ""night_patrol_sector"": ""SEC-01"", ""lighting_rating"": ""adequate""}",2021-01-01T00:00:00,2021-01-01T00:00:00
1f8f367a-ed48-421f-8bde-f312fd02716b,Downtown Commercial District Hideout #2,887 Foundry Street,Metropolis Central,Downtown Commercial District,MC-10002,40.6811792,-73.9796482,hideout,moderate,"{""cctv_coverage"": ""standard"", ""night_patrol_sector"": ""SEC-02"", ""lighting_rating"": ""adequate""}",2021-01-01T00:00:00,2021-01-01T00:00:00
6c75cefa-dd32-4910-a02d-b11b0cf0788b,Midtown Financial Plaza Hideout #3,561 Atlantic Avenue,Metropolis Central,Midtown Financial Plaza,MC-10003,40.7238843,-73.9628328,hideout,low,"{""cctv_coverage"": ""standard"", ""night_patrol_sector"": ""SEC-03"", ""lighting_rating"": ""adequate""}",2021-01-01T00:00:00,2021-01-01T00:00:00
19382d97-e930-4283-878a-09c1a0c97b88,South Bay Logistics Hub Industrial #4,694 Foundry Street,Metropolis Central,South Bay Logistics Hub,MC-10004,40.8481011,-73.8660917,industrial,extreme,"{""cctv_coverage"": ""high"", ""night_patrol_sector"": ""SEC-04"", ""lighting_rating"": ""poor""}",2021-01-01T00:00:00,2021-01-01T00:00:00
5ad43690-a66f-4dad-9a66-a38c96b3b099,Silver Lake Tech Park Government Facility #5,37 Foundry Street,Metropolis Central,Silver Lake Tech Park,MC-10005,40.7928784,-74.0445796,government_facility,moderate,"{""cctv_coverage"": ""standard"", ""night_patrol_sector"": ""SEC-05"", ""lighting_rating"": ""adequate""}",2021-01-01T00:00:00,2021-01-01T00:00:00
e5493ec4-b15c-4432-a314-cb89da62ae72,Industrial Waterfront & Port Industrial #6,897 Grand Concourse,Metropolis Central,Industrial Waterfront & Port,MC-10006,40.6900569,-73.9741792,industrial,low,"{""cctv_coverage"": ""standard"", ""night_patrol_sector"": ""SEC-06"", ""lighting_rating"": ""adequate""}",2021-01-01T00:00:00,2021-01-01T00:00:00
1ddbf6c6-4c88-44fe-ade7-3983589a563c,South Bay Logistics Hub Atm Bank #7,355 Foundry Street,Metropolis Central,South Bay Logistics Hub,MC-10007,40.830402,-73.8836151,atm_bank,low,"{""cctv_coverage"": ""standard"", ""night_patrol_sector"": ""SEC-07"", ""lighting_rating"": ""adequate""}",2021-01-01T00:00:00,2021-01-01T00:00:00
67eef12c-dc62-4abb-b91c-a59fe9ca32d5,Northshore Heights Port Marina #8,491 Lexington Ave,Metropolis Central,Northshore Heights,MC-10008,40.6904171,-73.8596161,port_marina,low,"{""cctv_coverage"": ""standard"", ""night_patrol_sector"": ""SEC-08"", ""lighting_rating"": ""adequate""}",2021-01-01T00:00:00,2021-01-01T00:00:00
2e5d3b56-aac4-4b4f-80e4-5b58e985d520,Northshore Heights Residential #9,809 St. Marks Place,Metropolis Central,Northshore Heights,MC-10009,40.8699223,-74.0101279,residential,low,"{""cctv_coverage"": ""standard"", ""night_patrol_sector"": ""SEC-09"", ""lighting_rating"": ""adequate""}",2021-01-01T00:00:00,2021-01-01T00:00:00
f766464e-020e-4a97-91a9-ae584ed738a8,Industrial Waterfront & Port Hideout #10,254 Harbor View Drive,Metropolis Central,Industrial Waterfront & Port,MC-10010,40.8138918,-73.9372061,hideout,low,"{""cctv_coverage"": ""standard"", ""night_patrol_sector"": ""SEC-10"", ""lighting_rating"": ""adequate""}",2021-01-01T00:00:00,2021-01-01T00:00:00
0d8bbaa0-97a2-41f9-94b5-8c4d5d92b027,West End Suburbs Industrial #11,795 River Road,Metropolis Central,West End Suburbs,MC-10011,40.8011785,-73.8572531,industrial,moderate,"{""cctv_coverage"": ""standard"", ""night_patrol_sector"": ""SEC-11"", ""lighting_rating"": ""adequate""}",2021-01-01T00:00:00,2021-01-01T00:00:00
09c09101-0b40-48e7-b6f2-e5efbb4dd06d,Industrial Waterfront & Port Commercial #12,997 Sunset Parkway,Metropolis Central,Industrial Waterfront & Port,MC-10012,40.7957369,-73.8642226,commercial,moderate,"{""cctv_coverage"": ""standard"", ""night_patrol_sector"": ""SEC-12"", ""lighting_rating"": ""adequate""}",2021-01-01T00:00:00,2021-01-01T00:00:00
e2802ac0-93a6-4dd1-b800-4f2b3ee9017c,Midtown Financial Plaza Commercial #13,416 Beacon Street,Metropolis Central,Midtown Financial Plaza,MC-10013,40.7984196,-73.8838857,commercial,low,"{""cctv_coverage"": ""standard"", ""night_patrol_sector"": ""SEC-01"", ""lighting_rating"": ""adequate""}",2021-01-01T00:00:00,2021-01-01T00:00:00
c1241dd0-1e78-42f9-9dc8-904f44eb32d7,West End Suburbs Government Facility #14,880 Industrial Boulevard,Metropolis Central,West End Suburbs,MC-10014,40.8365271,-73.9805592,government_facility,low,"{""cctv_coverage"": ""standard"", ""night_patrol_sector"": ""SEC-02"", ""lighting_rating"": ""adequate""}",2021-01-01T00:00:00,2021-01-01T00:00:00
1aa43c91-96d0-40aa-b10d-b29535a5771a,South Bay Logistics Hub Residential #15,80 Commerce Expressway,Metropolis Central,South Bay Logistics Hub,MC-10015,40.8499151,-73.8855338,residential,low,"{""cctv_coverage"": ""standard"", ""night_patrol_sector"": ""SEC-03"", ""lighting_rating"": ""adequate""}",2021-01-01T00:00:00,2021-01-01T00:00:00
7dedeb86-eba1-42d2-9a0c-efa1d012effc,South Bay Logistics Hub Industrial #16,660 Grand Concourse,Metropolis Central,South Bay Logistics Hub,MC-10016,40.7670974,-73.9032409,industrial,extreme,"{""cctv_coverage"": ""high"", ""night_patrol_sector"": ""SEC-04"", ""lighting_rating"": ""poor""}",2021-01-01T00:00:00,2021-01-01T00:00:00
e989605a-dce2-4771-9be1-5f08af89f641,West End Suburbs Hideout #17,640 Canal Promenade,Metropolis Central,West End Suburbs,MC-10017,40.7671149,-73.9037948,hideout,low,"{""cctv_coverage"": ""standard"", ""night_patrol_sector"": ""SEC-05"", ""lighting_rating"": ""adequate""}",2021-01-01T00:00:00,2021-01-01T00:00:00
1eb2bf64-39e2-43f8-808b-2341a132ccef,Eastside Arts Corridor Atm Bank #18,860 Vanderbilt Way,Metropolis Central,Eastside Arts Corridor,MC-10018,40.8563262,-74.0012273,atm_bank,low,"{""cctv_coverage"": ""standard"", ""night_patrol_sector"": ""SEC-06"", ""lighting_rating"": ""adequate""}",2021-01-01T00:00:00,2021-01-01T00:00:00
11181dff-699e-411b-bb10-81dd32818fba,Harbor Point Terminal Street Corner #19,694 Foundry Street,Metropolis Central,Harbor Point Terminal,MC-10019,40.68574,-73.8798094,street_corner,low,"{""cctv_coverage"": ""standard"", ""night_patrol_sector"": ""SEC-07"", ""lighting_rating"": ""adequate""}",2021-01-01T00:00:00,2021-01-01T00:00:00
2f05dbdd-a2ad-4fb3-87c9-4ed44dc5c26a,Eastside Arts Corridor Street Corner #20,373 Highland Boulevard,Metropolis Central,Eastside Arts Corridor,MC-10020,40.7359317,-73.930769,street_corner,high,"{""cctv_coverage"": ""high"", ""night_patrol_sector"": ""SEC-08"", ""lighting_rating"": ""adequate""}",2021-01-01T00:00:00,2021-01-01T00:00:00
8066f4d6-4529-426c-8668-d974a4de0cda,Silver Lake Tech Park Commercial #21,20 Beacon Street,Metropolis Central,Silver Lake Tech Park,MC-10021,40.7282712,-73.9687144,commercial,moderate,"{""cctv_coverage"": ""standard"", ""night_patrol_sector"": ""SEC-09"", ""lighting_rating"": ""adequate""}",2021-01-01T00:00:00,2021-01-01T00:00:00
60c036d8-9d54-4dc3-9499-f1c44486494c,Eastside Arts Corridor Entertainment Venue #22,717 Canal Promenade,Metropolis Central,Eastside Arts Corridor,MC-10022,40.8223685,-73.9603651,entertainment_venue,low,"{""cctv_coverage"": ""standard"", ""night_patrol_sector"": ""SEC-10"", ""lighting_rating"": ""adequate""}",2021-01-01T00:00:00,2021-01-01T00:00:00
841ed45d-0cc5-4204-be42-9c149205a575,West End Suburbs Public Transit #23,236 Foundry Street,Metropolis Central,West End Suburbs,MC-10023,40.7412412,-73.9336889,public_transit,low,"{""cctv_coverage"": ""standard"", ""night_patrol_sector"": ""SEC-11"", ""lighting_rating"": ""adequate""}",2021-01-01T00:00:00,2021-01-01T00:00:00
7ad397ce-4e9b-4239-b3dd-a437be55790a,Silver Lake Tech Park Port Marina #24,362 Quarry Lane,Metropolis Central,Silver Lake Tech Park,MC-10024,40.7461583,-73.909429,port_marina,low,"{""cctv_coverage"": ""standard"", ""night_patrol_sector"": ""SEC-12"", ""lighting_rating"": ""adequate""}",2021-01-01T00:00:00,2021-01-01T00:00:00
1eeedcdf-a64a-4d7c-81d3-789d72e7691a,West End Suburbs Public Transit #25,246 Industrial Boulevard,Metropolis Central,West End Suburbs,MC-10025,40.7431096,-73.9014238,public_transit,extreme,"{""cctv_coverage"": ""high"", ""night_patrol_sector"": ""SEC-01"", ""lighting_rating"": ""poor""}",2021-01-01T00:00:00,2021-01-01T00:00:00
23d27ae1-135c-4e70-a900-eb7f6e3df263,Industrial Waterfront & Port Hideout #26,206 Beacon Street,Metropolis Central,Industrial Waterfront & Port,MC-10026,40.7352999,-73.9320826,hideout,moderate,"{""cctv_coverage"": ""standard"", ""night_patrol_sector"": ""SEC-02"", ""lighting_rating"": ""adequate""}",2021-01-01T00:00:00,2021-01-01T00:00:00
daff1344-712d-4655-b453-164551f36564,Harbor Point Terminal Public Transit #27,299 Industrial Boulevard,Metropolis Central,Harbor Point Terminal,MC-10027,40.7392493,-73.9778238,public_transit,low,"{""cctv_coverage"": ""standard"", ""night_patrol_sector"": ""SEC-03"", ""lighting_rating"": ""adequate""}",2021-01-01T00:00:00,2021-01-01T00:00:00
c5a5abde-16aa-4f62-b36c-db34a84456f9,Silver Lake Tech Park Residential #28,139 Highland Boulevard,Metropolis Central,Silver Lake Tech Park,MC-10028,40.874859,-73.9393282,residential,moderate,"{""cctv_coverage"": ""standard"", ""night_patrol_sector"": ""SEC-04"", ""lighting_rating"": ""adequate""}",2021-01-01T00:00:00,2021-01-01T00:00:00
d022ec8a-178a-41b5-9869-ee99ac52603d,Industrial Waterfront & Port Commercial #29,663 Canal Promenade,Metropolis Central,Industrial Waterfront & Port,MC-10029,40.8545439,-73.9351872,commercial,low,"{""cctv_coverage"": ""standard"", ""night_patrol_sector"": ""SEC-05"", ""lighting_rating"": ""adequate""}",2021-01-01T00:00:00,2021-01-01T00:00:00
f79446b8-5133-4f82-92ea-3dfe269cc839,Old Town Heritage Ward Residential #30,358 Pier 42 Access Rd,Metropolis Central,Old Town Heritage Ward,MC-10030,40.7304957,-73.8776554,residential,low,"{""cctv_coverage"": ""standard"", ""night_patrol_sector"": ""SEC-06"", ""lighting_rating"": ""adequate""}",2021-01-01T00:00:00,2021-01-01T00:00:00
8a6a3ff9-4c3c-4460-9d39-78abef36ced6,Northshore Heights Commercial #31,420 Canal Promenade,Metropolis Central,Northshore Heights,MC-10031,40.7954042,-73.9127098,commercial,low,"{""cctv_coverage"": ""standard"", ""night_patrol_sector"": ""SEC-07"", ""lighting_rating"": ""adequate""}",2021-01-01T00:00:00,2021-01-01T00:00:00
4070218b-3333-41f2-9120-ebb7d8181e7a,Harbor Point Terminal Commercial #32,981 Sunset Parkway,Metropolis Central,Harbor Point Terminal,MC-10032,40.8787836,-74.0263097,commercial,moderate,"{""cctv_coverage"": ""standard"", ""night_patrol_sector"": ""SEC-08"", ""lighting_rating"": ""adequate""}",2021-01-01T00:00:00,2021-01-01T00:00:00
5f8d23cc-38b6-402c-a812-78a4fa5f786d,Harbor Point Terminal Port Marina #33,620 Atlantic Avenue,Metropolis Central,Harbor Point Terminal,MC-10033,40.7560756,-73.8682991,port_marina,low,"{""cctv_coverage"": ""standard"", ""night_patrol_sector"": ""SEC-09"", ""lighting_rating"": ""adequate""}",2021-01-01T00:00:00,2021-01-01T00:00:00
c653b1f7-c76c-48f6-b7ce-45f273da9cae,Harbor Point Terminal Government Facility #34,449 Sunset Parkway,Metropolis Central,Harbor Point Terminal,MC-10034,40.8042055,-73.9280738,government_facility,moderate,"{""cctv_coverage"": ""standard"", ""night_patrol_sector"": ""SEC-10"", ""lighting_rating"": ""adequate""}",2021-01-01T00:00:00,2021-01-01T00:00:00
d1a5df37-1f15-4e25-9cfe-0a9526c15059,Eastside Arts Corridor Atm Bank #35,650 Beacon Street,Metropolis Central,Eastside Arts Corridor,MC-10035,40.8120856,-74.0185886,atm_bank,low,"{""cctv_coverage"": ""standard"", ""night_patrol_sector"": ""SEC-11"", ""lighting_rating"": ""adequate""}",2021-01-01T00:00:00,2021-01-01T00:00:00
09d97017-af48-49e8-b360-135e265d1068,Northshore Heights Warehouse #36,170 Lexington Ave,Metropolis Central,Northshore Heights,MC-10036,40.7701007,-73.9312378,warehouse,low,"{""cctv_coverage"": ""standard"", ""night_patrol_sector"": ""SEC-12"", ""lighting_rating"": ""adequate""}",2021-01-01T00:00:00,2021-01-01T00:00:00
cc870e09-17a8-4a4c-a438-46bff6de2b02,Eastside Arts Corridor Hideout #37,305 Sunset Parkway,Metropolis Central,Eastside Arts Corridor,MC-10037,40.694236,-74.0033152,hideout,low,"{""cctv_coverage"": ""standard"", ""night_patrol_sector"": ""SEC-01"", ""lighting_rating"": ""adequate""}",2021-01-01T00:00:00,2021-01-01T00:00:00
fa4360cf-9017-40e9-ba69-041c11260f6c,Harbor Point Terminal Warehouse #38,687 Beacon Street,Metropolis Central,Harbor Point Terminal,MC-10038,40.7029553,-74.0050381,warehouse,low,"{""cctv_coverage"": ""standard"", ""night_patrol_sector"": ""SEC-02"", ""lighting_rating"": ""adequate""}",2021-01-01T00:00:00,2021-01-01T00:00:00
4593b372-a914-446e-bfc3-302e09709cb8,West End Suburbs Commercial #39,856 Harbor View Drive,Metropolis Central,West End Suburbs,MC-10039,40.6919276,-73.8914743,commercial,moderate,"{""cctv_coverage"": ""standard"", ""night_patrol_sector"": ""SEC-03"", ""lighting_rating"": ""adequate""}",2021-01-01T00:00:00,2021-01-01T00:00:00
c8cf8211-d05e-4d1a-8b27-801c3031ca70,Harbor Point Terminal Hideout #40,953 Sunset Parkway,Metropolis Central,Harbor Point Terminal,MC-10040,40.7048707,-73.9122644,hideout,moderate,"{""cctv_coverage"": ""standard"", ""night_patrol_sector"": ""SEC-04"", ""lighting_rating"": ""adequate""}",2021-01-01T00:00:00,2021-01-01T00:00:00
8b938a32-6e63-4cf6-97b0-1a033abe5b66,West End Suburbs Hideout #41,522 Canal Promenade,Metropolis Central,West End Suburbs,MC-10041,40.6960884,-74.0420278,hideout,low,"{""cctv_coverage"": ""standard"", ""night_patrol_sector"": ""SEC-05"", ""lighting_rating"": ""adequate""}",2021-01-01T00:00:00,2021-01-01T00:00:00
de61231e-9b8d-4b15-878d-02709c8540d1,South Bay Logistics Hub Residential #42,628 Highland Boulevard,Metropolis Central,South Bay Logistics Hub,MC-10042,40.6982654,-73.8576178,residential,high,"{""cctv_coverage"": ""high"", ""night_patrol_sector"": ""SEC-06"", ""lighting_rating"": ""adequate""}",2021-01-01T00:00:00,2021-01-01T00:00:00
67df642a-27c3-40ab-9265-280a6b73adae,Harbor Point Terminal Entertainment Venue #43,611 Lexington Ave,Metropolis Central,Harbor Point Terminal,MC-10043,40.8442842,-73.9347506,entertainment_venue,moderate,"{""cctv_coverage"": ""standard"", ""night_patrol_sector"": ""SEC-07"", ""lighting_rating"": ""adequate""}",2021-01-01T00:00:00,2021-01-01T00:00:00
517e65b4-9c51-419d-85b1-da06c9f3a7d3,Industrial Waterfront & Port Atm Bank #44,491 Grand Concourse,Metropolis Central,Industrial Waterfront & Port,MC-10044,40.7162978,-73.9329341,atm_bank,moderate,"{""cctv_coverage"": ""standard"", ""night_patrol_sector"": ""SEC-08"", ""lighting_rating"": ""adequate""}",2021-01-01T00:00:00,2021-01-01T00:00:00
ba732d51-29d6-4d60-aaff-a91385c38851,Old Town Heritage Ward Street Corner #45,103 Canal Promenade,Metropolis Central,Old Town Heritage Ward,MC-10045,40.7616696,-73.9857883,street_corner,low,"{""cctv_coverage"": ""standard"", ""night_patrol_sector"": ""SEC-09"", ""lighting_rating"": ""adequate""}",2021-01-01T00:00:00,2021-01-01T00:00:00
656b5300-36d9-433e-8fe6-044dacfd3e5d,Industrial Waterfront & Port Hideout #46,347 Quarry Lane,Metropolis Central,Industrial Waterfront & Port,MC-10046,40.7376436,-73.8609613,hideout,high,"{""cctv_coverage"": ""high"", ""night_patrol_sector"": ""SEC-10"", ""lighting_rating"": ""adequate""}",2021-01-01T00:00:00,2021-01-01T00:00:00
8c2836fa-671f-4553-833a-a250a25c4518,Silver Lake Tech Park Commercial #47,47 Grand Concourse,Metropolis Central,Silver Lake Tech Park,MC-10047,40.7429034,-73.9853452,commercial,extreme,"{""cctv_coverage"": ""high"", ""night_patrol_sector"": ""SEC-11"", ""lighting_rating"": ""poor""}",2021-01-01T00:00:00,2021-01-01T00:00:00
df172e3e-cf46-4007-9425-22f27f857e21,Midtown Financial Plaza Entertainment Venue #48,895 Lexington Ave,Metropolis Central,Midtown Financial Plaza,MC-10048,40.8538735,-73.9576047,entertainment_venue,low,"{""cctv_coverage"": ""standard"", ""night_patrol_sector"": ""SEC-12"", ""lighting_rating"": ""adequate""}",2021-01-01T00:00:00,2021-01-01T00:00:00
b9b4b313-67f4-47d2-8774-6fd306ce35c5,Silver Lake Tech Park Entertainment Venue #49,380 Canal Promenade,Metropolis Central,Silver Lake Tech Park,MC-10049,40.7684082,-74.0396776,entertainment_venue,low,"{""cctv_coverage"": ""standard"", ""night_patrol_sector"": ""SEC-01"", ""lighting_rating"": ""adequate""}",2021-01-01T00:00:00,2021-01-01T00:00:00
cd7f5e16-3f38-4c4a-bddc-50857a56e909,Industrial Waterfront & Port Hideout #50,959 Sunset Parkway,Metropolis Central,Industrial Waterfront & Port,MC-10050,40.8561693,-73.9530576,hideout,low,"{""cctv_coverage"": ""standard"", ""night_patrol_sector"": ""SEC-02"", ""lighting_rating"": ""adequate""}",2021-01-01T00:00:00,2021-01-01T00:00:00
b30211d4-39fb-45f4-b4a2-a2875ef9c8eb,Harbor Point Terminal Industrial #51,828 Atlantic Avenue,Metropolis Central,Harbor Point Terminal,MC-10051,40.74215,-74.0472651,industrial,low,"{""cctv_coverage"": ""standard"", ""night_patrol_sector"": ""SEC-03"", ""lighting_rating"": ""adequate""}",2021-01-01T00:00:00,2021-01-01T00:00:00
abe8594e-0758-465b-a212-397905712a50,Eastside Arts Corridor Hideout #52,871 Industrial Boulevard,Metropolis Central,Eastside Arts Corridor,MC-10052,40.8694121,-73.9204581,hideout,low,"{""cctv_coverage"": ""standard"", ""night_patrol_sector"": ""SEC-04"", ""lighting_rating"": ""adequate""}",2021-01-01T00:00:00,2021-01-01T00:00:00
a859e39f-363e-4cb5-8859-2737542be6d4,West End Suburbs Warehouse #53,531 Highland Boulevard,Metropolis Central,West End Suburbs,MC-10053,40.8469448,-73.8539511,warehouse,low,"{""cctv_coverage"": ""standard"", ""night_patrol_sector"": ""SEC-05"", ""lighting_rating"": ""adequate""}",2021-01-01T00:00:00,2021-01-01T00:00:00
1ffdf7d1-6b77-4811-91c5-fa899452fc99,Silver Lake Tech Park Public Transit #54,158 Foundry Street,Metropolis Central,Silver Lake Tech Park,MC-10054,40.8643736,-73.9483518,public_transit,high,"{""cctv_coverage"": ""high"", ""night_patrol_sector"": ""SEC-06"", ""lighting_rating"": ""adequate""}",2021-01-01T00:00:00,2021-01-01T00:00:00
84a353ed-c57c-4adb-8d3d-e0ebccd04b8e,Northshore Heights Street Corner #55,292 Quarry Lane,Metropolis Central,Northshore Heights,MC-10055,40.8668497,-73.9484525,street_corner,high,"{""cctv_coverage"": ""high"", ""night_patrol_sector"": ""SEC-07"", ""lighting_rating"": ""adequate""}",2021-01-01T00:00:00,2021-01-01T00:00:00
f5aaf7ad-4722-46ed-adb5-8add7dbdd8dd,West End Suburbs Government Facility #56,753 Sunset Parkway,Metropolis Central,West End Suburbs,MC-10056,40.7959847,-73.9180118,government_facility,high,"{""cctv_coverage"": ""high"", ""night_patrol_sector"": ""SEC-08"", ""lighting_rating"": ""adequate""}",2021-01-01T00:00:00,2021-01-01T00:00:00
0090261a-771f-42a6-85c6-2c20c514c82a,Old Town Heritage Ward Street Corner #57,561 Canal Promenade,Metropolis Central,Old Town Heritage Ward,MC-10057,40.746488,-73.8974255,street_corner,low,"{""cctv_coverage"": ""standard"", ""night_patrol_sector"": ""SEC-09"", ""lighting_rating"": ""adequate""}",2021-01-01T00:00:00,2021-01-01T00:00:00
88d16177-a43e-4b1e-9b39-e7c2513e30db,South Bay Logistics Hub Public Transit #58,900 Beacon Street,Metropolis Central,South Bay Logistics Hub,MC-10058,40.7943595,-74.0032875,public_transit,moderate,"{""cctv_coverage"": ""standard"", ""night_patrol_sector"": ""SEC-10"", ""lighting_rating"": ""adequate""}",2021-01-01T00:00:00,2021-01-01T00:00:00
8a901e54-8afa-437e-8edc-a75678a1ca4e,Downtown Commercial District Warehouse #59,335 Canal Promenade,Metropolis Central,Downtown Commercial District,MC-10059,40.7572158,-73.9172622,warehouse,high,"{""cctv_coverage"": ""high"", ""night_patrol_sector"": ""SEC-11"", ""lighting_rating"": ""adequate""}",2021-01-01T00:00:00,2021-01-01T00:00:00
a47adf37-f71a-4cb3-a895-0f5d14a36ac4,Industrial Waterfront & Port Industrial #60,517 St. Marks Place,Metropolis Central,Industrial Waterfront & Port,MC-10060,40.7804582,-73.9319639,industrial,high,"{""cctv_coverage"": ""high"", ""night_patrol_sector"": ""SEC-12"", ""lighting_rating"": ""adequate""}",2021-01-01T00:00:00,2021-01-01T00:00:00
6b9065fc-0e30-4969-add0-047b3b3a6086,Old Town Heritage Ward Residential #61,112 Grand Concourse,Metropolis Central,Old Town Heritage Ward,MC-10061,40.8244888,-73.9680043,residential,moderate,"{""cctv_coverage"": ""standard"", ""night_patrol_sector"": ""SEC-01"", ""lighting_rating"": ""adequate""}",2021-01-01T00:00:00,2021-01-01T00:00:00
fc92683a-8220-4ae8-a9fd-0c2dee05c04f,Industrial Waterfront & Port Atm Bank #62,86 Canal Promenade,Metropolis Central,Industrial Waterfront & Port,MC-10062,40.7477122,-73.9114591,atm_bank,moderate,"{""cctv_coverage"": ""standard"", ""night_patrol_sector"": ""SEC-02"", ""lighting_rating"": ""adequate""}",2021-01-01T00:00:00,2021-01-01T00:00:00
b87803da-fc83-4e41-b4f1-59833694823c,South Bay Logistics Hub Street Corner #63,882 Foundry Street,Metropolis Central,South Bay Logistics Hub,MC-10063,40.8053598,-73.8725123,street_corner,low,"{""cctv_coverage"": ""standard"", ""night_patrol_sector"": ""SEC-03"", ""lighting_rating"": ""adequate""}",2021-01-01T00:00:00,2021-01-01T00:00:00
cf113b2e-51d0-43a8-a1ed-709a966d0795,Silver Lake Tech Park Public Transit #64,46 Vanderbilt Way,Metropolis Central,Silver Lake Tech Park,MC-10064,40.8062322,-73.8658142,public_transit,extreme,"{""cctv_coverage"": ""high"", ""night_patrol_sector"": ""SEC-04"", ""lighting_rating"": ""poor""}",2021-01-01T00:00:00,2021-01-01T00:00:00
2f6773e6-39c0-4f2f-81fc-930dfb969129,Northshore Heights Entertainment Venue #65,454 Industrial Boulevard,Metropolis Central,Northshore Heights,MC-10065,40.8207782,-74.0298986,entertainment_venue,low,"{""cctv_coverage"": ""standard"", ""night_patrol_sector"": ""SEC-05"", ""lighting_rating"": ""adequate""}",2021-01-01T00:00:00,2021-01-01T00:00:00
c08f99db-bcf8-4620-bcc7-60f0f602bd33,West End Suburbs Residential #66,935 Lexington Ave,Metropolis Central,West End Suburbs,MC-10066,40.7448749,-74.0387762,residential,low,"{""cctv_coverage"": ""standard"", ""night_patrol_sector"": ""SEC-06"", ""lighting_rating"": ""adequate""}",2021-01-01T00:00:00,2021-01-01T00:00:00
ba1ad0a8-5781-43ba-861f-67b6d30eedc6,Midtown Financial Plaza Port Marina #67,159 Atlantic Avenue,Metropolis Central,Midtown Financial Plaza,MC-10067,40.7624103,-73.9136399,port_marina,low,"{""cctv_coverage"": ""standard"", ""night_patrol_sector"": ""SEC-07"", ""lighting_rating"": ""adequate""}",2021-01-01T00:00:00,2021-01-01T00:00:00
fa414175-97a6-435c-9d86-b2d7994d712e,Industrial Waterfront & Port Government Facility #68,90 Foundry Street,Metropolis Central,Industrial Waterfront & Port,MC-10068,40.8166269,-73.9504665,government_facility,moderate,"{""cctv_coverage"": ""standard"", ""night_patrol_sector"": ""SEC-08"", ""lighting_rating"": ""adequate""}",2021-01-01T00:00:00,2021-01-01T00:00:00
65843d06-813f-442c-9b9a-d5b30a33e22a,Eastside Arts Corridor Hideout #69,482 Highland Boulevard,Metropolis Central,Eastside Arts Corridor,MC-10069,40.7310653,-74.0481205,hideout,high,"{""cctv_coverage"": ""high"", ""night_patrol_sector"": ""SEC-09"", ""lighting_rating"": ""adequate""}",2021-01-01T00:00:00,2021-01-01T00:00:00
083098ad-2dca-46c4-993d-3274ef43be17,West End Suburbs Commercial #70,703 Pier 42 Access Rd,Metropolis Central,West End Suburbs,MC-10070,40.768346,-73.9808869,commercial,moderate,"{""cctv_coverage"": ""standard"", ""night_patrol_sector"": ""SEC-10"", ""lighting_rating"": ""adequate""}",2021-01-01T00:00:00,2021-01-01T00:00:00
e45e2aae-e8d2-470f-a811-fd14314d4e51,Midtown Financial Plaza Hideout #71,716 Highland Boulevard,Metropolis Central,Midtown Financial Plaza,MC-10071,40.8490608,-74.0101566,hideout,low,"{""cctv_coverage"": ""standard"", ""night_patrol_sector"": ""SEC-11"", ""lighting_rating"": ""adequate""}",2021-01-01T00:00:00,2021-01-01T00:00:00
87925402-17fa-4768-adf5-55fb20cae15d,Old Town Heritage Ward Warehouse #72,119 Atlantic Avenue,Metropolis Central,Old Town Heritage Ward,MC-10072,40.7943845,-73.9350376,warehouse,extreme,"{""cctv_coverage"": ""high"", ""night_patrol_sector"": ""SEC-12"", ""lighting_rating"": ""poor""}",2021-01-01T00:00:00,2021-01-01T00:00:00
910ac2f3-ae48-4143-b848-2d1813acc4bc,West End Suburbs Atm Bank #73,32 Foundry Street,Metropolis Central,West End Suburbs,MC-10073,40.6816196,-73.8769865,atm_bank,moderate,"{""cctv_coverage"": ""standard"", ""night_patrol_sector"": ""SEC-01"", ""lighting_rating"": ""adequate""}",2021-01-01T00:00:00,2021-01-01T00:00:00
2291d353-8cb5-41b2-90e4-21fd74e14397,Downtown Commercial District Atm Bank #74,942 Canal Promenade,Metropolis Central,Downtown Commercial District,MC-10074,40.8351482,-74.0039763,atm_bank,high,"{""cctv_coverage"": ""high"", ""night_patrol_sector"": ""SEC-02"", ""lighting_rating"": ""adequate""}",2021-01-01T00:00:00,2021-01-01T00:00:00
d5fb9886-a39e-4b97-89a9-c3c41af23639,Eastside Arts Corridor Government Facility #75,661 Beacon Street,Metropolis Central,Eastside Arts Corridor,MC-10075,40.7301254,-73.8988845,government_facility,moderate,"{""cctv_coverage"": ""standard"", ""night_patrol_sector"": ""SEC-03"", ""lighting_rating"": ""adequate""}",2021-01-01T00:00:00,2021-01-01T00:00:00
98e55f3a-17ac-456f-be3d-346d37ae0656,Industrial Waterfront & Port Entertainment Venue #76,653 Industrial Boulevard,Metropolis Central,Industrial Waterfront & Port,MC-10076,40.8092681,-73.9882134,entertainment_venue,low,"{""cctv_coverage"": ""standard"", ""night_patrol_sector"": ""SEC-04"", ""lighting_rating"": ""adequate""}",2021-01-01T00:00:00,2021-01-01T00:00:00
1ce424ec-8486-46e6-867a-c7c33bf5fdc8,Harbor Point Terminal Commercial #77,383 Harbor View Drive,Metropolis Central,Harbor Point Terminal,MC-10077,40.8619256,-73.9846562,commercial,low,"{""cctv_coverage"": ""standard"", ""night_patrol_sector"": ""SEC-05"", ""lighting_rating"": ""adequate""}",2021-01-01T00:00:00,2021-01-01T00:00:00
2d89353a-fc49-4b25-aa6a-3e841e201c5c,Eastside Arts Corridor Port Marina #78,145 River Road,Metropolis Central,Eastside Arts Corridor,MC-10078,40.780359,-73.9954945,port_marina,low,"{""cctv_coverage"": ""standard"", ""night_patrol_sector"": ""SEC-06"", ""lighting_rating"": ""adequate""}",2021-01-01T00:00:00,2021-01-01T00:00:00
56b6149d-95b3-46d7-99ef-669dde64598a,Old Town Heritage Ward Street Corner #79,835 Sunset Parkway,Metropolis Central,Old Town Heritage Ward,MC-10079,40.8408465,-73.9563337,street_corner,low,"{""cctv_coverage"": ""standard"", ""night_patrol_sector"": ""SEC-07"", ""lighting_rating"": ""adequate""}",2021-01-01T00:00:00,2021-01-01T00:00:00
c17d1112-3b74-4ca0-bac9-26dc9bea5789,Eastside Arts Corridor Port Marina #80,890 Foundry Street,Metropolis Central,Eastside Arts Corridor,MC-10080,40.753155,-73.8918636,port_marina,low,"{""cctv_coverage"": ""standard"", ""night_patrol_sector"": ""SEC-08"", ""lighting_rating"": ""adequate""}",2021-01-01T00:00:00,2021-01-01T00:00:00
090dfac8-8845-46b1-931a-efc4490d4495,Silver Lake Tech Park Street Corner #81,136 Grand Concourse,Metropolis Central,Silver Lake Tech Park,MC-10081,40.8145657,-73.9155318,street_corner,moderate,"{""cctv_coverage"": ""standard"", ""night_patrol_sector"": ""SEC-09"", ""lighting_rating"": ""adequate""}",2021-01-01T00:00:00,2021-01-01T00:00:00
c8b595dc-69fa-4f7e-bf84-b09e0d7112c7,South Bay Logistics Hub Hideout #82,120 Atlantic Avenue,Metropolis Central,South Bay Logistics Hub,MC-10082,40.6850049,-73.873153,hideout,moderate,"{""cctv_coverage"": ""standard"", ""night_patrol_sector"": ""SEC-10"", ""lighting_rating"": ""adequate""}",2021-01-01T00:00:00,2021-01-01T00:00:00
e10e3422-5f02-4c2d-ae4b-53d14fd52aa4,Harbor Point Terminal Entertainment Venue #83,236 Vanderbilt Way,Metropolis Central,Harbor Point Terminal,MC-10083,40.8447711,-73.8681225,entertainment_venue,low,"{""cctv_coverage"": ""standard"", ""night_patrol_sector"": ""SEC-11"", ""lighting_rating"": ""adequate""}",2021-01-01T00:00:00,2021-01-01T00:00:00
8b6ddfc9-19a9-4d73-a7df-646f4fd407da,Midtown Financial Plaza Residential #84,129 Harbor View Drive,Metropolis Central,Midtown Financial Plaza,MC-10084,40.8692523,-73.9891271,residential,low,"{""cctv_coverage"": ""standard"", ""night_patrol_sector"": ""SEC-12"", ""lighting_rating"": ""adequate""}",2021-01-01T00:00:00,2021-01-01T00:00:00
dfa58fbc-c3d5-4678-96bc-c40fcd089d5f,Northshore Heights Warehouse #85,250 Harbor View Drive,Metropolis Central,Northshore Heights,MC-10085,40.7707288,-73.9159028,warehouse,moderate,"{""cctv_coverage"": ""standard"", ""night_patrol_sector"": ""SEC-01"", ""lighting_rating"": ""adequate""}",2021-01-01T00:00:00,2021-01-01T00:00:00
3d34cc6d-366e-404f-aed5-86de71420ec9,Silver Lake Tech Park Warehouse #86,439 Harbor View Drive,Metropolis Central,Silver Lake Tech Park,MC-10086,40.8109844,-73.8832614,warehouse,moderate,"{""cctv_coverage"": ""standard"", ""night_patrol_sector"": ""SEC-02"", ""lighting_rating"": ""adequate""}",2021-01-01T00:00:00,2021-01-01T00:00:00
6645e370-effd-4a21-a9eb-e0a382f7f8f2,West End Suburbs Public Transit #87,43 River Road,Metropolis Central,West End Suburbs,MC-10087,40.7686766,-73.859889,public_transit,high,"{""cctv_coverage"": ""high"", ""night_patrol_sector"": ""SEC-03"", ""lighting_rating"": ""adequate""}",2021-01-01T00:00:00,2021-01-01T00:00:00
dec4b353-79ae-43a3-92c7-325f07697ba1,Northshore Heights Port Marina #88,712 River Road,Metropolis Central,Northshore Heights,MC-10088,40.8603392,-73.9210346,port_marina,low,"{""cctv_coverage"": ""standard"", ""night_patrol_sector"": ""SEC-04"", ""lighting_rating"": ""adequate""}",2021-01-01T00:00:00,2021-01-01T00:00:00
ff35fc81-1122-4d76-9197-c51b98c211dd,West End Suburbs Hideout #89,204 Industrial Boulevard,Metropolis Central,West End Suburbs,MC-10089,40.6983347,-74.0075788,hideout,moderate,"{""cctv_coverage"": ""standard"", ""night_patrol_sector"": ""SEC-05"", ""lighting_rating"": ""adequate""}",2021-01-01T00:00:00,2021-01-01T00:00:00
f80565e4-8876-4197-a5a6-359030488fe3,Downtown Commercial District Public Transit #90,61 Commerce Expressway,Metropolis Central,Downtown Commercial District,MC-10090,40.8777642,-73.8926044,public_transit,low,"{""cctv_coverage"": ""standard"", ""night_patrol_sector"": ""SEC-06"", ""lighting_rating"": ""adequate""}",2021-01-01T00:00:00,2021-01-01T00:00:00
ec4d1aad-d9b7-4333-b538-7597308fae39,Silver Lake Tech Park Public Transit #91,222 Beacon Street,Metropolis Central,Silver Lake Tech Park,MC-10091,40.7457119,-74.0204892,public_transit,high,"{""cctv_coverage"": ""high"", ""night_patrol_sector"": ""SEC-07"", ""lighting_rating"": ""adequate""}",2021-01-01T00:00:00,2021-01-01T00:00:00
9bafa4e4-efba-4b87-998a-fdbcd1041d18,Downtown Commercial District Industrial #92,293 Harbor View Drive,Metropolis Central,Downtown Commercial District,MC-10092,40.7880431,-73.8902972,industrial,low,"{""cctv_coverage"": ""standard"", ""night_patrol_sector"": ""SEC-08"", ""lighting_rating"": ""adequate""}",2021-01-01T00:00:00,2021-01-01T00:00:00
677dfc82-44aa-4397-81c3-9e159589ab19,Downtown Commercial District Street Corner #93,144 Lexington Ave,Metropolis Central,Downtown Commercial District,MC-10093,40.8379969,-74.0024137,street_corner,low,"{""cctv_coverage"": ""standard"", ""night_patrol_sector"": ""SEC-09"", ""lighting_rating"": ""adequate""}",2021-01-01T00:00:00,2021-01-01T00:00:00
6591a180-f2db-4da8-82a0-f2f7122deb0c,Industrial Waterfront & Port Industrial #94,281 St. Marks Place,Metropolis Central,Industrial Waterfront & Port,MC-10094,40.8283436,-73.9447829,industrial,moderate,"{""cctv_coverage"": ""standard"", ""night_patrol_sector"": ""SEC-10"", ""lighting_rating"": ""adequate""}",2021-01-01T00:00:00,2021-01-01T00:00:00
f4fee709-4640-4a9d-a89a-bc0a82d5d02c,Old Town Heritage Ward Port Marina #95,469 River Road,Metropolis Central,Old Town Heritage Ward,MC-10095,40.7987332,-73.9595989,port_marina,low,"{""cctv_coverage"": ""standard"", ""night_patrol_sector"": ""SEC-11"", ""lighting_rating"": ""adequate""}",2021-01-01T00:00:00,2021-01-01T00:00:00
e9ee506a-fed6-4140-85c1-26f631a2f630,Harbor Point Terminal Hideout #96,54 Sunset Parkway,Metropolis Central,Harbor Point Terminal,MC-10096,40.8086681,-74.0437699,hideout,extreme,"{""cctv_coverage"": ""high"", ""night_patrol_sector"": ""SEC-12"", ""lighting_rating"": ""poor""}",2021-01-01T00:00:00,2021-01-01T00:00:00
f8d7b912-71c1-4d04-9c32-6ed9d8cbc0cc,Midtown Financial Plaza Hideout #97,446 Industrial Boulevard,Metropolis Central,Midtown Financial Plaza,MC-10097,40.8224803,-73.9612875,hideout,high,"{""cctv_coverage"": ""high"", ""night_patrol_sector"": ""SEC-01"", ""lighting_rating"": ""adequate""}",2021-01-01T00:00:00,2021-01-01T00:00:00
32e68502-d912-48c2-8eec-3d6041299ca7,South Bay Logistics Hub Commercial #98,632 Harbor View Drive,Metropolis Central,South Bay Logistics Hub,MC-10098,40.7052383,-73.9251365,commercial,moderate,"{""cctv_coverage"": ""standard"", ""night_patrol_sector"": ""SEC-02"", ""lighting_rating"": ""adequate""}",2021-01-01T00:00:00,2021-01-01T00:00:00
575c95ca-69ff-486f-875b-2b3be24958a6,South Bay Logistics Hub Hideout #99,400 Sunset Parkway,Metropolis Central,South Bay Logistics Hub,MC-10099,40.7811102,-73.9639601,hideout,moderate,"{""cctv_coverage"": ""standard"", ""night_patrol_sector"": ""SEC-03"", ""lighting_rating"": ""adequate""}",2021-01-01T00:00:00,2021-01-01T00:00:00
093f978e-2ea7-4ca5-aa78-69c157e1c8ab,Northshore Heights Warehouse #100,883 Beacon Street,Metropolis Central,Northshore Heights,MC-10100,40.770311,-74.0043013,warehouse,low,"{""cctv_coverage"": ""standard"", ""night_patrol_sector"": ""SEC-04"", ""lighting_rating"": ""adequate""}",2021-01-01T00:00:00,2021-01-01T00:00:00
1182c9d8-2066-4a97-86cd-45b8b7c86404,Old Town Heritage Ward Commercial #101,418 Quarry Lane,Metropolis Central,Old Town Heritage Ward,MC-10101,40.7425097,-73.9874953,commercial,low,"{""cctv_coverage"": ""standard"", ""night_patrol_sector"": ""SEC-05"", ""lighting_rating"": ""adequate""}",2021-01-01T00:00:00,2021-01-01T00:00:00
096b5041-090d-481d-8ecb-bb90d4d97bb3,Industrial Waterfront & Port Commercial #102,713 Canal Promenade,Metropolis Central,Industrial Waterfront & Port,MC-10102,40.698245,-74.0329271,commercial,low,"{""cctv_coverage"": ""standard"", ""night_patrol_sector"": ""SEC-06"", ""lighting_rating"": ""adequate""}",2021-01-01T00:00:00,2021-01-01T00:00:00
f06ccda9-4e12-4c91-8fd9-2253519b9c50,South Bay Logistics Hub Port Marina #103,841 Harbor View Drive,Metropolis Central,South Bay Logistics Hub,MC-10103,40.6919962,-73.8586751,port_marina,moderate,"{""cctv_coverage"": ""standard"", ""night_patrol_sector"": ""SEC-07"", ""lighting_rating"": ""adequate""}",2021-01-01T00:00:00,2021-01-01T00:00:00
a759d36a-80d9-4789-b6bc-a4e88fa9af28,Northshore Heights Entertainment Venue #104,430 River Road,Metropolis Central,Northshore Heights,MC-10104,40.868226,-73.9654126,entertainment_venue,high,"{""cctv_coverage"": ""high"", ""night_patrol_sector"": ""SEC-08"", ""lighting_rating"": ""adequate""}",2021-01-01T00:00:00,2021-01-01T00:00:00
f3a27d8d-5437-4a8d-ba76-9f568cace2c6,Downtown Commercial District Street Corner #105,304 Sunset Parkway,Metropolis Central,Downtown Commercial District,MC-10105,40.7007201,-73.9485175,street_corner,low,"{""cctv_coverage"": ""standard"", ""night_patrol_sector"": ""SEC-09"", ""lighting_rating"": ""adequate""}",2021-01-01T00:00:00,2021-01-01T00:00:00
865cfda9-73ca-493a-a8b4-226aa1933f35,Old Town Heritage Ward Street Corner #106,239 Industrial Boulevard,Metropolis Central,Old Town Heritage Ward,MC-10106,40.8490747,-73.9764878,street_corner,moderate,"{""cctv_coverage"": ""standard"", ""night_patrol_sector"": ""SEC-10"", ""lighting_rating"": ""adequate""}",2021-01-01T00:00:00,2021-01-01T00:00:00
9925a2dc-80af-420d-ba2e-817f10ab9f58,Harbor Point Terminal Port Marina #107,241 Quarry Lane,Metropolis Central,Harbor Point Terminal,MC-10107,40.8749093,-73.8863146,port_marina,moderate,"{""cctv_coverage"": ""standard"", ""night_patrol_sector"": ""SEC-11"", ""lighting_rating"": ""adequate""}",2021-01-01T00:00:00,2021-01-01T00:00:00
6d7ede82-4731-413c-b1e1-9d212fcc6ee3,Silver Lake Tech Park Residential #108,36 Highland Boulevard,Metropolis Central,Silver Lake Tech Park,MC-10108,40.7160832,-73.9094602,residential,low,"{""cctv_coverage"": ""standard"", ""night_patrol_sector"": ""SEC-12"", ""lighting_rating"": ""adequate""}",2021-01-01T00:00:00,2021-01-01T00:00:00
a66b6af7-8b68-457a-894d-ae90890f1d11,South Bay Logistics Hub Industrial #109,369 Lexington Ave,Metropolis Central,South Bay Logistics Hub,MC-10109,40.8539725,-73.9367358,industrial,low,"{""cctv_coverage"": ""standard"", ""night_patrol_sector"": ""SEC-01"", ""lighting_rating"": ""adequate""}",2021-01-01T00:00:00,2021-01-01T00:00:00
0485fd67-ccc7-4807-909e-57fd04d1f2d2,Industrial Waterfront & Port Commercial #110,768 Lexington Ave,Metropolis Central,Industrial Waterfront & Port,MC-10110,40.8292224,-74.0069734,commercial,low,"{""cctv_coverage"": ""standard"", ""night_patrol_sector"": ""SEC-02"", ""lighting_rating"": ""adequate""}",2021-01-01T00:00:00,2021-01-01T00:00:00
de5c253b-38ce-4b52-bbb9-272eed2327f4,South Bay Logistics Hub Atm Bank #111,171 River Road,Metropolis Central,South Bay Logistics Hub,MC-10111,40.8243192,-73.8946329,atm_bank,moderate,"{""cctv_coverage"": ""standard"", ""night_patrol_sector"": ""SEC-03"", ""lighting_rating"": ""adequate""}",2021-01-01T00:00:00,2021-01-01T00:00:00
c9511e31-9a5f-418a-a791-f9e4d608ef74,Northshore Heights Industrial #112,914 St. Marks Place,Metropolis Central,Northshore Heights,MC-10112,40.711482,-73.9264324,industrial,moderate,"{""cctv_coverage"": ""standard"", ""night_patrol_sector"": ""SEC-04"", ""lighting_rating"": ""adequate""}",2021-01-01T00:00:00,2021-01-01T00:00:00
93a22618-16a9-4d55-a358-29bb9a6c544d,West End Suburbs Hideout #113,463 Quarry Lane,Metropolis Central,West End Suburbs,MC-10113,40.8014152,-73.9671633,hideout,low,"{""cctv_coverage"": ""standard"", ""night_patrol_sector"": ""SEC-05"", ""lighting_rating"": ""adequate""}",2021-01-01T00:00:00,2021-01-01T00:00:00
e978dc9a-ffc7-4a09-bbcc-6ca58f9c6a74,Silver Lake Tech Park Warehouse #114,126 River Road,Metropolis Central,Silver Lake Tech Park,MC-10114,40.702178,-73.9143564,warehouse,moderate,"{""cctv_coverage"": ""standard"", ""night_patrol_sector"": ""SEC-06"", ""lighting_rating"": ""adequate""}",2021-01-01T00:00:00,2021-01-01T00:00:00
67a2dbb7-f62c-4c9b-a8c1-6f5cc505de61,Silver Lake Tech Park Residential #115,693 Sunset Parkway,Metropolis Central,Silver Lake Tech Park,MC-10115,40.7241037,-73.8531109,residential,low,"{""cctv_coverage"": ""standard"", ""night_patrol_sector"": ""SEC-07"", ""lighting_rating"": ""adequate""}",2021-01-01T00:00:00,2021-01-01T00:00:00
f18ce67b-e0fd-41e9-82e5-bce6bde88716,Eastside Arts Corridor Industrial #116,318 Beacon Street,Metropolis Central,Eastside Arts Corridor,MC-10116,40.8328322,-73.9921106,industrial,low,"{""cctv_coverage"": ""standard"", ""night_patrol_sector"": ""SEC-08"", ""lighting_rating"": ""adequate""}",2021-01-01T00:00:00,2021-01-01T00:00:00
1d18d350-c7b4-4879-ad64-9468fe1a58df,Old Town Heritage Ward Industrial #117,774 Quarry Lane,Metropolis Central,Old Town Heritage Ward,MC-10117,40.7058371,-73.9434835,industrial,low,"{""cctv_coverage"": ""standard"", ""night_patrol_sector"": ""SEC-09"", ""lighting_rating"": ""adequate""}",2021-01-01T00:00:00,2021-01-01T00:00:00
dff0dd75-e427-4082-b2b5-329c8fc9f3d2,Silver Lake Tech Park Commercial #118,863 River Road,Metropolis Central,Silver Lake Tech Park,MC-10118,40.7594142,-73.9015917,commercial,low,"{""cctv_coverage"": ""standard"", ""night_patrol_sector"": ""SEC-10"", ""lighting_rating"": ""adequate""}",2021-01-01T00:00:00,2021-01-01T00:00:00
6295f46e-7d93-4387-872a-1dc93ee0df83,Old Town Heritage Ward Street Corner #119,953 Vanderbilt Way,Metropolis Central,Old Town Heritage Ward,MC-10119,40.7951518,-73.9353201,street_corner,moderate,"{""cctv_coverage"": ""standard"", ""night_patrol_sector"": ""SEC-11"", ""lighting_rating"": ""adequate""}",2021-01-01T00:00:00,2021-01-01T00:00:00
da9f4ba4-411b-47fa-af3b-68fab0b7d3c6,Midtown Financial Plaza Warehouse #120,306 Industrial Boulevard,Metropolis Central,Midtown Financial Plaza,MC-10120,40.6841713,-73.9850464,warehouse,high,"{""cctv_coverage"": ""high"", ""night_patrol_sector"": ""SEC-12"", ""lighting_rating"": ""adequate""}",2021-01-01T00:00:00,2021-01-01T00:00:00
e12be39b-8c32-485d-b377-875b1321ca91,Harbor Point Terminal Commercial #121,481 River Road,Metropolis Central,Harbor Point Terminal,MC-10121,40.7673424,-74.0288274,commercial,low,"{""cctv_coverage"": ""standard"", ""night_patrol_sector"": ""SEC-01"", ""lighting_rating"": ""adequate""}",2021-01-01T00:00:00,2021-01-01T00:00:00
f0f6fa66-038f-4c79-8c68-8bef8ae496a3,Midtown Financial Plaza Warehouse #122,546 Vanderbilt Way,Metropolis Central,Midtown Financial Plaza,MC-10122,40.8541049,-73.900839,warehouse,low,"{""cctv_coverage"": ""standard"", ""night_patrol_sector"": ""SEC-02"", ""lighting_rating"": ""adequate""}",2021-01-01T00:00:00,2021-01-01T00:00:00
dc7b8d9c-6e1c-47a7-9ec5-f0a84c62a1fe,Industrial Waterfront & Port Port Marina #123,88 Industrial Boulevard,Metropolis Central,Industrial Waterfront & Port,MC-10123,40.7819904,-73.8688155,port_marina,low,"{""cctv_coverage"": ""standard"", ""night_patrol_sector"": ""SEC-03"", ""lighting_rating"": ""adequate""}",2021-01-01T00:00:00,2021-01-01T00:00:00
12a1464e-f15d-478a-bda7-00e2c2bd3fd5,Industrial Waterfront & Port Industrial #124,251 Industrial Boulevard,Metropolis Central,Industrial Waterfront & Port,MC-10124,40.7311936,-74.0153002,industrial,low,"{""cctv_coverage"": ""standard"", ""night_patrol_sector"": ""SEC-04"", ""lighting_rating"": ""adequate""}",2021-01-01T00:00:00,2021-01-01T00:00:00
a079e88c-0751-4ec1-8234-9f89d0eb1d61,Northshore Heights Hideout #125,191 Canal Promenade,Metropolis Central,Northshore Heights,MC-10125,40.8308892,-73.8980246,hideout,low,"{""cctv_coverage"": ""standard"", ""night_patrol_sector"": ""SEC-05"", ""lighting_rating"": ""adequate""}",2021-01-01T00:00:00,2021-01-01T00:00:00
a9e92600-4369-4c5b-93cc-d975a30f5cc4,Harbor Point Terminal Entertainment Venue #126,668 Commerce Expressway,Metropolis Central,Harbor Point Terminal,MC-10126,40.7432278,-73.9620474,entertainment_venue,low,"{""cctv_coverage"": ""standard"", ""night_patrol_sector"": ""SEC-06"", ""lighting_rating"": ""adequate""}",2021-01-01T00:00:00,2021-01-01T00:00:00
4f5ad771-f3b1-4204-8d78-df3dba23ebee,West End Suburbs Government Facility #127,825 Highland Boulevard,Metropolis Central,West End Suburbs,MC-10127,40.6912344,-73.9485326,government_facility,low,"{""cctv_coverage"": ""standard"", ""night_patrol_sector"": ""SEC-07"", ""lighting_rating"": ""adequate""}",2021-01-01T00:00:00,2021-01-01T00:00:00
d4e4f044-aa5b-4e9f-a299-8b1edbc184bf,Old Town Heritage Ward Street Corner #128,48 St. Marks Place,Metropolis Central,Old Town Heritage Ward,MC-10128,40.8463393,-74.0346538,street_corner,high,"{""cctv_coverage"": ""high"", ""night_patrol_sector"": ""SEC-08"", ""lighting_rating"": ""adequate""}",2021-01-01T00:00:00,2021-01-01T00:00:00
74f58f1f-2945-431c-b1cb-88e338cc59b6,Northshore Heights Hideout #129,639 Foundry Street,Metropolis Central,Northshore Heights,MC-10129,40.7960659,-73.8591537,hideout,moderate,"{""cctv_coverage"": ""standard"", ""night_patrol_sector"": ""SEC-09"", ""lighting_rating"": ""adequate""}",2021-01-01T00:00:00,2021-01-01T00:00:00
38a67305-5ba3-4996-9c4f-0947e9abefb7,Downtown Commercial District Street Corner #130,470 Beacon Street,Metropolis Central,Downtown Commercial District,MC-10130,40.8010012,-73.9497265,street_corner,extreme,"{""cctv_coverage"": ""high"", ""night_patrol_sector"": ""SEC-10"", ""lighting_rating"": ""poor""}",2021-01-01T00:00:00,2021-01-01T00:00:00
d478bab5-10c4-469c-9d25-a74435cefee1,Old Town Heritage Ward Commercial #131,115 Commerce Expressway,Metropolis Central,Old Town Heritage Ward,MC-10131,40.7809098,-74.0154882,commercial,low,"{""cctv_coverage"": ""standard"", ""night_patrol_sector"": ""SEC-11"", ""lighting_rating"": ""adequate""}",2021-01-01T00:00:00,2021-01-01T00:00:00
6f4546d4-4a1c-44c3-bee2-8235d1430a07,Old Town Heritage Ward Street Corner #132,459 Pier 42 Access Rd,Metropolis Central,Old Town Heritage Ward,MC-10132,40.7545704,-73.9934213,street_corner,low,"{""cctv_coverage"": ""standard"", ""night_patrol_sector"": ""SEC-12"", ""lighting_rating"": ""adequate""}",2021-01-01T00:00:00,2021-01-01T00:00:00
a0d4fdc6-89fe-4fb9-a988-24c0c713cd97,South Bay Logistics Hub Entertainment Venue #133,705 St. Marks Place,Metropolis Central,South Bay Logistics Hub,MC-10133,40.8094611,-74.0368176,entertainment_venue,low,"{""cctv_coverage"": ""standard"", ""night_patrol_sector"": ""SEC-01"", ""lighting_rating"": ""adequate""}",2021-01-01T00:00:00,2021-01-01T00:00:00
ec015773-82cf-4c67-be37-efe0c97e686b,Midtown Financial Plaza Entertainment Venue #134,300 Highland Boulevard,Metropolis Central,Midtown Financial Plaza,MC-10134,40.872882,-73.9294598,entertainment_venue,low,"{""cctv_coverage"": ""standard"", ""night_patrol_sector"": ""SEC-02"", ""lighting_rating"": ""adequate""}",2021-01-01T00:00:00,2021-01-01T00:00:00
09dca254-c22e-4460-9021-541865dc54fa,Northshore Heights Street Corner #135,606 Harbor View Drive,Metropolis Central,Northshore Heights,MC-10135,40.7420463,-73.9187891,street_corner,moderate,"{""cctv_coverage"": ""standard"", ""night_patrol_sector"": ""SEC-03"", ""lighting_rating"": ""adequate""}",2021-01-01T00:00:00,2021-01-01T00:00:00
5cd414e5-87d1-4d61-9461-0b4d46f69173,Industrial Waterfront & Port Atm Bank #136,619 Vanderbilt Way,Metropolis Central,Industrial Waterfront & Port,MC-10136,40.7917844,-73.9213013,atm_bank,low,"{""cctv_coverage"": ""standard"", ""night_patrol_sector"": ""SEC-04"", ""lighting_rating"": ""adequate""}",2021-01-01T00:00:00,2021-01-01T00:00:00
f328f3c6-d78e-4c8f-8989-8f2999499a1c,Industrial Waterfront & Port Entertainment Venue #137,696 Vanderbilt Way,Metropolis Central,Industrial Waterfront & Port,MC-10137,40.8140912,-73.9483023,entertainment_venue,low,"{""cctv_coverage"": ""standard"", ""night_patrol_sector"": ""SEC-05"", ""lighting_rating"": ""adequate""}",2021-01-01T00:00:00,2021-01-01T00:00:00
917d0a02-9f3e-4b7a-9b46-50a87f6044fe,West End Suburbs Street Corner #138,194 Beacon Street,Metropolis Central,West End Suburbs,MC-10138,40.8695337,-73.9527458,street_corner,low,"{""cctv_coverage"": ""standard"", ""night_patrol_sector"": ""SEC-06"", ""lighting_rating"": ""adequate""}",2021-01-01T00:00:00,2021-01-01T00:00:00
8f2580f3-7f8b-4078-bc32-5ef2b5ecb7ed,Industrial Waterfront & Port Atm Bank #139,168 Vanderbilt Way,Metropolis Central,Industrial Waterfront & Port,MC-10139,40.8488857,-74.0297718,atm_bank,moderate,"{""cctv_coverage"": ""standard"", ""night_patrol_sector"": ""SEC-07"", ""lighting_rating"": ""adequate""}",2021-01-01T00:00:00,2021-01-01T00:00:00
2ec955a9-1f76-4ca6-aad7-0df61e8e0eca,Silver Lake Tech Park Government Facility #140,48 Commerce Expressway,Metropolis Central,Silver Lake Tech Park,MC-10140,40.7062098,-73.974656,government_facility,low,"{""cctv_coverage"": ""standard"", ""night_patrol_sector"": ""SEC-08"", ""lighting_rating"": ""adequate""}",2021-01-01T00:00:00,2021-01-01T00:00:00
f8f22fa8-035c-474d-92e0-95ea59d09c97,Harbor Point Terminal Hideout #141,838 Pier 42 Access Rd,Metropolis Central,Harbor Point Terminal,MC-10141,40.6887385,-73.9771401,hideout,moderate,"{""cctv_coverage"": ""standard"", ""night_patrol_sector"": ""SEC-09"", ""lighting_rating"": ""adequate""}",2021-01-01T00:00:00,2021-01-01T00:00:00
f04525eb-ed99-4eed-b45d-3030256d3455,Old Town Heritage Ward Hideout #142,635 Sunset Parkway,Metropolis Central,Old Town Heritage Ward,MC-10142,40.7268006,-74.0021663,hideout,extreme,"{""cctv_coverage"": ""high"", ""night_patrol_sector"": ""SEC-10"", ""lighting_rating"": ""poor""}",2021-01-01T00:00:00,2021-01-01T00:00:00
500be43d-845b-4b81-82b9-ed2cabd5e5b6,Old Town Heritage Ward Street Corner #143,935 Beacon Street,Metropolis Central,Old Town Heritage Ward,MC-10143,40.8156614,-73.9359161,street_corner,low,"{""cctv_coverage"": ""standard"", ""night_patrol_sector"": ""SEC-11"", ""lighting_rating"": ""adequate""}",2021-01-01T00:00:00,2021-01-01T00:00:00
ebbb24cd-008d-4206-a52b-633086ae0d49,West End Suburbs Port Marina #144,806 Foundry Street,Metropolis Central,West End Suburbs,MC-10144,40.785492,-73.8567464,port_marina,high,"{""cctv_coverage"": ""high"", ""night_patrol_sector"": ""SEC-12"", ""lighting_rating"": ""adequate""}",2021-01-01T00:00:00,2021-01-01T00:00:00
ad0a6cb3-8e94-4567-ae0e-786221931e1b,Harbor Point Terminal Residential #145,151 Highland Boulevard,Metropolis Central,Harbor Point Terminal,MC-10145,40.8082358,-73.8751766,residential,moderate,"{""cctv_coverage"": ""standard"", ""night_patrol_sector"": ""SEC-01"", ""lighting_rating"": ""adequate""}",2021-01-01T00:00:00,2021-01-01T00:00:00
08a0cb3a-2d19-4405-827c-0000d2f10922,Northshore Heights Atm Bank #146,738 Industrial Boulevard,Metropolis Central,Northshore Heights,MC-10146,40.696775,-74.0179375,atm_bank,low,"{""cctv_coverage"": ""standard"", ""night_patrol_sector"": ""SEC-02"", ""lighting_rating"": ""adequate""}",2021-01-01T00:00:00,2021-01-01T00:00:00
6cb9e445-f779-4f1d-849d-b0bcc854759c,Silver Lake Tech Park Commercial #147,160 Quarry Lane,Metropolis Central,Silver Lake Tech Park,MC-10147,40.8692827,-74.0055924,commercial,low,"{""cctv_coverage"": ""standard"", ""night_patrol_sector"": ""SEC-03"", ""lighting_rating"": ""adequate""}",2021-01-01T00:00:00,2021-01-01T00:00:00
96b2b3a3-0b16-45f6-8ee2-d9272fd018b3,South Bay Logistics Hub Warehouse #148,962 Lexington Ave,Metropolis Central,South Bay Logistics Hub,MC-10148,40.6906514,-73.9495986,warehouse,low,"{""cctv_coverage"": ""standard"", ""night_patrol_sector"": ""SEC-04"", ""lighting_rating"": ""adequate""}",2021-01-01T00:00:00,2021-01-01T00:00:00
6afad97c-6628-4035-8a29-2dbcf0462940,Northshore Heights Residential #149,393 Atlantic Avenue,Metropolis Central,Northshore Heights,MC-10149,40.743737,-74.0301834,residential,moderate,"{""cctv_coverage"": ""standard"", ""night_patrol_sector"": ""SEC-05"", ""lighting_rating"": ""adequate""}",2021-01-01T00:00:00,2021-01-01T00:00:00
563bcec7-688e-4f3e-9870-250181697611,South Bay Logistics Hub Industrial #150,820 Harbor View Drive,Metropolis Central,South Bay Logistics Hub,MC-10150,40.6876606,-73.8665208,industrial,low,"{""cctv_coverage"": ""standard"", ""night_patrol_sector"": ""SEC-06"", ""lighting_rating"": ""adequate""}",2021-01-01T00:00:00,2021-01-01T00:00:00
7ef6ae00-d8a3-4ded-be1c-27338cef9c33,Industrial Waterfront & Port Hideout #151,787 Canal Promenade,Metropolis Central,Industrial Waterfront & Port,MC-10151,40.8030697,-73.8688285,hideout,low,"{""cctv_coverage"": ""standard"", ""night_patrol_sector"": ""SEC-07"", ""lighting_rating"": ""adequate""}",2021-01-01T00:00:00,2021-01-01T00:00:00
b0e4496d-6e1b-47f8-832a-01c91a587b98,Eastside Arts Corridor Port Marina #152,865 Harbor View Drive,Metropolis Central,Eastside Arts Corridor,MC-10152,40.8680452,-73.928224,port_marina,low,"{""cctv_coverage"": ""standard"", ""night_patrol_sector"": ""SEC-08"", ""lighting_rating"": ""adequate""}",2021-01-01T00:00:00,2021-01-01T00:00:00
74c45b74-97b2-4df9-af94-e1af6cf45c6a,West End Suburbs Commercial #153,253 Sunset Parkway,Metropolis Central,West End Suburbs,MC-10153,40.6895499,-73.9660349,commercial,moderate,"{""cctv_coverage"": ""standard"", ""night_patrol_sector"": ""SEC-09"", ""lighting_rating"": ""adequate""}",2021-01-01T00:00:00,2021-01-01T00:00:00
26171e18-0b0d-4a27-b6aa-4a94c2a0d18a,Old Town Heritage Ward Hideout #154,74 Industrial Boulevard,Metropolis Central,Old Town Heritage Ward,MC-10154,40.7993478,-74.0467129,hideout,moderate,"{""cctv_coverage"": ""standard"", ""night_patrol_sector"": ""SEC-10"", ""lighting_rating"": ""adequate""}",2021-01-01T00:00:00,2021-01-01T00:00:00
590ea7f6-04d6-4a4e-a1fb-d3492662ff9b,Eastside Arts Corridor Atm Bank #155,745 Harbor View Drive,Metropolis Central,Eastside Arts Corridor,MC-10155,40.7658478,-73.9270381,atm_bank,low,"{""cctv_coverage"": ""standard"", ""night_patrol_sector"": ""SEC-11"", ""lighting_rating"": ""adequate""}",2021-01-01T00:00:00,2021-01-01T00:00:00
58100ab9-b6b6-475a-b611-c2d690e1e236,Midtown Financial Plaza Port Marina #156,201 Vanderbilt Way,Metropolis Central,Midtown Financial Plaza,MC-10156,40.8749309,-74.0364641,port_marina,moderate,"{""cctv_coverage"": ""standard"", ""night_patrol_sector"": ""SEC-12"", ""lighting_rating"": ""adequate""}",2021-01-01T00:00:00,2021-01-01T00:00:00
a272e50d-5c79-4432-8c47-600f0b0ba869,Silver Lake Tech Park Warehouse #157,815 Lexington Ave,Metropolis Central,Silver Lake Tech Park,MC-10157,40.8546663,-74.0412931,warehouse,low,"{""cctv_coverage"": ""standard"", ""night_patrol_sector"": ""SEC-01"", ""lighting_rating"": ""adequate""}",2021-01-01T00:00:00,2021-01-01T00:00:00
26d9480c-2eb3-412b-9d93-7252eb741b3c,South Bay Logistics Hub Street Corner #158,269 Lexington Ave,Metropolis Central,South Bay Logistics Hub,MC-10158,40.837704,-73.9810395,street_corner,moderate,"{""cctv_coverage"": ""standard"", ""night_patrol_sector"": ""SEC-02"", ""lighting_rating"": ""adequate""}",2021-01-01T00:00:00,2021-01-01T00:00:00
8dd16b6c-d2c5-4be7-8d4c-467f3b362f55,Northshore Heights Industrial #159,800 Commerce Expressway,Metropolis Central,Northshore Heights,MC-10159,40.6888671,-73.9407973,industrial,high,"{""cctv_coverage"": ""high"", ""night_patrol_sector"": ""SEC-03"", ""lighting_rating"": ""adequate""}",2021-01-01T00:00:00,2021-01-01T00:00:00
5ceb3dfa-3755-4a7b-b094-1df0363cc227,Industrial Waterfront & Port Hideout #160,860 Grand Concourse,Metropolis Central,Industrial Waterfront & Port,MC-10160,40.8063472,-73.8877005,hideout,low,"{""cctv_coverage"": ""standard"", ""night_patrol_sector"": ""SEC-04"", ""lighting_rating"": ""adequate""}",2021-01-01T00:00:00,2021-01-01T00:00:00
7e4808d9-dfd6-44dd-84c7-8915a44685ee,Old Town Heritage Ward Public Transit #161,47 Sunset Parkway,Metropolis Central,Old Town Heritage Ward,MC-10161,40.6887613,-74.010106,public_transit,low,"{""cctv_coverage"": ""standard"", ""night_patrol_sector"": ""SEC-05"", ""lighting_rating"": ""adequate""}",2021-01-01T00:00:00,2021-01-01T00:00:00
780125f2-2829-41cf-a1b4-fea61b03e3b4,West End Suburbs Port Marina #162,537 Foundry Street,Metropolis Central,West End Suburbs,MC-10162,40.77468,-74.0426758,port_marina,moderate,"{""cctv_coverage"": ""standard"", ""night_patrol_sector"": ""SEC-06"", ""lighting_rating"": ""adequate""}",2021-01-01T00:00:00,2021-01-01T00:00:00
6b5ecd02-e1e7-41b9-8ed1-8fe32182c0b8,West End Suburbs Entertainment Venue #163,375 St. Marks Place,Metropolis Central,West End Suburbs,MC-10163,40.7463849,-74.025105,entertainment_venue,low,"{""cctv_coverage"": ""standard"", ""night_patrol_sector"": ""SEC-07"", ""lighting_rating"": ""adequate""}",2021-01-01T00:00:00,2021-01-01T00:00:00
c919931d-e0c6-48c7-a0bb-1dd939faaf7c,Midtown Financial Plaza Warehouse #164,771 Grand Concourse,Metropolis Central,Midtown Financial Plaza,MC-10164,40.7478073,-74.0126366,warehouse,moderate,"{""cctv_coverage"": ""standard"", ""night_patrol_sector"": ""SEC-08"", ""lighting_rating"": ""adequate""}",2021-01-01T00:00:00,2021-01-01T00:00:00
5c3ed313-97be-4318-8041-ffefc9cee8e8,South Bay Logistics Hub Commercial #165,956 Highland Boulevard,Metropolis Central,South Bay Logistics Hub,MC-10165,40.8254163,-74.0342146,commercial,moderate,"{""cctv_coverage"": ""standard"", ""night_patrol_sector"": ""SEC-09"", ""lighting_rating"": ""adequate""}",2021-01-01T00:00:00,2021-01-01T00:00:00
3b26230b-8caa-49d2-9c47-c75c9d44020c,Industrial Waterfront & Port Street Corner #166,568 Sunset Parkway,Metropolis Central,Industrial Waterfront & Port,MC-10166,40.7005196,-73.984416,street_corner,low,"{""cctv_coverage"": ""standard"", ""night_patrol_sector"": ""SEC-10"", ""lighting_rating"": ""adequate""}",2021-01-01T00:00:00,2021-01-01T00:00:00
dcd9275d-ef49-4080-831b-3a78e8b4b36a,Old Town Heritage Ward Industrial #167,627 Quarry Lane,Metropolis Central,Old Town Heritage Ward,MC-10167,40.817953,-73.9796906,industrial,low,"{""cctv_coverage"": ""standard"", ""night_patrol_sector"": ""SEC-11"", ""lighting_rating"": ""adequate""}",2021-01-01T00:00:00,2021-01-01T00:00:00
32f495a9-884f-4768-851a-98172df73bae,South Bay Logistics Hub Atm Bank #168,639 Quarry Lane,Metropolis Central,South Bay Logistics Hub,MC-10168,40.8078939,-73.8917044,atm_bank,low,"{""cctv_coverage"": ""standard"", ""night_patrol_sector"": ""SEC-12"", ""lighting_rating"": ""adequate""}",2021-01-01T00:00:00,2021-01-01T00:00:00
cec20be7-0db8-40c4-bfb5-fc81252cdd95,Midtown Financial Plaza Residential #169,382 Pier 42 Access Rd,Metropolis Central,Midtown Financial Plaza,MC-10169,40.7085559,-73.9284854,residential,moderate,"{""cctv_coverage"": ""standard"", ""night_patrol_sector"": ""SEC-01"", ""lighting_rating"": ""adequate""}",2021-01-01T00:00:00,2021-01-01T00:00:00
7f67bb0d-213b-4133-9119-cb5ded509834,Downtown Commercial District Public Transit #170,139 Vanderbilt Way,Metropolis Central,Downtown Commercial District,MC-10170,40.8357031,-73.9767343,public_transit,low,"{""cctv_coverage"": ""standard"", ""night_patrol_sector"": ""SEC-02"", ""lighting_rating"": ""adequate""}",2021-01-01T00:00:00,2021-01-01T00:00:00
76341606-93be-42a9-bfcb-401917fd0640,Harbor Point Terminal Entertainment Venue #171,43 Harbor View Drive,Metropolis Central,Harbor Point Terminal,MC-10171,40.7699845,-73.9758071,entertainment_venue,low,"{""cctv_coverage"": ""standard"", ""night_patrol_sector"": ""SEC-03"", ""lighting_rating"": ""adequate""}",2021-01-01T00:00:00,2021-01-01T00:00:00
15275fcb-b33d-4d98-ab98-5d5926755584,Northshore Heights Port Marina #172,597 Harbor View Drive,Metropolis Central,Northshore Heights,MC-10172,40.75339,-73.9871229,port_marina,low,"{""cctv_coverage"": ""standard"", ""night_patrol_sector"": ""SEC-04"", ""lighting_rating"": ""adequate""}",2021-01-01T00:00:00,2021-01-01T00:00:00
be826305-44b1-4dbb-84d8-e262c630e1e7,Northshore Heights Hideout #173,36 Pier 42 Access Rd,Metropolis Central,Northshore Heights,MC-10173,40.7835491,-73.8672915,hideout,low,"{""cctv_coverage"": ""standard"", ""night_patrol_sector"": ""SEC-05"", ""lighting_rating"": ""adequate""}",2021-01-01T00:00:00,2021-01-01T00:00:00
9cc21a95-e14c-4463-99d1-1de496983e8d,West End Suburbs Public Transit #174,730 Grand Concourse,Metropolis Central,West End Suburbs,MC-10174,40.879273,-73.9928846,public_transit,high,"{""cctv_coverage"": ""high"", ""night_patrol_sector"": ""SEC-06"", ""lighting_rating"": ""adequate""}",2021-01-01T00:00:00,2021-01-01T00:00:00
de3bbec2-cd45-46e2-b62b-f0b6392634ba,Old Town Heritage Ward Industrial #175,214 Industrial Boulevard,Metropolis Central,Old Town Heritage Ward,MC-10175,40.8505653,-73.9595915,industrial,high,"{""cctv_coverage"": ""high"", ""night_patrol_sector"": ""SEC-07"", ""lighting_rating"": ""adequate""}",2021-01-01T00:00:00,2021-01-01T00:00:00
95812011-59e7-40fe-b590-d98bb1214b90,Old Town Heritage Ward Entertainment Venue #176,99 Commerce Expressway,Metropolis Central,Old Town Heritage Ward,MC-10176,40.7494851,-74.0370122,entertainment_venue,moderate,"{""cctv_coverage"": ""standard"", ""night_patrol_sector"": ""SEC-08"", ""lighting_rating"": ""adequate""}",2021-01-01T00:00:00,2021-01-01T00:00:00
5dbb3dde-976d-420e-a673-515a2f8c993d,West End Suburbs Entertainment Venue #177,881 Pier 42 Access Rd,Metropolis Central,West End Suburbs,MC-10177,40.7148182,-73.9777016,entertainment_venue,low,"{""cctv_coverage"": ""standard"", ""night_patrol_sector"": ""SEC-09"", ""lighting_rating"": ""adequate""}",2021-01-01T00:00:00,2021-01-01T00:00:00
5c6c695b-47c4-469e-b448-7d8199127bfb,Eastside Arts Corridor Public Transit #178,821 Harbor View Drive,Metropolis Central,Eastside Arts Corridor,MC-10178,40.8380746,-74.0447432,public_transit,moderate,"{""cctv_coverage"": ""standard"", ""night_patrol_sector"": ""SEC-10"", ""lighting_rating"": ""adequate""}",2021-01-01T00:00:00,2021-01-01T00:00:00
e811ba3d-f31c-4257-92a4-74b5ab37f1b4,South Bay Logistics Hub Government Facility #179,488 Harbor View Drive,Metropolis Central,South Bay Logistics Hub,MC-10179,40.8568493,-74.0368504,government_facility,low,"{""cctv_coverage"": ""standard"", ""night_patrol_sector"": ""SEC-11"", ""lighting_rating"": ""adequate""}",2021-01-01T00:00:00,2021-01-01T00:00:00
99c9ae83-fda0-4825-a767-f2267e6b5bf4,Old Town Heritage Ward Warehouse #180,548 Quarry Lane,Metropolis Central,Old Town Heritage Ward,MC-10180,40.8446679,-74.0352499,warehouse,extreme,"{""cctv_coverage"": ""high"", ""night_patrol_sector"": ""SEC-12"", ""lighting_rating"": ""poor""}",2021-01-01T00:00:00,2021-01-01T00:00:00
095ee169-5be1-438a-9d7a-0af34ae63117,Northshore Heights Entertainment Venue #181,470 Grand Concourse,Metropolis Central,Northshore Heights,MC-10181,40.783472,-74.0243331,entertainment_venue,high,"{""cctv_coverage"": ""high"", ""night_patrol_sector"": ""SEC-01"", ""lighting_rating"": ""adequate""}",2021-01-01T00:00:00,2021-01-01T00:00:00
15f80921-df23-43cd-b51a-35b4bfd155c0,Silver Lake Tech Park Industrial #182,665 Pier 42 Access Rd,Metropolis Central,Silver Lake Tech Park,MC-10182,40.7665237,-73.8678575,industrial,low,"{""cctv_coverage"": ""standard"", ""night_patrol_sector"": ""SEC-02"", ""lighting_rating"": ""adequate""}",2021-01-01T00:00:00,2021-01-01T00:00:00
8ea90b90-55ca-4f60-ba1d-eeaf96d4fa43,Northshore Heights Atm Bank #183,540 Harbor View Drive,Metropolis Central,Northshore Heights,MC-10183,40.7129314,-73.9854678,atm_bank,moderate,"{""cctv_coverage"": ""standard"", ""night_patrol_sector"": ""SEC-03"", ""lighting_rating"": ""adequate""}",2021-01-01T00:00:00,2021-01-01T00:00:00
dd58c3c3-3144-4c41-8162-9cdeaf0fe6aa,South Bay Logistics Hub Commercial #184,980 Sunset Parkway,Metropolis Central,South Bay Logistics Hub,MC-10184,40.7301211,-73.9229886,commercial,moderate,"{""cctv_coverage"": ""standard"", ""night_patrol_sector"": ""SEC-04"", ""lighting_rating"": ""adequate""}",2021-01-01T00:00:00,2021-01-01T00:00:00
9160f784-d5d7-46b7-8cd2-976138dd99e5,Industrial Waterfront & Port Government Facility #185,650 Sunset Parkway,Metropolis Central,Industrial Waterfront & Port,MC-10185,40.7866956,-73.9494854,government_facility,low,"{""cctv_coverage"": ""standard"", ""night_patrol_sector"": ""SEC-05"", ""lighting_rating"": ""adequate""}",2021-01-01T00:00:00,2021-01-01T00:00:00
f8c42e65-86a7-4994-bf8f-673a44dd40c8,Harbor Point Terminal Entertainment Venue #186,167 Pier 42 Access Rd,Metropolis Central,Harbor Point Terminal,MC-10186,40.8048958,-73.8695998,entertainment_venue,low,"{""cctv_coverage"": ""standard"", ""night_patrol_sector"": ""SEC-06"", ""lighting_rating"": ""adequate""}",2021-01-01T00:00:00,2021-01-01T00:00:00
f2190013-f6d9-4135-9231-d871f46201ec,Harbor Point Terminal Commercial #187,52 Lexington Ave,Metropolis Central,Harbor Point Terminal,MC-10187,40.6890924,-73.9217093,commercial,moderate,"{""cctv_coverage"": ""standard"", ""night_patrol_sector"": ""SEC-07"", ""lighting_rating"": ""adequate""}",2021-01-01T00:00:00,2021-01-01T00:00:00
791fb49c-6c29-40f3-b4e8-5d5a40888462,Eastside Arts Corridor Government Facility #188,795 Quarry Lane,Metropolis Central,Eastside Arts Corridor,MC-10188,40.8077982,-73.9503924,government_facility,moderate,"{""cctv_coverage"": ""standard"", ""night_patrol_sector"": ""SEC-08"", ""lighting_rating"": ""adequate""}",2021-01-01T00:00:00,2021-01-01T00:00:00
4c4e9ff9-7381-42eb-aa24-39387303057e,West End Suburbs Hideout #189,667 Sunset Parkway,Metropolis Central,West End Suburbs,MC-10189,40.7289756,-73.8885301,hideout,low,"{""cctv_coverage"": ""standard"", ""night_patrol_sector"": ""SEC-09"", ""lighting_rating"": ""adequate""}",2021-01-01T00:00:00,2021-01-01T00:00:00
51d927c3-c320-4492-a54c-50107a8f20d7,Old Town Heritage Ward Industrial #190,84 St. Marks Place,Metropolis Central,Old Town Heritage Ward,MC-10190,40.7679211,-73.9531498,industrial,low,"{""cctv_coverage"": ""standard"", ""night_patrol_sector"": ""SEC-10"", ""lighting_rating"": ""adequate""}",2021-01-01T00:00:00,2021-01-01T00:00:00
ccc9ede9-d374-489a-ad61-d713200e027f,Harbor Point Terminal Street Corner #191,157 Commerce Expressway,Metropolis Central,Harbor Point Terminal,MC-10191,40.82684,-73.8778445,street_corner,extreme,"{""cctv_coverage"": ""high"", ""night_patrol_sector"": ""SEC-11"", ""lighting_rating"": ""poor""}",2021-01-01T00:00:00,2021-01-01T00:00:00
c00aade3-3d10-4ae0-a304-16cffa857751,Industrial Waterfront & Port Port Marina #192,788 River Road,Metropolis Central,Industrial Waterfront & Port,MC-10192,40.7923302,-73.9861768,port_marina,low,"{""cctv_coverage"": ""standard"", ""night_patrol_sector"": ""SEC-12"", ""lighting_rating"": ""adequate""}",2021-01-01T00:00:00,2021-01-01T00:00:00
27c5ba01-5ce5-4fe6-9046-321744230387,West End Suburbs Industrial #193,470 Atlantic Avenue,Metropolis Central,West End Suburbs,MC-10193,40.6993623,-73.9919576,industrial,low,"{""cctv_coverage"": ""standard"", ""night_patrol_sector"": ""SEC-01"", ""lighting_rating"": ""adequate""}",2021-01-01T00:00:00,2021-01-01T00:00:00
c6fc685c-b065-4243-9036-40ecfa7d1a9b,Harbor Point Terminal Industrial #194,438 Atlantic Avenue,Metropolis Central,Harbor Point Terminal,MC-10194,40.8426956,-73.8632497,industrial,moderate,"{""cctv_coverage"": ""standard"", ""night_patrol_sector"": ""SEC-02"", ""lighting_rating"": ""adequate""}",2021-01-01T00:00:00,2021-01-01T00:00:00
c173d05c-d719-4833-886e-da4c2a661de6,Eastside Arts Corridor Hideout #195,791 Pier 42 Access Rd,Metropolis Central,Eastside Arts Corridor,MC-10195,40.8791939,-73.956637,hideout,high,"{""cctv_coverage"": ""high"", ""night_patrol_sector"": ""SEC-03"", ""lighting_rating"": ""adequate""}",2021-01-01T00:00:00,2021-01-01T00:00:00
40dbdbb8-ca8c-4924-81d2-14cf033eedee,Old Town Heritage Ward Warehouse #196,33 Vanderbilt Way,Metropolis Central,Old Town Heritage Ward,MC-10196,40.7810889,-73.8566627,warehouse,low,"{""cctv_coverage"": ""standard"", ""night_patrol_sector"": ""SEC-04"", ""lighting_rating"": ""adequate""}",2021-01-01T00:00:00,2021-01-01T00:00:00
80cb7157-97e8-403b-a67e-61317126012e,South Bay Logistics Hub Atm Bank #197,59 St. Marks Place,Metropolis Central,South Bay Logistics Hub,MC-10197,40.7789788,-73.8735321,atm_bank,moderate,"{""cctv_coverage"": ""standard"", ""night_patrol_sector"": ""SEC-05"", ""lighting_rating"": ""adequate""}",2021-01-01T00:00:00,2021-01-01T00:00:00
1fa5890e-5fd4-4a44-92b0-d3371796f94b,Old Town Heritage Ward Commercial #198,302 Lexington Ave,Metropolis Central,Old Town Heritage Ward,MC-10198,40.7661856,-73.8735089,commercial,moderate,"{""cctv_coverage"": ""standard"", ""night_patrol_sector"": ""SEC-06"", ""lighting_rating"": ""adequate""}",2021-01-01T00:00:00,2021-01-01T00:00:00
18bd9af9-67fe-4803-9767-8570524e6151,Midtown Financial Plaza Warehouse #199,384 St. Marks Place,Metropolis Central,Midtown Financial Plaza,MC-10199,40.6902315,-73.9376366,warehouse,low,"{""cctv_coverage"": ""standard"", ""night_patrol_sector"": ""SEC-07"", ""lighting_rating"": ""adequate""}",2021-01-01T00:00:00,2021-01-01T00:00:00
744b859c-883c-46fa-99e4-569e3c928cd9,West End Suburbs Port Marina #200,85 Foundry Street,Metropolis Central,West End Suburbs,MC-10200,40.7700709,-73.9400286,port_marina,high,"{""cctv_coverage"": ""high"", ""night_patrol_sector"": ""SEC-08"", ""lighting_rating"": ""adequate""}",2021-01-01T00:00:00,2021-01-01T00:00:00
5eb42db4-1917-4ea0-8bac-f614ae371ec8,Harbor Point Terminal Industrial #201,706 Industrial Boulevard,Metropolis Central,Harbor Point Terminal,MC-10201,40.8750166,-73.9712193,industrial,moderate,"{""cctv_coverage"": ""standard"", ""night_patrol_sector"": ""SEC-09"", ""lighting_rating"": ""adequate""}",2021-01-01T00:00:00,2021-01-01T00:00:00
b687c1fd-1d71-412b-98f3-72522d829b21,South Bay Logistics Hub Industrial #202,581 River Road,Metropolis Central,South Bay Logistics Hub,MC-10202,40.7198116,-73.9481755,industrial,moderate,"{""cctv_coverage"": ""standard"", ""night_patrol_sector"": ""SEC-10"", ""lighting_rating"": ""adequate""}",2021-01-01T00:00:00,2021-01-01T00:00:00
bbd3f96e-d688-4b6b-807c-74670c05ebe4,Downtown Commercial District Street Corner #203,49 Harbor View Drive,Metropolis Central,Downtown Commercial District,MC-10203,40.8407932,-73.9461335,street_corner,low,"{""cctv_coverage"": ""standard"", ""night_patrol_sector"": ""SEC-11"", ""lighting_rating"": ""adequate""}",2021-01-01T00:00:00,2021-01-01T00:00:00
e6554e2b-b267-470c-8151-b6b56486161c,Silver Lake Tech Park Government Facility #204,153 Commerce Expressway,Metropolis Central,Silver Lake Tech Park,MC-10204,40.743706,-73.9714091,government_facility,moderate,"{""cctv_coverage"": ""standard"", ""night_patrol_sector"": ""SEC-12"", ""lighting_rating"": ""adequate""}",2021-01-01T00:00:00,2021-01-01T00:00:00
d1c6860c-36a7-4042-949b-122155119478,West End Suburbs Port Marina #205,617 Commerce Expressway,Metropolis Central,West End Suburbs,MC-10205,40.8456579,-73.943532,port_marina,moderate,"{""cctv_coverage"": ""standard"", ""night_patrol_sector"": ""SEC-01"", ""lighting_rating"": ""adequate""}",2021-01-01T00:00:00,2021-01-01T00:00:00
c2462271-6ba6-4a8c-bfc2-5f7ca74fb1e9,West End Suburbs Street Corner #206,496 Lexington Ave,Metropolis Central,West End Suburbs,MC-10206,40.7462479,-74.0280791,street_corner,low,"{""cctv_coverage"": ""standard"", ""night_patrol_sector"": ""SEC-02"", ""lighting_rating"": ""adequate""}",2021-01-01T00:00:00,2021-01-01T00:00:00
b2ad0b1e-63c8-4cb7-b600-b2e8b2083fa3,West End Suburbs Government Facility #207,825 Lexington Ave,Metropolis Central,West End Suburbs,MC-10207,40.774918,-73.8565859,government_facility,moderate,"{""cctv_coverage"": ""standard"", ""night_patrol_sector"": ""SEC-03"", ""lighting_rating"": ""adequate""}",2021-01-01T00:00:00,2021-01-01T00:00:00
8e64c100-747f-4065-8402-12ffc025a585,Harbor Point Terminal Residential #208,601 Atlantic Avenue,Metropolis Central,Harbor Point Terminal,MC-10208,40.7967047,-74.0158976,residential,moderate,"{""cctv_coverage"": ""standard"", ""night_patrol_sector"": ""SEC-04"", ""lighting_rating"": ""adequate""}",2021-01-01T00:00:00,2021-01-01T00:00:00
52b61ca6-7b2e-4790-96f0-8f0c3ca688ff,Harbor Point Terminal Industrial #209,803 Foundry Street,Metropolis Central,Harbor Point Terminal,MC-10209,40.8443323,-74.0015607,industrial,moderate,"{""cctv_coverage"": ""standard"", ""night_patrol_sector"": ""SEC-05"", ""lighting_rating"": ""adequate""}",2021-01-01T00:00:00,2021-01-01T00:00:00
8ba0d088-04b6-4f5b-b9a4-77482871851b,Northshore Heights Hideout #210,205 Lexington Ave,Metropolis Central,Northshore Heights,MC-10210,40.7427385,-74.0197137,hideout,moderate,"{""cctv_coverage"": ""standard"", ""night_patrol_sector"": ""SEC-06"", ""lighting_rating"": ""adequate""}",2021-01-01T00:00:00,2021-01-01T00:00:00
b0985f74-94bf-4d70-828f-fa336ef6c0ce,Midtown Financial Plaza Residential #211,523 Canal Promenade,Metropolis Central,Midtown Financial Plaza,MC-10211,40.821155,-73.9462634,residential,moderate,"{""cctv_coverage"": ""standard"", ""night_patrol_sector"": ""SEC-07"", ""lighting_rating"": ""adequate""}",2021-01-01T00:00:00,2021-01-01T00:00:00
c6b4fddb-8d9b-4ca1-8820-eea72968085a,Old Town Heritage Ward Street Corner #212,548 Foundry Street,Metropolis Central,Old Town Heritage Ward,MC-10212,40.8713371,-73.9580673,street_corner,moderate,"{""cctv_coverage"": ""standard"", ""night_patrol_sector"": ""SEC-08"", ""lighting_rating"": ""adequate""}",2021-01-01T00:00:00,2021-01-01T00:00:00
3301eaa9-a68d-4c2b-aefe-6e65bc31922f,Silver Lake Tech Park Government Facility #213,372 Highland Boulevard,Metropolis Central,Silver Lake Tech Park,MC-10213,40.776836,-73.8585325,government_facility,low,"{""cctv_coverage"": ""standard"", ""night_patrol_sector"": ""SEC-09"", ""lighting_rating"": ""adequate""}",2021-01-01T00:00:00,2021-01-01T00:00:00
0efc9786-4d52-45e9-a3a7-d37ac1a6751d,West End Suburbs Atm Bank #214,240 Sunset Parkway,Metropolis Central,West End Suburbs,MC-10214,40.8209802,-73.911952,atm_bank,low,"{""cctv_coverage"": ""standard"", ""night_patrol_sector"": ""SEC-10"", ""lighting_rating"": ""adequate""}",2021-01-01T00:00:00,2021-01-01T00:00:00
6445b12d-8162-4705-b5ba-f319b13bad07,Old Town Heritage Ward Atm Bank #215,367 Highland Boulevard,Metropolis Central,Old Town Heritage Ward,MC-10215,40.7043748,-73.9146756,atm_bank,low,"{""cctv_coverage"": ""standard"", ""night_patrol_sector"": ""SEC-11"", ""lighting_rating"": ""adequate""}",2021-01-01T00:00:00,2021-01-01T00:00:00
b0e347d5-d561-4223-a088-30db891d4c76,Midtown Financial Plaza Industrial #216,848 River Road,Metropolis Central,Midtown Financial Plaza,MC-10216,40.7380905,-73.9924739,industrial,moderate,"{""cctv_coverage"": ""standard"", ""night_patrol_sector"": ""SEC-12"", ""lighting_rating"": ""adequate""}",2021-01-01T00:00:00,2021-01-01T00:00:00
8d1a6c57-ae16-4149-a210-0223941153b6,South Bay Logistics Hub Entertainment Venue #217,956 Grand Concourse,Metropolis Central,South Bay Logistics Hub,MC-10217,40.7312888,-73.9541841,entertainment_venue,low,"{""cctv_coverage"": ""standard"", ""night_patrol_sector"": ""SEC-01"", ""lighting_rating"": ""adequate""}",2021-01-01T00:00:00,2021-01-01T00:00:00
9f2ff1bf-d849-4c04-85bb-583e83b79452,Silver Lake Tech Park Industrial #218,287 Highland Boulevard,Metropolis Central,Silver Lake Tech Park,MC-10218,40.7018453,-73.9018218,industrial,low,"{""cctv_coverage"": ""standard"", ""night_patrol_sector"": ""SEC-02"", ""lighting_rating"": ""adequate""}",2021-01-01T00:00:00,2021-01-01T00:00:00
2abd8acc-2319-4b8f-a68d-de41849862c4,Downtown Commercial District Entertainment Venue #219,695 Atlantic Avenue,Metropolis Central,Downtown Commercial District,MC-10219,40.7265673,-74.0299604,entertainment_venue,low,"{""cctv_coverage"": ""standard"", ""night_patrol_sector"": ""SEC-03"", ""lighting_rating"": ""adequate""}",2021-01-01T00:00:00,2021-01-01T00:00:00
7f832d32-998e-489f-8e3c-2de9d3985ba2,Old Town Heritage Ward Residential #220,112 Harbor View Drive,Metropolis Central,Old Town Heritage Ward,MC-10220,40.8729038,-73.8544179,residential,low,"{""cctv_coverage"": ""standard"", ""night_patrol_sector"": ""SEC-04"", ""lighting_rating"": ""adequate""}",2021-01-01T00:00:00,2021-01-01T00:00:00
1d2d807a-04e2-4847-9cf9-16c63e2b3db8,Old Town Heritage Ward Atm Bank #221,498 Beacon Street,Metropolis Central,Old Town Heritage Ward,MC-10221,40.7442335,-73.9208204,atm_bank,high,"{""cctv_coverage"": ""high"", ""night_patrol_sector"": ""SEC-05"", ""lighting_rating"": ""adequate""}",2021-01-01T00:00:00,2021-01-01T00:00:00
3101a732-0b15-4e6a-af84-8aaae42d0d27,Northshore Heights Port Marina #222,677 Atlantic Avenue,Metropolis Central,Northshore Heights,MC-10222,40.8277373,-73.8799334,port_marina,low,"{""cctv_coverage"": ""standard"", ""night_patrol_sector"": ""SEC-06"", ""lighting_rating"": ""adequate""}",2021-01-01T00:00:00,2021-01-01T00:00:00
eb54bc45-a775-4db7-b928-982d0a1221c3,Industrial Waterfront & Port Residential #223,437 Pier 42 Access Rd,Metropolis Central,Industrial Waterfront & Port,MC-10223,40.8794344,-73.9706011,residential,low,"{""cctv_coverage"": ""standard"", ""night_patrol_sector"": ""SEC-07"", ""lighting_rating"": ""adequate""}",2021-01-01T00:00:00,2021-01-01T00:00:00
908ec53c-e8e2-406d-8889-ca941cac017b,West End Suburbs Residential #224,907 St. Marks Place,Metropolis Central,West End Suburbs,MC-10224,40.7396784,-73.9294434,residential,high,"{""cctv_coverage"": ""high"", ""night_patrol_sector"": ""SEC-08"", ""lighting_rating"": ""adequate""}",2021-01-01T00:00:00,2021-01-01T00:00:00
419a71f7-bf09-4445-b743-aaea3a1ead72,South Bay Logistics Hub Entertainment Venue #225,301 Grand Concourse,Metropolis Central,South Bay Logistics Hub,MC-10225,40.7886601,-73.9512175,entertainment_venue,high,"{""cctv_coverage"": ""high"", ""night_patrol_sector"": ""SEC-09"", ""lighting_rating"": ""adequate""}",2021-01-01T00:00:00,2021-01-01T00:00:00
95025b55-b4f3-4375-8b8a-246e9fa0337f,Silver Lake Tech Park Public Transit #226,489 Highland Boulevard,Metropolis Central,Silver Lake Tech Park,MC-10226,40.8417628,-73.9838632,public_transit,moderate,"{""cctv_coverage"": ""standard"", ""night_patrol_sector"": ""SEC-10"", ""lighting_rating"": ""adequate""}",2021-01-01T00:00:00,2021-01-01T00:00:00
9fd93516-cbb2-459a-8130-d5e392dde08f,West End Suburbs Residential #227,745 Pier 42 Access Rd,Metropolis Central,West End Suburbs,MC-10227,40.8273236,-73.8918465,residential,moderate,"{""cctv_coverage"": ""standard"", ""night_patrol_sector"": ""SEC-11"", ""lighting_rating"": ""adequate""}",2021-01-01T00:00:00,2021-01-01T00:00:00
d8f1f0b2-0706-42f6-af4f-2cbd42e4690d,Eastside Arts Corridor Warehouse #228,189 Foundry Street,Metropolis Central,Eastside Arts Corridor,MC-10228,40.7830561,-74.0326524,warehouse,moderate,"{""cctv_coverage"": ""standard"", ""night_patrol_sector"": ""SEC-12"", ""lighting_rating"": ""adequate""}",2021-01-01T00:00:00,2021-01-01T00:00:00
94ab866a-4b5d-4491-b68a-3fc24e67c64d,Industrial Waterfront & Port Street Corner #229,153 Canal Promenade,Metropolis Central,Industrial Waterfront & Port,MC-10229,40.8671651,-74.048634,street_corner,low,"{""cctv_coverage"": ""standard"", ""night_patrol_sector"": ""SEC-01"", ""lighting_rating"": ""adequate""}",2021-01-01T00:00:00,2021-01-01T00:00:00
2645cd6a-4432-4748-9ece-7e43348cad42,Old Town Heritage Ward Street Corner #230,781 Highland Boulevard,Metropolis Central,Old Town Heritage Ward,MC-10230,40.7403892,-73.9054235,street_corner,low,"{""cctv_coverage"": ""standard"", ""night_patrol_sector"": ""SEC-02"", ""lighting_rating"": ""adequate""}",2021-01-01T00:00:00,2021-01-01T00:00:00
a35aaddb-4bd1-4739-aaec-6d8a764ed054,South Bay Logistics Hub Residential #231,719 Atlantic Avenue,Metropolis Central,South Bay Logistics Hub,MC-10231,40.8135572,-73.956921,residential,low,"{""cctv_coverage"": ""standard"", ""night_patrol_sector"": ""SEC-03"", ""lighting_rating"": ""adequate""}",2021-01-01T00:00:00,2021-01-01T00:00:00
317180d8-5834-4ae1-9f8e-8e2618acf9df,Silver Lake Tech Park Commercial #232,955 Sunset Parkway,Metropolis Central,Silver Lake Tech Park,MC-10232,40.8077423,-73.8618729,commercial,low,"{""cctv_coverage"": ""standard"", ""night_patrol_sector"": ""SEC-04"", ""lighting_rating"": ""adequate""}",2021-01-01T00:00:00,2021-01-01T00:00:00
3cdebaee-d445-4118-a1c9-3497281853a9,Eastside Arts Corridor Hideout #233,234 Harbor View Drive,Metropolis Central,Eastside Arts Corridor,MC-10233,40.7106371,-73.900453,hideout,moderate,"{""cctv_coverage"": ""standard"", ""night_patrol_sector"": ""SEC-05"", ""lighting_rating"": ""adequate""}",2021-01-01T00:00:00,2021-01-01T00:00:00
79e77a7b-c5ad-452e-bcee-769a2cde1b6e,Midtown Financial Plaza Port Marina #234,728 Canal Promenade,Metropolis Central,Midtown Financial Plaza,MC-10234,40.840399,-73.8848793,port_marina,moderate,"{""cctv_coverage"": ""standard"", ""night_patrol_sector"": ""SEC-06"", ""lighting_rating"": ""adequate""}",2021-01-01T00:00:00,2021-01-01T00:00:00
9cefad6e-7fbe-43e2-a8a9-a88d3301f563,Harbor Point Terminal Port Marina #235,904 Vanderbilt Way,Metropolis Central,Harbor Point Terminal,MC-10235,40.7693496,-73.9092468,port_marina,low,"{""cctv_coverage"": ""standard"", ""night_patrol_sector"": ""SEC-07"", ""lighting_rating"": ""adequate""}",2021-01-01T00:00:00,2021-01-01T00:00:00
5a0c7faf-deba-4a6a-8fbd-b143d049f11e,Harbor Point Terminal Port Marina #236,124 St. Marks Place,Metropolis Central,Harbor Point Terminal,MC-10236,40.8605776,-74.0095686,port_marina,moderate,"{""cctv_coverage"": ""standard"", ""night_patrol_sector"": ""SEC-08"", ""lighting_rating"": ""adequate""}",2021-01-01T00:00:00,2021-01-01T00:00:00
5aa61b4c-cb9b-47b4-96ae-d8a126fffba6,Industrial Waterfront & Port Commercial #237,345 Grand Concourse,Metropolis Central,Industrial Waterfront & Port,MC-10237,40.816059,-73.9066164,commercial,low,"{""cctv_coverage"": ""standard"", ""night_patrol_sector"": ""SEC-09"", ""lighting_rating"": ""adequate""}",2021-01-01T00:00:00,2021-01-01T00:00:00
e08bb290-146e-4b48-bc9c-78590441e64e,Silver Lake Tech Park Hideout #238,466 St. Marks Place,Metropolis Central,Silver Lake Tech Park,MC-10238,40.7063889,-73.9669151,hideout,moderate,"{""cctv_coverage"": ""standard"", ""night_patrol_sector"": ""SEC-10"", ""lighting_rating"": ""adequate""}",2021-01-01T00:00:00,2021-01-01T00:00:00
329f95df-5e0c-4267-bbcd-1445ac64d649,Silver Lake Tech Park Residential #239,483 Sunset Parkway,Metropolis Central,Silver Lake Tech Park,MC-10239,40.7591897,-73.8867094,residential,moderate,"{""cctv_coverage"": ""standard"", ""night_patrol_sector"": ""SEC-11"", ""lighting_rating"": ""adequate""}",2021-01-01T00:00:00,2021-01-01T00:00:00
9e7b93b2-dab3-4f19-91ba-924913d2bbe1,Harbor Point Terminal Warehouse #240,84 St. Marks Place,Metropolis Central,Harbor Point Terminal,MC-10240,40.7489058,-74.037248,warehouse,extreme,"{""cctv_coverage"": ""high"", ""night_patrol_sector"": ""SEC-12"", ""lighting_rating"": ""poor""}",2021-01-01T00:00:00,2021-01-01T00:00:00
4ca2ccc2-fa51-4f8d-8ca3-7ed8b1284439,Northshore Heights Residential #241,966 Canal Promenade,Metropolis Central,Northshore Heights,MC-10241,40.7374181,-74.0140037,residential,low,"{""cctv_coverage"": ""standard"", ""night_patrol_sector"": ""SEC-01"", ""lighting_rating"": ""adequate""}",2021-01-01T00:00:00,2021-01-01T00:00:00
23980fbe-38b1-441a-8c06-6cc56ea188c1,Midtown Financial Plaza Hideout #242,393 Foundry Street,Metropolis Central,Midtown Financial Plaza,MC-10242,40.8539241,-73.8686465,hideout,low,"{""cctv_coverage"": ""standard"", ""night_patrol_sector"": ""SEC-02"", ""lighting_rating"": ""adequate""}",2021-01-01T00:00:00,2021-01-01T00:00:00
16157a00-ec39-486f-86c9-b0317b340e79,Silver Lake Tech Park Commercial #243,146 River Road,Metropolis Central,Silver Lake Tech Park,MC-10243,40.7156947,-73.9425483,commercial,moderate,"{""cctv_coverage"": ""standard"", ""night_patrol_sector"": ""SEC-03"", ""lighting_rating"": ""adequate""}",2021-01-01T00:00:00,2021-01-01T00:00:00
7a3a07bc-b7ba-4af6-b64c-a6e2a44ef00c,Eastside Arts Corridor Residential #244,864 Lexington Ave,Metropolis Central,Eastside Arts Corridor,MC-10244,40.8756981,-73.9573992,residential,moderate,"{""cctv_coverage"": ""standard"", ""night_patrol_sector"": ""SEC-04"", ""lighting_rating"": ""adequate""}",2021-01-01T00:00:00,2021-01-01T00:00:00
52956e92-cb98-4e4d-b557-cf39ba2167f6,Midtown Financial Plaza Public Transit #245,554 Foundry Street,Metropolis Central,Midtown Financial Plaza,MC-10245,40.7295024,-73.9807681,public_transit,low,"{""cctv_coverage"": ""standard"", ""night_patrol_sector"": ""SEC-05"", ""lighting_rating"": ""adequate""}",2021-01-01T00:00:00,2021-01-01T00:00:00
5924eb47-3662-4a05-8c0a-59cab1a3062c,Northshore Heights Government Facility #246,42 Quarry Lane,Metropolis Central,Northshore Heights,MC-10246,40.8332107,-73.8732487,government_facility,low,"{""cctv_coverage"": ""standard"", ""night_patrol_sector"": ""SEC-06"", ""lighting_rating"": ""adequate""}",2021-01-01T00:00:00,2021-01-01T00:00:00
4c09c4e6-f23d-4410-9904-a12c999267bb,Eastside Arts Corridor Government Facility #247,78 Industrial Boulevard,Metropolis Central,Eastside Arts Corridor,MC-10247,40.6867153,-73.930443,government_facility,moderate,"{""cctv_coverage"": ""standard"", ""night_patrol_sector"": ""SEC-07"", ""lighting_rating"": ""adequate""}",2021-01-01T00:00:00,2021-01-01T00:00:00
9829de19-0b9c-43d8-a682-425fef2cfa8b,Downtown Commercial District Warehouse #248,260 St. Marks Place,Metropolis Central,Downtown Commercial District,MC-10248,40.7677926,-73.942048,warehouse,moderate,"{""cctv_coverage"": ""standard"", ""night_patrol_sector"": ""SEC-08"", ""lighting_rating"": ""adequate""}",2021-01-01T00:00:00,2021-01-01T00:00:00
315028bd-f929-48d3-96c4-22aff894c36e,Downtown Commercial District Public Transit #249,153 Sunset Parkway,Metropolis Central,Downtown Commercial District,MC-10249,40.8431573,-73.9036965,public_transit,low,"{""cctv_coverage"": ""standard"", ""night_patrol_sector"": ""SEC-09"", ""lighting_rating"": ""adequate""}",2021-01-01T00:00:00,2021-01-01T00:00:00
4c9d50b1-0797-48e8-a46c-e3e8bf0f10c2,Harbor Point Terminal Public Transit #250,801 Commerce Expressway,Metropolis Central,Harbor Point Terminal,MC-10250,40.7403529,-74.0213479,public_transit,moderate,"{""cctv_coverage"": ""standard"", ""night_patrol_sector"": ""SEC-10"", ""lighting_rating"": ""adequate""}",2021-01-01T00:00:00,2021-01-01T00:00:00
81d614d6-35e4-42c4-adfb-81c3c10151c3,Eastside Arts Corridor Atm Bank #251,433 Sunset Parkway,Metropolis Central,Eastside Arts Corridor,MC-10001,40.6921915,-73.8602959,atm_bank,high,"{""cctv_coverage"": ""high"", ""night_patrol_sector"": ""SEC-11"", ""lighting_rating"": ""adequate""}",2021-01-01T00:00:00,2021-01-01T00:00:00
df188bac-c590-4fd8-b112-b150340e18f8,Industrial Waterfront & Port Port Marina #252,651 Quarry Lane,Metropolis Central,Industrial Waterfront & Port,MC-10002,40.7791242,-73.855542,port_marina,high,"{""cctv_coverage"": ""high"", ""night_patrol_sector"": ""SEC-12"", ""lighting_rating"": ""adequate""}",2021-01-01T00:00:00,2021-01-01T00:00:00
65dc2abc-95f3-4244-8fe9-5cd5dae14c40,Midtown Financial Plaza Warehouse #253,814 Commerce Expressway,Metropolis Central,Midtown Financial Plaza,MC-10003,40.7616518,-73.9900223,warehouse,low,"{""cctv_coverage"": ""standard"", ""night_patrol_sector"": ""SEC-01"", ""lighting_rating"": ""adequate""}",2021-01-01T00:00:00,2021-01-01T00:00:00
09480f4a-699c-4981-b04b-fadb952319e0,Silver Lake Tech Park Public Transit #254,494 Atlantic Avenue,Metropolis Central,Silver Lake Tech Park,MC-10004,40.7401473,-73.9084846,public_transit,high,"{""cctv_coverage"": ""high"", ""night_patrol_sector"": ""SEC-02"", ""lighting_rating"": ""adequate""}",2021-01-01T00:00:00,2021-01-01T00:00:00
84e5b62e-8018-4800-843a-6c2ba6623022,Downtown Commercial District Warehouse #255,585 Quarry Lane,Metropolis Central,Downtown Commercial District,MC-10005,40.7914574,-74.0231814,warehouse,low,"{""cctv_coverage"": ""standard"", ""night_patrol_sector"": ""SEC-03"", ""lighting_rating"": ""adequate""}",2021-01-01T00:00:00,2021-01-01T00:00:00
8c894287-391c-4d83-8eec-357dc4f9553d,Eastside Arts Corridor Hideout #256,348 Vanderbilt Way,Metropolis Central,Eastside Arts Corridor,MC-10006,40.8494267,-74.0315072,hideout,moderate,"{""cctv_coverage"": ""standard"", ""night_patrol_sector"": ""SEC-04"", ""lighting_rating"": ""adequate""}",2021-01-01T00:00:00,2021-01-01T00:00:00
d04b0d7a-4d26-47d3-aa65-2cc36be66c6c,Eastside Arts Corridor Warehouse #257,62 Highland Boulevard,Metropolis Central,Eastside Arts Corridor,MC-10007,40.8147344,-73.9294156,warehouse,high,"{""cctv_coverage"": ""high"", ""night_patrol_sector"": ""SEC-05"", ""lighting_rating"": ""adequate""}",2021-01-01T00:00:00,2021-01-01T00:00:00
69974cb8-63c6-446e-b1de-1c0e4bca3903,Eastside Arts Corridor Hideout #258,833 Beacon Street,Metropolis Central,Eastside Arts Corridor,MC-10008,40.7217778,-73.8685934,hideout,low,"{""cctv_coverage"": ""standard"", ""night_patrol_sector"": ""SEC-06"", ""lighting_rating"": ""adequate""}",2021-01-01T00:00:00,2021-01-01T00:00:00
a243cca3-b031-4274-b19f-852cd6f64b08,Downtown Commercial District Commercial #259,226 Beacon Street,Metropolis Central,Downtown Commercial District,MC-10009,40.8293758,-73.8991339,commercial,high,"{""cctv_coverage"": ""high"", ""night_patrol_sector"": ""SEC-07"", ""lighting_rating"": ""adequate""}",2021-01-01T00:00:00,2021-01-01T00:00:00
de7e3c2e-654d-4062-a992-b07ac15088c5,Harbor Point Terminal Warehouse #260,730 Beacon Street,Metropolis Central,Harbor Point Terminal,MC-10010,40.8630253,-73.9395841,warehouse,moderate,"{""cctv_coverage"": ""standard"", ""night_patrol_sector"": ""SEC-08"", ""lighting_rating"": ""adequate""}",2021-01-01T00:00:00,2021-01-01T00:00:00
06c70c28-a277-4099-a157-dffbd3430867,Midtown Financial Plaza Atm Bank #261,487 River Road,Metropolis Central,Midtown Financial Plaza,MC-10011,40.7323123,-73.9474367,atm_bank,low,"{""cctv_coverage"": ""standard"", ""night_patrol_sector"": ""SEC-09"", ""lighting_rating"": ""adequate""}",2021-01-01T00:00:00,2021-01-01T00:00:00
e7ff54c1-b294-484f-ad8d-eddc31d384f7,Northshore Heights Street Corner #262,832 Canal Promenade,Metropolis Central,Northshore Heights,MC-10012,40.8628661,-73.975859,street_corner,low,"{""cctv_coverage"": ""standard"", ""night_patrol_sector"": ""SEC-10"", ""lighting_rating"": ""adequate""}",2021-01-01T00:00:00,2021-01-01T00:00:00
eda6c080-28b0-4504-aea6-bef347a3466b,Harbor Point Terminal Industrial #263,894 Atlantic Avenue,Metropolis Central,Harbor Point Terminal,MC-10013,40.683244,-73.9393377,industrial,moderate,"{""cctv_coverage"": ""standard"", ""night_patrol_sector"": ""SEC-11"", ""lighting_rating"": ""adequate""}",2021-01-01T00:00:00,2021-01-01T00:00:00
75b60092-a7ef-4801-bbc3-e5bd8593e1fb,Midtown Financial Plaza Public Transit #264,312 Harbor View Drive,Metropolis Central,Midtown Financial Plaza,MC-10014,40.7459731,-73.974032,public_transit,high,"{""cctv_coverage"": ""high"", ""night_patrol_sector"": ""SEC-12"", ""lighting_rating"": ""adequate""}",2021-01-01T00:00:00,2021-01-01T00:00:00
66cbe258-2cdf-498d-a84e-91136ec62434,Old Town Heritage Ward Atm Bank #265,573 Commerce Expressway,Metropolis Central,Old Town Heritage Ward,MC-10015,40.8326721,-73.9522758,atm_bank,moderate,"{""cctv_coverage"": ""standard"", ""night_patrol_sector"": ""SEC-01"", ""lighting_rating"": ""adequate""}",2021-01-01T00:00:00,2021-01-01T00:00:00
4d0f67df-7e12-48e9-8d9c-904663ae42ca,Old Town Heritage Ward Street Corner #266,481 Pier 42 Access Rd,Metropolis Central,Old Town Heritage Ward,MC-10016,40.7138531,-73.9059373,street_corner,low,"{""cctv_coverage"": ""standard"", ""night_patrol_sector"": ""SEC-02"", ""lighting_rating"": ""adequate""}",2021-01-01T00:00:00,2021-01-01T00:00:00
b5245710-adb7-423b-a379-cfd24533adee,Silver Lake Tech Park Port Marina #267,667 St. Marks Place,Metropolis Central,Silver Lake Tech Park,MC-10017,40.6867648,-73.8806605,port_marina,high,"{""cctv_coverage"": ""high"", ""night_patrol_sector"": ""SEC-03"", ""lighting_rating"": ""adequate""}",2021-01-01T00:00:00,2021-01-01T00:00:00
6e8f2bfb-6004-4064-b749-a516be2c4710,Downtown Commercial District Warehouse #268,792 Lexington Ave,Metropolis Central,Downtown Commercial District,MC-10018,40.7074983,-73.9238597,warehouse,low,"{""cctv_coverage"": ""standard"", ""night_patrol_sector"": ""SEC-04"", ""lighting_rating"": ""adequate""}",2021-01-01T00:00:00,2021-01-01T00:00:00
a03db8bd-2a33-4ef7-8a48-bc35c7a7c640,Industrial Waterfront & Port Port Marina #269,19 Beacon Street,Metropolis Central,Industrial Waterfront & Port,MC-10019,40.7712019,-74.03791,port_marina,moderate,"{""cctv_coverage"": ""standard"", ""night_patrol_sector"": ""SEC-05"", ""lighting_rating"": ""adequate""}",2021-01-01T00:00:00,2021-01-01T00:00:00
f9898497-9508-4828-a263-8191367592d3,Harbor Point Terminal Entertainment Venue #270,944 Canal Promenade,Metropolis Central,Harbor Point Terminal,MC-10020,40.7775709,-74.0486775,entertainment_venue,moderate,"{""cctv_coverage"": ""standard"", ""night_patrol_sector"": ""SEC-06"", ""lighting_rating"": ""adequate""}",2021-01-01T00:00:00,2021-01-01T00:00:00
2077cd4d-fea7-4562-b5f6-8dcede9a1a89,Downtown Commercial District Port Marina #271,27 Highland Boulevard,Metropolis Central,Downtown Commercial District,MC-10021,40.8754959,-74.0465715,port_marina,high,"{""cctv_coverage"": ""high"", ""night_patrol_sector"": ""SEC-07"", ""lighting_rating"": ""adequate""}",2021-01-01T00:00:00,2021-01-01T00:00:00
12b7ae11-1f76-413a-9d92-9e65ae0d5f2c,Midtown Financial Plaza Commercial #272,835 Pier 42 Access Rd,Metropolis Central,Midtown Financial Plaza,MC-10022,40.8636098,-73.9451229,commercial,low,"{""cctv_coverage"": ""standard"", ""night_patrol_sector"": ""SEC-08"", ""lighting_rating"": ""adequate""}",2021-01-01T00:00:00,2021-01-01T00:00:00
4d1afbb5-46c1-4b55-9591-f2c87a865875,Harbor Point Terminal Street Corner #273,549 Highland Boulevard,Metropolis Central,Harbor Point Terminal,MC-10023,40.7334649,-73.9706207,street_corner,low,"{""cctv_coverage"": ""standard"", ""night_patrol_sector"": ""SEC-09"", ""lighting_rating"": ""adequate""}",2021-01-01T00:00:00,2021-01-01T00:00:00
a72f07ca-aa37-4ea7-8c4e-55443b36d93d,Midtown Financial Plaza Public Transit #274,480 Atlantic Avenue,Metropolis Central,Midtown Financial Plaza,MC-10024,40.7399949,-73.8843876,public_transit,low,"{""cctv_coverage"": ""standard"", ""night_patrol_sector"": ""SEC-10"", ""lighting_rating"": ""adequate""}",2021-01-01T00:00:00,2021-01-01T00:00:00
e9495589-fef2-46bf-940e-6b05bb3efb69,Downtown Commercial District Warehouse #275,105 Foundry Street,Metropolis Central,Downtown Commercial District,MC-10025,40.7554339,-73.954799,warehouse,moderate,"{""cctv_coverage"": ""standard"", ""night_patrol_sector"": ""SEC-11"", ""lighting_rating"": ""adequate""}",2021-01-01T00:00:00,2021-01-01T00:00:00
1d957deb-622d-444a-92fb-9311f8366d84,Industrial Waterfront & Port Warehouse #276,94 Canal Promenade,Metropolis Central,Industrial Waterfront & Port,MC-10026,40.8089814,-73.9837459,warehouse,extreme,"{""cctv_coverage"": ""high"", ""night_patrol_sector"": ""SEC-12"", ""lighting_rating"": ""poor""}",2021-01-01T00:00:00,2021-01-01T00:00:00
7467cb16-03cf-4f4c-bd6e-6ea9a509f7ce,Northshore Heights Public Transit #277,926 St. Marks Place,Metropolis Central,Northshore Heights,MC-10027,40.7222834,-73.8763766,public_transit,high,"{""cctv_coverage"": ""high"", ""night_patrol_sector"": ""SEC-01"", ""lighting_rating"": ""adequate""}",2021-01-01T00:00:00,2021-01-01T00:00:00
f279d790-b44e-43f8-96b7-39b7fe413263,Old Town Heritage Ward Commercial #278,287 St. Marks Place,Metropolis Central,Old Town Heritage Ward,MC-10028,40.8168857,-73.9939254,commercial,moderate,"{""cctv_coverage"": ""standard"", ""night_patrol_sector"": ""SEC-02"", ""lighting_rating"": ""adequate""}",2021-01-01T00:00:00,2021-01-01T00:00:00
c8c861ce-80a0-42eb-829a-ac2a25f340b3,Downtown Commercial District Residential #279,193 Commerce Expressway,Metropolis Central,Downtown Commercial District,MC-10029,40.8722938,-73.9325928,residential,moderate,"{""cctv_coverage"": ""standard"", ""night_patrol_sector"": ""SEC-03"", ""lighting_rating"": ""adequate""}",2021-01-01T00:00:00,2021-01-01T00:00:00
2c755a28-1619-4bc1-ba2c-9ca9a5104846,Midtown Financial Plaza Atm Bank #280,961 Vanderbilt Way,Metropolis Central,Midtown Financial Plaza,MC-10030,40.7124901,-74.0019056,atm_bank,high,"{""cctv_coverage"": ""high"", ""night_patrol_sector"": ""SEC-04"", ""lighting_rating"": ""adequate""}",2021-01-01T00:00:00,2021-01-01T00:00:00
cd5bdf4d-d32d-4bc2-bc63-62a46a4e8770,Midtown Financial Plaza Warehouse #281,703 Commerce Expressway,Metropolis Central,Midtown Financial Plaza,MC-10031,40.8311219,-74.0220099,warehouse,extreme,"{""cctv_coverage"": ""high"", ""night_patrol_sector"": ""SEC-05"", ""lighting_rating"": ""poor""}",2021-01-01T00:00:00,2021-01-01T00:00:00
a88a1f3c-9316-45cc-9713-95812c013504,Northshore Heights Residential #282,522 River Road,Metropolis Central,Northshore Heights,MC-10032,40.6995372,-74.0035712,residential,low,"{""cctv_coverage"": ""standard"", ""night_patrol_sector"": ""SEC-06"", ""lighting_rating"": ""adequate""}",2021-01-01T00:00:00,2021-01-01T00:00:00
dc09199f-ac26-4058-b770-cadf0635ba2f,Harbor Point Terminal Street Corner #283,797 Foundry Street,Metropolis Central,Harbor Point Terminal,MC-10033,40.6859251,-73.9953346,street_corner,extreme,"{""cctv_coverage"": ""high"", ""night_patrol_sector"": ""SEC-07"", ""lighting_rating"": ""poor""}",2021-01-01T00:00:00,2021-01-01T00:00:00
2c47b71e-dbc3-40de-809c-edbb5ccf3378,Old Town Heritage Ward Port Marina #284,243 River Road,Metropolis Central,Old Town Heritage Ward,MC-10034,40.8682286,-73.9636304,port_marina,moderate,"{""cctv_coverage"": ""standard"", ""night_patrol_sector"": ""SEC-08"", ""lighting_rating"": ""adequate""}",2021-01-01T00:00:00,2021-01-01T00:00:00
813290f5-9887-4a97-943b-70c8c84dae61,Midtown Financial Plaza Public Transit #285,97 Sunset Parkway,Metropolis Central,Midtown Financial Plaza,MC-10035,40.8226217,-74.0335924,public_transit,low,"{""cctv_coverage"": ""standard"", ""night_patrol_sector"": ""SEC-09"", ""lighting_rating"": ""adequate""}",2021-01-01T00:00:00,2021-01-01T00:00:00
4059a1e0-44d0-49c1-9598-57c53beb3636,Industrial Waterfront & Port Street Corner #286,767 Foundry Street,Metropolis Central,Industrial Waterfront & Port,MC-10036,40.75214,-74.0316959,street_corner,high,"{""cctv_coverage"": ""high"", ""night_patrol_sector"": ""SEC-10"", ""lighting_rating"": ""adequate""}",2021-01-01T00:00:00,2021-01-01T00:00:00
6259d499-11e3-4aaa-b4fe-301564db7ee2,Old Town Heritage Ward Commercial #287,378 Highland Boulevard,Metropolis Central,Old Town Heritage Ward,MC-10037,40.7065014,-74.0125216,commercial,low,"{""cctv_coverage"": ""standard"", ""night_patrol_sector"": ""SEC-11"", ""lighting_rating"": ""adequate""}",2021-01-01T00:00:00,2021-01-01T00:00:00
d5ed0b62-af14-4f82-bf35-507013cc24d1,Silver Lake Tech Park Commercial #288,534 Quarry Lane,Metropolis Central,Silver Lake Tech Park,MC-10038,40.6852524,-73.9792171,commercial,low,"{""cctv_coverage"": ""standard"", ""night_patrol_sector"": ""SEC-12"", ""lighting_rating"": ""adequate""}",2021-01-01T00:00:00,2021-01-01T00:00:00
a5b76de4-d99d-4635-a436-c9ad5b5d4906,Harbor Point Terminal Warehouse #289,813 Commerce Expressway,Metropolis Central,Harbor Point Terminal,MC-10039,40.6824681,-73.967238,warehouse,moderate,"{""cctv_coverage"": ""standard"", ""night_patrol_sector"": ""SEC-01"", ""lighting_rating"": ""adequate""}",2021-01-01T00:00:00,2021-01-01T00:00:00
b09d4663-905f-432a-b42b-fcf63c7b1f91,Silver Lake Tech Park Government Facility #290,936 Atlantic Avenue,Metropolis Central,Silver Lake Tech Park,MC-10040,40.7842209,-73.9129368,government_facility,low,"{""cctv_coverage"": ""standard"", ""night_patrol_sector"": ""SEC-02"", ""lighting_rating"": ""adequate""}",2021-01-01T00:00:00,2021-01-01T00:00:00
91d24a1c-683f-4421-80aa-d55a83f5b4ef,West End Suburbs Hideout #291,318 Highland Boulevard,Metropolis Central,West End Suburbs,MC-10041,40.709187,-74.0165585,hideout,low,"{""cctv_coverage"": ""standard"", ""night_patrol_sector"": ""SEC-03"", ""lighting_rating"": ""adequate""}",2021-01-01T00:00:00,2021-01-01T00:00:00
19454c2c-dfbf-4f4e-b497-10ae4a5ff67b,West End Suburbs Street Corner #292,505 Vanderbilt Way,Metropolis Central,West End Suburbs,MC-10042,40.7303399,-74.000682,street_corner,moderate,"{""cctv_coverage"": ""standard"", ""night_patrol_sector"": ""SEC-04"", ""lighting_rating"": ""adequate""}",2021-01-01T00:00:00,2021-01-01T00:00:00
5b9aabee-9b61-479f-bb2a-7d8c320ff5a4,Harbor Point Terminal Hideout #293,641 Beacon Street,Metropolis Central,Harbor Point Terminal,MC-10043,40.7013945,-73.9890684,hideout,high,"{""cctv_coverage"": ""high"", ""night_patrol_sector"": ""SEC-05"", ""lighting_rating"": ""adequate""}",2021-01-01T00:00:00,2021-01-01T00:00:00
2ccfb58f-92f6-4b6a-a1d6-c2d05e07fa81,South Bay Logistics Hub Street Corner #294,871 Foundry Street,Metropolis Central,South Bay Logistics Hub,MC-10044,40.7680446,-73.9638768,street_corner,high,"{""cctv_coverage"": ""high"", ""night_patrol_sector"": ""SEC-06"", ""lighting_rating"": ""adequate""}",2021-01-01T00:00:00,2021-01-01T00:00:00
7dab38ad-292c-4e70-9a15-15c46321a406,Harbor Point Terminal Street Corner #295,149 Sunset Parkway,Metropolis Central,Harbor Point Terminal,MC-10045,40.8006423,-73.9109415,street_corner,low,"{""cctv_coverage"": ""standard"", ""night_patrol_sector"": ""SEC-07"", ""lighting_rating"": ""adequate""}",2021-01-01T00:00:00,2021-01-01T00:00:00
5cd79679-941a-4e52-a081-625d6ac0332f,Industrial Waterfront & Port Street Corner #296,997 Foundry Street,Metropolis Central,Industrial Waterfront & Port,MC-10046,40.7382896,-73.9110084,street_corner,low,"{""cctv_coverage"": ""standard"", ""night_patrol_sector"": ""SEC-08"", ""lighting_rating"": ""adequate""}",2021-01-01T00:00:00,2021-01-01T00:00:00
2b5c1064-2aab-4056-9035-0536847dee4e,Harbor Point Terminal Street Corner #297,810 Atlantic Avenue,Metropolis Central,Harbor Point Terminal,MC-10047,40.7552111,-73.8867011,street_corner,low,"{""cctv_coverage"": ""standard"", ""night_patrol_sector"": ""SEC-09"", ""lighting_rating"": ""adequate""}",2021-01-01T00:00:00,2021-01-01T00:00:00
bcde1b8a-9854-4e09-a1b9-d8f52bc96d62,Northshore Heights Government Facility #298,964 Beacon Street,Metropolis Central,Northshore Heights,MC-10048,40.879453,-74.0140146,government_facility,moderate,"{""cctv_coverage"": ""standard"", ""night_patrol_sector"": ""SEC-10"", ""lighting_rating"": ""adequate""}",2021-01-01T00:00:00,2021-01-01T00:00:00
44333ed2-3efe-4d2e-a451-ca35d9bb828c,Downtown Commercial District Public Transit #299,985 Grand Concourse,Metropolis Central,Downtown Commercial District,MC-10049,40.767691,-73.9917338,public_transit,moderate,"{""cctv_coverage"": ""standard"", ""night_patrol_sector"": ""SEC-11"", ""lighting_rating"": ""adequate""}",2021-01-01T00:00:00,2021-01-01T00:00:00
880c9e3e-459e-47a9-90c4-3b11216d2aec,Midtown Financial Plaza Industrial #300,699 Canal Promenade,Metropolis Central,Midtown Financial Plaza,MC-10050,40.8066672,-74.0015958,industrial,moderate,"{""cctv_coverage"": ""standard"", ""night_patrol_sector"": ""SEC-12"", ""lighting_rating"": ""adequate""}",2021-01-01T00:00:00,2021-01-01T00:00:00
cbea9c7a-7a99-4b06-9cbb-f8e021da3f1a,Midtown Financial Plaza Commercial #301,818 Foundry Street,Metropolis Central,Midtown Financial Plaza,MC-10051,40.7698133,-73.9304132,commercial,moderate,"{""cctv_coverage"": ""standard"", ""night_patrol_sector"": ""SEC-01"", ""lighting_rating"": ""adequate""}",2021-01-01T00:00:00,2021-01-01T00:00:00
7dbf76b7-ba32-4d9d-a54e-723577bf518a,Silver Lake Tech Park Port Marina #302,528 Quarry Lane,Metropolis Central,Silver Lake Tech Park,MC-10052,40.687353,-73.8563144,port_marina,moderate,"{""cctv_coverage"": ""standard"", ""night_patrol_sector"": ""SEC-02"", ""lighting_rating"": ""adequate""}",2021-01-01T00:00:00,2021-01-01T00:00:00
6c3e10f3-126c-4b9a-9586-fbddaf3f6332,Silver Lake Tech Park Commercial #303,618 Vanderbilt Way,Metropolis Central,Silver Lake Tech Park,MC-10053,40.8337908,-73.9184797,commercial,low,"{""cctv_coverage"": ""standard"", ""night_patrol_sector"": ""SEC-03"", ""lighting_rating"": ""adequate""}",2021-01-01T00:00:00,2021-01-01T00:00:00
1b23e660-facc-413d-ac01-bd52343f6d79,Harbor Point Terminal Street Corner #304,55 Foundry Street,Metropolis Central,Harbor Point Terminal,MC-10054,40.8731434,-73.9639089,street_corner,low,"{""cctv_coverage"": ""standard"", ""night_patrol_sector"": ""SEC-04"", ""lighting_rating"": ""adequate""}",2021-01-01T00:00:00,2021-01-01T00:00:00
ecc1c639-90b3-452b-9768-c6ebb82a9048,West End Suburbs Hideout #305,237 Atlantic Avenue,Metropolis Central,West End Suburbs,MC-10055,40.7548239,-73.9573874,hideout,moderate,"{""cctv_coverage"": ""standard"", ""night_patrol_sector"": ""SEC-05"", ""lighting_rating"": ""adequate""}",2021-01-01T00:00:00,2021-01-01T00:00:00
58689350-5577-4327-98e0-82aa2a8a150e,Silver Lake Tech Park Residential #306,164 River Road,Metropolis Central,Silver Lake Tech Park,MC-10056,40.7765542,-73.9909136,residential,high,"{""cctv_coverage"": ""high"", ""night_patrol_sector"": ""SEC-06"", ""lighting_rating"": ""adequate""}",2021-01-01T00:00:00,2021-01-01T00:00:00
d32741fd-3d2d-4387-b735-342a3439dcb3,Northshore Heights Street Corner #307,128 Harbor View Drive,Metropolis Central,Northshore Heights,MC-10057,40.7423781,-73.9589335,street_corner,low,"{""cctv_coverage"": ""standard"", ""night_patrol_sector"": ""SEC-07"", ""lighting_rating"": ""adequate""}",2021-01-01T00:00:00,2021-01-01T00:00:00
9672dbe4-3140-4f3e-84f0-63546facfd25,Old Town Heritage Ward Commercial #308,366 Canal Promenade,Metropolis Central,Old Town Heritage Ward,MC-10058,40.7676332,-73.9106473,commercial,low,"{""cctv_coverage"": ""standard"", ""night_patrol_sector"": ""SEC-08"", ""lighting_rating"": ""adequate""}",2021-01-01T00:00:00,2021-01-01T00:00:00
2bf62deb-64e6-455a-870a-8d5fff404b16,West End Suburbs Residential #309,55 Industrial Boulevard,Metropolis Central,West End Suburbs,MC-10059,40.849836,-73.920406,residential,moderate,"{""cctv_coverage"": ""standard"", ""night_patrol_sector"": ""SEC-09"", ""lighting_rating"": ""adequate""}",2021-01-01T00:00:00,2021-01-01T00:00:00
ae89df66-28da-406a-b896-0c30df25f1e6,Industrial Waterfront & Port Port Marina #310,962 Atlantic Avenue,Metropolis Central,Industrial Waterfront & Port,MC-10060,40.7148906,-74.0179729,port_marina,moderate,"{""cctv_coverage"": ""standard"", ""night_patrol_sector"": ""SEC-10"", ""lighting_rating"": ""adequate""}",2021-01-01T00:00:00,2021-01-01T00:00:00
ff078a9f-9117-45b1-b318-b3e76d1dd86e,Old Town Heritage Ward Entertainment Venue #311,247 Foundry Street,Metropolis Central,Old Town Heritage Ward,MC-10061,40.7168904,-73.9219042,entertainment_venue,low,"{""cctv_coverage"": ""standard"", ""night_patrol_sector"": ""SEC-11"", ""lighting_rating"": ""adequate""}",2021-01-01T00:00:00,2021-01-01T00:00:00
e9d50ad4-6ceb-47b1-b4c2-75015ae3e110,Downtown Commercial District Hideout #312,765 Beacon Street,Metropolis Central,Downtown Commercial District,MC-10062,40.7984406,-73.9722328,hideout,moderate,"{""cctv_coverage"": ""standard"", ""night_patrol_sector"": ""SEC-12"", ""lighting_rating"": ""adequate""}",2021-01-01T00:00:00,2021-01-01T00:00:00
87004996-5ba9-42fa-8427-ba54e6e9533d,Eastside Arts Corridor Government Facility #313,295 Vanderbilt Way,Metropolis Central,Eastside Arts Corridor,MC-10063,40.7003504,-73.8756041,government_facility,low,"{""cctv_coverage"": ""standard"", ""night_patrol_sector"": ""SEC-01"", ""lighting_rating"": ""adequate""}",2021-01-01T00:00:00,2021-01-01T00:00:00
7ef69875-65cb-4760-a91b-f12296ed3664,South Bay Logistics Hub Commercial #314,211 Grand Concourse,Metropolis Central,South Bay Logistics Hub,MC-10064,40.7324707,-73.8774727,commercial,moderate,"{""cctv_coverage"": ""standard"", ""night_patrol_sector"": ""SEC-02"", ""lighting_rating"": ""adequate""}",2021-01-01T00:00:00,2021-01-01T00:00:00
8b0a9d64-fb2c-4a00-9e13-bde61a51501e,South Bay Logistics Hub Government Facility #315,621 Foundry Street,Metropolis Central,South Bay Logistics Hub,MC-10065,40.7585088,-74.0271536,government_facility,low,"{""cctv_coverage"": ""standard"", ""night_patrol_sector"": ""SEC-03"", ""lighting_rating"": ""adequate""}",2021-01-01T00:00:00,2021-01-01T00:00:00
69a3c888-af6f-44cb-a9ae-dc0b232c9e90,Old Town Heritage Ward Entertainment Venue #316,642 Pier 42 Access Rd,Metropolis Central,Old Town Heritage Ward,MC-10066,40.8211977,-73.990511,entertainment_venue,moderate,"{""cctv_coverage"": ""standard"", ""night_patrol_sector"": ""SEC-04"", ""lighting_rating"": ""adequate""}",2021-01-01T00:00:00,2021-01-01T00:00:00
aaac768e-c7b2-42a3-8930-35b1dc085d06,Northshore Heights Street Corner #317,698 Harbor View Drive,Metropolis Central,Northshore Heights,MC-10067,40.7035723,-73.988924,street_corner,low,"{""cctv_coverage"": ""standard"", ""night_patrol_sector"": ""SEC-05"", ""lighting_rating"": ""adequate""}",2021-01-01T00:00:00,2021-01-01T00:00:00
e4d6b8ba-4a03-408f-ae32-f01ad4c40c98,Industrial Waterfront & Port Warehouse #318,533 Foundry Street,Metropolis Central,Industrial Waterfront & Port,MC-10068,40.7992852,-73.9350388,warehouse,low,"{""cctv_coverage"": ""standard"", ""night_patrol_sector"": ""SEC-06"", ""lighting_rating"": ""adequate""}",2021-01-01T00:00:00,2021-01-01T00:00:00
4e0e42c0-3faa-4a03-b482-76b34239326e,Old Town Heritage Ward Port Marina #319,660 Pier 42 Access Rd,Metropolis Central,Old Town Heritage Ward,MC-10069,40.7133731,-73.992233,port_marina,low,"{""cctv_coverage"": ""standard"", ""night_patrol_sector"": ""SEC-07"", ""lighting_rating"": ""adequate""}",2021-01-01T00:00:00,2021-01-01T00:00:00
1f563310-5511-4b02-807e-52e3c0daffb2,Old Town Heritage Ward Street Corner #320,644 St. Marks Place,Metropolis Central,Old Town Heritage Ward,MC-10070,40.8703684,-73.9530782,street_corner,low,"{""cctv_coverage"": ""standard"", ""night_patrol_sector"": ""SEC-08"", ""lighting_rating"": ""adequate""}",2021-01-01T00:00:00,2021-01-01T00:00:00
bb536a1a-0134-4ed1-a45e-012fe154649e,Midtown Financial Plaza Warehouse #321,996 Canal Promenade,Metropolis Central,Midtown Financial Plaza,MC-10071,40.8169393,-73.9668739,warehouse,high,"{""cctv_coverage"": ""high"", ""night_patrol_sector"": ""SEC-09"", ""lighting_rating"": ""adequate""}",2021-01-01T00:00:00,2021-01-01T00:00:00
6072fce7-bdf0-4f35-a07f-12eae276eacc,Old Town Heritage Ward Government Facility #322,181 Vanderbilt Way,Metropolis Central,Old Town Heritage Ward,MC-10072,40.6861721,-73.8977887,government_facility,low,"{""cctv_coverage"": ""standard"", ""night_patrol_sector"": ""SEC-10"", ""lighting_rating"": ""adequate""}",2021-01-01T00:00:00,2021-01-01T00:00:00
08271ed1-40d3-4d60-b084-5812f97e52a7,West End Suburbs Industrial #323,240 Sunset Parkway,Metropolis Central,West End Suburbs,MC-10073,40.836148,-73.9368699,industrial,moderate,"{""cctv_coverage"": ""standard"", ""night_patrol_sector"": ""SEC-11"", ""lighting_rating"": ""adequate""}",2021-01-01T00:00:00,2021-01-01T00:00:00
67525f51-893c-4eba-81a4-e17a87a1a35d,Old Town Heritage Ward Government Facility #324,572 Industrial Boulevard,Metropolis Central,Old Town Heritage Ward,MC-10074,40.7028413,-73.8949774,government_facility,high,"{""cctv_coverage"": ""high"", ""night_patrol_sector"": ""SEC-12"", ""lighting_rating"": ""adequate""}",2021-01-01T00:00:00,2021-01-01T00:00:00
a5867642-e39e-45dd-93ba-706094758fe4,South Bay Logistics Hub Hideout #325,565 St. Marks Place,Metropolis Central,South Bay Logistics Hub,MC-10075,40.7892707,-73.8520449,hideout,low,"{""cctv_coverage"": ""standard"", ""night_patrol_sector"": ""SEC-01"", ""lighting_rating"": ""adequate""}",2021-01-01T00:00:00,2021-01-01T00:00:00
62d00ca4-2803-4bdd-938b-51bca8488c32,Eastside Arts Corridor Hideout #326,314 St. Marks Place,Metropolis Central,Eastside Arts Corridor,MC-10076,40.732563,-73.8775601,hideout,low,"{""cctv_coverage"": ""standard"", ""night_patrol_sector"": ""SEC-02"", ""lighting_rating"": ""adequate""}",2021-01-01T00:00:00,2021-01-01T00:00:00
499d0834-2232-4398-b70a-6e8a51759d8c,Northshore Heights Public Transit #327,804 Atlantic Avenue,Metropolis Central,Northshore Heights,MC-10077,40.8421405,-73.9324152,public_transit,low,"{""cctv_coverage"": ""standard"", ""night_patrol_sector"": ""SEC-03"", ""lighting_rating"": ""adequate""}",2021-01-01T00:00:00,2021-01-01T00:00:00
ae915b76-a6de-44c9-9874-fbf2052aea33,Harbor Point Terminal Industrial #328,657 Quarry Lane,Metropolis Central,Harbor Point Terminal,MC-10078,40.8032302,-73.8930301,industrial,high,"{""cctv_coverage"": ""high"", ""night_patrol_sector"": ""SEC-04"", ""lighting_rating"": ""adequate""}",2021-01-01T00:00:00,2021-01-01T00:00:00
f305aa01-5715-46b0-944d-11af4b80227d,Downtown Commercial District Port Marina #329,593 River Road,Metropolis Central,Downtown Commercial District,MC-10079,40.736217,-73.9422463,port_marina,low,"{""cctv_coverage"": ""standard"", ""night_patrol_sector"": ""SEC-05"", ""lighting_rating"": ""adequate""}",2021-01-01T00:00:00,2021-01-01T00:00:00
b8c9bb36-be77-420f-ab12-649c59f5f148,West End Suburbs Port Marina #330,306 Highland Boulevard,Metropolis Central,West End Suburbs,MC-10080,40.8770977,-73.9141401,port_marina,low,"{""cctv_coverage"": ""standard"", ""night_patrol_sector"": ""SEC-06"", ""lighting_rating"": ""adequate""}",2021-01-01T00:00:00,2021-01-01T00:00:00
623c7952-0388-43e2-ab66-f8682b9f7ca4,Midtown Financial Plaza Atm Bank #331,950 St. Marks Place,Metropolis Central,Midtown Financial Plaza,MC-10081,40.8534095,-74.0246224,atm_bank,high,"{""cctv_coverage"": ""high"", ""night_patrol_sector"": ""SEC-07"", ""lighting_rating"": ""adequate""}",2021-01-01T00:00:00,2021-01-01T00:00:00
d45c7515-30a0-4ab9-b3a7-ad2a788da8da,Eastside Arts Corridor Public Transit #332,159 Commerce Expressway,Metropolis Central,Eastside Arts Corridor,MC-10082,40.8322947,-73.9147531,public_transit,low,"{""cctv_coverage"": ""standard"", ""night_patrol_sector"": ""SEC-08"", ""lighting_rating"": ""adequate""}",2021-01-01T00:00:00,2021-01-01T00:00:00
ff9be7af-ab24-4cdc-89fd-a15ddae59c5d,Harbor Point Terminal Entertainment Venue #333,657 Highland Boulevard,Metropolis Central,Harbor Point Terminal,MC-10083,40.762845,-73.9596017,entertainment_venue,moderate,"{""cctv_coverage"": ""standard"", ""night_patrol_sector"": ""SEC-09"", ""lighting_rating"": ""adequate""}",2021-01-01T00:00:00,2021-01-01T00:00:00
9f5959d6-f8d8-48d2-b76b-ae07a01d8e24,Northshore Heights Street Corner #334,422 Highland Boulevard,Metropolis Central,Northshore Heights,MC-10084,40.7709391,-73.9523911,street_corner,moderate,"{""cctv_coverage"": ""standard"", ""night_patrol_sector"": ""SEC-10"", ""lighting_rating"": ""adequate""}",2021-01-01T00:00:00,2021-01-01T00:00:00
564039e0-b74b-4f5c-8e8b-3fb652e6d280,Northshore Heights Entertainment Venue #335,758 Grand Concourse,Metropolis Central,Northshore Heights,MC-10085,40.8128288,-73.9783555,entertainment_venue,low,"{""cctv_coverage"": ""standard"", ""night_patrol_sector"": ""SEC-11"", ""lighting_rating"": ""adequate""}",2021-01-01T00:00:00,2021-01-01T00:00:00
cec5c9ba-da57-4f66-a37e-9376592fac7b,Silver Lake Tech Park Warehouse #336,417 Beacon Street,Metropolis Central,Silver Lake Tech Park,MC-10086,40.8449695,-73.951057,warehouse,low,"{""cctv_coverage"": ""standard"", ""night_patrol_sector"": ""SEC-12"", ""lighting_rating"": ""adequate""}",2021-01-01T00:00:00,2021-01-01T00:00:00
8fdb7203-b39f-485f-b3b1-b997f00ae56c,West End Suburbs Government Facility #337,355 Harbor View Drive,Metropolis Central,West End Suburbs,MC-10087,40.8504845,-73.8923393,government_facility,high,"{""cctv_coverage"": ""high"", ""night_patrol_sector"": ""SEC-01"", ""lighting_rating"": ""adequate""}",2021-01-01T00:00:00,2021-01-01T00:00:00
37c98e31-5a25-4138-b9ce-c7ecfd698239,Downtown Commercial District Entertainment Venue #338,57 Industrial Boulevard,Metropolis Central,Downtown Commercial District,MC-10088,40.836778,-73.9580836,entertainment_venue,low,"{""cctv_coverage"": ""standard"", ""night_patrol_sector"": ""SEC-02"", ""lighting_rating"": ""adequate""}",2021-01-01T00:00:00,2021-01-01T00:00:00
284a9a29-56fc-4875-957a-3abe3963ea26,Industrial Waterfront & Port Residential #339,461 Grand Concourse,Metropolis Central,Industrial Waterfront & Port,MC-10089,40.8783676,-73.9644401,residential,extreme,"{""cctv_coverage"": ""high"", ""night_patrol_sector"": ""SEC-03"", ""lighting_rating"": ""poor""}",2021-01-01T00:00:00,2021-01-01T00:00:00
06030b6f-9f21-4d55-a36b-10e189f07e98,Industrial Waterfront & Port Industrial #340,913 Sunset Parkway,Metropolis Central,Industrial Waterfront & Port,MC-10090,40.8548847,-73.874681,industrial,low,"{""cctv_coverage"": ""standard"", ""night_patrol_sector"": ""SEC-04"", ""lighting_rating"": ""adequate""}",2021-01-01T00:00:00,2021-01-01T00:00:00
033636cd-3858-4561-9430-9edce172bc89,South Bay Logistics Hub Street Corner #341,266 Vanderbilt Way,Metropolis Central,South Bay Logistics Hub,MC-10091,40.8129018,-73.9202178,street_corner,low,"{""cctv_coverage"": ""standard"", ""night_patrol_sector"": ""SEC-05"", ""lighting_rating"": ""adequate""}",2021-01-01T00:00:00,2021-01-01T00:00:00
115b0413-c155-4984-b332-ca2ad6932dee,West End Suburbs Warehouse #342,753 Atlantic Avenue,Metropolis Central,West End Suburbs,MC-10092,40.811097,-73.9092604,warehouse,low,"{""cctv_coverage"": ""standard"", ""night_patrol_sector"": ""SEC-06"", ""lighting_rating"": ""adequate""}",2021-01-01T00:00:00,2021-01-01T00:00:00
e35e480a-744d-4617-b31c-868f33b13e01,Old Town Heritage Ward Government Facility #343,89 Harbor View Drive,Metropolis Central,Old Town Heritage Ward,MC-10093,40.7252382,-73.9140035,government_facility,low,"{""cctv_coverage"": ""standard"", ""night_patrol_sector"": ""SEC-07"", ""lighting_rating"": ""adequate""}",2021-01-01T00:00:00,2021-01-01T00:00:00
79c67f18-5a71-4401-a1ff-15ee085f7ad0,South Bay Logistics Hub Warehouse #344,846 Industrial Boulevard,Metropolis Central,South Bay Logistics Hub,MC-10094,40.8188062,-73.95446,warehouse,low,"{""cctv_coverage"": ""standard"", ""night_patrol_sector"": ""SEC-08"", ""lighting_rating"": ""adequate""}",2021-01-01T00:00:00,2021-01-01T00:00:00
e8295618-975a-49f9-b3ce-00842c0159e0,Northshore Heights Commercial #345,758 Industrial Boulevard,Metropolis Central,Northshore Heights,MC-10095,40.7426703,-73.8738022,commercial,low,"{""cctv_coverage"": ""standard"", ""night_patrol_sector"": ""SEC-09"", ""lighting_rating"": ""adequate""}",2021-01-01T00:00:00,2021-01-01T00:00:00
88a70558-f151-4d6f-a35b-7cffd4014cf1,Industrial Waterfront & Port Commercial #346,666 Harbor View Drive,Metropolis Central,Industrial Waterfront & Port,MC-10096,40.7861017,-74.0483051,commercial,moderate,"{""cctv_coverage"": ""standard"", ""night_patrol_sector"": ""SEC-10"", ""lighting_rating"": ""adequate""}",2021-01-01T00:00:00,2021-01-01T00:00:00
933b5760-fe92-4096-8928-ad5769c06ad2,Old Town Heritage Ward Entertainment Venue #347,369 Beacon Street,Metropolis Central,Old Town Heritage Ward,MC-10097,40.8296538,-73.8660212,entertainment_venue,moderate,"{""cctv_coverage"": ""standard"", ""night_patrol_sector"": ""SEC-11"", ""lighting_rating"": ""adequate""}",2021-01-01T00:00:00,2021-01-01T00:00:00
1d0bd7c9-922e-4845-9471-47fdfeae84aa,Old Town Heritage Ward Commercial #348,890 Beacon Street,Metropolis Central,Old Town Heritage Ward,MC-10098,40.8593186,-74.0219974,commercial,low,"{""cctv_coverage"": ""standard"", ""night_patrol_sector"": ""SEC-12"", ""lighting_rating"": ""adequate""}",2021-01-01T00:00:00,2021-01-01T00:00:00
699cfccc-7a25-4f16-a525-ae600ff3a017,Midtown Financial Plaza Street Corner #349,369 Quarry Lane,Metropolis Central,Midtown Financial Plaza,MC-10099,40.8382153,-74.0004427,street_corner,moderate,"{""cctv_coverage"": ""standard"", ""night_patrol_sector"": ""SEC-01"", ""lighting_rating"": ""adequate""}",2021-01-01T00:00:00,2021-01-01T00:00:00
3d01a668-45b6-4f9d-9da1-950f252daa94,Eastside Arts Corridor Residential #350,576 Sunset Parkway,Metropolis Central,Eastside Arts Corridor,MC-10100,40.8495784,-73.9183189,residential,low,"{""cctv_coverage"": ""standard"", ""night_patrol_sector"": ""SEC-02"", ""lighting_rating"": ""adequate""}",2021-01-01T00:00:00,2021-01-01T00:00:00
e4085afd-49d3-4a08-a3c0-5ac99cab2794,Silver Lake Tech Park Warehouse #351,631 Beacon Street,Metropolis Central,Silver Lake Tech Park,MC-10101,40.7391084,-74.0390862,warehouse,high,"{""cctv_coverage"": ""high"", ""night_patrol_sector"": ""SEC-03"", ""lighting_rating"": ""adequate""}",2021-01-01T00:00:00,2021-01-01T00:00:00
0660a884-3704-4b58-b387-7dc4e0b8d345,Eastside Arts Corridor Commercial #352,516 Foundry Street,Metropolis Central,Eastside Arts Corridor,MC-10102,40.7282164,-73.9223835,commercial,low,"{""cctv_coverage"": ""standard"", ""night_patrol_sector"": ""SEC-04"", ""lighting_rating"": ""adequate""}",2021-01-01T00:00:00,2021-01-01T00:00:00
ace26bad-3d74-4912-ac7c-30d496b0545f,Downtown Commercial District Industrial #353,379 Commerce Expressway,Metropolis Central,Downtown Commercial District,MC-10103,40.7573676,-73.8822053,industrial,low,"{""cctv_coverage"": ""standard"", ""night_patrol_sector"": ""SEC-05"", ""lighting_rating"": ""adequate""}",2021-01-01T00:00:00,2021-01-01T00:00:00
9c0eb97d-dbeb-4b75-a9f5-e461132a1887,Silver Lake Tech Park Hideout #354,709 Pier 42 Access Rd,Metropolis Central,Silver Lake Tech Park,MC-10104,40.8708906,-73.8959266,hideout,low,"{""cctv_coverage"": ""standard"", ""night_patrol_sector"": ""SEC-06"", ""lighting_rating"": ""adequate""}",2021-01-01T00:00:00,2021-01-01T00:00:00
9a5662c5-0b88-440a-98f4-60a2e22f6f21,Northshore Heights Public Transit #355,24 Highland Boulevard,Metropolis Central,Northshore Heights,MC-10105,40.6879654,-74.0379062,public_transit,moderate,"{""cctv_coverage"": ""standard"", ""night_patrol_sector"": ""SEC-07"", ""lighting_rating"": ""adequate""}",2021-01-01T00:00:00,2021-01-01T00:00:00
d7bb729f-9fc5-4731-9524-55f68be369a2,Silver Lake Tech Park Warehouse #356,303 Quarry Lane,Metropolis Central,Silver Lake Tech Park,MC-10106,40.8203621,-74.0335144,warehouse,moderate,"{""cctv_coverage"": ""standard"", ""night_patrol_sector"": ""SEC-08"", ""lighting_rating"": ""adequate""}",2021-01-01T00:00:00,2021-01-01T00:00:00
f6ae1afa-ddab-44d3-9a51-e0c42a158657,Harbor Point Terminal Commercial #357,166 Highland Boulevard,Metropolis Central,Harbor Point Terminal,MC-10107,40.7419814,-73.9477391,commercial,low,"{""cctv_coverage"": ""standard"", ""night_patrol_sector"": ""SEC-09"", ""lighting_rating"": ""adequate""}",2021-01-01T00:00:00,2021-01-01T00:00:00
f62defef-ff9b-4a98-8e8c-3aef3373ddb1,Industrial Waterfront & Port Warehouse #358,559 Commerce Expressway,Metropolis Central,Industrial Waterfront & Port,MC-10108,40.7972874,-73.8973552,warehouse,moderate,"{""cctv_coverage"": ""standard"", ""night_patrol_sector"": ""SEC-10"", ""lighting_rating"": ""adequate""}",2021-01-01T00:00:00,2021-01-01T00:00:00
8c7d363f-4970-4397-bd8f-11080872944c,Northshore Heights Public Transit #359,327 Quarry Lane,Metropolis Central,Northshore Heights,MC-10109,40.6915812,-74.0327574,public_transit,low,"{""cctv_coverage"": ""standard"", ""night_patrol_sector"": ""SEC-11"", ""lighting_rating"": ""adequate""}",2021-01-01T00:00:00,2021-01-01T00:00:00
844470f0-ed5d-4a15-94cd-c70d3b4a308b,Old Town Heritage Ward Atm Bank #360,636 St. Marks Place,Metropolis Central,Old Town Heritage Ward,MC-10110,40.8132159,-73.9183895,atm_bank,low,"{""cctv_coverage"": ""standard"", ""night_patrol_sector"": ""SEC-12"", ""lighting_rating"": ""adequate""}",2021-01-01T00:00:00,2021-01-01T00:00:00
f14644ff-312b-4502-a3e3-e988bf043af6,Downtown Commercial District Residential #361,734 Harbor View Drive,Metropolis Central,Downtown Commercial District,MC-10111,40.7127665,-73.8593968,residential,moderate,"{""cctv_coverage"": ""standard"", ""night_patrol_sector"": ""SEC-01"", ""lighting_rating"": ""adequate""}",2021-01-01T00:00:00,2021-01-01T00:00:00
fc26df12-2d96-4d87-856e-3b85b910c4d1,West End Suburbs Industrial #362,180 River Road,Metropolis Central,West End Suburbs,MC-10112,40.8299553,-73.875308,industrial,moderate,"{""cctv_coverage"": ""standard"", ""night_patrol_sector"": ""SEC-02"", ""lighting_rating"": ""adequate""}",2021-01-01T00:00:00,2021-01-01T00:00:00
a1fb9779-79ff-4154-9902-bf7d852e7732,Northshore Heights Street Corner #363,799 Lexington Ave,Metropolis Central,Northshore Heights,MC-10113,40.8414216,-73.9956039,street_corner,low,"{""cctv_coverage"": ""standard"", ""night_patrol_sector"": ""SEC-03"", ""lighting_rating"": ""adequate""}",2021-01-01T00:00:00,2021-01-01T00:00:00
f0f81162-8322-4424-80ee-5ecbb24d4881,Harbor Point Terminal Hideout #364,652 Vanderbilt Way,Metropolis Central,Harbor Point Terminal,MC-10114,40.7710396,-73.9779752,hideout,low,"{""cctv_coverage"": ""standard"", ""night_patrol_sector"": ""SEC-04"", ""lighting_rating"": ""adequate""}",2021-01-01T00:00:00,2021-01-01T00:00:00
0af74cea-8916-4443-9df2-7d64f080a0b4,Harbor Point Terminal Industrial #365,180 River Road,Metropolis Central,Harbor Point Terminal,MC-10115,40.7310232,-74.029419,industrial,moderate,"{""cctv_coverage"": ""standard"", ""night_patrol_sector"": ""SEC-05"", ""lighting_rating"": ""adequate""}",2021-01-01T00:00:00,2021-01-01T00:00:00
63e26edf-3e1b-486e-8c8d-2c3690a6f041,Northshore Heights Residential #366,243 Lexington Ave,Metropolis Central,Northshore Heights,MC-10116,40.8517378,-74.0475424,residential,low,"{""cctv_coverage"": ""standard"", ""night_patrol_sector"": ""SEC-06"", ""lighting_rating"": ""adequate""}",2021-01-01T00:00:00,2021-01-01T00:00:00
6460d24b-d4a4-4344-b3ab-bdd2d2c2fe41,South Bay Logistics Hub Industrial #367,402 Harbor View Drive,Metropolis Central,South Bay Logistics Hub,MC-10117,40.866232,-73.878503,industrial,moderate,"{""cctv_coverage"": ""standard"", ""night_patrol_sector"": ""SEC-07"", ""lighting_rating"": ""adequate""}",2021-01-01T00:00:00,2021-01-01T00:00:00
00d7fd2d-edf5-49f7-bd8d-0b2772b671d5,Midtown Financial Plaza Public Transit #368,239 Commerce Expressway,Metropolis Central,Midtown Financial Plaza,MC-10118,40.7632513,-73.9059424,public_transit,low,"{""cctv_coverage"": ""standard"", ""night_patrol_sector"": ""SEC-08"", ""lighting_rating"": ""adequate""}",2021-01-01T00:00:00,2021-01-01T00:00:00
3a10f148-4f21-4593-b7d8-870a8a8f2301,Northshore Heights Commercial #369,595 River Road,Metropolis Central,Northshore Heights,MC-10119,40.7804082,-73.8696118,commercial,low,"{""cctv_coverage"": ""standard"", ""night_patrol_sector"": ""SEC-09"", ""lighting_rating"": ""adequate""}",2021-01-01T00:00:00,2021-01-01T00:00:00
5c0d3009-d65b-4a41-9c20-50f0277b4b75,Silver Lake Tech Park Commercial #370,57 Foundry Street,Metropolis Central,Silver Lake Tech Park,MC-10120,40.8553982,-73.8767936,commercial,moderate,"{""cctv_coverage"": ""standard"", ""night_patrol_sector"": ""SEC-10"", ""lighting_rating"": ""adequate""}",2021-01-01T00:00:00,2021-01-01T00:00:00
d50efb0a-872e-49ad-8d35-0b5d0fe40071,West End Suburbs Port Marina #371,345 Vanderbilt Way,Metropolis Central,West End Suburbs,MC-10121,40.7713492,-73.9762161,port_marina,low,"{""cctv_coverage"": ""standard"", ""night_patrol_sector"": ""SEC-11"", ""lighting_rating"": ""adequate""}",2021-01-01T00:00:00,2021-01-01T00:00:00
4587453e-8f4c-44e7-9efa-0dee51e2a2fa,West End Suburbs Hideout #372,767 Atlantic Avenue,Metropolis Central,West End Suburbs,MC-10122,40.7536547,-73.8556285,hideout,extreme,"{""cctv_coverage"": ""high"", ""night_patrol_sector"": ""SEC-12"", ""lighting_rating"": ""poor""}",2021-01-01T00:00:00,2021-01-01T00:00:00
cfd6ca9f-694f-4e59-82c7-93b2d62a6174,Eastside Arts Corridor Industrial #373,760 Atlantic Avenue,Metropolis Central,Eastside Arts Corridor,MC-10123,40.6812756,-73.9679928,industrial,low,"{""cctv_coverage"": ""standard"", ""night_patrol_sector"": ""SEC-01"", ""lighting_rating"": ""adequate""}",2021-01-01T00:00:00,2021-01-01T00:00:00
55d23671-daad-4e1b-8a4b-61c44043dff9,South Bay Logistics Hub Street Corner #374,661 Lexington Ave,Metropolis Central,South Bay Logistics Hub,MC-10124,40.6802924,-73.9185392,street_corner,high,"{""cctv_coverage"": ""high"", ""night_patrol_sector"": ""SEC-02"", ""lighting_rating"": ""adequate""}",2021-01-01T00:00:00,2021-01-01T00:00:00
31b9456b-f30c-4a73-bbb4-b80e0033a327,West End Suburbs Port Marina #375,116 Beacon Street,Metropolis Central,West End Suburbs,MC-10125,40.8766231,-73.9660368,port_marina,extreme,"{""cctv_coverage"": ""high"", ""night_patrol_sector"": ""SEC-03"", ""lighting_rating"": ""poor""}",2021-01-01T00:00:00,2021-01-01T00:00:00
2f3a9562-c177-4559-83a2-353f85d44b12,Industrial Waterfront & Port Commercial #376,738 Highland Boulevard,Metropolis Central,Industrial Waterfront & Port,MC-10126,40.6887801,-74.0037055,commercial,high,"{""cctv_coverage"": ""high"", ""night_patrol_sector"": ""SEC-04"", ""lighting_rating"": ""adequate""}",2021-01-01T00:00:00,2021-01-01T00:00:00
bfa16807-58e0-418d-bb30-cf15f46e7a92,Midtown Financial Plaza Hideout #377,727 River Road,Metropolis Central,Midtown Financial Plaza,MC-10127,40.874911,-74.0330195,hideout,low,"{""cctv_coverage"": ""standard"", ""night_patrol_sector"": ""SEC-05"", ""lighting_rating"": ""adequate""}",2021-01-01T00:00:00,2021-01-01T00:00:00
07345656-8947-4fd9-aba9-0a6d170b4f75,Industrial Waterfront & Port Commercial #378,662 Foundry Street,Metropolis Central,Industrial Waterfront & Port,MC-10128,40.7983792,-74.0375434,commercial,moderate,"{""cctv_coverage"": ""standard"", ""night_patrol_sector"": ""SEC-06"", ""lighting_rating"": ""adequate""}",2021-01-01T00:00:00,2021-01-01T00:00:00
ca6cb46a-dc20-40d0-bbc2-9b9f8c0492a3,Industrial Waterfront & Port Atm Bank #379,252 Sunset Parkway,Metropolis Central,Industrial Waterfront & Port,MC-10129,40.8501827,-73.8647916,atm_bank,low,"{""cctv_coverage"": ""standard"", ""night_patrol_sector"": ""SEC-07"", ""lighting_rating"": ""adequate""}",2021-01-01T00:00:00,2021-01-01T00:00:00
fcc80b3c-bb0e-4509-afa3-c6f3f3ce4590,South Bay Logistics Hub Atm Bank #380,335 Grand Concourse,Metropolis Central,South Bay Logistics Hub,MC-10130,40.7267222,-73.8612891,atm_bank,low,"{""cctv_coverage"": ""standard"", ""night_patrol_sector"": ""SEC-08"", ""lighting_rating"": ""adequate""}",2021-01-01T00:00:00,2021-01-01T00:00:00
eeff61ee-3644-4506-b0d9-d41b42ca98f8,Harbor Point Terminal Commercial #381,121 Harbor View Drive,Metropolis Central,Harbor Point Terminal,MC-10131,40.712875,-73.956789,commercial,low,"{""cctv_coverage"": ""standard"", ""night_patrol_sector"": ""SEC-09"", ""lighting_rating"": ""adequate""}",2021-01-01T00:00:00,2021-01-01T00:00:00
aa2bf11b-ea34-4937-a4d3-3bdd1678459b,Silver Lake Tech Park Hideout #382,376 Beacon Street,Metropolis Central,Silver Lake Tech Park,MC-10132,40.7416615,-73.9969984,hideout,low,"{""cctv_coverage"": ""standard"", ""night_patrol_sector"": ""SEC-10"", ""lighting_rating"": ""adequate""}",2021-01-01T00:00:00,2021-01-01T00:00:00
f73ff86c-e823-4f81-b3f3-7710c45196b0,Industrial Waterfront & Port Government Facility #383,836 Sunset Parkway,Metropolis Central,Industrial Waterfront & Port,MC-10133,40.688066,-73.882815,government_facility,low,"{""cctv_coverage"": ""standard"", ""night_patrol_sector"": ""SEC-11"", ""lighting_rating"": ""adequate""}",2021-01-01T00:00:00,2021-01-01T00:00:00
b30cd7f2-7834-45fa-85c4-7d3feca850cf,Northshore Heights Street Corner #384,738 Atlantic Avenue,Metropolis Central,Northshore Heights,MC-10134,40.7592489,-74.0402099,street_corner,low,"{""cctv_coverage"": ""standard"", ""night_patrol_sector"": ""SEC-12"", ""lighting_rating"": ""adequate""}",2021-01-01T00:00:00,2021-01-01T00:00:00
3548f36c-9b8e-4d86-98bf-1065df165af7,Industrial Waterfront & Port Hideout #385,41 Foundry Street,Metropolis Central,Industrial Waterfront & Port,MC-10135,40.7911908,-73.9399758,hideout,low,"{""cctv_coverage"": ""standard"", ""night_patrol_sector"": ""SEC-01"", ""lighting_rating"": ""adequate""}",2021-01-01T00:00:00,2021-01-01T00:00:00
6cf71132-50bd-4040-8bbe-d064eab50e5a,Northshore Heights Commercial #386,833 Harbor View Drive,Metropolis Central,Northshore Heights,MC-10136,40.6823914,-73.8839255,commercial,extreme,"{""cctv_coverage"": ""high"", ""night_patrol_sector"": ""SEC-02"", ""lighting_rating"": ""poor""}",2021-01-01T00:00:00,2021-01-01T00:00:00
b3cdb02c-331b-4bbd-b523-960331c27a3d,Industrial Waterfront & Port Street Corner #387,212 Foundry Street,Metropolis Central,Industrial Waterfront & Port,MC-10137,40.8172571,-73.862485,street_corner,low,"{""cctv_coverage"": ""standard"", ""night_patrol_sector"": ""SEC-03"", ""lighting_rating"": ""adequate""}",2021-01-01T00:00:00,2021-01-01T00:00:00
bc5cafd6-1ad5-4d66-8e05-9d1399e88787,Harbor Point Terminal Residential #388,275 Vanderbilt Way,Metropolis Central,Harbor Point Terminal,MC-10138,40.8794323,-74.0104499,residential,moderate,"{""cctv_coverage"": ""standard"", ""night_patrol_sector"": ""SEC-04"", ""lighting_rating"": ""adequate""}",2021-01-01T00:00:00,2021-01-01T00:00:00
a17b27b6-eb02-421c-885e-6e89311b20ed,Industrial Waterfront & Port Commercial #389,104 Commerce Expressway,Metropolis Central,Industrial Waterfront & Port,MC-10139,40.6885393,-73.957801,commercial,low,"{""cctv_coverage"": ""standard"", ""night_patrol_sector"": ""SEC-05"", ""lighting_rating"": ""adequate""}",2021-01-01T00:00:00,2021-01-01T00:00:00
b6af2e4a-12b2-4d87-8a1c-19580ab48df7,Harbor Point Terminal Hideout #390,453 Foundry Street,Metropolis Central,Harbor Point Terminal,MC-10140,40.6858965,-73.9133574,hideout,low,"{""cctv_coverage"": ""standard"", ""night_patrol_sector"": ""SEC-06"", ""lighting_rating"": ""adequate""}",2021-01-01T00:00:00,2021-01-01T00:00:00
b7953878-4eba-4590-a862-5f66d2b93168,Eastside Arts Corridor Atm Bank #391,940 Pier 42 Access Rd,Metropolis Central,Eastside Arts Corridor,MC-10141,40.7359709,-73.8733152,atm_bank,low,"{""cctv_coverage"": ""standard"", ""night_patrol_sector"": ""SEC-07"", ""lighting_rating"": ""adequate""}",2021-01-01T00:00:00,2021-01-01T00:00:00
5cf541c0-8af7-4cd1-b322-59adf8b38086,Harbor Point Terminal Entertainment Venue #392,641 Atlantic Avenue,Metropolis Central,Harbor Point Terminal,MC-10142,40.739021,-73.9676016,entertainment_venue,moderate,"{""cctv_coverage"": ""standard"", ""night_patrol_sector"": ""SEC-08"", ""lighting_rating"": ""adequate""}",2021-01-01T00:00:00,2021-01-01T00:00:00
1714d5e8-7a45-4b8f-b6aa-071fe56fd198,Downtown Commercial District Warehouse #393,99 Highland Boulevard,Metropolis Central,Downtown Commercial District,MC-10143,40.7074472,-74.0101084,warehouse,high,"{""cctv_coverage"": ""high"", ""night_patrol_sector"": ""SEC-09"", ""lighting_rating"": ""adequate""}",2021-01-01T00:00:00,2021-01-01T00:00:00
ab5c073a-4b0b-4076-b667-2c34f1ce13aa,Silver Lake Tech Park Warehouse #394,265 Lexington Ave,Metropolis Central,Silver Lake Tech Park,MC-10144,40.8363832,-73.9781776,warehouse,moderate,"{""cctv_coverage"": ""standard"", ""night_patrol_sector"": ""SEC-10"", ""lighting_rating"": ""adequate""}",2021-01-01T00:00:00,2021-01-01T00:00:00
3cce72f2-78da-4bc8-9a2b-95d15ebdf936,Old Town Heritage Ward Warehouse #395,362 Commerce Expressway,Metropolis Central,Old Town Heritage Ward,MC-10145,40.7340871,-74.0447874,warehouse,moderate,"{""cctv_coverage"": ""standard"", ""night_patrol_sector"": ""SEC-11"", ""lighting_rating"": ""adequate""}",2021-01-01T00:00:00,2021-01-01T00:00:00
4c6820c6-16e9-4a28-a1cf-8eef8e018c81,Downtown Commercial District Residential #396,927 Highland Boulevard,Metropolis Central,Downtown Commercial District,MC-10146,40.8417308,-73.9556631,residential,low,"{""cctv_coverage"": ""standard"", ""night_patrol_sector"": ""SEC-12"", ""lighting_rating"": ""adequate""}",2021-01-01T00:00:00,2021-01-01T00:00:00
5941e709-c4ed-48b3-aaf9-553e2ad57bb2,Harbor Point Terminal Commercial #397,248 Pier 42 Access Rd,Metropolis Central,Harbor Point Terminal,MC-10147,40.7295714,-74.0017694,commercial,moderate,"{""cctv_coverage"": ""standard"", ""night_patrol_sector"": ""SEC-01"", ""lighting_rating"": ""adequate""}",2021-01-01T00:00:00,2021-01-01T00:00:00
0f125448-6f07-4459-a9b5-60e0bb27bd2e,Downtown Commercial District Government Facility #398,792 Atlantic Avenue,Metropolis Central,Downtown Commercial District,MC-10148,40.849301,-73.8905219,government_facility,low,"{""cctv_coverage"": ""standard"", ""night_patrol_sector"": ""SEC-02"", ""lighting_rating"": ""adequate""}",2021-01-01T00:00:00,2021-01-01T00:00:00
df97c234-d79b-49bd-b063-06f3cf77a937,Industrial Waterfront & Port Government Facility #399,190 Atlantic Avenue,Metropolis Central,Industrial Waterfront & Port,MC-10149,40.7436009,-73.902379,government_facility,low,"{""cctv_coverage"": ""standard"", ""night_patrol_sector"": ""SEC-03"", ""lighting_rating"": ""adequate""}",2021-01-01T00:00:00,2021-01-01T00:00:00
4f802a61-36a2-4d5c-8ccf-b613b93f7fda,Harbor Point Terminal Government Facility #400,38 River Road,Metropolis Central,Harbor Point Terminal,MC-10150,40.7927213,-73.9373782,government_facility,low,"{""cctv_coverage"": ""standard"", ""night_patrol_sector"": ""SEC-04"", ""lighting_rating"": ""adequate""}",2021-01-01T00:00:00,2021-01-01T00:00:00
769c783a-a191-4a0b-9a63-11ae2bfa555f,Old Town Heritage Ward Industrial #401,565 Sunset Parkway,Metropolis Central,Old Town Heritage Ward,MC-10151,40.7780873,-74.0319485,industrial,low,"{""cctv_coverage"": ""standard"", ""night_patrol_sector"": ""SEC-05"", ""lighting_rating"": ""adequate""}",2021-01-01T00:00:00,2021-01-01T00:00:00
ef0bd4f0-8dd7-4f1f-9910-57588139d35f,Eastside Arts Corridor Residential #402,30 Canal Promenade,Metropolis Central,Eastside Arts Corridor,MC-10152,40.7463468,-73.927173,residential,high,"{""cctv_coverage"": ""high"", ""night_patrol_sector"": ""SEC-06"", ""lighting_rating"": ""adequate""}",2021-01-01T00:00:00,2021-01-01T00:00:00
9903d597-795f-4525-b362-6b5dfd5864f9,South Bay Logistics Hub Street Corner #403,744 Pier 42 Access Rd,Metropolis Central,South Bay Logistics Hub,MC-10153,40.6919112,-74.0204576,street_corner,moderate,"{""cctv_coverage"": ""standard"", ""night_patrol_sector"": ""SEC-07"", ""lighting_rating"": ""adequate""}",2021-01-01T00:00:00,2021-01-01T00:00:00
f415ddae-8241-4cac-85f2-c62a82985c10,Industrial Waterfront & Port Port Marina #404,802 Industrial Boulevard,Metropolis Central,Industrial Waterfront & Port,MC-10154,40.8521339,-73.8578882,port_marina,low,"{""cctv_coverage"": ""standard"", ""night_patrol_sector"": ""SEC-08"", ""lighting_rating"": ""adequate""}",2021-01-01T00:00:00,2021-01-01T00:00:00
25e6dd92-edb7-482d-98aa-352307db382a,Midtown Financial Plaza Street Corner #405,610 Industrial Boulevard,Metropolis Central,Midtown Financial Plaza,MC-10155,40.740353,-74.0227097,street_corner,low,"{""cctv_coverage"": ""standard"", ""night_patrol_sector"": ""SEC-09"", ""lighting_rating"": ""adequate""}",2021-01-01T00:00:00,2021-01-01T00:00:00
1b7197a5-70f0-425e-be9f-8f3ad62da45f,Midtown Financial Plaza Entertainment Venue #406,820 Canal Promenade,Metropolis Central,Midtown Financial Plaza,MC-10156,40.7434567,-73.9085634,entertainment_venue,moderate,"{""cctv_coverage"": ""standard"", ""night_patrol_sector"": ""SEC-10"", ""lighting_rating"": ""adequate""}",2021-01-01T00:00:00,2021-01-01T00:00:00
2410e2f5-ff43-4949-ab4d-1c8a99b965b2,Harbor Point Terminal Public Transit #407,815 River Road,Metropolis Central,Harbor Point Terminal,MC-10157,40.8131063,-73.8871092,public_transit,low,"{""cctv_coverage"": ""standard"", ""night_patrol_sector"": ""SEC-11"", ""lighting_rating"": ""adequate""}",2021-01-01T00:00:00,2021-01-01T00:00:00
a64d01fa-b597-4951-96d4-c73b983daafa,West End Suburbs Residential #408,140 Pier 42 Access Rd,Metropolis Central,West End Suburbs,MC-10158,40.8697576,-73.8602604,residential,low,"{""cctv_coverage"": ""standard"", ""night_patrol_sector"": ""SEC-12"", ""lighting_rating"": ""adequate""}",2021-01-01T00:00:00,2021-01-01T00:00:00
761ca77d-f1d8-49d7-b1cd-2742fb88bdf5,Harbor Point Terminal Government Facility #409,43 Pier 42 Access Rd,Metropolis Central,Harbor Point Terminal,MC-10159,40.7436434,-73.8882386,government_facility,moderate,"{""cctv_coverage"": ""standard"", ""night_patrol_sector"": ""SEC-01"", ""lighting_rating"": ""adequate""}",2021-01-01T00:00:00,2021-01-01T00:00:00
dcb54efb-ace3-4723-8851-779dff20887f,Harbor Point Terminal Industrial #410,116 Canal Promenade,Metropolis Central,Harbor Point Terminal,MC-10160,40.7462337,-74.0344387,industrial,low,"{""cctv_coverage"": ""standard"", ""night_patrol_sector"": ""SEC-02"", ""lighting_rating"": ""adequate""}",2021-01-01T00:00:00,2021-01-01T00:00:00
67afc916-b1ff-44c8-9032-2b957bdecaff,South Bay Logistics Hub Entertainment Venue #411,181 Vanderbilt Way,Metropolis Central,South Bay Logistics Hub,MC-10161,40.8078205,-73.8726693,entertainment_venue,low,"{""cctv_coverage"": ""standard"", ""night_patrol_sector"": ""SEC-03"", ""lighting_rating"": ""adequate""}",2021-01-01T00:00:00,2021-01-01T00:00:00
f1f1e71a-c35a-4db9-b08a-70bb3e2aa618,West End Suburbs Commercial #412,224 Atlantic Avenue,Metropolis Central,West End Suburbs,MC-10162,40.7500962,-73.892596,commercial,moderate,"{""cctv_coverage"": ""standard"", ""night_patrol_sector"": ""SEC-04"", ""lighting_rating"": ""adequate""}",2021-01-01T00:00:00,2021-01-01T00:00:00
f3935e95-b0e2-4ceb-bd7d-da58d370c3e0,Downtown Commercial District Warehouse #413,405 Grand Concourse,Metropolis Central,Downtown Commercial District,MC-10163,40.8738204,-73.8730896,warehouse,low,"{""cctv_coverage"": ""standard"", ""night_patrol_sector"": ""SEC-05"", ""lighting_rating"": ""adequate""}",2021-01-01T00:00:00,2021-01-01T00:00:00
7d77c3cf-7ffa-4e1b-8a61-49c8a8e11ae6,Midtown Financial Plaza Commercial #414,369 Foundry Street,Metropolis Central,Midtown Financial Plaza,MC-10164,40.8457614,-73.892254,commercial,moderate,"{""cctv_coverage"": ""standard"", ""night_patrol_sector"": ""SEC-06"", ""lighting_rating"": ""adequate""}",2021-01-01T00:00:00,2021-01-01T00:00:00
6028f996-41a6-430a-97d3-2d5665040042,Eastside Arts Corridor Commercial #415,176 Grand Concourse,Metropolis Central,Eastside Arts Corridor,MC-10165,40.8398389,-74.0433174,commercial,low,"{""cctv_coverage"": ""standard"", ""night_patrol_sector"": ""SEC-07"", ""lighting_rating"": ""adequate""}",2021-01-01T00:00:00,2021-01-01T00:00:00
83b1912b-047b-4aab-a6d8-ea8198c44358,West End Suburbs Commercial #416,984 Industrial Boulevard,Metropolis Central,West End Suburbs,MC-10166,40.7483616,-73.8724137,commercial,low,"{""cctv_coverage"": ""standard"", ""night_patrol_sector"": ""SEC-08"", ""lighting_rating"": ""adequate""}",2021-01-01T00:00:00,2021-01-01T00:00:00
3039fdf8-9415-4fa5-a69a-d25e91bf282d,Northshore Heights Street Corner #417,570 Vanderbilt Way,Metropolis Central,Northshore Heights,MC-10167,40.7988061,-73.9272711,street_corner,low,"{""cctv_coverage"": ""standard"", ""night_patrol_sector"": ""SEC-09"", ""lighting_rating"": ""adequate""}",2021-01-01T00:00:00,2021-01-01T00:00:00
f4d8b50d-297e-4599-b5a8-5a0cba37467f,Downtown Commercial District Government Facility #418,451 Pier 42 Access Rd,Metropolis Central,Downtown Commercial District,MC-10168,40.8579507,-74.0185792,government_facility,low,"{""cctv_coverage"": ""standard"", ""night_patrol_sector"": ""SEC-10"", ""lighting_rating"": ""adequate""}",2021-01-01T00:00:00,2021-01-01T00:00:00
24189de1-32bd-4704-b462-051c8ac1c247,Eastside Arts Corridor Port Marina #419,204 Quarry Lane,Metropolis Central,Eastside Arts Corridor,MC-10169,40.8244076,-73.9040052,port_marina,low,"{""cctv_coverage"": ""standard"", ""night_patrol_sector"": ""SEC-11"", ""lighting_rating"": ""adequate""}",2021-01-01T00:00:00,2021-01-01T00:00:00
791f0535-4348-4953-b4b3-9c439ba2b7ec,West End Suburbs Commercial #420,314 Atlantic Avenue,Metropolis Central,West End Suburbs,MC-10170,40.6899271,-73.935646,commercial,high,"{""cctv_coverage"": ""high"", ""night_patrol_sector"": ""SEC-12"", ""lighting_rating"": ""adequate""}",2021-01-01T00:00:00,2021-01-01T00:00:00
7660d138-8c68-495e-adbe-8b05f58d24f0,Industrial Waterfront & Port Residential #421,65 River Road,Metropolis Central,Industrial Waterfront & Port,MC-10171,40.7655212,-73.9910901,residential,moderate,"{""cctv_coverage"": ""standard"", ""night_patrol_sector"": ""SEC-01"", ""lighting_rating"": ""adequate""}",2021-01-01T00:00:00,2021-01-01T00:00:00
8ba42fc4-8173-4a1a-b31c-c5bf2a5a7c90,Harbor Point Terminal Commercial #422,501 Beacon Street,Metropolis Central,Harbor Point Terminal,MC-10172,40.6851471,-74.0158336,commercial,low,"{""cctv_coverage"": ""standard"", ""night_patrol_sector"": ""SEC-02"", ""lighting_rating"": ""adequate""}",2021-01-01T00:00:00,2021-01-01T00:00:00
c0f5e216-10df-4e66-8308-feb9d18a0801,Northshore Heights Atm Bank #423,494 Industrial Boulevard,Metropolis Central,Northshore Heights,MC-10173,40.8369753,-73.9558111,atm_bank,high,"{""cctv_coverage"": ""high"", ""night_patrol_sector"": ""SEC-03"", ""lighting_rating"": ""adequate""}",2021-01-01T00:00:00,2021-01-01T00:00:00
d718dccd-ef9d-464e-b23e-60d2e6eebfa0,West End Suburbs Industrial #424,103 Foundry Street,Metropolis Central,West End Suburbs,MC-10174,40.7542041,-73.973711,industrial,low,"{""cctv_coverage"": ""standard"", ""night_patrol_sector"": ""SEC-04"", ""lighting_rating"": ""adequate""}",2021-01-01T00:00:00,2021-01-01T00:00:00
0c74ddef-4bde-4c8b-bebc-b61c4b9862f0,Downtown Commercial District Hideout #425,279 Grand Concourse,Metropolis Central,Downtown Commercial District,MC-10175,40.7326802,-73.8825842,hideout,moderate,"{""cctv_coverage"": ""standard"", ""night_patrol_sector"": ""SEC-05"", ""lighting_rating"": ""adequate""}",2021-01-01T00:00:00,2021-01-01T00:00:00
91577b7f-f6be-4ecb-9f31-373f3e70ca73,Industrial Waterfront & Port Commercial #426,780 Industrial Boulevard,Metropolis Central,Industrial Waterfront & Port,MC-10176,40.8136282,-73.888364,commercial,low,"{""cctv_coverage"": ""standard"", ""night_patrol_sector"": ""SEC-06"", ""lighting_rating"": ""adequate""}",2021-01-01T00:00:00,2021-01-01T00:00:00
3f3025ea-aeec-4136-956f-7924064c810f,Harbor Point Terminal Warehouse #427,242 St. Marks Place,Metropolis Central,Harbor Point Terminal,MC-10177,40.843681,-73.9662736,warehouse,moderate,"{""cctv_coverage"": ""standard"", ""night_patrol_sector"": ""SEC-07"", ""lighting_rating"": ""adequate""}",2021-01-01T00:00:00,2021-01-01T00:00:00
242d9b4c-5101-4ff5-a010-c7ef857f7f9b,Old Town Heritage Ward Hideout #428,596 Atlantic Avenue,Metropolis Central,Old Town Heritage Ward,MC-10178,40.7397704,-73.9710391,hideout,high,"{""cctv_coverage"": ""high"", ""night_patrol_sector"": ""SEC-08"", ""lighting_rating"": ""adequate""}",2021-01-01T00:00:00,2021-01-01T00:00:00
b3b9d7dc-1b82-4891-80e1-dff7ab2cde09,Downtown Commercial District Commercial #429,524 Harbor View Drive,Metropolis Central,Downtown Commercial District,MC-10179,40.869851,-73.9601921,commercial,high,"{""cctv_coverage"": ""high"", ""night_patrol_sector"": ""SEC-09"", ""lighting_rating"": ""adequate""}",2021-01-01T00:00:00,2021-01-01T00:00:00
a03b1ac9-4dfd-49f8-be29-4f9b14b8d1f8,Industrial Waterfront & Port Industrial #430,226 Beacon Street,Metropolis Central,Industrial Waterfront & Port,MC-10180,40.6885352,-74.0343263,industrial,moderate,"{""cctv_coverage"": ""standard"", ""night_patrol_sector"": ""SEC-10"", ""lighting_rating"": ""adequate""}",2021-01-01T00:00:00,2021-01-01T00:00:00
ee042c10-11c9-43c9-a4f3-04d1a98a1fc3,Eastside Arts Corridor Government Facility #431,852 Harbor View Drive,Metropolis Central,Eastside Arts Corridor,MC-10181,40.7315773,-73.8678391,government_facility,high,"{""cctv_coverage"": ""high"", ""night_patrol_sector"": ""SEC-11"", ""lighting_rating"": ""adequate""}",2021-01-01T00:00:00,2021-01-01T00:00:00
34173125-0e69-4368-bfaa-c6e6fb87528f,Northshore Heights Port Marina #432,99 Foundry Street,Metropolis Central,Northshore Heights,MC-10182,40.759471,-73.9847746,port_marina,low,"{""cctv_coverage"": ""standard"", ""night_patrol_sector"": ""SEC-12"", ""lighting_rating"": ""adequate""}",2021-01-01T00:00:00,2021-01-01T00:00:00
6d40e5f5-54bd-448e-a430-57ea58038589,Old Town Heritage Ward Government Facility #433,949 Lexington Ave,Metropolis Central,Old Town Heritage Ward,MC-10183,40.7975152,-73.8936629,government_facility,low,"{""cctv_coverage"": ""standard"", ""night_patrol_sector"": ""SEC-01"", ""lighting_rating"": ""adequate""}",2021-01-01T00:00:00,2021-01-01T00:00:00
2960c67d-7a8a-4a5d-b845-0cf0957ec4bb,Industrial Waterfront & Port Commercial #434,161 Industrial Boulevard,Metropolis Central,Industrial Waterfront & Port,MC-10184,40.7925368,-74.0298019,commercial,low,"{""cctv_coverage"": ""standard"", ""night_patrol_sector"": ""SEC-02"", ""lighting_rating"": ""adequate""}",2021-01-01T00:00:00,2021-01-01T00:00:00
f5d8b10e-eac2-44eb-8845-a6d8d3368297,Silver Lake Tech Park Warehouse #435,911 River Road,Metropolis Central,Silver Lake Tech Park,MC-10185,40.7328273,-73.9190425,warehouse,moderate,"{""cctv_coverage"": ""standard"", ""night_patrol_sector"": ""SEC-03"", ""lighting_rating"": ""adequate""}",2021-01-01T00:00:00,2021-01-01T00:00:00
5d413ef0-0fb9-4cde-b002-a1c6e18a76d0,Old Town Heritage Ward Atm Bank #436,48 Pier 42 Access Rd,Metropolis Central,Old Town Heritage Ward,MC-10186,40.7605948,-73.9263511,atm_bank,moderate,"{""cctv_coverage"": ""standard"", ""night_patrol_sector"": ""SEC-04"", ""lighting_rating"": ""adequate""}",2021-01-01T00:00:00,2021-01-01T00:00:00
a20a6765-5d6b-4767-95d3-ac705c97ce34,Midtown Financial Plaza Street Corner #437,49 Foundry Street,Metropolis Central,Midtown Financial Plaza,MC-10187,40.8181028,-74.0401418,street_corner,low,"{""cctv_coverage"": ""standard"", ""night_patrol_sector"": ""SEC-05"", ""lighting_rating"": ""adequate""}",2021-01-01T00:00:00,2021-01-01T00:00:00
faae8e98-30e2-41e4-89bb-bcb6fbabf38f,West End Suburbs Residential #438,928 River Road,Metropolis Central,West End Suburbs,MC-10188,40.7475732,-73.8912696,residential,low,"{""cctv_coverage"": ""standard"", ""night_patrol_sector"": ""SEC-06"", ""lighting_rating"": ""adequate""}",2021-01-01T00:00:00,2021-01-01T00:00:00
2dd9792e-aa94-4227-9352-f89f35b2f6cb,Old Town Heritage Ward Public Transit #439,888 Industrial Boulevard,Metropolis Central,Old Town Heritage Ward,MC-10189,40.7068771,-73.8551561,public_transit,low,"{""cctv_coverage"": ""standard"", ""night_patrol_sector"": ""SEC-07"", ""lighting_rating"": ""adequate""}",2021-01-01T00:00:00,2021-01-01T00:00:00
f26e061c-8892-4502-aee8-06c18750a00f,South Bay Logistics Hub Government Facility #440,285 Quarry Lane,Metropolis Central,South Bay Logistics Hub,MC-10190,40.809111,-74.0124129,government_facility,low,"{""cctv_coverage"": ""standard"", ""night_patrol_sector"": ""SEC-08"", ""lighting_rating"": ""adequate""}",2021-01-01T00:00:00,2021-01-01T00:00:00
c443e824-211d-4c50-b32d-f808eb509ff2,Midtown Financial Plaza Port Marina #441,768 Canal Promenade,Metropolis Central,Midtown Financial Plaza,MC-10191,40.8534378,-73.8857965,port_marina,moderate,"{""cctv_coverage"": ""standard"", ""night_patrol_sector"": ""SEC-09"", ""lighting_rating"": ""adequate""}",2021-01-01T00:00:00,2021-01-01T00:00:00
f12cbf07-7db9-4aac-a5a9-0802cfde0449,Industrial Waterfront & Port Port Marina #442,77 Sunset Parkway,Metropolis Central,Industrial Waterfront & Port,MC-10192,40.760677,-73.8938967,port_marina,moderate,"{""cctv_coverage"": ""standard"", ""night_patrol_sector"": ""SEC-10"", ""lighting_rating"": ""adequate""}",2021-01-01T00:00:00,2021-01-01T00:00:00
2ba4e73e-0efb-4a96-b905-2b75efc94237,Harbor Point Terminal Public Transit #443,39 Pier 42 Access Rd,Metropolis Central,Harbor Point Terminal,MC-10193,40.8550361,-74.0098546,public_transit,low,"{""cctv_coverage"": ""standard"", ""night_patrol_sector"": ""SEC-11"", ""lighting_rating"": ""adequate""}",2021-01-01T00:00:00,2021-01-01T00:00:00
ecdbffc3-f84e-4ff2-9b07-9527dbbba470,Downtown Commercial District Street Corner #444,477 St. Marks Place,Metropolis Central,Downtown Commercial District,MC-10194,40.8209268,-73.9952045,street_corner,high,"{""cctv_coverage"": ""high"", ""night_patrol_sector"": ""SEC-12"", ""lighting_rating"": ""adequate""}",2021-01-01T00:00:00,2021-01-01T00:00:00
7d445588-ebba-4ec0-8fe4-82bd230c3508,Silver Lake Tech Park Entertainment Venue #445,416 Industrial Boulevard,Metropolis Central,Silver Lake Tech Park,MC-10195,40.6861126,-73.9755066,entertainment_venue,moderate,"{""cctv_coverage"": ""standard"", ""night_patrol_sector"": ""SEC-01"", ""lighting_rating"": ""adequate""}",2021-01-01T00:00:00,2021-01-01T00:00:00
421cac90-029a-4431-bf88-9a6ffa540ea8,Industrial Waterfront & Port Government Facility #446,993 Canal Promenade,Metropolis Central,Industrial Waterfront & Port,MC-10196,40.7902667,-73.9811502,government_facility,high,"{""cctv_coverage"": ""high"", ""night_patrol_sector"": ""SEC-02"", ""lighting_rating"": ""adequate""}",2021-01-01T00:00:00,2021-01-01T00:00:00
074c5f37-f2fe-434d-98ff-7a33e48b7c31,West End Suburbs Atm Bank #447,776 Vanderbilt Way,Metropolis Central,West End Suburbs,MC-10197,40.6854901,-74.0400698,atm_bank,high,"{""cctv_coverage"": ""high"", ""night_patrol_sector"": ""SEC-03"", ""lighting_rating"": ""adequate""}",2021-01-01T00:00:00,2021-01-01T00:00:00
7f5b27b2-720c-49e3-b99f-580f597374fb,Eastside Arts Corridor Entertainment Venue #448,887 Atlantic Avenue,Metropolis Central,Eastside Arts Corridor,MC-10198,40.7250224,-74.0086538,entertainment_venue,moderate,"{""cctv_coverage"": ""standard"", ""night_patrol_sector"": ""SEC-04"", ""lighting_rating"": ""adequate""}",2021-01-01T00:00:00,2021-01-01T00:00:00
1c58d7c5-1516-465b-9239-f4ba35076012,Silver Lake Tech Park Hideout #449,30 Lexington Ave,Metropolis Central,Silver Lake Tech Park,MC-10199,40.8623031,-73.9205257,hideout,moderate,"{""cctv_coverage"": ""standard"", ""night_patrol_sector"": ""SEC-05"", ""lighting_rating"": ""adequate""}",2021-01-01T00:00:00,2021-01-01T00:00:00
32fd9416-6b6f-41c5-9807-4e66dd74af0f,Downtown Commercial District Government Facility #450,239 Highland Boulevard,Metropolis Central,Downtown Commercial District,MC-10200,40.8410171,-73.9889081,government_facility,extreme,"{""cctv_coverage"": ""high"", ""night_patrol_sector"": ""SEC-06"", ""lighting_rating"": ""poor""}",2021-01-01T00:00:00,2021-01-01T00:00:00
06e1d0c9-08dd-417c-85be-ca00441fba9a,West End Suburbs Street Corner #451,443 Foundry Street,Metropolis Central,West End Suburbs,MC-10201,40.7717996,-74.0063582,street_corner,low,"{""cctv_coverage"": ""standard"", ""night_patrol_sector"": ""SEC-07"", ""lighting_rating"": ""adequate""}",2021-01-01T00:00:00,2021-01-01T00:00:00
f5594ecc-f326-4aa8-8761-2593c05c40c7,Silver Lake Tech Park Government Facility #452,854 Foundry Street,Metropolis Central,Silver Lake Tech Park,MC-10202,40.7004624,-73.9476973,government_facility,moderate,"{""cctv_coverage"": ""standard"", ""night_patrol_sector"": ""SEC-08"", ""lighting_rating"": ""adequate""}",2021-01-01T00:00:00,2021-01-01T00:00:00
8546bbbf-0853-4562-8744-19e18d1f4fa0,South Bay Logistics Hub Atm Bank #453,584 Sunset Parkway,Metropolis Central,South Bay Logistics Hub,MC-10203,40.8168826,-73.9536523,atm_bank,low,"{""cctv_coverage"": ""standard"", ""night_patrol_sector"": ""SEC-09"", ""lighting_rating"": ""adequate""}",2021-01-01T00:00:00,2021-01-01T00:00:00
87c73014-1867-497b-8067-b15ea3ce8c1b,West End Suburbs Atm Bank #454,665 Commerce Expressway,Metropolis Central,West End Suburbs,MC-10204,40.7322294,-73.9077812,atm_bank,high,"{""cctv_coverage"": ""high"", ""night_patrol_sector"": ""SEC-10"", ""lighting_rating"": ""adequate""}",2021-01-01T00:00:00,2021-01-01T00:00:00
1a450ca7-fa03-4bb3-8263-b6f26cfe08d5,West End Suburbs Port Marina #455,202 Harbor View Drive,Metropolis Central,West End Suburbs,MC-10205,40.8330949,-73.8700626,port_marina,high,"{""cctv_coverage"": ""high"", ""night_patrol_sector"": ""SEC-11"", ""lighting_rating"": ""adequate""}",2021-01-01T00:00:00,2021-01-01T00:00:00
081729d8-ec75-41e9-8a57-23558f25fe43,Harbor Point Terminal Entertainment Venue #456,423 Commerce Expressway,Metropolis Central,Harbor Point Terminal,MC-10206,40.7079859,-74.0449089,entertainment_venue,low,"{""cctv_coverage"": ""standard"", ""night_patrol_sector"": ""SEC-12"", ""lighting_rating"": ""adequate""}",2021-01-01T00:00:00,2021-01-01T00:00:00
890ea2a8-4562-4034-b785-c8e124a6ac16,West End Suburbs Warehouse #457,275 Quarry Lane,Metropolis Central,West End Suburbs,MC-10207,40.757655,-74.0429362,warehouse,moderate,"{""cctv_coverage"": ""standard"", ""night_patrol_sector"": ""SEC-01"", ""lighting_rating"": ""adequate""}",2021-01-01T00:00:00,2021-01-01T00:00:00
523ec622-9d3c-4940-b76f-719311bdf08a,Harbor Point Terminal Street Corner #458,845 Beacon Street,Metropolis Central,Harbor Point Terminal,MC-10208,40.82531,-74.0055274,street_corner,moderate,"{""cctv_coverage"": ""standard"", ""night_patrol_sector"": ""SEC-02"", ""lighting_rating"": ""adequate""}",2021-01-01T00:00:00,2021-01-01T00:00:00
5cd2b606-1fe8-46a6-b9fe-f7c1068d7b9a,Old Town Heritage Ward Port Marina #459,938 River Road,Metropolis Central,Old Town Heritage Ward,MC-10209,40.740039,-74.0160027,port_marina,moderate,"{""cctv_coverage"": ""standard"", ""night_patrol_sector"": ""SEC-03"", ""lighting_rating"": ""adequate""}",2021-01-01T00:00:00,2021-01-01T00:00:00
b8ff6e25-5220-4be7-9cf0-65478caffb0d,Silver Lake Tech Park Commercial #460,195 Sunset Parkway,Metropolis Central,Silver Lake Tech Park,MC-10210,40.7741562,-73.9018162,commercial,moderate,"{""cctv_coverage"": ""standard"", ""night_patrol_sector"": ""SEC-04"", ""lighting_rating"": ""adequate""}",2021-01-01T00:00:00,2021-01-01T00:00:00
2d211815-03bd-4ae8-8896-63a4233b7c3d,Silver Lake Tech Park Entertainment Venue #461,791 Pier 42 Access Rd,Metropolis Central,Silver Lake Tech Park,MC-10211,40.8599182,-73.9191131,entertainment_venue,low,"{""cctv_coverage"": ""standard"", ""night_patrol_sector"": ""SEC-05"", ""lighting_rating"": ""adequate""}",2021-01-01T00:00:00,2021-01-01T00:00:00
1e132364-fed7-4f1e-8b5b-189b4cf8c20b,Eastside Arts Corridor Warehouse #462,772 Sunset Parkway,Metropolis Central,Eastside Arts Corridor,MC-10212,40.8376181,-73.9837366,warehouse,low,"{""cctv_coverage"": ""standard"", ""night_patrol_sector"": ""SEC-06"", ""lighting_rating"": ""adequate""}",2021-01-01T00:00:00,2021-01-01T00:00:00
6a43a77e-c175-4817-870f-f55c9e551cdc,West End Suburbs Hideout #463,484 Industrial Boulevard,Metropolis Central,West End Suburbs,MC-10213,40.6907354,-73.9231207,hideout,moderate,"{""cctv_coverage"": ""standard"", ""night_patrol_sector"": ""SEC-07"", ""lighting_rating"": ""adequate""}",2021-01-01T00:00:00,2021-01-01T00:00:00
33340615-b86f-4a19-86a3-575ea6154e70,Harbor Point Terminal Public Transit #464,82 Canal Promenade,Metropolis Central,Harbor Point Terminal,MC-10214,40.7800955,-73.8765004,public_transit,low,"{""cctv_coverage"": ""standard"", ""night_patrol_sector"": ""SEC-08"", ""lighting_rating"": ""adequate""}",2021-01-01T00:00:00,2021-01-01T00:00:00
12a47047-d569-44f0-8e58-9c193253a8fb,West End Suburbs Industrial #465,433 St. Marks Place,Metropolis Central,West End Suburbs,MC-10215,40.7074731,-74.0099407,industrial,low,"{""cctv_coverage"": ""standard"", ""night_patrol_sector"": ""SEC-09"", ""lighting_rating"": ""adequate""}",2021-01-01T00:00:00,2021-01-01T00:00:00
4070ed05-ae81-424f-b345-b3562c3c894d,Harbor Point Terminal Industrial #466,924 Grand Concourse,Metropolis Central,Harbor Point Terminal,MC-10216,40.7432767,-73.9068663,industrial,moderate,"{""cctv_coverage"": ""standard"", ""night_patrol_sector"": ""SEC-10"", ""lighting_rating"": ""adequate""}",2021-01-01T00:00:00,2021-01-01T00:00:00
a5d4d59e-8bf1-4f3c-8f4d-36bf4a1b0e42,Old Town Heritage Ward Street Corner #467,350 Pier 42 Access Rd,Metropolis Central,Old Town Heritage Ward,MC-10217,40.8068998,-74.0490573,street_corner,low,"{""cctv_coverage"": ""standard"", ""night_patrol_sector"": ""SEC-11"", ""lighting_rating"": ""adequate""}",2021-01-01T00:00:00,2021-01-01T00:00:00
e22d414c-1357-446e-a69e-5598a6ee52da,Industrial Waterfront & Port Hideout #468,600 Pier 42 Access Rd,Metropolis Central,Industrial Waterfront & Port,MC-10218,40.8370422,-73.8940495,hideout,low,"{""cctv_coverage"": ""standard"", ""night_patrol_sector"": ""SEC-12"", ""lighting_rating"": ""adequate""}",2021-01-01T00:00:00,2021-01-01T00:00:00
099ec8cb-371a-400d-b3fd-90c0e8dc167b,Midtown Financial Plaza Warehouse #469,658 Quarry Lane,Metropolis Central,Midtown Financial Plaza,MC-10219,40.7658051,-73.9545199,warehouse,low,"{""cctv_coverage"": ""standard"", ""night_patrol_sector"": ""SEC-01"", ""lighting_rating"": ""adequate""}",2021-01-01T00:00:00,2021-01-01T00:00:00
74bb7c74-5341-4a8e-bcec-1fa732cbbf97,Silver Lake Tech Park Residential #470,214 River Road,Metropolis Central,Silver Lake Tech Park,MC-10220,40.8584013,-73.8986305,residential,moderate,"{""cctv_coverage"": ""standard"", ""night_patrol_sector"": ""SEC-02"", ""lighting_rating"": ""adequate""}",2021-01-01T00:00:00,2021-01-01T00:00:00
97070a46-3338-4ccc-af6e-c90910ae11cf,Downtown Commercial District Entertainment Venue #471,702 Lexington Ave,Metropolis Central,Downtown Commercial District,MC-10221,40.8267206,-74.0047469,entertainment_venue,high,"{""cctv_coverage"": ""high"", ""night_patrol_sector"": ""SEC-03"", ""lighting_rating"": ""adequate""}",2021-01-01T00:00:00,2021-01-01T00:00:00
7dc1ea4d-fc26-4ea5-adec-cf5b09178e22,West End Suburbs Warehouse #472,142 Industrial Boulevard,Metropolis Central,West End Suburbs,MC-10222,40.7806673,-73.988777,warehouse,low,"{""cctv_coverage"": ""standard"", ""night_patrol_sector"": ""SEC-04"", ""lighting_rating"": ""adequate""}",2021-01-01T00:00:00,2021-01-01T00:00:00
e8c7ecb4-2893-405a-8a28-6a7a201db43c,Downtown Commercial District Hideout #473,315 Sunset Parkway,Metropolis Central,Downtown Commercial District,MC-10223,40.8255664,-73.930726,hideout,low,"{""cctv_coverage"": ""standard"", ""night_patrol_sector"": ""SEC-05"", ""lighting_rating"": ""adequate""}",2021-01-01T00:00:00,2021-01-01T00:00:00
343fd0b0-8fde-4260-8652-187c6e4d9156,Industrial Waterfront & Port Street Corner #474,360 Canal Promenade,Metropolis Central,Industrial Waterfront & Port,MC-10224,40.8300231,-74.0170233,street_corner,high,"{""cctv_coverage"": ""high"", ""night_patrol_sector"": ""SEC-06"", ""lighting_rating"": ""adequate""}",2021-01-01T00:00:00,2021-01-01T00:00:00
56b1fccb-a3ea-4460-bcf4-736e3191cd38,Midtown Financial Plaza Public Transit #475,29 Atlantic Avenue,Metropolis Central,Midtown Financial Plaza,MC-10225,40.8254338,-74.0237588,public_transit,moderate,"{""cctv_coverage"": ""standard"", ""night_patrol_sector"": ""SEC-07"", ""lighting_rating"": ""adequate""}",2021-01-01T00:00:00,2021-01-01T00:00:00
273a85ce-1f7a-47b7-9cf5-bfad9fae86c8,Harbor Point Terminal Commercial #476,526 Pier 42 Access Rd,Metropolis Central,Harbor Point Terminal,MC-10226,40.7533183,-73.9198919,commercial,low,"{""cctv_coverage"": ""standard"", ""night_patrol_sector"": ""SEC-08"", ""lighting_rating"": ""adequate""}",2021-01-01T00:00:00,2021-01-01T00:00:00
735c3627-cb06-4ad1-9633-55775232d1ac,West End Suburbs Government Facility #477,799 St. Marks Place,Metropolis Central,West End Suburbs,MC-10227,40.878936,-73.917606,government_facility,moderate,"{""cctv_coverage"": ""standard"", ""night_patrol_sector"": ""SEC-09"", ""lighting_rating"": ""adequate""}",2021-01-01T00:00:00,2021-01-01T00:00:00
9085768f-754d-4bcf-9372-385d66b83df3,Downtown Commercial District Warehouse #478,59 Industrial Boulevard,Metropolis Central,Downtown Commercial District,MC-10228,40.7688629,-74.025281,warehouse,low,"{""cctv_coverage"": ""standard"", ""night_patrol_sector"": ""SEC-10"", ""lighting_rating"": ""adequate""}",2021-01-01T00:00:00,2021-01-01T00:00:00
c36cb5cf-df1d-40d2-8f13-9ae89ee2433c,Industrial Waterfront & Port Atm Bank #479,220 Lexington Ave,Metropolis Central,Industrial Waterfront & Port,MC-10229,40.7641743,-74.029804,atm_bank,moderate,"{""cctv_coverage"": ""standard"", ""night_patrol_sector"": ""SEC-11"", ""lighting_rating"": ""adequate""}",2021-01-01T00:00:00,2021-01-01T00:00:00
61872f09-16c9-4d65-8682-b287088f1c81,Harbor Point Terminal Warehouse #480,630 Harbor View Drive,Metropolis Central,Harbor Point Terminal,MC-10230,40.8461305,-74.0290172,warehouse,moderate,"{""cctv_coverage"": ""standard"", ""night_patrol_sector"": ""SEC-12"", ""lighting_rating"": ""adequate""}",2021-01-01T00:00:00,2021-01-01T00:00:00
f2ae5a54-b849-4a61-809c-3527cea93aea,Northshore Heights Commercial #481,299 Industrial Boulevard,Metropolis Central,Northshore Heights,MC-10231,40.7795478,-73.9281996,commercial,moderate,"{""cctv_coverage"": ""standard"", ""night_patrol_sector"": ""SEC-01"", ""lighting_rating"": ""adequate""}",2021-01-01T00:00:00,2021-01-01T00:00:00
28d9464b-d249-44e1-8142-efffbe6a9169,Silver Lake Tech Park Warehouse #482,216 River Road,Metropolis Central,Silver Lake Tech Park,MC-10232,40.7390702,-74.0421189,warehouse,low,"{""cctv_coverage"": ""standard"", ""night_patrol_sector"": ""SEC-02"", ""lighting_rating"": ""adequate""}",2021-01-01T00:00:00,2021-01-01T00:00:00
c349b6a3-8ae0-4674-9529-dba63d9a79df,Eastside Arts Corridor Street Corner #483,714 Canal Promenade,Metropolis Central,Eastside Arts Corridor,MC-10233,40.7269011,-74.0474501,street_corner,low,"{""cctv_coverage"": ""standard"", ""night_patrol_sector"": ""SEC-03"", ""lighting_rating"": ""adequate""}",2021-01-01T00:00:00,2021-01-01T00:00:00
930e9d2d-219c-4fd9-94c7-c7e4cde8856e,Northshore Heights Industrial #484,865 Canal Promenade,Metropolis Central,Northshore Heights,MC-10234,40.8698892,-73.8940948,industrial,low,"{""cctv_coverage"": ""standard"", ""night_patrol_sector"": ""SEC-04"", ""lighting_rating"": ""adequate""}",2021-01-01T00:00:00,2021-01-01T00:00:00
3b44759e-e62d-417a-891b-666b4a311681,Northshore Heights Entertainment Venue #485,936 Highland Boulevard,Metropolis Central,Northshore Heights,MC-10235,40.7262321,-73.8522668,entertainment_venue,low,"{""cctv_coverage"": ""standard"", ""night_patrol_sector"": ""SEC-05"", ""lighting_rating"": ""adequate""}",2021-01-01T00:00:00,2021-01-01T00:00:00
7a2d3fc2-9f0e-4052-b89c-c2a4d429103d,Old Town Heritage Ward Industrial #486,61 Industrial Boulevard,Metropolis Central,Old Town Heritage Ward,MC-10236,40.8548281,-73.8795503,industrial,low,"{""cctv_coverage"": ""standard"", ""night_patrol_sector"": ""SEC-06"", ""lighting_rating"": ""adequate""}",2021-01-01T00:00:00,2021-01-01T00:00:00
1ca63dad-c6da-4314-8b36-d23b07fc292a,South Bay Logistics Hub Commercial #487,446 Industrial Boulevard,Metropolis Central,South Bay Logistics Hub,MC-10237,40.8502492,-73.8719416,commercial,low,"{""cctv_coverage"": ""standard"", ""night_patrol_sector"": ""SEC-07"", ""lighting_rating"": ""adequate""}",2021-01-01T00:00:00,2021-01-01T00:00:00
43f9098b-667b-42f5-9760-d9873b981e02,Industrial Waterfront & Port Street Corner #488,689 Pier 42 Access Rd,Metropolis Central,Industrial Waterfront & Port,MC-10238,40.7515055,-73.9624571,street_corner,moderate,"{""cctv_coverage"": ""standard"", ""night_patrol_sector"": ""SEC-08"", ""lighting_rating"": ""adequate""}",2021-01-01T00:00:00,2021-01-01T00:00:00
737fc0c6-e078-442d-84a6-2d06ceba3356,Northshore Heights Industrial #489,391 Commerce Expressway,Metropolis Central,Northshore Heights,MC-10239,40.7027664,-73.96995,industrial,low,"{""cctv_coverage"": ""standard"", ""night_patrol_sector"": ""SEC-09"", ""lighting_rating"": ""adequate""}",2021-01-01T00:00:00,2021-01-01T00:00:00
fe017b85-52ce-40cb-9b9f-6489d8eb9506,Midtown Financial Plaza Warehouse #490,716 Canal Promenade,Metropolis Central,Midtown Financial Plaza,MC-10240,40.8097693,-73.8906181,warehouse,low,"{""cctv_coverage"": ""standard"", ""night_patrol_sector"": ""SEC-10"", ""lighting_rating"": ""adequate""}",2021-01-01T00:00:00,2021-01-01T00:00:00
ddb0f325-3579-4591-864e-efa8480d1346,Downtown Commercial District Commercial #491,975 Pier 42 Access Rd,Metropolis Central,Downtown Commercial District,MC-10241,40.7632055,-73.9318499,commercial,high,"{""cctv_coverage"": ""high"", ""night_patrol_sector"": ""SEC-11"", ""lighting_rating"": ""adequate""}",2021-01-01T00:00:00,2021-01-01T00:00:00
0442f573-b0a8-44fd-a9c0-c1773632bbdd,Old Town Heritage Ward Street Corner #492,195 Foundry Street,Metropolis Central,Old Town Heritage Ward,MC-10242,40.8022717,-73.8774848,street_corner,high,"{""cctv_coverage"": ""high"", ""night_patrol_sector"": ""SEC-12"", ""lighting_rating"": ""adequate""}",2021-01-01T00:00:00,2021-01-01T00:00:00
55ce6258-87f6-437f-88d1-bb05dd686c59,Industrial Waterfront & Port Commercial #493,504 Canal Promenade,Metropolis Central,Industrial Waterfront & Port,MC-10243,40.8575188,-73.9618624,commercial,low,"{""cctv_coverage"": ""standard"", ""night_patrol_sector"": ""SEC-01"", ""lighting_rating"": ""adequate""}",2021-01-01T00:00:00,2021-01-01T00:00:00
ee55e857-1662-47bc-aca6-5264a3ef4b26,South Bay Logistics Hub Entertainment Venue #494,22 Atlantic Avenue,Metropolis Central,South Bay Logistics Hub,MC-10244,40.8546287,-73.9461801,entertainment_venue,moderate,"{""cctv_coverage"": ""standard"", ""night_patrol_sector"": ""SEC-02"", ""lighting_rating"": ""adequate""}",2021-01-01T00:00:00,2021-01-01T00:00:00
17f66ad9-fb20-4339-aab5-105edf74ce1e,Harbor Point Terminal Entertainment Venue #495,107 Quarry Lane,Metropolis Central,Harbor Point Terminal,MC-10245,40.8253304,-73.9536141,entertainment_venue,moderate,"{""cctv_coverage"": ""standard"", ""night_patrol_sector"": ""SEC-03"", ""lighting_rating"": ""adequate""}",2021-01-01T00:00:00,2021-01-01T00:00:00
73995c86-7faf-426f-a8fe-e84d8b23e7ea,Midtown Financial Plaza Residential #496,162 St. Marks Place,Metropolis Central,Midtown Financial Plaza,MC-10246,40.8086797,-74.0186145,residential,high,"{""cctv_coverage"": ""high"", ""night_patrol_sector"": ""SEC-04"", ""lighting_rating"": ""adequate""}",2021-01-01T00:00:00,2021-01-01T00:00:00
5bbf4801-df0f-4f3b-9bf6-8207c5876a9a,Old Town Heritage Ward Commercial #497,900 Pier 42 Access Rd,Metropolis Central,Old Town Heritage Ward,MC-10247,40.830286,-73.9858732,commercial,low,"{""cctv_coverage"": ""standard"", ""night_patrol_sector"": ""SEC-05"", ""lighting_rating"": ""adequate""}",2021-01-01T00:00:00,2021-01-01T00:00:00
b20b742b-ac9a-4f5b-92f4-c08fccdd83aa,West End Suburbs Port Marina #498,61 Atlantic Avenue,Metropolis Central,West End Suburbs,MC-10248,40.8086635,-73.9693446,port_marina,low,"{""cctv_coverage"": ""standard"", ""night_patrol_sector"": ""SEC-06"", ""lighting_rating"": ""adequate""}",2021-01-01T00:00:00,2021-01-01T00:00:00
717f2dd3-3a5f-4b5e-bfc1-e8d58a4bd1fc,Old Town Heritage Ward Commercial #499,464 Grand Concourse,Metropolis Central,Old Town Heritage Ward,MC-10249,40.8513178,-73.9605864,commercial,low,"{""cctv_coverage"": ""standard"", ""night_patrol_sector"": ""SEC-07"", ""lighting_rating"": ""adequate""}",2021-01-01T00:00:00,2021-01-01T00:00:00
ee3bcf3a-9dee-4120-9d7f-989e5398fdbb,Old Town Heritage Ward Commercial #500,773 Lexington Ave,Metropolis Central,Old Town Heritage Ward,MC-10250,40.7606879,-74.0428336,commercial,moderate,"{""cctv_coverage"": ""standard"", ""night_patrol_sector"": ""SEC-08"", ""lighting_rating"": ""adequate""}",2021-01-01T00:00:00,2021-01-01T00:00:00
27340535-b090-4c45-b4c3-2783aee01e84,Northshore Heights Port Marina #501,820 Sunset Parkway,Metropolis Central,Northshore Heights,MC-10001,40.7924665,-73.9190808,port_marina,low,"{""cctv_coverage"": ""standard"", ""night_patrol_sector"": ""SEC-09"", ""lighting_rating"": ""adequate""}",2021-01-01T00:00:00,2021-01-01T00:00:00
004580b5-320d-4383-9789-4bc3f334a9a6,South Bay Logistics Hub Public Transit #502,382 St. Marks Place,Metropolis Central,South Bay Logistics Hub,MC-10002,40.8488635,-73.9836055,public_transit,moderate,"{""cctv_coverage"": ""standard"", ""night_patrol_sector"": ""SEC-10"", ""lighting_rating"": ""adequate""}",2021-01-01T00:00:00,2021-01-01T00:00:00
af3295fb-f329-4ce0-ad61-2022ab67f16b,Harbor Point Terminal Hideout #503,494 River Road,Metropolis Central,Harbor Point Terminal,MC-10003,40.7028047,-73.898136,hideout,low,"{""cctv_coverage"": ""standard"", ""night_patrol_sector"": ""SEC-11"", ""lighting_rating"": ""adequate""}",2021-01-01T00:00:00,2021-01-01T00:00:00
7a017e84-56b1-4a78-b7fc-6b113b196983,South Bay Logistics Hub Port Marina #504,373 Sunset Parkway,Metropolis Central,South Bay Logistics Hub,MC-10004,40.784397,-73.9095808,port_marina,low,"{""cctv_coverage"": ""standard"", ""night_patrol_sector"": ""SEC-12"", ""lighting_rating"": ""adequate""}",2021-01-01T00:00:00,2021-01-01T00:00:00
40aed621-b69b-4e10-b2d6-ef4894b03f65,Industrial Waterfront & Port Warehouse #505,514 Harbor View Drive,Metropolis Central,Industrial Waterfront & Port,MC-10005,40.7013923,-73.9278296,warehouse,low,"{""cctv_coverage"": ""standard"", ""night_patrol_sector"": ""SEC-01"", ""lighting_rating"": ""adequate""}",2021-01-01T00:00:00,2021-01-01T00:00:00
30d5c1f7-a184-46cc-b313-f0c07a51631d,Midtown Financial Plaza Public Transit #506,230 Grand Concourse,Metropolis Central,Midtown Financial Plaza,MC-10006,40.8233576,-74.0284469,public_transit,low,"{""cctv_coverage"": ""standard"", ""night_patrol_sector"": ""SEC-02"", ""lighting_rating"": ""adequate""}",2021-01-01T00:00:00,2021-01-01T00:00:00
656631c1-324c-4492-bd33-c93448120553,Harbor Point Terminal Hideout #507,136 Grand Concourse,Metropolis Central,Harbor Point Terminal,MC-10007,40.8116913,-73.8587619,hideout,low,"{""cctv_coverage"": ""standard"", ""night_patrol_sector"": ""SEC-03"", ""lighting_rating"": ""adequate""}",2021-01-01T00:00:00,2021-01-01T00:00:00
b00cee1b-c6d2-4d9e-a2a8-dd18d2844af9,Old Town Heritage Ward Port Marina #508,14 St. Marks Place,Metropolis Central,Old Town Heritage Ward,MC-10008,40.8670617,-73.8822368,port_marina,low,"{""cctv_coverage"": ""standard"", ""night_patrol_sector"": ""SEC-04"", ""lighting_rating"": ""adequate""}",2021-01-01T00:00:00,2021-01-01T00:00:00
cc0e8871-b1fb-4c8c-af1d-ef48ecb57ca6,Silver Lake Tech Park Government Facility #509,809 Pier 42 Access Rd,Metropolis Central,Silver Lake Tech Park,MC-10009,40.7147301,-73.8869512,government_facility,low,"{""cctv_coverage"": ""standard"", ""night_patrol_sector"": ""SEC-05"", ""lighting_rating"": ""adequate""}",2021-01-01T00:00:00,2021-01-01T00:00:00
433a25f2-7ee9-45d3-9b2b-b514ba52f155,Harbor Point Terminal Port Marina #510,630 Commerce Expressway,Metropolis Central,Harbor Point Terminal,MC-10010,40.8562781,-73.9662671,port_marina,moderate,"{""cctv_coverage"": ""standard"", ""night_patrol_sector"": ""SEC-06"", ""lighting_rating"": ""adequate""}",2021-01-01T00:00:00,2021-01-01T00:00:00
907b344f-0ebd-4e23-b9a8-6b055fa965f6,Eastside Arts Corridor Street Corner #511,290 Foundry Street,Metropolis Central,Eastside Arts Corridor,MC-10011,40.8740983,-73.9594309,street_corner,low,"{""cctv_coverage"": ""standard"", ""night_patrol_sector"": ""SEC-07"", ""lighting_rating"": ""adequate""}",2021-01-01T00:00:00,2021-01-01T00:00:00
d6d7f808-fc50-4327-90eb-0692b3892f4a,Midtown Financial Plaza Port Marina #512,626 Sunset Parkway,Metropolis Central,Midtown Financial Plaza,MC-10012,40.8521415,-73.9076251,port_marina,high,"{""cctv_coverage"": ""high"", ""night_patrol_sector"": ""SEC-08"", ""lighting_rating"": ""adequate""}",2021-01-01T00:00:00,2021-01-01T00:00:00
088f1232-5cca-493c-8cd6-abad84737107,Eastside Arts Corridor Government Facility #513,215 Beacon Street,Metropolis Central,Eastside Arts Corridor,MC-10013,40.8228769,-73.9126777,government_facility,high,"{""cctv_coverage"": ""high"", ""night_patrol_sector"": ""SEC-09"", ""lighting_rating"": ""adequate""}",2021-01-01T00:00:00,2021-01-01T00:00:00
4580580b-127e-4085-8bcb-9a0a8167b439,Industrial Waterfront & Port Port Marina #514,737 Pier 42 Access Rd,Metropolis Central,Industrial Waterfront & Port,MC-10014,40.7884983,-73.9226245,port_marina,moderate,"{""cctv_coverage"": ""standard"", ""night_patrol_sector"": ""SEC-10"", ""lighting_rating"": ""adequate""}",2021-01-01T00:00:00,2021-01-01T00:00:00
5e678ea8-86b9-4854-afaa-271bad53d882,South Bay Logistics Hub Government Facility #515,585 Canal Promenade,Metropolis Central,South Bay Logistics Hub,MC-10015,40.7941276,-73.9165686,government_facility,low,"{""cctv_coverage"": ""standard"", ""night_patrol_sector"": ""SEC-11"", ""lighting_rating"": ""adequate""}",2021-01-01T00:00:00,2021-01-01T00:00:00
fc76e265-bb7f-487b-863d-c193fc609951,Silver Lake Tech Park Residential #516,302 Quarry Lane,Metropolis Central,Silver Lake Tech Park,MC-10016,40.784546,-74.0449456,residential,low,"{""cctv_coverage"": ""standard"", ""night_patrol_sector"": ""SEC-12"", ""lighting_rating"": ""adequate""}",2021-01-01T00:00:00,2021-01-01T00:00:00
9eb4b802-f4ca-4e3e-806f-9eb61b3c6f14,Downtown Commercial District Industrial #517,214 Highland Boulevard,Metropolis Central,Downtown Commercial District,MC-10017,40.8767065,-73.9133219,industrial,low,"{""cctv_coverage"": ""standard"", ""night_patrol_sector"": ""SEC-01"", ""lighting_rating"": ""adequate""}",2021-01-01T00:00:00,2021-01-01T00:00:00
81ba7c6e-9a52-459a-888d-69978d47f5e8,Downtown Commercial District Public Transit #518,717 Sunset Parkway,Metropolis Central,Downtown Commercial District,MC-10018,40.8307188,-74.0435387,public_transit,high,"{""cctv_coverage"": ""high"", ""night_patrol_sector"": ""SEC-02"", ""lighting_rating"": ""adequate""}",2021-01-01T00:00:00,2021-01-01T00:00:00
7488f5ab-b77e-44bd-b4ca-3b464a35b61b,Northshore Heights Entertainment Venue #519,640 Atlantic Avenue,Metropolis Central,Northshore Heights,MC-10019,40.7922541,-74.0024809,entertainment_venue,moderate,"{""cctv_coverage"": ""standard"", ""night_patrol_sector"": ""SEC-03"", ""lighting_rating"": ""adequate""}",2021-01-01T00:00:00,2021-01-01T00:00:00
2273bd3b-67ee-4e3e-8bae-91348007dfaf,West End Suburbs Warehouse #520,719 St. Marks Place,Metropolis Central,West End Suburbs,MC-10020,40.7575109,-73.8586596,warehouse,extreme,"{""cctv_coverage"": ""high"", ""night_patrol_sector"": ""SEC-04"", ""lighting_rating"": ""poor""}",2021-01-01T00:00:00,2021-01-01T00:00:00
72d381b4-60c8-4183-a135-032fc5435dc7,South Bay Logistics Hub Residential #521,999 St. Marks Place,Metropolis Central,South Bay Logistics Hub,MC-10021,40.828734,-74.0093826,residential,high,"{""cctv_coverage"": ""high"", ""night_patrol_sector"": ""SEC-05"", ""lighting_rating"": ""adequate""}",2021-01-01T00:00:00,2021-01-01T00:00:00
f1ea96e6-92a6-412b-aa9e-1a4508836391,Old Town Heritage Ward Entertainment Venue #522,859 Atlantic Avenue,Metropolis Central,Old Town Heritage Ward,MC-10022,40.8209258,-73.9204735,entertainment_venue,moderate,"{""cctv_coverage"": ""standard"", ""night_patrol_sector"": ""SEC-06"", ""lighting_rating"": ""adequate""}",2021-01-01T00:00:00,2021-01-01T00:00:00
e2eabb9a-70f4-47ae-9cd7-62ca2b7d3998,Silver Lake Tech Park Public Transit #523,766 Beacon Street,Metropolis Central,Silver Lake Tech Park,MC-10023,40.7388355,-74.0145148,public_transit,moderate,"{""cctv_coverage"": ""standard"", ""night_patrol_sector"": ""SEC-07"", ""lighting_rating"": ""adequate""}",2021-01-01T00:00:00,2021-01-01T00:00:00
9a13a664-e4f9-4151-9c67-7bf1136ae24a,Industrial Waterfront & Port Port Marina #524,995 Pier 42 Access Rd,Metropolis Central,Industrial Waterfront & Port,MC-10024,40.7038708,-74.0418732,port_marina,low,"{""cctv_coverage"": ""standard"", ""night_patrol_sector"": ""SEC-08"", ""lighting_rating"": ""adequate""}",2021-01-01T00:00:00,2021-01-01T00:00:00
f51c6b5b-734e-4c94-bf97-9f6c9984942e,West End Suburbs Government Facility #525,143 Pier 42 Access Rd,Metropolis Central,West End Suburbs,MC-10025,40.8492028,-74.048871,government_facility,low,"{""cctv_coverage"": ""standard"", ""night_patrol_sector"": ""SEC-09"", ""lighting_rating"": ""adequate""}",2021-01-01T00:00:00,2021-01-01T00:00:00
c25e25a0-32e4-4e97-a818-e036b00abc9f,Industrial Waterfront & Port Street Corner #526,50 Harbor View Drive,Metropolis Central,Industrial Waterfront & Port,MC-10026,40.7993761,-73.8952678,street_corner,moderate,"{""cctv_coverage"": ""standard"", ""night_patrol_sector"": ""SEC-10"", ""lighting_rating"": ""adequate""}",2021-01-01T00:00:00,2021-01-01T00:00:00
85e4a03e-682c-4215-9823-22d115e40043,West End Suburbs Commercial #527,512 River Road,Metropolis Central,West End Suburbs,MC-10027,40.8368063,-73.9864282,commercial,low,"{""cctv_coverage"": ""standard"", ""night_patrol_sector"": ""SEC-11"", ""lighting_rating"": ""adequate""}",2021-01-01T00:00:00,2021-01-01T00:00:00
90bfa47c-2424-4b95-ad34-b481c6049548,Industrial Waterfront & Port Port Marina #528,543 Vanderbilt Way,Metropolis Central,Industrial Waterfront & Port,MC-10028,40.7118741,-73.941384,port_marina,low,"{""cctv_coverage"": ""standard"", ""night_patrol_sector"": ""SEC-12"", ""lighting_rating"": ""adequate""}",2021-01-01T00:00:00,2021-01-01T00:00:00
3497347d-95f4-4816-aec6-98590c1ef8d5,South Bay Logistics Hub Entertainment Venue #529,236 Beacon Street,Metropolis Central,South Bay Logistics Hub,MC-10029,40.7463767,-73.9778404,entertainment_venue,low,"{""cctv_coverage"": ""standard"", ""night_patrol_sector"": ""SEC-01"", ""lighting_rating"": ""adequate""}",2021-01-01T00:00:00,2021-01-01T00:00:00
c0641e55-0015-47c6-8487-5cf9da284f19,Harbor Point Terminal Port Marina #530,553 Canal Promenade,Metropolis Central,Harbor Point Terminal,MC-10030,40.8447377,-73.8537734,port_marina,low,"{""cctv_coverage"": ""standard"", ""night_patrol_sector"": ""SEC-02"", ""lighting_rating"": ""adequate""}",2021-01-01T00:00:00,2021-01-01T00:00:00
f7594c2e-ea06-4639-933f-6eedbf472cae,South Bay Logistics Hub Entertainment Venue #531,466 Atlantic Avenue,Metropolis Central,South Bay Logistics Hub,MC-10031,40.8027402,-73.9257737,entertainment_venue,extreme,"{""cctv_coverage"": ""high"", ""night_patrol_sector"": ""SEC-03"", ""lighting_rating"": ""poor""}",2021-01-01T00:00:00,2021-01-01T00:00:00
0b9e5aaf-8fbf-4de1-a617-ffabe976a6df,South Bay Logistics Hub Warehouse #532,400 Industrial Boulevard,Metropolis Central,South Bay Logistics Hub,MC-10032,40.7313181,-73.9052049,warehouse,low,"{""cctv_coverage"": ""standard"", ""night_patrol_sector"": ""SEC-04"", ""lighting_rating"": ""adequate""}",2021-01-01T00:00:00,2021-01-01T00:00:00
4e82fa59-fdc8-437d-af7c-1b2d6f082b88,Silver Lake Tech Park Port Marina #533,851 River Road,Metropolis Central,Silver Lake Tech Park,MC-10033,40.8405633,-73.9608886,port_marina,low,"{""cctv_coverage"": ""standard"", ""night_patrol_sector"": ""SEC-05"", ""lighting_rating"": ""adequate""}",2021-01-01T00:00:00,2021-01-01T00:00:00
aa502f2d-df0f-4d27-b6a1-ea1e0c26a1bc,Eastside Arts Corridor Commercial #534,338 Vanderbilt Way,Metropolis Central,Eastside Arts Corridor,MC-10034,40.713479,-73.8587448,commercial,moderate,"{""cctv_coverage"": ""standard"", ""night_patrol_sector"": ""SEC-06"", ""lighting_rating"": ""adequate""}",2021-01-01T00:00:00,2021-01-01T00:00:00
741accca-afa9-4daa-8ca5-f2d1d74b8df3,Downtown Commercial District Public Transit #535,651 Vanderbilt Way,Metropolis Central,Downtown Commercial District,MC-10035,40.814067,-73.8952835,public_transit,high,"{""cctv_coverage"": ""high"", ""night_patrol_sector"": ""SEC-07"", ""lighting_rating"": ""adequate""}",2021-01-01T00:00:00,2021-01-01T00:00:00
64a93a04-f27e-4f1f-b49a-80216bed861f,Midtown Financial Plaza Public Transit #536,865 Industrial Boulevard,Metropolis Central,Midtown Financial Plaza,MC-10036,40.7875508,-73.9094514,public_transit,extreme,"{""cctv_coverage"": ""high"", ""night_patrol_sector"": ""SEC-08"", ""lighting_rating"": ""poor""}",2021-01-01T00:00:00,2021-01-01T00:00:00
2b59d485-6566-45d4-a8d0-0480a4e29820,Midtown Financial Plaza Entertainment Venue #537,672 Vanderbilt Way,Metropolis Central,Midtown Financial Plaza,MC-10037,40.7107509,-73.958155,entertainment_venue,low,"{""cctv_coverage"": ""standard"", ""night_patrol_sector"": ""SEC-09"", ""lighting_rating"": ""adequate""}",2021-01-01T00:00:00,2021-01-01T00:00:00
61b6385b-9722-44f2-808e-2aa106cc7506,Northshore Heights Industrial #538,85 St. Marks Place,Metropolis Central,Northshore Heights,MC-10038,40.838843,-73.9383832,industrial,moderate,"{""cctv_coverage"": ""standard"", ""night_patrol_sector"": ""SEC-10"", ""lighting_rating"": ""adequate""}",2021-01-01T00:00:00,2021-01-01T00:00:00
25051c38-5343-4dbc-a284-c29850ca46e4,Eastside Arts Corridor Warehouse #539,942 Highland Boulevard,Metropolis Central,Eastside Arts Corridor,MC-10039,40.7576065,-73.9239565,warehouse,low,"{""cctv_coverage"": ""standard"", ""night_patrol_sector"": ""SEC-11"", ""lighting_rating"": ""adequate""}",2021-01-01T00:00:00,2021-01-01T00:00:00
7fcf9c51-b2e6-499f-96c8-2e5f0a11cb60,Downtown Commercial District Port Marina #540,408 Industrial Boulevard,Metropolis Central,Downtown Commercial District,MC-10040,40.6811798,-73.9059429,port_marina,low,"{""cctv_coverage"": ""standard"", ""night_patrol_sector"": ""SEC-12"", ""lighting_rating"": ""adequate""}",2021-01-01T00:00:00,2021-01-01T00:00:00
5b67d1e8-f17d-4621-bf48-475f8b691ddb,Harbor Point Terminal Street Corner #541,56 Vanderbilt Way,Metropolis Central,Harbor Point Terminal,MC-10041,40.8656096,-74.0287729,street_corner,moderate,"{""cctv_coverage"": ""standard"", ""night_patrol_sector"": ""SEC-01"", ""lighting_rating"": ""adequate""}",2021-01-01T00:00:00,2021-01-01T00:00:00
811efb3a-5d83-4d68-a17e-a190270659b3,West End Suburbs Atm Bank #542,631 Vanderbilt Way,Metropolis Central,West End Suburbs,MC-10042,40.8330548,-73.9624648,atm_bank,low,"{""cctv_coverage"": ""standard"", ""night_patrol_sector"": ""SEC-02"", ""lighting_rating"": ""adequate""}",2021-01-01T00:00:00,2021-01-01T00:00:00
faa5f26f-26c3-4c0a-9358-762c92492483,Downtown Commercial District Port Marina #543,495 Pier 42 Access Rd,Metropolis Central,Downtown Commercial District,MC-10043,40.7239731,-73.9006492,port_marina,moderate,"{""cctv_coverage"": ""standard"", ""night_patrol_sector"": ""SEC-03"", ""lighting_rating"": ""adequate""}",2021-01-01T00:00:00,2021-01-01T00:00:00
b6b807a0-02e9-4c2e-8140-34e495c8d9b7,Silver Lake Tech Park Atm Bank #544,312 Harbor View Drive,Metropolis Central,Silver Lake Tech Park,MC-10044,40.8154578,-73.8671662,atm_bank,moderate,"{""cctv_coverage"": ""standard"", ""night_patrol_sector"": ""SEC-04"", ""lighting_rating"": ""adequate""}",2021-01-01T00:00:00,2021-01-01T00:00:00
27fb3b0b-5f64-4921-a97e-23643ee31abc,South Bay Logistics Hub Port Marina #545,990 Lexington Ave,Metropolis Central,South Bay Logistics Hub,MC-10045,40.8549534,-74.0217252,port_marina,low,"{""cctv_coverage"": ""standard"", ""night_patrol_sector"": ""SEC-05"", ""lighting_rating"": ""adequate""}",2021-01-01T00:00:00,2021-01-01T00:00:00
bfa576ee-a365-4b85-bbb0-f99bdcea2e1c,Harbor Point Terminal Port Marina #546,620 Foundry Street,Metropolis Central,Harbor Point Terminal,MC-10046,40.7895051,-74.0329746,port_marina,low,"{""cctv_coverage"": ""standard"", ""night_patrol_sector"": ""SEC-06"", ""lighting_rating"": ""adequate""}",2021-01-01T00:00:00,2021-01-01T00:00:00
66b15581-fe50-4956-98fb-e730992e25e8,South Bay Logistics Hub Entertainment Venue #547,226 Quarry Lane,Metropolis Central,South Bay Logistics Hub,MC-10047,40.8502918,-74.021509,entertainment_venue,low,"{""cctv_coverage"": ""standard"", ""night_patrol_sector"": ""SEC-07"", ""lighting_rating"": ""adequate""}",2021-01-01T00:00:00,2021-01-01T00:00:00
eb5eaef8-5e3c-4574-a014-e0964f8b7295,Harbor Point Terminal Public Transit #548,864 Highland Boulevard,Metropolis Central,Harbor Point Terminal,MC-10048,40.7029245,-73.9158044,public_transit,moderate,"{""cctv_coverage"": ""standard"", ""night_patrol_sector"": ""SEC-08"", ""lighting_rating"": ""adequate""}",2021-01-01T00:00:00,2021-01-01T00:00:00
c64d7a3b-4f97-4e49-b28d-53adb4321922,Downtown Commercial District Entertainment Venue #549,881 Grand Concourse,Metropolis Central,Downtown Commercial District,MC-10049,40.7899329,-73.9918695,entertainment_venue,low,"{""cctv_coverage"": ""standard"", ""night_patrol_sector"": ""SEC-09"", ""lighting_rating"": ""adequate""}",2021-01-01T00:00:00,2021-01-01T00:00:00
9a57f589-5a3e-4818-abb4-1c4e0c26135c,Northshore Heights Street Corner #550,212 Canal Promenade,Metropolis Central,Northshore Heights,MC-10050,40.7514277,-73.9157409,street_corner,low,"{""cctv_coverage"": ""standard"", ""night_patrol_sector"": ""SEC-10"", ""lighting_rating"": ""adequate""}",2021-01-01T00:00:00,2021-01-01T00:00:00
b838b2a3-9469-4fda-85f4-00a844fb5fbd,West End Suburbs Public Transit #551,644 Vanderbilt Way,Metropolis Central,West End Suburbs,MC-10051,40.7435572,-73.9598708,public_transit,moderate,"{""cctv_coverage"": ""standard"", ""night_patrol_sector"": ""SEC-11"", ""lighting_rating"": ""adequate""}",2021-01-01T00:00:00,2021-01-01T00:00:00
ffd4fb44-ceec-4ace-9395-02df13566275,West End Suburbs Government Facility #552,720 Harbor View Drive,Metropolis Central,West End Suburbs,MC-10052,40.7933724,-73.88846,government_facility,extreme,"{""cctv_coverage"": ""high"", ""night_patrol_sector"": ""SEC-12"", ""lighting_rating"": ""poor""}",2021-01-01T00:00:00,2021-01-01T00:00:00
edd488a4-0134-44e2-9bdd-82015d8042ab,Industrial Waterfront & Port Public Transit #553,14 Commerce Expressway,Metropolis Central,Industrial Waterfront & Port,MC-10053,40.837132,-73.9075602,public_transit,moderate,"{""cctv_coverage"": ""standard"", ""night_patrol_sector"": ""SEC-01"", ""lighting_rating"": ""adequate""}",2021-01-01T00:00:00,2021-01-01T00:00:00
c92ed981-3e54-4777-b56a-006dd87d0fd0,West End Suburbs Industrial #554,870 River Road,Metropolis Central,West End Suburbs,MC-10054,40.815916,-73.9836874,industrial,low,"{""cctv_coverage"": ""standard"", ""night_patrol_sector"": ""SEC-02"", ""lighting_rating"": ""adequate""}",2021-01-01T00:00:00,2021-01-01T00:00:00
702ed86c-6892-4074-8316-1b40be503743,Old Town Heritage Ward Hideout #555,377 Sunset Parkway,Metropolis Central,Old Town Heritage Ward,MC-10055,40.7903344,-74.014846,hideout,moderate,"{""cctv_coverage"": ""standard"", ""night_patrol_sector"": ""SEC-03"", ""lighting_rating"": ""adequate""}",2021-01-01T00:00:00,2021-01-01T00:00:00
26930be7-9678-42cf-9a20-a2c6e29d8b24,West End Suburbs Port Marina #556,889 Harbor View Drive,Metropolis Central,West End Suburbs,MC-10056,40.7192864,-73.9032911,port_marina,moderate,"{""cctv_coverage"": ""standard"", ""night_patrol_sector"": ""SEC-04"", ""lighting_rating"": ""adequate""}",2021-01-01T00:00:00,2021-01-01T00:00:00
312e7671-887a-492d-90be-97cff3f6f8bc,Northshore Heights Port Marina #557,923 Lexington Ave,Metropolis Central,Northshore Heights,MC-10057,40.8063253,-73.8874715,port_marina,moderate,"{""cctv_coverage"": ""standard"", ""night_patrol_sector"": ""SEC-05"", ""lighting_rating"": ""adequate""}",2021-01-01T00:00:00,2021-01-01T00:00:00
b55baab3-3c59-4fe4-99aa-7070ff7865d8,Harbor Point Terminal Port Marina #558,227 St. Marks Place,Metropolis Central,Harbor Point Terminal,MC-10058,40.7321233,-73.8712028,port_marina,moderate,"{""cctv_coverage"": ""standard"", ""night_patrol_sector"": ""SEC-06"", ""lighting_rating"": ""adequate""}",2021-01-01T00:00:00,2021-01-01T00:00:00
82b28c13-6707-474e-b3b0-a78ade935ae0,Industrial Waterfront & Port Public Transit #559,384 Foundry Street,Metropolis Central,Industrial Waterfront & Port,MC-10059,40.8582875,-73.9320798,public_transit,high,"{""cctv_coverage"": ""high"", ""night_patrol_sector"": ""SEC-07"", ""lighting_rating"": ""adequate""}",2021-01-01T00:00:00,2021-01-01T00:00:00
3e60fd25-12c4-4137-b94e-c38cda1063e6,Industrial Waterfront & Port Warehouse #560,485 Vanderbilt Way,Metropolis Central,Industrial Waterfront & Port,MC-10060,40.7527731,-74.0478817,warehouse,low,"{""cctv_coverage"": ""standard"", ""night_patrol_sector"": ""SEC-08"", ""lighting_rating"": ""adequate""}",2021-01-01T00:00:00,2021-01-01T00:00:00
675df365-e396-42ec-9085-cf9af3817975,Harbor Point Terminal Port Marina #561,710 Pier 42 Access Rd,Metropolis Central,Harbor Point Terminal,MC-10061,40.7080741,-74.0181555,port_marina,moderate,"{""cctv_coverage"": ""standard"", ""night_patrol_sector"": ""SEC-09"", ""lighting_rating"": ""adequate""}",2021-01-01T00:00:00,2021-01-01T00:00:00
3afd13e7-2cf3-4048-a095-303cd0801ddb,Harbor Point Terminal Hideout #562,685 Harbor View Drive,Metropolis Central,Harbor Point Terminal,MC-10062,40.8678351,-74.041916,hideout,moderate,"{""cctv_coverage"": ""standard"", ""night_patrol_sector"": ""SEC-10"", ""lighting_rating"": ""adequate""}",2021-01-01T00:00:00,2021-01-01T00:00:00
a9cc38b4-989b-464d-83dc-aaf1f0d6a3e4,Eastside Arts Corridor Street Corner #563,74 Highland Boulevard,Metropolis Central,Eastside Arts Corridor,MC-10063,40.7268037,-73.9162829,street_corner,moderate,"{""cctv_coverage"": ""standard"", ""night_patrol_sector"": ""SEC-11"", ""lighting_rating"": ""adequate""}",2021-01-01T00:00:00,2021-01-01T00:00:00
0c815897-b645-47ca-bbdf-aae717012fbe,South Bay Logistics Hub Hideout #564,407 Canal Promenade,Metropolis Central,South Bay Logistics Hub,MC-10064,40.8563104,-74.0420191,hideout,moderate,"{""cctv_coverage"": ""standard"", ""night_patrol_sector"": ""SEC-12"", ""lighting_rating"": ""adequate""}",2021-01-01T00:00:00,2021-01-01T00:00:00
ad3fc9fb-8b44-493d-a6c0-29f502b8a5a9,Northshore Heights Atm Bank #565,730 Highland Boulevard,Metropolis Central,Northshore Heights,MC-10065,40.7957263,-73.935968,atm_bank,low,"{""cctv_coverage"": ""standard"", ""night_patrol_sector"": ""SEC-01"", ""lighting_rating"": ""adequate""}",2021-01-01T00:00:00,2021-01-01T00:00:00
5e799fbf-6c0b-4d49-8862-0f96c1f1dcf8,Midtown Financial Plaza Port Marina #566,384 Vanderbilt Way,Metropolis Central,Midtown Financial Plaza,MC-10066,40.7303173,-73.8554652,port_marina,low,"{""cctv_coverage"": ""standard"", ""night_patrol_sector"": ""SEC-02"", ""lighting_rating"": ""adequate""}",2021-01-01T00:00:00,2021-01-01T00:00:00
b5ca3e61-2e9d-4e59-ae89-01cf54037e9d,Midtown Financial Plaza Hideout #567,371 River Road,Metropolis Central,Midtown Financial Plaza,MC-10067,40.8385315,-73.8725656,hideout,low,"{""cctv_coverage"": ""standard"", ""night_patrol_sector"": ""SEC-03"", ""lighting_rating"": ""adequate""}",2021-01-01T00:00:00,2021-01-01T00:00:00
a17f0e28-25d0-4e04-bd63-44b00388b243,Industrial Waterfront & Port Public Transit #568,460 Pier 42 Access Rd,Metropolis Central,Industrial Waterfront & Port,MC-10068,40.6954176,-73.9213046,public_transit,low,"{""cctv_coverage"": ""standard"", ""night_patrol_sector"": ""SEC-04"", ""lighting_rating"": ""adequate""}",2021-01-01T00:00:00,2021-01-01T00:00:00
f919da3f-c618-4a52-aca8-cc485ea7a4f9,Industrial Waterfront & Port Government Facility #569,171 River Road,Metropolis Central,Industrial Waterfront & Port,MC-10069,40.8234605,-74.026334,government_facility,low,"{""cctv_coverage"": ""standard"", ""night_patrol_sector"": ""SEC-05"", ""lighting_rating"": ""adequate""}",2021-01-01T00:00:00,2021-01-01T00:00:00
e7087369-814a-4190-bcdf-e933a8b7cfa1,South Bay Logistics Hub Hideout #570,747 Industrial Boulevard,Metropolis Central,South Bay Logistics Hub,MC-10070,40.8150459,-73.9541958,hideout,moderate,"{""cctv_coverage"": ""standard"", ""night_patrol_sector"": ""SEC-06"", ""lighting_rating"": ""adequate""}",2021-01-01T00:00:00,2021-01-01T00:00:00
9e9319fb-60ec-44d4-97b7-d4b1df0fec2b,Midtown Financial Plaza Residential #571,32 Atlantic Avenue,Metropolis Central,Midtown Financial Plaza,MC-10071,40.705577,-73.9315305,residential,low,"{""cctv_coverage"": ""standard"", ""night_patrol_sector"": ""SEC-07"", ""lighting_rating"": ""adequate""}",2021-01-01T00:00:00,2021-01-01T00:00:00
fd002d84-ba57-4b08-8ba1-0ea7985fd7b9,Silver Lake Tech Park Residential #572,50 Harbor View Drive,Metropolis Central,Silver Lake Tech Park,MC-10072,40.7132683,-73.8655106,residential,moderate,"{""cctv_coverage"": ""standard"", ""night_patrol_sector"": ""SEC-08"", ""lighting_rating"": ""adequate""}",2021-01-01T00:00:00,2021-01-01T00:00:00
ba928dd0-ac7b-4b69-b2ba-e3351156311f,Midtown Financial Plaza Entertainment Venue #573,623 Lexington Ave,Metropolis Central,Midtown Financial Plaza,MC-10073,40.8442607,-73.8605492,entertainment_venue,low,"{""cctv_coverage"": ""standard"", ""night_patrol_sector"": ""SEC-09"", ""lighting_rating"": ""adequate""}",2021-01-01T00:00:00,2021-01-01T00:00:00
13470998-be4b-42c8-8368-8a460de2a80c,Harbor Point Terminal Industrial #574,492 Canal Promenade,Metropolis Central,Harbor Point Terminal,MC-10074,40.7238728,-73.9678466,industrial,low,"{""cctv_coverage"": ""standard"", ""night_patrol_sector"": ""SEC-10"", ""lighting_rating"": ""adequate""}",2021-01-01T00:00:00,2021-01-01T00:00:00
8a1fec6e-a9f8-488b-8f54-cdd47399ad5e,Harbor Point Terminal Government Facility #575,850 Pier 42 Access Rd,Metropolis Central,Harbor Point Terminal,MC-10075,40.8119298,-73.9970959,government_facility,moderate,"{""cctv_coverage"": ""standard"", ""night_patrol_sector"": ""SEC-11"", ""lighting_rating"": ""adequate""}",2021-01-01T00:00:00,2021-01-01T00:00:00
90e582d9-95fa-44ad-8e5f-6c143f034e99,South Bay Logistics Hub Government Facility #576,954 Grand Concourse,Metropolis Central,South Bay Logistics Hub,MC-10076,40.7981192,-74.0040372,government_facility,low,"{""cctv_coverage"": ""standard"", ""night_patrol_sector"": ""SEC-12"", ""lighting_rating"": ""adequate""}",2021-01-01T00:00:00,2021-01-01T00:00:00
ad5388fb-3609-4e75-ae2e-7c5f0fcfd8b1,Northshore Heights Port Marina #577,26 Beacon Street,Metropolis Central,Northshore Heights,MC-10077,40.8519183,-73.9491281,port_marina,low,"{""cctv_coverage"": ""standard"", ""night_patrol_sector"": ""SEC-01"", ""lighting_rating"": ""adequate""}",2021-01-01T00:00:00,2021-01-01T00:00:00
0149cbf4-89be-48a9-8bd1-7a87d16d09e8,Industrial Waterfront & Port Industrial #578,630 Industrial Boulevard,Metropolis Central,Industrial Waterfront & Port,MC-10078,40.7751738,-73.9270504,industrial,low,"{""cctv_coverage"": ""standard"", ""night_patrol_sector"": ""SEC-02"", ""lighting_rating"": ""adequate""}",2021-01-01T00:00:00,2021-01-01T00:00:00
e310144a-7b9b-4f52-ae10-5752cc06a0f1,Silver Lake Tech Park Commercial #579,525 Industrial Boulevard,Metropolis Central,Silver Lake Tech Park,MC-10079,40.7764482,-74.0239342,commercial,moderate,"{""cctv_coverage"": ""standard"", ""night_patrol_sector"": ""SEC-03"", ""lighting_rating"": ""adequate""}",2021-01-01T00:00:00,2021-01-01T00:00:00
90b9365a-8166-4dbc-83d0-3c00c7a9efa7,Downtown Commercial District Port Marina #580,928 Quarry Lane,Metropolis Central,Downtown Commercial District,MC-10080,40.7641368,-73.8750351,port_marina,moderate,"{""cctv_coverage"": ""standard"", ""night_patrol_sector"": ""SEC-04"", ""lighting_rating"": ""adequate""}",2021-01-01T00:00:00,2021-01-01T00:00:00
55003390-e4fd-4d5d-a397-49c9301e280a,Midtown Financial Plaza Warehouse #581,244 Canal Promenade,Metropolis Central,Midtown Financial Plaza,MC-10081,40.7501036,-73.8890758,warehouse,high,"{""cctv_coverage"": ""high"", ""night_patrol_sector"": ""SEC-05"", ""lighting_rating"": ""adequate""}",2021-01-01T00:00:00,2021-01-01T00:00:00
8a65f44f-72a9-4360-b513-465f771944c8,Harbor Point Terminal Industrial #582,110 Quarry Lane,Metropolis Central,Harbor Point Terminal,MC-10082,40.7309036,-73.8968282,industrial,high,"{""cctv_coverage"": ""high"", ""night_patrol_sector"": ""SEC-06"", ""lighting_rating"": ""adequate""}",2021-01-01T00:00:00,2021-01-01T00:00:00
cc8f2dc8-92ce-4da1-a2e7-ca9feec9b8a2,Northshore Heights Atm Bank #583,300 Quarry Lane,Metropolis Central,Northshore Heights,MC-10083,40.7178042,-73.9081702,atm_bank,moderate,"{""cctv_coverage"": ""standard"", ""night_patrol_sector"": ""SEC-07"", ""lighting_rating"": ""adequate""}",2021-01-01T00:00:00,2021-01-01T00:00:00
37e26dfa-48a8-4e10-8779-f6beaac01e7b,Harbor Point Terminal Port Marina #584,545 Industrial Boulevard,Metropolis Central,Harbor Point Terminal,MC-10084,40.6814388,-73.9190908,port_marina,moderate,"{""cctv_coverage"": ""standard"", ""night_patrol_sector"": ""SEC-08"", ""lighting_rating"": ""adequate""}",2021-01-01T00:00:00,2021-01-01T00:00:00
a1188ac1-758f-4ffc-a8d3-3d796925e01a,South Bay Logistics Hub Commercial #585,428 River Road,Metropolis Central,South Bay Logistics Hub,MC-10085,40.7109557,-73.9196848,commercial,low,"{""cctv_coverage"": ""standard"", ""night_patrol_sector"": ""SEC-09"", ""lighting_rating"": ""adequate""}",2021-01-01T00:00:00,2021-01-01T00:00:00
7685a399-5b83-4740-87bb-1e5a8faee6ce,Silver Lake Tech Park Government Facility #586,443 River Road,Metropolis Central,Silver Lake Tech Park,MC-10086,40.7351121,-73.9138789,government_facility,moderate,"{""cctv_coverage"": ""standard"", ""night_patrol_sector"": ""SEC-10"", ""lighting_rating"": ""adequate""}",2021-01-01T00:00:00,2021-01-01T00:00:00
bf30467d-39f5-4486-8e79-eda138c39398,Midtown Financial Plaza Industrial #587,575 Canal Promenade,Metropolis Central,Midtown Financial Plaza,MC-10087,40.7540426,-73.9390177,industrial,low,"{""cctv_coverage"": ""standard"", ""night_patrol_sector"": ""SEC-11"", ""lighting_rating"": ""adequate""}",2021-01-01T00:00:00,2021-01-01T00:00:00
9b2a426c-6282-4d1d-b651-2e1b0646d55f,West End Suburbs Warehouse #588,601 River Road,Metropolis Central,West End Suburbs,MC-10088,40.8271565,-73.8790002,warehouse,moderate,"{""cctv_coverage"": ""standard"", ""night_patrol_sector"": ""SEC-12"", ""lighting_rating"": ""adequate""}",2021-01-01T00:00:00,2021-01-01T00:00:00
61925c46-80c3-47e6-9971-5a68b260d99f,Eastside Arts Corridor Commercial #589,467 Pier 42 Access Rd,Metropolis Central,Eastside Arts Corridor,MC-10089,40.7228916,-73.9698878,commercial,low,"{""cctv_coverage"": ""standard"", ""night_patrol_sector"": ""SEC-01"", ""lighting_rating"": ""adequate""}",2021-01-01T00:00:00,2021-01-01T00:00:00
663b5c2d-a947-42e3-922c-42ac1fcc16d6,Silver Lake Tech Park Industrial #590,638 St. Marks Place,Metropolis Central,Silver Lake Tech Park,MC-10090,40.7578207,-73.9228247,industrial,high,"{""cctv_coverage"": ""high"", ""night_patrol_sector"": ""SEC-02"", ""lighting_rating"": ""adequate""}",2021-01-01T00:00:00,2021-01-01T00:00:00
7c4a97da-aedb-4206-8bde-13e8088f84eb,Industrial Waterfront & Port Commercial #591,492 Quarry Lane,Metropolis Central,Industrial Waterfront & Port,MC-10091,40.6928161,-74.005646,commercial,low,"{""cctv_coverage"": ""standard"", ""night_patrol_sector"": ""SEC-03"", ""lighting_rating"": ""adequate""}",2021-01-01T00:00:00,2021-01-01T00:00:00
25c65bfb-badb-4953-869f-77d5a9cb523c,Downtown Commercial District Warehouse #592,751 Foundry Street,Metropolis Central,Downtown Commercial District,MC-10092,40.8027931,-73.9457989,warehouse,moderate,"{""cctv_coverage"": ""standard"", ""night_patrol_sector"": ""SEC-04"", ""lighting_rating"": ""adequate""}",2021-01-01T00:00:00,2021-01-01T00:00:00
225ffeb5-9951-4ebf-a18c-06d0403dbd0b,Harbor Point Terminal Entertainment Venue #593,68 Pier 42 Access Rd,Metropolis Central,Harbor Point Terminal,MC-10093,40.7788737,-74.0478579,entertainment_venue,high,"{""cctv_coverage"": ""high"", ""night_patrol_sector"": ""SEC-05"", ""lighting_rating"": ""adequate""}",2021-01-01T00:00:00,2021-01-01T00:00:00
56e8db3f-769c-4e92-acb0-c23ca3b18a3e,Silver Lake Tech Park Residential #594,302 Beacon Street,Metropolis Central,Silver Lake Tech Park,MC-10094,40.8367919,-73.9478904,residential,moderate,"{""cctv_coverage"": ""standard"", ""night_patrol_sector"": ""SEC-06"", ""lighting_rating"": ""adequate""}",2021-01-01T00:00:00,2021-01-01T00:00:00
b6a8a86e-8de0-42ab-8e93-433d2df9317c,Harbor Point Terminal Street Corner #595,183 St. Marks Place,Metropolis Central,Harbor Point Terminal,MC-10095,40.7278513,-74.0499425,street_corner,low,"{""cctv_coverage"": ""standard"", ""night_patrol_sector"": ""SEC-07"", ""lighting_rating"": ""adequate""}",2021-01-01T00:00:00,2021-01-01T00:00:00
eca9798f-62a6-4199-97bd-782ed559d2ed,West End Suburbs Street Corner #596,808 Foundry Street,Metropolis Central,West End Suburbs,MC-10096,40.8139324,-73.9689098,street_corner,low,"{""cctv_coverage"": ""standard"", ""night_patrol_sector"": ""SEC-08"", ""lighting_rating"": ""adequate""}",2021-01-01T00:00:00,2021-01-01T00:00:00
bec89eff-bf4f-4d3f-95bf-a450b2682aa4,Downtown Commercial District Commercial #597,764 Vanderbilt Way,Metropolis Central,Downtown Commercial District,MC-10097,40.7899185,-73.9047723,commercial,moderate,"{""cctv_coverage"": ""standard"", ""night_patrol_sector"": ""SEC-09"", ""lighting_rating"": ""adequate""}",2021-01-01T00:00:00,2021-01-01T00:00:00
f15b06dd-3bad-4687-99d6-2d8e61ec7c32,Harbor Point Terminal Atm Bank #598,366 River Road,Metropolis Central,Harbor Point Terminal,MC-10098,40.7252591,-73.8573886,atm_bank,low,"{""cctv_coverage"": ""standard"", ""night_patrol_sector"": ""SEC-10"", ""lighting_rating"": ""adequate""}",2021-01-01T00:00:00,2021-01-01T00:00:00
b7e5c7ba-a783-4ebc-968a-d0863cc316f1,Midtown Financial Plaza Atm Bank #599,598 Lexington Ave,Metropolis Central,Midtown Financial Plaza,MC-10099,40.715007,-73.9487524,atm_bank,moderate,"{""cctv_coverage"": ""standard"", ""night_patrol_sector"": ""SEC-11"", ""lighting_rating"": ""adequate""}",2021-01-01T00:00:00,2021-01-01T00:00:00
772f6032-ae63-4af3-b6d1-4531b9070882,Silver Lake Tech Park Commercial #600,311 Commerce Expressway,Metropolis Central,Silver Lake Tech Park,MC-10100,40.8405884,-73.8586581,commercial,high,"{""cctv_coverage"": ""high"", ""night_patrol_sector"": ""SEC-12"", ""lighting_rating"": ""adequate""}",2021-01-01T00:00:00,2021-01-01T00:00:00
f70e6cf7-c09a-448d-9c39-2d3d180aac22,Harbor Point Terminal Warehouse #601,266 Grand Concourse,Metropolis Central,Harbor Point Terminal,MC-10101,40.7926337,-73.8960066,warehouse,moderate,"{""cctv_coverage"": ""standard"", ""night_patrol_sector"": ""SEC-01"", ""lighting_rating"": ""adequate""}",2021-01-01T00:00:00,2021-01-01T00:00:00
85490841-5a3f-4722-9134-e224961d9a1f,Old Town Heritage Ward Government Facility #602,707 Grand Concourse,Metropolis Central,Old Town Heritage Ward,MC-10102,40.8524047,-73.953606,government_facility,low,"{""cctv_coverage"": ""standard"", ""night_patrol_sector"": ""SEC-02"", ""lighting_rating"": ""adequate""}",2021-01-01T00:00:00,2021-01-01T00:00:00
4c049633-cc01-41c6-96c8-3940fc17c271,Midtown Financial Plaza Entertainment Venue #603,658 Atlantic Avenue,Metropolis Central,Midtown Financial Plaza,MC-10103,40.8202352,-73.8899677,entertainment_venue,low,"{""cctv_coverage"": ""standard"", ""night_patrol_sector"": ""SEC-03"", ""lighting_rating"": ""adequate""}",2021-01-01T00:00:00,2021-01-01T00:00:00
a7a71941-52f4-4b4e-8516-dce14cfa5368,South Bay Logistics Hub Atm Bank #604,538 Lexington Ave,Metropolis Central,South Bay Logistics Hub,MC-10104,40.7296515,-74.0313981,atm_bank,moderate,"{""cctv_coverage"": ""standard"", ""night_patrol_sector"": ""SEC-04"", ""lighting_rating"": ""adequate""}",2021-01-01T00:00:00,2021-01-01T00:00:00
c296aaf9-c1cf-45fd-ad36-a10081148485,South Bay Logistics Hub Hideout #605,87 Pier 42 Access Rd,Metropolis Central,South Bay Logistics Hub,MC-10105,40.7427746,-74.0062868,hideout,moderate,"{""cctv_coverage"": ""standard"", ""night_patrol_sector"": ""SEC-05"", ""lighting_rating"": ""adequate""}",2021-01-01T00:00:00,2021-01-01T00:00:00
a161e70f-d039-4e31-8581-b7938871d351,Industrial Waterfront & Port Hideout #606,979 Beacon Street,Metropolis Central,Industrial Waterfront & Port,MC-10106,40.8274224,-74.0030277,hideout,low,"{""cctv_coverage"": ""standard"", ""night_patrol_sector"": ""SEC-06"", ""lighting_rating"": ""adequate""}",2021-01-01T00:00:00,2021-01-01T00:00:00
404f6194-c728-4330-9e6f-00303d528f5a,West End Suburbs Public Transit #607,221 Atlantic Avenue,Metropolis Central,West End Suburbs,MC-10107,40.8469881,-73.8827331,public_transit,low,"{""cctv_coverage"": ""standard"", ""night_patrol_sector"": ""SEC-07"", ""lighting_rating"": ""adequate""}",2021-01-01T00:00:00,2021-01-01T00:00:00
28c6acc7-d412-4a15-9c54-fdcbc2cad16b,Northshore Heights Entertainment Venue #608,132 Vanderbilt Way,Metropolis Central,Northshore Heights,MC-10108,40.8711559,-73.951467,entertainment_venue,low,"{""cctv_coverage"": ""standard"", ""night_patrol_sector"": ""SEC-08"", ""lighting_rating"": ""adequate""}",2021-01-01T00:00:00,2021-01-01T00:00:00
6d5f199f-7bc0-47dc-9c59-df89ec129aa8,Silver Lake Tech Park Hideout #609,990 St. Marks Place,Metropolis Central,Silver Lake Tech Park,MC-10109,40.7542393,-73.9869166,hideout,high,"{""cctv_coverage"": ""high"", ""night_patrol_sector"": ""SEC-09"", ""lighting_rating"": ""adequate""}",2021-01-01T00:00:00,2021-01-01T00:00:00
35c47573-82b7-452b-b216-f0123a033146,Harbor Point Terminal Hideout #610,899 Highland Boulevard,Metropolis Central,Harbor Point Terminal,MC-10110,40.7165744,-73.8971475,hideout,moderate,"{""cctv_coverage"": ""standard"", ""night_patrol_sector"": ""SEC-10"", ""lighting_rating"": ""adequate""}",2021-01-01T00:00:00,2021-01-01T00:00:00
436599ff-dd87-4ef0-bc19-f15a670a5957,Midtown Financial Plaza Residential #611,237 Harbor View Drive,Metropolis Central,Midtown Financial Plaza,MC-10111,40.7851471,-73.9653648,residential,high,"{""cctv_coverage"": ""high"", ""night_patrol_sector"": ""SEC-11"", ""lighting_rating"": ""adequate""}",2021-01-01T00:00:00,2021-01-01T00:00:00
d1c7ec26-e9f1-435d-b6a8-5b2b59bb9f4b,Downtown Commercial District Warehouse #612,524 River Road,Metropolis Central,Downtown Commercial District,MC-10112,40.85208,-73.8948192,warehouse,low,"{""cctv_coverage"": ""standard"", ""night_patrol_sector"": ""SEC-12"", ""lighting_rating"": ""adequate""}",2021-01-01T00:00:00,2021-01-01T00:00:00
28bc7550-bb1b-4714-ae5c-615548e5b347,Northshore Heights Street Corner #613,725 Grand Concourse,Metropolis Central,Northshore Heights,MC-10113,40.8178421,-74.047636,street_corner,low,"{""cctv_coverage"": ""standard"", ""night_patrol_sector"": ""SEC-01"", ""lighting_rating"": ""adequate""}",2021-01-01T00:00:00,2021-01-01T00:00:00
77d6350d-4ad1-454c-aabe-56345bd9ae5f,Harbor Point Terminal Street Corner #614,113 Commerce Expressway,Metropolis Central,Harbor Point Terminal,MC-10114,40.8025556,-73.9980598,street_corner,moderate,"{""cctv_coverage"": ""standard"", ""night_patrol_sector"": ""SEC-02"", ""lighting_rating"": ""adequate""}",2021-01-01T00:00:00,2021-01-01T00:00:00
3f5676ae-3e93-44d1-9a92-4cd61c3fc8d0,Eastside Arts Corridor Government Facility #615,285 Canal Promenade,Metropolis Central,Eastside Arts Corridor,MC-10115,40.7486193,-74.0132173,government_facility,low,"{""cctv_coverage"": ""standard"", ""night_patrol_sector"": ""SEC-03"", ""lighting_rating"": ""adequate""}",2021-01-01T00:00:00,2021-01-01T00:00:00
7ff44303-0052-4b18-9840-e17650c140a5,Midtown Financial Plaza Street Corner #616,727 River Road,Metropolis Central,Midtown Financial Plaza,MC-10116,40.8508652,-73.9940741,street_corner,low,"{""cctv_coverage"": ""standard"", ""night_patrol_sector"": ""SEC-04"", ""lighting_rating"": ""adequate""}",2021-01-01T00:00:00,2021-01-01T00:00:00
856ee802-fcac-4bb3-b9b2-684d806ade79,Industrial Waterfront & Port Commercial #617,599 Atlantic Avenue,Metropolis Central,Industrial Waterfront & Port,MC-10117,40.8241631,-73.8891825,commercial,moderate,"{""cctv_coverage"": ""standard"", ""night_patrol_sector"": ""SEC-05"", ""lighting_rating"": ""adequate""}",2021-01-01T00:00:00,2021-01-01T00:00:00
af1dd77a-deb7-44b1-8488-63521400747b,Midtown Financial Plaza Industrial #618,210 Harbor View Drive,Metropolis Central,Midtown Financial Plaza,MC-10118,40.7745974,-74.0480515,industrial,low,"{""cctv_coverage"": ""standard"", ""night_patrol_sector"": ""SEC-06"", ""lighting_rating"": ""adequate""}",2021-01-01T00:00:00,2021-01-01T00:00:00
ca1cd77a-2397-4462-b414-eaba12d0ee1c,Industrial Waterfront & Port Hideout #619,924 Commerce Expressway,Metropolis Central,Industrial Waterfront & Port,MC-10119,40.7400068,-73.9375723,hideout,moderate,"{""cctv_coverage"": ""standard"", ""night_patrol_sector"": ""SEC-07"", ""lighting_rating"": ""adequate""}",2021-01-01T00:00:00,2021-01-01T00:00:00
d289530c-0d9e-4296-a07c-122a214aea9c,Midtown Financial Plaza Residential #620,111 Pier 42 Access Rd,Metropolis Central,Midtown Financial Plaza,MC-10120,40.7230935,-73.9991421,residential,high,"{""cctv_coverage"": ""high"", ""night_patrol_sector"": ""SEC-08"", ""lighting_rating"": ""adequate""}",2021-01-01T00:00:00,2021-01-01T00:00:00
471bb88f-8b52-4f40-b784-db6b00d24d64,Northshore Heights Atm Bank #621,470 Commerce Expressway,Metropolis Central,Northshore Heights,MC-10121,40.7521924,-73.93793,atm_bank,high,"{""cctv_coverage"": ""high"", ""night_patrol_sector"": ""SEC-09"", ""lighting_rating"": ""adequate""}",2021-01-01T00:00:00,2021-01-01T00:00:00
a79d1e64-e30f-4aa1-ac82-359da21ebce1,West End Suburbs Warehouse #622,362 Lexington Ave,Metropolis Central,West End Suburbs,MC-10122,40.7042475,-73.8765263,warehouse,extreme,"{""cctv_coverage"": ""high"", ""night_patrol_sector"": ""SEC-10"", ""lighting_rating"": ""poor""}",2021-01-01T00:00:00,2021-01-01T00:00:00
0581c0de-231f-4bc9-b4c3-d620cdbf9aee,Eastside Arts Corridor Atm Bank #623,600 Pier 42 Access Rd,Metropolis Central,Eastside Arts Corridor,MC-10123,40.7510218,-73.9153614,atm_bank,low,"{""cctv_coverage"": ""standard"", ""night_patrol_sector"": ""SEC-11"", ""lighting_rating"": ""adequate""}",2021-01-01T00:00:00,2021-01-01T00:00:00
f7db72ec-5e92-4b22-93e6-74831f0a9882,Old Town Heritage Ward Warehouse #624,920 Vanderbilt Way,Metropolis Central,Old Town Heritage Ward,MC-10124,40.8027328,-73.9572496,warehouse,extreme,"{""cctv_coverage"": ""high"", ""night_patrol_sector"": ""SEC-12"", ""lighting_rating"": ""poor""}",2021-01-01T00:00:00,2021-01-01T00:00:00
1e328c59-ab8b-48d5-bdf2-97627e4fe33f,Industrial Waterfront & Port Warehouse #625,665 Commerce Expressway,Metropolis Central,Industrial Waterfront & Port,MC-10125,40.8062547,-73.9356725,warehouse,high,"{""cctv_coverage"": ""high"", ""night_patrol_sector"": ""SEC-01"", ""lighting_rating"": ""adequate""}",2021-01-01T00:00:00,2021-01-01T00:00:00
89ba317a-bd44-4efb-b2b2-d12df07e1ae1,Northshore Heights Street Corner #626,91 Pier 42 Access Rd,Metropolis Central,Northshore Heights,MC-10126,40.7256436,-73.9866244,street_corner,low,"{""cctv_coverage"": ""standard"", ""night_patrol_sector"": ""SEC-02"", ""lighting_rating"": ""adequate""}",2021-01-01T00:00:00,2021-01-01T00:00:00
7a8c752e-ea75-4bd4-ac5a-1da79a58c00a,West End Suburbs Atm Bank #627,629 Foundry Street,Metropolis Central,West End Suburbs,MC-10127,40.8575384,-73.8938052,atm_bank,high,"{""cctv_coverage"": ""high"", ""night_patrol_sector"": ""SEC-03"", ""lighting_rating"": ""adequate""}",2021-01-01T00:00:00,2021-01-01T00:00:00
de52875d-3946-4730-91bf-1641ec4f041a,Harbor Point Terminal Warehouse #628,543 Grand Concourse,Metropolis Central,Harbor Point Terminal,MC-10128,40.7134636,-73.8791576,warehouse,low,"{""cctv_coverage"": ""standard"", ""night_patrol_sector"": ""SEC-04"", ""lighting_rating"": ""adequate""}",2021-01-01T00:00:00,2021-01-01T00:00:00
463fbdd9-2262-4845-9950-463ce985ae76,Eastside Arts Corridor Commercial #629,687 Highland Boulevard,Metropolis Central,Eastside Arts Corridor,MC-10129,40.7221143,-73.9705909,commercial,low,"{""cctv_coverage"": ""standard"", ""night_patrol_sector"": ""SEC-05"", ""lighting_rating"": ""adequate""}",2021-01-01T00:00:00,2021-01-01T00:00:00
0685c720-dc9a-457f-9dbe-52c9922747e2,Old Town Heritage Ward Residential #630,571 St. Marks Place,Metropolis Central,Old Town Heritage Ward,MC-10130,40.8341867,-73.9452034,residential,extreme,"{""cctv_coverage"": ""high"", ""night_patrol_sector"": ""SEC-06"", ""lighting_rating"": ""poor""}",2021-01-01T00:00:00,2021-01-01T00:00:00
0e25097d-66ea-46b8-8baa-722e36d6d7b9,Northshore Heights Commercial #631,278 Harbor View Drive,Metropolis Central,Northshore Heights,MC-10131,40.8109665,-73.8729057,commercial,low,"{""cctv_coverage"": ""standard"", ""night_patrol_sector"": ""SEC-07"", ""lighting_rating"": ""adequate""}",2021-01-01T00:00:00,2021-01-01T00:00:00
c9a2393f-c9dc-49f2-a5fb-da6aa127d84d,Eastside Arts Corridor Hideout #632,765 Sunset Parkway,Metropolis Central,Eastside Arts Corridor,MC-10132,40.8052961,-74.0237446,hideout,high,"{""cctv_coverage"": ""high"", ""night_patrol_sector"": ""SEC-08"", ""lighting_rating"": ""adequate""}",2021-01-01T00:00:00,2021-01-01T00:00:00
b044904a-6076-454b-8e81-44efdc7f31a9,Downtown Commercial District Street Corner #633,45 River Road,Metropolis Central,Downtown Commercial District,MC-10133,40.8528482,-73.9565613,street_corner,high,"{""cctv_coverage"": ""high"", ""night_patrol_sector"": ""SEC-09"", ""lighting_rating"": ""adequate""}",2021-01-01T00:00:00,2021-01-01T00:00:00
c6663ce1-15df-47fb-a86c-58810e37fddb,West End Suburbs Industrial #634,571 Grand Concourse,Metropolis Central,West End Suburbs,MC-10134,40.8739085,-73.9104754,industrial,low,"{""cctv_coverage"": ""standard"", ""night_patrol_sector"": ""SEC-10"", ""lighting_rating"": ""adequate""}",2021-01-01T00:00:00,2021-01-01T00:00:00
9dc459e3-c927-436d-9303-dbd37471dc4d,Harbor Point Terminal Port Marina #635,477 Quarry Lane,Metropolis Central,Harbor Point Terminal,MC-10135,40.8079573,-73.9432432,port_marina,high,"{""cctv_coverage"": ""high"", ""night_patrol_sector"": ""SEC-11"", ""lighting_rating"": ""adequate""}",2021-01-01T00:00:00,2021-01-01T00:00:00
0f4c675f-bd89-40fd-a075-904b36483d5f,Old Town Heritage Ward Commercial #636,562 Atlantic Avenue,Metropolis Central,Old Town Heritage Ward,MC-10136,40.7683721,-73.9768433,commercial,low,"{""cctv_coverage"": ""standard"", ""night_patrol_sector"": ""SEC-12"", ""lighting_rating"": ""adequate""}",2021-01-01T00:00:00,2021-01-01T00:00:00
ea18bf21-fefd-4656-8a36-3154b8fd5f40,West End Suburbs Port Marina #637,20 Lexington Ave,Metropolis Central,West End Suburbs,MC-10137,40.843076,-73.8804107,port_marina,low,"{""cctv_coverage"": ""standard"", ""night_patrol_sector"": ""SEC-01"", ""lighting_rating"": ""adequate""}",2021-01-01T00:00:00,2021-01-01T00:00:00
9148f105-abab-456c-a109-1724e1cfb3ed,Old Town Heritage Ward Hideout #638,557 Lexington Ave,Metropolis Central,Old Town Heritage Ward,MC-10138,40.8693915,-73.9545866,hideout,low,"{""cctv_coverage"": ""standard"", ""night_patrol_sector"": ""SEC-02"", ""lighting_rating"": ""adequate""}",2021-01-01T00:00:00,2021-01-01T00:00:00
92e6afb1-423a-466b-8da9-7581e0a78984,Midtown Financial Plaza Government Facility #639,827 Sunset Parkway,Metropolis Central,Midtown Financial Plaza,MC-10139,40.7262431,-74.0485564,government_facility,low,"{""cctv_coverage"": ""standard"", ""night_patrol_sector"": ""SEC-03"", ""lighting_rating"": ""adequate""}",2021-01-01T00:00:00,2021-01-01T00:00:00
7d8437eb-9602-4291-b895-9d53d35ab355,Midtown Financial Plaza Warehouse #640,913 Quarry Lane,Metropolis Central,Midtown Financial Plaza,MC-10140,40.7299792,-73.9070124,warehouse,moderate,"{""cctv_coverage"": ""standard"", ""night_patrol_sector"": ""SEC-04"", ""lighting_rating"": ""adequate""}",2021-01-01T00:00:00,2021-01-01T00:00:00
bd1b0c8c-5fd1-410f-a3af-380b9146f9b5,Midtown Financial Plaza Commercial #641,235 Highland Boulevard,Metropolis Central,Midtown Financial Plaza,MC-10141,40.7644479,-74.0020876,commercial,moderate,"{""cctv_coverage"": ""standard"", ""night_patrol_sector"": ""SEC-05"", ""lighting_rating"": ""adequate""}",2021-01-01T00:00:00,2021-01-01T00:00:00
8a187942-2a55-4712-aaed-b82b3b28dbff,Harbor Point Terminal Atm Bank #642,836 Highland Boulevard,Metropolis Central,Harbor Point Terminal,MC-10142,40.8096914,-73.9436111,atm_bank,low,"{""cctv_coverage"": ""standard"", ""night_patrol_sector"": ""SEC-06"", ""lighting_rating"": ""adequate""}",2021-01-01T00:00:00,2021-01-01T00:00:00
78ff44c7-5950-474f-a006-504e903d461f,Eastside Arts Corridor Industrial #643,883 Vanderbilt Way,Metropolis Central,Eastside Arts Corridor,MC-10143,40.7073248,-74.0279287,industrial,low,"{""cctv_coverage"": ""standard"", ""night_patrol_sector"": ""SEC-07"", ""lighting_rating"": ""adequate""}",2021-01-01T00:00:00,2021-01-01T00:00:00
fa4a80e5-7acf-41e5-8796-a71b40466ea1,Old Town Heritage Ward Public Transit #644,288 Canal Promenade,Metropolis Central,Old Town Heritage Ward,MC-10144,40.7441287,-74.0195701,public_transit,extreme,"{""cctv_coverage"": ""high"", ""night_patrol_sector"": ""SEC-08"", ""lighting_rating"": ""poor""}",2021-01-01T00:00:00,2021-01-01T00:00:00
0c3ee0ee-1ac1-48ef-9e4b-e690659cad0d,Downtown Commercial District Atm Bank #645,200 Industrial Boulevard,Metropolis Central,Downtown Commercial District,MC-10145,40.733839,-73.9069608,atm_bank,moderate,"{""cctv_coverage"": ""standard"", ""night_patrol_sector"": ""SEC-09"", ""lighting_rating"": ""adequate""}",2021-01-01T00:00:00,2021-01-01T00:00:00
6f0dfbf9-7c4f-4edb-8173-cb1500127cad,Eastside Arts Corridor Residential #646,102 Harbor View Drive,Metropolis Central,Eastside Arts Corridor,MC-10146,40.7787159,-73.9816174,residential,low,"{""cctv_coverage"": ""standard"", ""night_patrol_sector"": ""SEC-10"", ""lighting_rating"": ""adequate""}",2021-01-01T00:00:00,2021-01-01T00:00:00
a4753883-0366-4fe5-8fd0-0b26f9308b55,Old Town Heritage Ward Residential #647,390 Grand Concourse,Metropolis Central,Old Town Heritage Ward,MC-10147,40.7460497,-73.8812907,residential,extreme,"{""cctv_coverage"": ""high"", ""night_patrol_sector"": ""SEC-11"", ""lighting_rating"": ""poor""}",2021-01-01T00:00:00,2021-01-01T00:00:00
26deaa97-a6d1-4da8-a0d1-61e2f9b0f345,Downtown Commercial District Commercial #648,282 Foundry Street,Metropolis Central,Downtown Commercial District,MC-10148,40.7886384,-74.0136793,commercial,high,"{""cctv_coverage"": ""high"", ""night_patrol_sector"": ""SEC-12"", ""lighting_rating"": ""adequate""}",2021-01-01T00:00:00,2021-01-01T00:00:00
42d87dc4-2737-4e0f-9412-ac84ea9d9133,West End Suburbs Residential #649,846 Foundry Street,Metropolis Central,West End Suburbs,MC-10149,40.7043923,-73.8963709,residential,low,"{""cctv_coverage"": ""standard"", ""night_patrol_sector"": ""SEC-01"", ""lighting_rating"": ""adequate""}",2021-01-01T00:00:00,2021-01-01T00:00:00
7ed9b239-b9bd-44c2-8662-9f6f28e9def7,Old Town Heritage Ward Public Transit #650,263 St. Marks Place,Metropolis Central,Old Town Heritage Ward,MC-10150,40.7721669,-73.8958008,public_transit,moderate,"{""cctv_coverage"": ""standard"", ""night_patrol_sector"": ""SEC-02"", ""lighting_rating"": ""adequate""}",2021-01-01T00:00:00,2021-01-01T00:00:00
2dab29db-338c-4865-9ac4-6686e660dff9,Eastside Arts Corridor Entertainment Venue #651,494 Foundry Street,Metropolis Central,Eastside Arts Corridor,MC-10151,40.8722428,-73.862757,entertainment_venue,low,"{""cctv_coverage"": ""standard"", ""night_patrol_sector"": ""SEC-03"", ""lighting_rating"": ""adequate""}",2021-01-01T00:00:00,2021-01-01T00:00:00
c300aeaf-2d83-4c75-af00-d72338fa0469,Downtown Commercial District Atm Bank #652,772 Industrial Boulevard,Metropolis Central,Downtown Commercial District,MC-10152,40.7762459,-73.9902374,atm_bank,low,"{""cctv_coverage"": ""standard"", ""night_patrol_sector"": ""SEC-04"", ""lighting_rating"": ""adequate""}",2021-01-01T00:00:00,2021-01-01T00:00:00
77fbdf3d-c2e8-4508-a300-2a6b8bd488c9,Downtown Commercial District Commercial #653,894 Beacon Street,Metropolis Central,Downtown Commercial District,MC-10153,40.7271932,-73.9631677,commercial,low,"{""cctv_coverage"": ""standard"", ""night_patrol_sector"": ""SEC-05"", ""lighting_rating"": ""adequate""}",2021-01-01T00:00:00,2021-01-01T00:00:00
ed53d39b-8234-4c8b-84e2-e2a74d15ae75,West End Suburbs Warehouse #654,608 Industrial Boulevard,Metropolis Central,West End Suburbs,MC-10154,40.8378288,-74.048214,warehouse,low,"{""cctv_coverage"": ""standard"", ""night_patrol_sector"": ""SEC-06"", ""lighting_rating"": ""adequate""}",2021-01-01T00:00:00,2021-01-01T00:00:00
0d4aa71e-42d5-4eeb-a36c-2df3fa538188,Old Town Heritage Ward Street Corner #655,714 Harbor View Drive,Metropolis Central,Old Town Heritage Ward,MC-10155,40.8341594,-74.0002555,street_corner,low,"{""cctv_coverage"": ""standard"", ""night_patrol_sector"": ""SEC-07"", ""lighting_rating"": ""adequate""}",2021-01-01T00:00:00,2021-01-01T00:00:00
c0988653-4bc1-4f7c-8574-0651903283d0,Harbor Point Terminal Residential #656,356 St. Marks Place,Metropolis Central,Harbor Point Terminal,MC-10156,40.7511035,-74.0192163,residential,moderate,"{""cctv_coverage"": ""standard"", ""night_patrol_sector"": ""SEC-08"", ""lighting_rating"": ""adequate""}",2021-01-01T00:00:00,2021-01-01T00:00:00
2d44a645-1df6-47f2-9554-11d1e13d72aa,Northshore Heights Public Transit #657,138 Canal Promenade,Metropolis Central,Northshore Heights,MC-10157,40.7433479,-73.9383299,public_transit,moderate,"{""cctv_coverage"": ""standard"", ""night_patrol_sector"": ""SEC-09"", ""lighting_rating"": ""adequate""}",2021-01-01T00:00:00,2021-01-01T00:00:00
1c45f5aa-e602-4047-a45e-4b24630a4d0e,South Bay Logistics Hub Public Transit #658,834 Grand Concourse,Metropolis Central,South Bay Logistics Hub,MC-10158,40.6842706,-73.9744462,public_transit,moderate,"{""cctv_coverage"": ""standard"", ""night_patrol_sector"": ""SEC-10"", ""lighting_rating"": ""adequate""}",2021-01-01T00:00:00,2021-01-01T00:00:00
9c15dcec-e67f-4a98-806d-a14580c85cce,West End Suburbs Hideout #659,930 St. Marks Place,Metropolis Central,West End Suburbs,MC-10159,40.8213252,-73.938195,hideout,moderate,"{""cctv_coverage"": ""standard"", ""night_patrol_sector"": ""SEC-11"", ""lighting_rating"": ""adequate""}",2021-01-01T00:00:00,2021-01-01T00:00:00
106390ba-6a5a-438c-bdff-7adcde83071b,Old Town Heritage Ward Port Marina #660,204 Pier 42 Access Rd,Metropolis Central,Old Town Heritage Ward,MC-10160,40.7495329,-73.9035195,port_marina,low,"{""cctv_coverage"": ""standard"", ""night_patrol_sector"": ""SEC-12"", ""lighting_rating"": ""adequate""}",2021-01-01T00:00:00,2021-01-01T00:00:00
ddf72ace-4ca5-4d74-aa49-5990e561ded8,Harbor Point Terminal Commercial #661,946 Pier 42 Access Rd,Metropolis Central,Harbor Point Terminal,MC-10161,40.7862275,-73.9601232,commercial,high,"{""cctv_coverage"": ""high"", ""night_patrol_sector"": ""SEC-01"", ""lighting_rating"": ""adequate""}",2021-01-01T00:00:00,2021-01-01T00:00:00
453ae9f3-4cc6-451e-a0a1-4e83bc944b34,Silver Lake Tech Park Residential #662,385 Grand Concourse,Metropolis Central,Silver Lake Tech Park,MC-10162,40.8351836,-73.9488085,residential,moderate,"{""cctv_coverage"": ""standard"", ""night_patrol_sector"": ""SEC-02"", ""lighting_rating"": ""adequate""}",2021-01-01T00:00:00,2021-01-01T00:00:00
d59efe97-5c52-4ebc-a80b-4769c31f5b96,Downtown Commercial District Government Facility #663,644 River Road,Metropolis Central,Downtown Commercial District,MC-10163,40.7277573,-73.9057993,government_facility,moderate,"{""cctv_coverage"": ""standard"", ""night_patrol_sector"": ""SEC-03"", ""lighting_rating"": ""adequate""}",2021-01-01T00:00:00,2021-01-01T00:00:00
7e3256cb-b2ee-45b9-946c-6a7e1327c894,Silver Lake Tech Park Public Transit #664,848 Foundry Street,Metropolis Central,Silver Lake Tech Park,MC-10164,40.784814,-73.9504902,public_transit,moderate,"{""cctv_coverage"": ""standard"", ""night_patrol_sector"": ""SEC-04"", ""lighting_rating"": ""adequate""}",2021-01-01T00:00:00,2021-01-01T00:00:00
9e6db71d-14ce-4d11-a83a-4e229ccccde4,Harbor Point Terminal Warehouse #665,299 Commerce Expressway,Metropolis Central,Harbor Point Terminal,MC-10165,40.8081808,-74.0279072,warehouse,moderate,"{""cctv_coverage"": ""standard"", ""night_patrol_sector"": ""SEC-05"", ""lighting_rating"": ""adequate""}",2021-01-01T00:00:00,2021-01-01T00:00:00
d00cd424-4f78-4cd7-a370-e2ba153109b6,Northshore Heights Industrial #666,54 Harbor View Drive,Metropolis Central,Northshore Heights,MC-10166,40.8546986,-74.0095842,industrial,low,"{""cctv_coverage"": ""standard"", ""night_patrol_sector"": ""SEC-06"", ""lighting_rating"": ""adequate""}",2021-01-01T00:00:00,2021-01-01T00:00:00
4f4d485f-9043-4591-b69f-67bee5f85cc5,Northshore Heights Entertainment Venue #667,42 Foundry Street,Metropolis Central,Northshore Heights,MC-10167,40.7779819,-73.9252059,entertainment_venue,moderate,"{""cctv_coverage"": ""standard"", ""night_patrol_sector"": ""SEC-07"", ""lighting_rating"": ""adequate""}",2021-01-01T00:00:00,2021-01-01T00:00:00
205a4a86-ee51-4ce7-a6ff-f76ae5ef9506,Downtown Commercial District Government Facility #668,385 Atlantic Avenue,Metropolis Central,Downtown Commercial District,MC-10168,40.823569,-74.0473828,government_facility,high,"{""cctv_coverage"": ""high"", ""night_patrol_sector"": ""SEC-08"", ""lighting_rating"": ""adequate""}",2021-01-01T00:00:00,2021-01-01T00:00:00
3327a46a-7af3-439b-b591-cd229995d9e6,Old Town Heritage Ward Hideout #669,960 Vanderbilt Way,Metropolis Central,Old Town Heritage Ward,MC-10169,40.840204,-74.03786,hideout,moderate,"{""cctv_coverage"": ""standard"", ""night_patrol_sector"": ""SEC-09"", ""lighting_rating"": ""adequate""}",2021-01-01T00:00:00,2021-01-01T00:00:00
63c02c6e-ff98-412c-aed9-ac64b562d022,Midtown Financial Plaza Residential #670,851 River Road,Metropolis Central,Midtown Financial Plaza,MC-10170,40.8447286,-73.9968369,residential,low,"{""cctv_coverage"": ""standard"", ""night_patrol_sector"": ""SEC-10"", ""lighting_rating"": ""adequate""}",2021-01-01T00:00:00,2021-01-01T00:00:00
bcdf6b41-12dc-4cf6-9b50-02b9aafd463d,Northshore Heights Commercial #671,864 Sunset Parkway,Metropolis Central,Northshore Heights,MC-10171,40.8689207,-73.8578827,commercial,low,"{""cctv_coverage"": ""standard"", ""night_patrol_sector"": ""SEC-11"", ""lighting_rating"": ""adequate""}",2021-01-01T00:00:00,2021-01-01T00:00:00
cdb3d4fc-9534-457a-89da-7d2030389be6,Eastside Arts Corridor Public Transit #672,554 Foundry Street,Metropolis Central,Eastside Arts Corridor,MC-10172,40.7186239,-73.9186247,public_transit,moderate,"{""cctv_coverage"": ""standard"", ""night_patrol_sector"": ""SEC-12"", ""lighting_rating"": ""adequate""}",2021-01-01T00:00:00,2021-01-01T00:00:00
c1164049-32ed-4f84-a85d-f1a566e691eb,Industrial Waterfront & Port Commercial #673,581 Quarry Lane,Metropolis Central,Industrial Waterfront & Port,MC-10173,40.8332567,-73.9346873,commercial,moderate,"{""cctv_coverage"": ""standard"", ""night_patrol_sector"": ""SEC-01"", ""lighting_rating"": ""adequate""}",2021-01-01T00:00:00,2021-01-01T00:00:00
462e184e-bb1c-4ca2-94a6-4cb83dfe617f,Midtown Financial Plaza Industrial #674,914 Industrial Boulevard,Metropolis Central,Midtown Financial Plaza,MC-10174,40.8384923,-73.9400069,industrial,moderate,"{""cctv_coverage"": ""standard"", ""night_patrol_sector"": ""SEC-02"", ""lighting_rating"": ""adequate""}",2021-01-01T00:00:00,2021-01-01T00:00:00
be371ac5-965e-45d0-906c-8cc9840a17c7,Industrial Waterfront & Port Street Corner #675,556 Grand Concourse,Metropolis Central,Industrial Waterfront & Port,MC-10175,40.860497,-73.9399837,street_corner,extreme,"{""cctv_coverage"": ""high"", ""night_patrol_sector"": ""SEC-03"", ""lighting_rating"": ""poor""}",2021-01-01T00:00:00,2021-01-01T00:00:00
f592ce04-0b0c-4b17-a33e-10bc87a0c39b,South Bay Logistics Hub Street Corner #676,432 Quarry Lane,Metropolis Central,South Bay Logistics Hub,MC-10176,40.8016827,-73.9373711,street_corner,low,"{""cctv_coverage"": ""standard"", ""night_patrol_sector"": ""SEC-04"", ""lighting_rating"": ""adequate""}",2021-01-01T00:00:00,2021-01-01T00:00:00
33e7f582-b20c-4409-970a-7daae3bf40ee,Silver Lake Tech Park Street Corner #677,958 Highland Boulevard,Metropolis Central,Silver Lake Tech Park,MC-10177,40.8723304,-73.9605,street_corner,low,"{""cctv_coverage"": ""standard"", ""night_patrol_sector"": ""SEC-05"", ""lighting_rating"": ""adequate""}",2021-01-01T00:00:00,2021-01-01T00:00:00
47d8a0ba-5dc0-41a8-9a2d-f0e7524b8000,Downtown Commercial District Port Marina #678,301 Lexington Ave,Metropolis Central,Downtown Commercial District,MC-10178,40.7070171,-73.8719351,port_marina,low,"{""cctv_coverage"": ""standard"", ""night_patrol_sector"": ""SEC-06"", ""lighting_rating"": ""adequate""}",2021-01-01T00:00:00,2021-01-01T00:00:00
46ff1594-80a3-48a8-b617-6d01fb915af9,Eastside Arts Corridor Residential #679,229 Commerce Expressway,Metropolis Central,Eastside Arts Corridor,MC-10179,40.8343046,-73.8613304,residential,high,"{""cctv_coverage"": ""high"", ""night_patrol_sector"": ""SEC-07"", ""lighting_rating"": ""adequate""}",2021-01-01T00:00:00,2021-01-01T00:00:00
2f569bb7-fd58-456f-a0b4-efa145e00296,Silver Lake Tech Park Commercial #680,533 Harbor View Drive,Metropolis Central,Silver Lake Tech Park,MC-10180,40.6875473,-73.9788688,commercial,low,"{""cctv_coverage"": ""standard"", ""night_patrol_sector"": ""SEC-08"", ""lighting_rating"": ""adequate""}",2021-01-01T00:00:00,2021-01-01T00:00:00
99984920-727d-4399-a430-d8baaea2e04f,South Bay Logistics Hub Public Transit #681,920 Atlantic Avenue,Metropolis Central,South Bay Logistics Hub,MC-10181,40.7312488,-73.9899395,public_transit,moderate,"{""cctv_coverage"": ""standard"", ""night_patrol_sector"": ""SEC-09"", ""lighting_rating"": ""adequate""}",2021-01-01T00:00:00,2021-01-01T00:00:00
5e19ea90-3365-48e8-a1d6-fcad97e667b7,Harbor Point Terminal Commercial #682,949 Beacon Street,Metropolis Central,Harbor Point Terminal,MC-10182,40.8247161,-73.8914192,commercial,low,"{""cctv_coverage"": ""standard"", ""night_patrol_sector"": ""SEC-10"", ""lighting_rating"": ""adequate""}",2021-01-01T00:00:00,2021-01-01T00:00:00
acd6e641-ca2e-4a32-bfa6-33b5dfb9b9de,Harbor Point Terminal Government Facility #683,849 Industrial Boulevard,Metropolis Central,Harbor Point Terminal,MC-10183,40.8084509,-74.0425257,government_facility,high,"{""cctv_coverage"": ""high"", ""night_patrol_sector"": ""SEC-11"", ""lighting_rating"": ""adequate""}",2021-01-01T00:00:00,2021-01-01T00:00:00
fa1d3ca6-72b6-4701-a186-31d0fe9fb16f,Midtown Financial Plaza Street Corner #684,90 St. Marks Place,Metropolis Central,Midtown Financial Plaza,MC-10184,40.749586,-73.8865717,street_corner,low,"{""cctv_coverage"": ""standard"", ""night_patrol_sector"": ""SEC-12"", ""lighting_rating"": ""adequate""}",2021-01-01T00:00:00,2021-01-01T00:00:00
8d35b684-4535-45f4-a936-e39f21ddc0e0,Northshore Heights Entertainment Venue #685,900 Atlantic Avenue,Metropolis Central,Northshore Heights,MC-10185,40.8498956,-73.8642694,entertainment_venue,moderate,"{""cctv_coverage"": ""standard"", ""night_patrol_sector"": ""SEC-01"", ""lighting_rating"": ""adequate""}",2021-01-01T00:00:00,2021-01-01T00:00:00
b5d9adcf-3fd4-41a0-930c-e129b3585f2d,Midtown Financial Plaza Port Marina #686,65 Sunset Parkway,Metropolis Central,Midtown Financial Plaza,MC-10186,40.6882365,-73.9420141,port_marina,low,"{""cctv_coverage"": ""standard"", ""night_patrol_sector"": ""SEC-02"", ""lighting_rating"": ""adequate""}",2021-01-01T00:00:00,2021-01-01T00:00:00
e4049e04-f779-4955-b190-282aa61e2718,Silver Lake Tech Park Industrial #687,724 Atlantic Avenue,Metropolis Central,Silver Lake Tech Park,MC-10187,40.690104,-73.9036843,industrial,low,"{""cctv_coverage"": ""standard"", ""night_patrol_sector"": ""SEC-03"", ""lighting_rating"": ""adequate""}",2021-01-01T00:00:00,2021-01-01T00:00:00
d46eb586-4854-47b7-bd26-70f9c5b4a439,Old Town Heritage Ward Public Transit #688,780 Vanderbilt Way,Metropolis Central,Old Town Heritage Ward,MC-10188,40.7663871,-73.8927263,public_transit,low,"{""cctv_coverage"": ""standard"", ""night_patrol_sector"": ""SEC-04"", ""lighting_rating"": ""adequate""}",2021-01-01T00:00:00,2021-01-01T00:00:00
160caf72-410c-40b3-bd1f-d8a0093acfbf,South Bay Logistics Hub Government Facility #689,94 Canal Promenade,Metropolis Central,South Bay Logistics Hub,MC-10189,40.829063,-73.9403695,government_facility,low,"{""cctv_coverage"": ""standard"", ""night_patrol_sector"": ""SEC-05"", ""lighting_rating"": ""adequate""}",2021-01-01T00:00:00,2021-01-01T00:00:00
d5e3ec60-f109-4baf-ad01-19767830d133,Midtown Financial Plaza Industrial #690,523 Quarry Lane,Metropolis Central,Midtown Financial Plaza,MC-10190,40.8324066,-73.9538155,industrial,low,"{""cctv_coverage"": ""standard"", ""night_patrol_sector"": ""SEC-06"", ""lighting_rating"": ""adequate""}",2021-01-01T00:00:00,2021-01-01T00:00:00
06415f0a-20b2-44fc-81f7-51ab2d3b85ad,Midtown Financial Plaza Port Marina #691,677 Beacon Street,Metropolis Central,Midtown Financial Plaza,MC-10191,40.8031994,-73.9028664,port_marina,low,"{""cctv_coverage"": ""standard"", ""night_patrol_sector"": ""SEC-07"", ""lighting_rating"": ""adequate""}",2021-01-01T00:00:00,2021-01-01T00:00:00
3bfb73df-9f1f-4bd3-9b90-fd492d60bd33,Northshore Heights Street Corner #692,282 Quarry Lane,Metropolis Central,Northshore Heights,MC-10192,40.8169476,-73.9347964,street_corner,low,"{""cctv_coverage"": ""standard"", ""night_patrol_sector"": ""SEC-08"", ""lighting_rating"": ""adequate""}",2021-01-01T00:00:00,2021-01-01T00:00:00
1198230e-988e-46f2-aa5b-55138520511f,Midtown Financial Plaza Street Corner #693,443 River Road,Metropolis Central,Midtown Financial Plaza,MC-10193,40.7180979,-73.981095,street_corner,moderate,"{""cctv_coverage"": ""standard"", ""night_patrol_sector"": ""SEC-09"", ""lighting_rating"": ""adequate""}",2021-01-01T00:00:00,2021-01-01T00:00:00
5f684c13-68d4-4a29-8f19-4b1aa5251c55,West End Suburbs Government Facility #694,183 River Road,Metropolis Central,West End Suburbs,MC-10194,40.8443168,-73.8894408,government_facility,moderate,"{""cctv_coverage"": ""standard"", ""night_patrol_sector"": ""SEC-10"", ""lighting_rating"": ""adequate""}",2021-01-01T00:00:00,2021-01-01T00:00:00
c81edfac-d525-4765-a7ac-ec629afea1d5,Old Town Heritage Ward Public Transit #695,55 Atlantic Avenue,Metropolis Central,Old Town Heritage Ward,MC-10195,40.8170718,-74.0188018,public_transit,moderate,"{""cctv_coverage"": ""standard"", ""night_patrol_sector"": ""SEC-11"", ""lighting_rating"": ""adequate""}",2021-01-01T00:00:00,2021-01-01T00:00:00
2d708ee7-9820-4b81-a75c-9d0ae76ed2c7,Northshore Heights Public Transit #696,125 St. Marks Place,Metropolis Central,Northshore Heights,MC-10196,40.8697882,-73.8646541,public_transit,high,"{""cctv_coverage"": ""high"", ""night_patrol_sector"": ""SEC-12"", ""lighting_rating"": ""adequate""}",2021-01-01T00:00:00,2021-01-01T00:00:00
ca2f9141-11da-4414-8865-18fdc4acf13e,West End Suburbs Commercial #697,24 Commerce Expressway,Metropolis Central,West End Suburbs,MC-10197,40.7410236,-73.9557619,commercial,low,"{""cctv_coverage"": ""standard"", ""night_patrol_sector"": ""SEC-01"", ""lighting_rating"": ""adequate""}",2021-01-01T00:00:00,2021-01-01T00:00:00
24aaf8a2-8d2a-411a-ae69-05487ef764d5,Silver Lake Tech Park Port Marina #698,226 Beacon Street,Metropolis Central,Silver Lake Tech Park,MC-10198,40.7846532,-73.9982684,port_marina,low,"{""cctv_coverage"": ""standard"", ""night_patrol_sector"": ""SEC-02"", ""lighting_rating"": ""adequate""}",2021-01-01T00:00:00,2021-01-01T00:00:00
53d27e62-ca96-4196-9753-77c2f65f99a4,Industrial Waterfront & Port Warehouse #699,721 Lexington Ave,Metropolis Central,Industrial Waterfront & Port,MC-10199,40.796601,-73.9172943,warehouse,low,"{""cctv_coverage"": ""standard"", ""night_patrol_sector"": ""SEC-03"", ""lighting_rating"": ""adequate""}",2021-01-01T00:00:00,2021-01-01T00:00:00
dc8bec11-7273-4ffc-a6ae-e4ba75927352,Industrial Waterfront & Port Public Transit #700,71 Sunset Parkway,Metropolis Central,Industrial Waterfront & Port,MC-10200,40.8378377,-73.926407,public_transit,low,"{""cctv_coverage"": ""standard"", ""night_patrol_sector"": ""SEC-04"", ""lighting_rating"": ""adequate""}",2021-01-01T00:00:00,2021-01-01T00:00:00
550678b5-452c-4a35-a586-4cf54a026ce3,Downtown Commercial District Entertainment Venue #701,78 Foundry Street,Metropolis Central,Downtown Commercial District,MC-10201,40.7342621,-73.8795834,entertainment_venue,moderate,"{""cctv_coverage"": ""standard"", ""night_patrol_sector"": ""SEC-05"", ""lighting_rating"": ""adequate""}",2021-01-01T00:00:00,2021-01-01T00:00:00
5bc4ae04-60a9-4a65-9a19-f9ee67703e1b,Northshore Heights Entertainment Venue #702,29 Sunset Parkway,Metropolis Central,Northshore Heights,MC-10202,40.7573046,-73.8540414,entertainment_venue,moderate,"{""cctv_coverage"": ""standard"", ""night_patrol_sector"": ""SEC-06"", ""lighting_rating"": ""adequate""}",2021-01-01T00:00:00,2021-01-01T00:00:00
6069938a-d6b5-44a4-90e2-7041056b4f38,Northshore Heights Hideout #703,935 Commerce Expressway,Metropolis Central,Northshore Heights,MC-10203,40.8533545,-73.9436879,hideout,low,"{""cctv_coverage"": ""standard"", ""night_patrol_sector"": ""SEC-07"", ""lighting_rating"": ""adequate""}",2021-01-01T00:00:00,2021-01-01T00:00:00
03f6fa60-046e-4905-bac5-037966313e1d,Silver Lake Tech Park Port Marina #704,999 Grand Concourse,Metropolis Central,Silver Lake Tech Park,MC-10204,40.86527,-74.0457023,port_marina,low,"{""cctv_coverage"": ""standard"", ""night_patrol_sector"": ""SEC-08"", ""lighting_rating"": ""adequate""}",2021-01-01T00:00:00,2021-01-01T00:00:00
fbabb961-86da-4633-aefd-52afbb82cee5,Silver Lake Tech Park Hideout #705,322 Commerce Expressway,Metropolis Central,Silver Lake Tech Park,MC-10205,40.75868,-74.0185989,hideout,low,"{""cctv_coverage"": ""standard"", ""night_patrol_sector"": ""SEC-09"", ""lighting_rating"": ""adequate""}",2021-01-01T00:00:00,2021-01-01T00:00:00
1d7df068-745f-40be-bddc-60cc7b7889ac,South Bay Logistics Hub Public Transit #706,373 Sunset Parkway,Metropolis Central,South Bay Logistics Hub,MC-10206,40.8791989,-73.8542824,public_transit,low,"{""cctv_coverage"": ""standard"", ""night_patrol_sector"": ""SEC-10"", ""lighting_rating"": ""adequate""}",2021-01-01T00:00:00,2021-01-01T00:00:00
9f7948b0-4154-4d00-9e1f-80bff5070ea1,Downtown Commercial District Warehouse #707,650 Highland Boulevard,Metropolis Central,Downtown Commercial District,MC-10207,40.8580804,-73.8870283,warehouse,low,"{""cctv_coverage"": ""standard"", ""night_patrol_sector"": ""SEC-11"", ""lighting_rating"": ""adequate""}",2021-01-01T00:00:00,2021-01-01T00:00:00
fe3013bb-0d93-4adf-9d24-7a733c0768c1,Silver Lake Tech Park Public Transit #708,981 Highland Boulevard,Metropolis Central,Silver Lake Tech Park,MC-10208,40.7103416,-73.8705649,public_transit,moderate,"{""cctv_coverage"": ""standard"", ""night_patrol_sector"": ""SEC-12"", ""lighting_rating"": ""adequate""}",2021-01-01T00:00:00,2021-01-01T00:00:00
dcd3a5ec-59bc-459b-a362-e70be5aef2cd,Northshore Heights Port Marina #709,757 Foundry Street,Metropolis Central,Northshore Heights,MC-10209,40.8721211,-73.9275103,port_marina,moderate,"{""cctv_coverage"": ""standard"", ""night_patrol_sector"": ""SEC-01"", ""lighting_rating"": ""adequate""}",2021-01-01T00:00:00,2021-01-01T00:00:00
4341123d-4cd0-4b05-babc-db62fcdb99e5,Eastside Arts Corridor Government Facility #710,437 Atlantic Avenue,Metropolis Central,Eastside Arts Corridor,MC-10210,40.7105498,-73.8558926,government_facility,high,"{""cctv_coverage"": ""high"", ""night_patrol_sector"": ""SEC-02"", ""lighting_rating"": ""adequate""}",2021-01-01T00:00:00,2021-01-01T00:00:00
49762c0f-cad9-43e6-85c2-0454d5b9d4cd,South Bay Logistics Hub Public Transit #711,469 Harbor View Drive,Metropolis Central,South Bay Logistics Hub,MC-10211,40.8104945,-73.9337939,public_transit,moderate,"{""cctv_coverage"": ""standard"", ""night_patrol_sector"": ""SEC-03"", ""lighting_rating"": ""adequate""}",2021-01-01T00:00:00,2021-01-01T00:00:00
a59a175d-e555-4e01-8fb8-5e8e73eecddf,Eastside Arts Corridor Atm Bank #712,893 Harbor View Drive,Metropolis Central,Eastside Arts Corridor,MC-10212,40.8177064,-73.8702714,atm_bank,high,"{""cctv_coverage"": ""high"", ""night_patrol_sector"": ""SEC-04"", ""lighting_rating"": ""adequate""}",2021-01-01T00:00:00,2021-01-01T00:00:00
64be920e-bc4d-41e2-b7fd-c9206a1a9a09,Midtown Financial Plaza Entertainment Venue #713,940 Harbor View Drive,Metropolis Central,Midtown Financial Plaza,MC-10213,40.866606,-73.8665776,entertainment_venue,low,"{""cctv_coverage"": ""standard"", ""night_patrol_sector"": ""SEC-05"", ""lighting_rating"": ""adequate""}",2021-01-01T00:00:00,2021-01-01T00:00:00
6cd371bf-8d8f-4e29-a327-dedc85b88aa6,Silver Lake Tech Park Industrial #714,555 Industrial Boulevard,Metropolis Central,Silver Lake Tech Park,MC-10214,40.7435195,-73.8740724,industrial,moderate,"{""cctv_coverage"": ""standard"", ""night_patrol_sector"": ""SEC-06"", ""lighting_rating"": ""adequate""}",2021-01-01T00:00:00,2021-01-01T00:00:00
df08c093-0252-4d82-b094-fb32838fd222,South Bay Logistics Hub Warehouse #715,911 Quarry Lane,Metropolis Central,South Bay Logistics Hub,MC-10215,40.7406696,-73.9008781,warehouse,high,"{""cctv_coverage"": ""high"", ""night_patrol_sector"": ""SEC-07"", ""lighting_rating"": ""adequate""}",2021-01-01T00:00:00,2021-01-01T00:00:00
ea89f498-94c8-4567-ad41-1def4a81d7f2,West End Suburbs Commercial #716,165 Beacon Street,Metropolis Central,West End Suburbs,MC-10216,40.7063092,-74.0447604,commercial,extreme,"{""cctv_coverage"": ""high"", ""night_patrol_sector"": ""SEC-08"", ""lighting_rating"": ""poor""}",2021-01-01T00:00:00,2021-01-01T00:00:00
14852146-4900-4640-929b-bf444f483b96,Harbor Point Terminal Government Facility #717,283 Atlantic Avenue,Metropolis Central,Harbor Point Terminal,MC-10217,40.7264365,-73.9125244,government_facility,low,"{""cctv_coverage"": ""standard"", ""night_patrol_sector"": ""SEC-09"", ""lighting_rating"": ""adequate""}",2021-01-01T00:00:00,2021-01-01T00:00:00
c1506dfd-2fff-4351-8255-b57ce8759599,Old Town Heritage Ward Entertainment Venue #718,147 Canal Promenade,Metropolis Central,Old Town Heritage Ward,MC-10218,40.7547919,-73.8795741,entertainment_venue,low,"{""cctv_coverage"": ""standard"", ""night_patrol_sector"": ""SEC-10"", ""lighting_rating"": ""adequate""}",2021-01-01T00:00:00,2021-01-01T00:00:00
776b14a0-a76b-48d3-a6a7-b662255715be,Industrial Waterfront & Port Public Transit #719,177 Beacon Street,Metropolis Central,Industrial Waterfront & Port,MC-10219,40.6864459,-73.8970922,public_transit,low,"{""cctv_coverage"": ""standard"", ""night_patrol_sector"": ""SEC-11"", ""lighting_rating"": ""adequate""}",2021-01-01T00:00:00,2021-01-01T00:00:00
d8d3ae4a-0982-4487-a365-c2c49b2015d9,West End Suburbs Public Transit #720,983 Quarry Lane,Metropolis Central,West End Suburbs,MC-10220,40.8284733,-73.8523513,public_transit,moderate,"{""cctv_coverage"": ""standard"", ""night_patrol_sector"": ""SEC-12"", ""lighting_rating"": ""adequate""}",2021-01-01T00:00:00,2021-01-01T00:00:00
ab5dc3c1-78e4-4cac-add4-0e9f90b75af8,Northshore Heights Government Facility #721,191 Grand Concourse,Metropolis Central,Northshore Heights,MC-10221,40.7779886,-73.9850209,government_facility,low,"{""cctv_coverage"": ""standard"", ""night_patrol_sector"": ""SEC-01"", ""lighting_rating"": ""adequate""}",2021-01-01T00:00:00,2021-01-01T00:00:00
f461ba60-2733-4436-85a8-06b05341461a,Eastside Arts Corridor Residential #722,447 Foundry Street,Metropolis Central,Eastside Arts Corridor,MC-10222,40.801586,-73.8851343,residential,moderate,"{""cctv_coverage"": ""standard"", ""night_patrol_sector"": ""SEC-02"", ""lighting_rating"": ""adequate""}",2021-01-01T00:00:00,2021-01-01T00:00:00
3952798b-b106-434f-9264-0e457879af05,Midtown Financial Plaza Port Marina #723,636 St. Marks Place,Metropolis Central,Midtown Financial Plaza,MC-10223,40.7018633,-73.9586199,port_marina,high,"{""cctv_coverage"": ""high"", ""night_patrol_sector"": ""SEC-03"", ""lighting_rating"": ""adequate""}",2021-01-01T00:00:00,2021-01-01T00:00:00
9c280771-9092-4ce3-94a1-8986e565a7b4,Eastside Arts Corridor Residential #724,541 Foundry Street,Metropolis Central,Eastside Arts Corridor,MC-10224,40.7915402,-73.9467747,residential,moderate,"{""cctv_coverage"": ""standard"", ""night_patrol_sector"": ""SEC-04"", ""lighting_rating"": ""adequate""}",2021-01-01T00:00:00,2021-01-01T00:00:00
caf2a361-eaae-430f-977e-1ae14953fe43,Downtown Commercial District Hideout #725,204 Sunset Parkway,Metropolis Central,Downtown Commercial District,MC-10225,40.759608,-73.9890892,hideout,high,"{""cctv_coverage"": ""high"", ""night_patrol_sector"": ""SEC-05"", ""lighting_rating"": ""adequate""}",2021-01-01T00:00:00,2021-01-01T00:00:00
f36b07fa-447d-43b2-882e-7ac98fb2ddfa,Old Town Heritage Ward Atm Bank #726,180 Quarry Lane,Metropolis Central,Old Town Heritage Ward,MC-10226,40.8026269,-74.0390907,atm_bank,moderate,"{""cctv_coverage"": ""standard"", ""night_patrol_sector"": ""SEC-06"", ""lighting_rating"": ""adequate""}",2021-01-01T00:00:00,2021-01-01T00:00:00
9d8b1662-4435-4ad9-9986-6056197c6236,Industrial Waterfront & Port Commercial #727,484 Grand Concourse,Metropolis Central,Industrial Waterfront & Port,MC-10227,40.8245294,-74.0273657,commercial,moderate,"{""cctv_coverage"": ""standard"", ""night_patrol_sector"": ""SEC-07"", ""lighting_rating"": ""adequate""}",2021-01-01T00:00:00,2021-01-01T00:00:00
85263b6d-6e0a-4a74-a7d7-ca866ba587d9,Silver Lake Tech Park Warehouse #728,148 Foundry Street,Metropolis Central,Silver Lake Tech Park,MC-10228,40.7446922,-74.0450176,warehouse,low,"{""cctv_coverage"": ""standard"", ""night_patrol_sector"": ""SEC-08"", ""lighting_rating"": ""adequate""}",2021-01-01T00:00:00,2021-01-01T00:00:00
cefa5cea-7aa5-407c-9916-8947c5c8a087,Eastside Arts Corridor Commercial #729,913 Grand Concourse,Metropolis Central,Eastside Arts Corridor,MC-10229,40.7300165,-73.9116565,commercial,high,"{""cctv_coverage"": ""high"", ""night_patrol_sector"": ""SEC-09"", ""lighting_rating"": ""adequate""}",2021-01-01T00:00:00,2021-01-01T00:00:00
5c82d02f-eee9-4eb8-9ff9-dda1aba91192,Industrial Waterfront & Port Commercial #730,745 Industrial Boulevard,Metropolis Central,Industrial Waterfront & Port,MC-10230,40.702833,-73.9601203,commercial,low,"{""cctv_coverage"": ""standard"", ""night_patrol_sector"": ""SEC-10"", ""lighting_rating"": ""adequate""}",2021-01-01T00:00:00,2021-01-01T00:00:00
b5bbee52-ab62-41d1-9d2c-e715b81acc7e,Silver Lake Tech Park Port Marina #731,734 Foundry Street,Metropolis Central,Silver Lake Tech Park,MC-10231,40.8024145,-74.0180201,port_marina,moderate,"{""cctv_coverage"": ""standard"", ""night_patrol_sector"": ""SEC-11"", ""lighting_rating"": ""adequate""}",2021-01-01T00:00:00,2021-01-01T00:00:00
613105d0-7e57-4570-84b6-5eeba1ff046e,Downtown Commercial District Street Corner #732,796 Pier 42 Access Rd,Metropolis Central,Downtown Commercial District,MC-10232,40.7930983,-73.9180939,street_corner,low,"{""cctv_coverage"": ""standard"", ""night_patrol_sector"": ""SEC-12"", ""lighting_rating"": ""adequate""}",2021-01-01T00:00:00,2021-01-01T00:00:00
e4b43269-b987-4691-9d80-d4cc7176aa10,Industrial Waterfront & Port Warehouse #733,193 St. Marks Place,Metropolis Central,Industrial Waterfront & Port,MC-10233,40.7416124,-73.9039677,warehouse,extreme,"{""cctv_coverage"": ""high"", ""night_patrol_sector"": ""SEC-01"", ""lighting_rating"": ""poor""}",2021-01-01T00:00:00,2021-01-01T00:00:00
0943a271-80a7-4d7d-bcdf-b41bb36dc025,West End Suburbs Commercial #734,651 Pier 42 Access Rd,Metropolis Central,West End Suburbs,MC-10234,40.8597084,-73.8579132,commercial,low,"{""cctv_coverage"": ""standard"", ""night_patrol_sector"": ""SEC-02"", ""lighting_rating"": ""adequate""}",2021-01-01T00:00:00,2021-01-01T00:00:00
1daf1423-d9a5-4c6e-a116-7e3ea8883330,West End Suburbs Hideout #735,22 Grand Concourse,Metropolis Central,West End Suburbs,MC-10235,40.8510822,-73.9412998,hideout,low,"{""cctv_coverage"": ""standard"", ""night_patrol_sector"": ""SEC-03"", ""lighting_rating"": ""adequate""}",2021-01-01T00:00:00,2021-01-01T00:00:00
53b69d00-e0a7-4e4f-94de-fdb0ea5dd109,Old Town Heritage Ward Government Facility #736,253 Beacon Street,Metropolis Central,Old Town Heritage Ward,MC-10236,40.8118941,-73.9592523,government_facility,low,"{""cctv_coverage"": ""standard"", ""night_patrol_sector"": ""SEC-04"", ""lighting_rating"": ""adequate""}",2021-01-01T00:00:00,2021-01-01T00:00:00
0ac3acf5-656c-48d5-9f15-cad259d2c42e,Harbor Point Terminal Public Transit #737,624 Lexington Ave,Metropolis Central,Harbor Point Terminal,MC-10237,40.8564336,-73.9943774,public_transit,moderate,"{""cctv_coverage"": ""standard"", ""night_patrol_sector"": ""SEC-05"", ""lighting_rating"": ""adequate""}",2021-01-01T00:00:00,2021-01-01T00:00:00
b35fbbab-7853-4b48-97ef-f4507b6ce9ac,Eastside Arts Corridor Industrial #738,60 Pier 42 Access Rd,Metropolis Central,Eastside Arts Corridor,MC-10238,40.6910128,-73.980196,industrial,low,"{""cctv_coverage"": ""standard"", ""night_patrol_sector"": ""SEC-06"", ""lighting_rating"": ""adequate""}",2021-01-01T00:00:00,2021-01-01T00:00:00
78fc0f27-3b4e-4299-b7a5-cfc3d3dd2f9a,Downtown Commercial District Street Corner #739,693 Sunset Parkway,Metropolis Central,Downtown Commercial District,MC-10239,40.8640769,-74.0401937,street_corner,low,"{""cctv_coverage"": ""standard"", ""night_patrol_sector"": ""SEC-07"", ""lighting_rating"": ""adequate""}",2021-01-01T00:00:00,2021-01-01T00:00:00
6ea030ff-b856-49e2-b78a-fac27fd5313c,Industrial Waterfront & Port Government Facility #740,175 Sunset Parkway,Metropolis Central,Industrial Waterfront & Port,MC-10240,40.8121849,-73.9100306,government_facility,moderate,"{""cctv_coverage"": ""standard"", ""night_patrol_sector"": ""SEC-08"", ""lighting_rating"": ""adequate""}",2021-01-01T00:00:00,2021-01-01T00:00:00
0e2052df-13bb-4190-a947-b59f0a3c7e91,Silver Lake Tech Park Government Facility #741,191 Grand Concourse,Metropolis Central,Silver Lake Tech Park,MC-10241,40.7520377,-74.042832,government_facility,moderate,"{""cctv_coverage"": ""standard"", ""night_patrol_sector"": ""SEC-09"", ""lighting_rating"": ""adequate""}",2021-01-01T00:00:00,2021-01-01T00:00:00
139e7c36-a5ad-4388-b259-cfea48d595c7,South Bay Logistics Hub Commercial #742,387 Foundry Street,Metropolis Central,South Bay Logistics Hub,MC-10242,40.8316884,-73.8813381,commercial,low,"{""cctv_coverage"": ""standard"", ""night_patrol_sector"": ""SEC-10"", ""lighting_rating"": ""adequate""}",2021-01-01T00:00:00,2021-01-01T00:00:00
2551cf9c-242c-4364-b46c-e4c36ad905b1,Old Town Heritage Ward Atm Bank #743,147 Industrial Boulevard,Metropolis Central,Old Town Heritage Ward,MC-10243,40.7458417,-73.9672484,atm_bank,low,"{""cctv_coverage"": ""standard"", ""night_patrol_sector"": ""SEC-11"", ""lighting_rating"": ""adequate""}",2021-01-01T00:00:00,2021-01-01T00:00:00
0f73747a-4026-4d3d-b925-a0bb50509a4e,Eastside Arts Corridor Commercial #744,636 St. Marks Place,Metropolis Central,Eastside Arts Corridor,MC-10244,40.7942734,-73.85413,commercial,moderate,"{""cctv_coverage"": ""standard"", ""night_patrol_sector"": ""SEC-12"", ""lighting_rating"": ""adequate""}",2021-01-01T00:00:00,2021-01-01T00:00:00
434152b1-24ad-48fd-9a6a-6deca39046f2,Northshore Heights Warehouse #745,505 Sunset Parkway,Metropolis Central,Northshore Heights,MC-10245,40.8017689,-73.9867023,warehouse,moderate,"{""cctv_coverage"": ""standard"", ""night_patrol_sector"": ""SEC-01"", ""lighting_rating"": ""adequate""}",2021-01-01T00:00:00,2021-01-01T00:00:00
bee69611-6802-4796-b363-d0ee7d08e33a,Harbor Point Terminal Government Facility #746,372 Harbor View Drive,Metropolis Central,Harbor Point Terminal,MC-10246,40.7925269,-73.9460588,government_facility,moderate,"{""cctv_coverage"": ""standard"", ""night_patrol_sector"": ""SEC-02"", ""lighting_rating"": ""adequate""}",2021-01-01T00:00:00,2021-01-01T00:00:00
c3db99db-f777-4d90-96d7-b8b1fe0f318e,Old Town Heritage Ward Government Facility #747,837 Pier 42 Access Rd,Metropolis Central,Old Town Heritage Ward,MC-10247,40.7265443,-73.9919024,government_facility,low,"{""cctv_coverage"": ""standard"", ""night_patrol_sector"": ""SEC-03"", ""lighting_rating"": ""adequate""}",2021-01-01T00:00:00,2021-01-01T00:00:00
de0f88dd-dce7-4fad-b29c-29bf1fa7e5a7,Northshore Heights Entertainment Venue #748,34 Grand Concourse,Metropolis Central,Northshore Heights,MC-10248,40.8393465,-73.9025063,entertainment_venue,low,"{""cctv_coverage"": ""standard"", ""night_patrol_sector"": ""SEC-04"", ""lighting_rating"": ""adequate""}",2021-01-01T00:00:00,2021-01-01T00:00:00
d02b4779-af26-4a53-a745-80448a68de25,Harbor Point Terminal Residential #749,434 Quarry Lane,Metropolis Central,Harbor Point Terminal,MC-10249,40.7467585,-73.9379169,residential,moderate,"{""cctv_coverage"": ""standard"", ""night_patrol_sector"": ""SEC-05"", ""lighting_rating"": ""adequate""}",2021-01-01T00:00:00,2021-01-01T00:00:00
a350a533-7189-48c4-b1e8-f76439d728f0,Downtown Commercial District Atm Bank #750,665 Beacon Street,Metropolis Central,Downtown Commercial District,MC-10250,40.7308835,-74.0364328,atm_bank,low,"{""cctv_coverage"": ""standard"", ""night_patrol_sector"": ""SEC-06"", ""lighting_rating"": ""adequate""}",2021-01-01T00:00:00,2021-01-01T00:00:00
296ef7cf-6cc0-4965-92a2-ed3fe6a6f588,Silver Lake Tech Park Commercial #751,341 Lexington Ave,Metropolis Central,Silver Lake Tech Park,MC-10001,40.8171672,-73.9817277,commercial,moderate,"{""cctv_coverage"": ""standard"", ""night_patrol_sector"": ""SEC-07"", ""lighting_rating"": ""adequate""}",2021-01-01T00:00:00,2021-01-01T00:00:00
0a456a46-3e16-4d8b-9eaa-5647e8f4c6df,Harbor Point Terminal Industrial #752,993 Lexington Ave,Metropolis Central,Harbor Point Terminal,MC-10002,40.7188031,-73.8832349,industrial,high,"{""cctv_coverage"": ""high"", ""night_patrol_sector"": ""SEC-08"", ""lighting_rating"": ""adequate""}",2021-01-01T00:00:00,2021-01-01T00:00:00
9e5a121b-74f0-461b-b315-211ef6db37a5,Old Town Heritage Ward Residential #753,948 Canal Promenade,Metropolis Central,Old Town Heritage Ward,MC-10003,40.8091304,-73.9537009,residential,moderate,"{""cctv_coverage"": ""standard"", ""night_patrol_sector"": ""SEC-09"", ""lighting_rating"": ""adequate""}",2021-01-01T00:00:00,2021-01-01T00:00:00
f417c266-1878-4745-8d03-af08ad908025,Silver Lake Tech Park Hideout #754,927 Commerce Expressway,Metropolis Central,Silver Lake Tech Park,MC-10004,40.8367978,-73.9672094,hideout,moderate,"{""cctv_coverage"": ""standard"", ""night_patrol_sector"": ""SEC-10"", ""lighting_rating"": ""adequate""}",2021-01-01T00:00:00,2021-01-01T00:00:00
d39640be-66d1-4678-abcb-8bc9b7029dd2,Silver Lake Tech Park Port Marina #755,316 Commerce Expressway,Metropolis Central,Silver Lake Tech Park,MC-10005,40.7871771,-74.0083475,port_marina,moderate,"{""cctv_coverage"": ""standard"", ""night_patrol_sector"": ""SEC-11"", ""lighting_rating"": ""adequate""}",2021-01-01T00:00:00,2021-01-01T00:00:00
3762c295-d5c7-4982-8b5a-a0d06d6fc647,South Bay Logistics Hub Atm Bank #756,77 Harbor View Drive,Metropolis Central,South Bay Logistics Hub,MC-10006,40.8481478,-73.9821695,atm_bank,low,"{""cctv_coverage"": ""standard"", ""night_patrol_sector"": ""SEC-12"", ""lighting_rating"": ""adequate""}",2021-01-01T00:00:00,2021-01-01T00:00:00
b9d46783-358d-4dac-a1c4-2e830902a623,Silver Lake Tech Park Government Facility #757,872 Pier 42 Access Rd,Metropolis Central,Silver Lake Tech Park,MC-10007,40.8011378,-74.0125242,government_facility,low,"{""cctv_coverage"": ""standard"", ""night_patrol_sector"": ""SEC-01"", ""lighting_rating"": ""adequate""}",2021-01-01T00:00:00,2021-01-01T00:00:00
a6f12785-3257-401d-92ed-4499d6fd7ffd,West End Suburbs Residential #758,732 Commerce Expressway,Metropolis Central,West End Suburbs,MC-10008,40.7342995,-74.0326404,residential,high,"{""cctv_coverage"": ""high"", ""night_patrol_sector"": ""SEC-02"", ""lighting_rating"": ""adequate""}",2021-01-01T00:00:00,2021-01-01T00:00:00
4c87cff2-9944-46cd-807a-c98a87bee3c4,South Bay Logistics Hub Public Transit #759,472 Sunset Parkway,Metropolis Central,South Bay Logistics Hub,MC-10009,40.7850201,-74.0149975,public_transit,low,"{""cctv_coverage"": ""standard"", ""night_patrol_sector"": ""SEC-03"", ""lighting_rating"": ""adequate""}",2021-01-01T00:00:00,2021-01-01T00:00:00
081d414a-1869-4862-8002-fadd091bd645,Downtown Commercial District Commercial #760,806 Beacon Street,Metropolis Central,Downtown Commercial District,MC-10010,40.7687548,-74.045013,commercial,low,"{""cctv_coverage"": ""standard"", ""night_patrol_sector"": ""SEC-04"", ""lighting_rating"": ""adequate""}",2021-01-01T00:00:00,2021-01-01T00:00:00
c7ae5081-b360-407b-b601-675c8ad2ab47,Silver Lake Tech Park Street Corner #761,167 Beacon Street,Metropolis Central,Silver Lake Tech Park,MC-10011,40.8647274,-73.9035118,street_corner,moderate,"{""cctv_coverage"": ""standard"", ""night_patrol_sector"": ""SEC-05"", ""lighting_rating"": ""adequate""}",2021-01-01T00:00:00,2021-01-01T00:00:00
322e804b-f2d7-4dc6-8a33-1a17b59f71d4,South Bay Logistics Hub Port Marina #762,156 Industrial Boulevard,Metropolis Central,South Bay Logistics Hub,MC-10012,40.8153435,-74.0234566,port_marina,moderate,"{""cctv_coverage"": ""standard"", ""night_patrol_sector"": ""SEC-06"", ""lighting_rating"": ""adequate""}",2021-01-01T00:00:00,2021-01-01T00:00:00
b9663bad-dceb-40bd-b598-f09db199770a,Old Town Heritage Ward Residential #763,406 Industrial Boulevard,Metropolis Central,Old Town Heritage Ward,MC-10013,40.7421963,-74.041194,residential,high,"{""cctv_coverage"": ""high"", ""night_patrol_sector"": ""SEC-07"", ""lighting_rating"": ""adequate""}",2021-01-01T00:00:00,2021-01-01T00:00:00
24e79149-0532-49f7-91a8-04042516998f,Northshore Heights Residential #764,351 Grand Concourse,Metropolis Central,Northshore Heights,MC-10014,40.7006206,-73.896764,residential,moderate,"{""cctv_coverage"": ""standard"", ""night_patrol_sector"": ""SEC-08"", ""lighting_rating"": ""adequate""}",2021-01-01T00:00:00,2021-01-01T00:00:00
ab6849aa-7d0f-4f7f-a7e7-2197991e08d1,Downtown Commercial District Entertainment Venue #765,601 Sunset Parkway,Metropolis Central,Downtown Commercial District,MC-10015,40.8584271,-73.9858239,entertainment_venue,low,"{""cctv_coverage"": ""standard"", ""night_patrol_sector"": ""SEC-09"", ""lighting_rating"": ""adequate""}",2021-01-01T00:00:00,2021-01-01T00:00:00
499879f3-5978-4ed3-ad7f-d55006358616,West End Suburbs Hideout #766,555 Commerce Expressway,Metropolis Central,West End Suburbs,MC-10016,40.8142248,-73.9954692,hideout,low,"{""cctv_coverage"": ""standard"", ""night_patrol_sector"": ""SEC-10"", ""lighting_rating"": ""adequate""}",2021-01-01T00:00:00,2021-01-01T00:00:00
3b144ab6-c760-4bad-bb76-bf83740a646c,Northshore Heights Public Transit #767,25 Industrial Boulevard,Metropolis Central,Northshore Heights,MC-10017,40.7885057,-73.9401269,public_transit,low,"{""cctv_coverage"": ""standard"", ""night_patrol_sector"": ""SEC-11"", ""lighting_rating"": ""adequate""}",2021-01-01T00:00:00,2021-01-01T00:00:00
961e68e5-147e-4ff1-92fa-0db2e9b7d18a,West End Suburbs Industrial #768,597 Atlantic Avenue,Metropolis Central,West End Suburbs,MC-10018,40.6942486,-73.9273474,industrial,low,"{""cctv_coverage"": ""standard"", ""night_patrol_sector"": ""SEC-12"", ""lighting_rating"": ""adequate""}",2021-01-01T00:00:00,2021-01-01T00:00:00
f89558c6-5c2c-400e-a6a4-611f63ee8148,Old Town Heritage Ward Residential #769,61 Harbor View Drive,Metropolis Central,Old Town Heritage Ward,MC-10019,40.7741471,-73.9149008,residential,low,"{""cctv_coverage"": ""standard"", ""night_patrol_sector"": ""SEC-01"", ""lighting_rating"": ""adequate""}",2021-01-01T00:00:00,2021-01-01T00:00:00
1323f2c8-0338-4f00-bde5-91141b9d3fef,Downtown Commercial District Warehouse #770,98 Quarry Lane,Metropolis Central,Downtown Commercial District,MC-10020,40.7157966,-73.9307757,warehouse,moderate,"{""cctv_coverage"": ""standard"", ""night_patrol_sector"": ""SEC-02"", ""lighting_rating"": ""adequate""}",2021-01-01T00:00:00,2021-01-01T00:00:00
cac692fb-2998-4ce7-aae4-c4a2f6aa3806,Old Town Heritage Ward Atm Bank #771,641 River Road,Metropolis Central,Old Town Heritage Ward,MC-10021,40.7464664,-74.0103706,atm_bank,moderate,"{""cctv_coverage"": ""standard"", ""night_patrol_sector"": ""SEC-03"", ""lighting_rating"": ""adequate""}",2021-01-01T00:00:00,2021-01-01T00:00:00
c4725639-676d-4bc3-8295-e83a4194eb62,Silver Lake Tech Park Government Facility #772,90 Grand Concourse,Metropolis Central,Silver Lake Tech Park,MC-10022,40.7063591,-73.8874298,government_facility,high,"{""cctv_coverage"": ""high"", ""night_patrol_sector"": ""SEC-04"", ""lighting_rating"": ""adequate""}",2021-01-01T00:00:00,2021-01-01T00:00:00
41dc860a-d124-4d22-8e5b-d9867ea46f49,Old Town Heritage Ward Atm Bank #773,109 Grand Concourse,Metropolis Central,Old Town Heritage Ward,MC-10023,40.8168956,-73.9079568,atm_bank,low,"{""cctv_coverage"": ""standard"", ""night_patrol_sector"": ""SEC-05"", ""lighting_rating"": ""adequate""}",2021-01-01T00:00:00,2021-01-01T00:00:00
547f216b-62dd-4450-b4e3-9257bc7c6843,Eastside Arts Corridor Industrial #774,980 Atlantic Avenue,Metropolis Central,Eastside Arts Corridor,MC-10024,40.8522193,-73.9266116,industrial,high,"{""cctv_coverage"": ""high"", ""night_patrol_sector"": ""SEC-06"", ""lighting_rating"": ""adequate""}",2021-01-01T00:00:00,2021-01-01T00:00:00
e83d2eac-9a35-4ce1-9491-5883c67b4d09,Midtown Financial Plaza Street Corner #775,197 Commerce Expressway,Metropolis Central,Midtown Financial Plaza,MC-10025,40.7706566,-74.0439472,street_corner,low,"{""cctv_coverage"": ""standard"", ""night_patrol_sector"": ""SEC-07"", ""lighting_rating"": ""adequate""}",2021-01-01T00:00:00,2021-01-01T00:00:00
7ba7fc92-47fd-49b3-8c97-4896c68d5c13,South Bay Logistics Hub Industrial #776,500 Grand Concourse,Metropolis Central,South Bay Logistics Hub,MC-10026,40.7364515,-73.9802769,industrial,moderate,"{""cctv_coverage"": ""standard"", ""night_patrol_sector"": ""SEC-08"", ""lighting_rating"": ""adequate""}",2021-01-01T00:00:00,2021-01-01T00:00:00
4a588eff-f0f9-4bf1-b190-8c9d7ea03871,Silver Lake Tech Park Commercial #777,115 Foundry Street,Metropolis Central,Silver Lake Tech Park,MC-10027,40.7451739,-73.9201097,commercial,moderate,"{""cctv_coverage"": ""standard"", ""night_patrol_sector"": ""SEC-09"", ""lighting_rating"": ""adequate""}",2021-01-01T00:00:00,2021-01-01T00:00:00
74ba4054-98b2-4fdf-be17-60cd8187a4a0,Silver Lake Tech Park Government Facility #778,482 Foundry Street,Metropolis Central,Silver Lake Tech Park,MC-10028,40.7626884,-73.925825,government_facility,moderate,"{""cctv_coverage"": ""standard"", ""night_patrol_sector"": ""SEC-10"", ""lighting_rating"": ""adequate""}",2021-01-01T00:00:00,2021-01-01T00:00:00
8e80bd0e-cc7b-4dcd-91c5-dd751f9b1147,Old Town Heritage Ward Street Corner #779,403 Vanderbilt Way,Metropolis Central,Old Town Heritage Ward,MC-10029,40.7216476,-73.911188,street_corner,low,"{""cctv_coverage"": ""standard"", ""night_patrol_sector"": ""SEC-11"", ""lighting_rating"": ""adequate""}",2021-01-01T00:00:00,2021-01-01T00:00:00
fc46dd6d-81bb-4720-8983-5325371cf246,Midtown Financial Plaza Port Marina #780,590 Commerce Expressway,Metropolis Central,Midtown Financial Plaza,MC-10030,40.8188266,-74.0153829,port_marina,moderate,"{""cctv_coverage"": ""standard"", ""night_patrol_sector"": ""SEC-12"", ""lighting_rating"": ""adequate""}",2021-01-01T00:00:00,2021-01-01T00:00:00
ed75c142-c305-4f54-9a1c-1d49d65bdc12,Harbor Point Terminal Commercial #781,866 Canal Promenade,Metropolis Central,Harbor Point Terminal,MC-10031,40.7984326,-73.9574183,commercial,moderate,"{""cctv_coverage"": ""standard"", ""night_patrol_sector"": ""SEC-01"", ""lighting_rating"": ""adequate""}",2021-01-01T00:00:00,2021-01-01T00:00:00
3ec48d70-d94f-4cd6-b9bb-f1569a902cda,Old Town Heritage Ward Warehouse #782,190 Sunset Parkway,Metropolis Central,Old Town Heritage Ward,MC-10032,40.6939215,-74.0282511,warehouse,high,"{""cctv_coverage"": ""high"", ""night_patrol_sector"": ""SEC-02"", ""lighting_rating"": ""adequate""}",2021-01-01T00:00:00,2021-01-01T00:00:00
2c30f912-0a5e-4f46-a58b-f39eb6f0f332,Midtown Financial Plaza Entertainment Venue #783,345 Canal Promenade,Metropolis Central,Midtown Financial Plaza,MC-10033,40.812033,-74.0318934,entertainment_venue,high,"{""cctv_coverage"": ""high"", ""night_patrol_sector"": ""SEC-03"", ""lighting_rating"": ""adequate""}",2021-01-01T00:00:00,2021-01-01T00:00:00
b133a051-f19c-49af-bfdd-8023ba6c002d,Harbor Point Terminal Industrial #784,934 Lexington Ave,Metropolis Central,Harbor Point Terminal,MC-10034,40.8121763,-73.9594051,industrial,low,"{""cctv_coverage"": ""standard"", ""night_patrol_sector"": ""SEC-04"", ""lighting_rating"": ""adequate""}",2021-01-01T00:00:00,2021-01-01T00:00:00
828e4ee4-3b1e-493f-b83a-9b12bdb602a9,Harbor Point Terminal Public Transit #785,601 Grand Concourse,Metropolis Central,Harbor Point Terminal,MC-10035,40.7211323,-73.8745149,public_transit,low,"{""cctv_coverage"": ""standard"", ""night_patrol_sector"": ""SEC-05"", ""lighting_rating"": ""adequate""}",2021-01-01T00:00:00,2021-01-01T00:00:00
180485eb-5998-45da-b23d-60bda749f1a7,West End Suburbs Street Corner #786,950 Quarry Lane,Metropolis Central,West End Suburbs,MC-10036,40.8780579,-73.9334546,street_corner,moderate,"{""cctv_coverage"": ""standard"", ""night_patrol_sector"": ""SEC-06"", ""lighting_rating"": ""adequate""}",2021-01-01T00:00:00,2021-01-01T00:00:00
b2cbd5ec-0040-4a0e-bf76-ca7da3a2a830,Silver Lake Tech Park Atm Bank #787,423 Harbor View Drive,Metropolis Central,Silver Lake Tech Park,MC-10037,40.6924821,-73.8697849,atm_bank,extreme,"{""cctv_coverage"": ""high"", ""night_patrol_sector"": ""SEC-07"", ""lighting_rating"": ""poor""}",2021-01-01T00:00:00,2021-01-01T00:00:00
1438a192-fdd9-46b1-8439-34330e8f9f16,Downtown Commercial District Commercial #788,730 River Road,Metropolis Central,Downtown Commercial District,MC-10038,40.8522496,-73.8768641,commercial,low,"{""cctv_coverage"": ""standard"", ""night_patrol_sector"": ""SEC-08"", ""lighting_rating"": ""adequate""}",2021-01-01T00:00:00,2021-01-01T00:00:00
d6c6beb9-3a94-4c20-9113-6a30335b1f15,Harbor Point Terminal Warehouse #789,413 Commerce Expressway,Metropolis Central,Harbor Point Terminal,MC-10039,40.7612065,-73.962962,warehouse,low,"{""cctv_coverage"": ""standard"", ""night_patrol_sector"": ""SEC-09"", ""lighting_rating"": ""adequate""}",2021-01-01T00:00:00,2021-01-01T00:00:00
c7f22d98-9dbf-4ad8-97d8-970d7ecd6e26,Industrial Waterfront & Port Public Transit #790,496 Harbor View Drive,Metropolis Central,Industrial Waterfront & Port,MC-10040,40.7910843,-73.8813345,public_transit,low,"{""cctv_coverage"": ""standard"", ""night_patrol_sector"": ""SEC-10"", ""lighting_rating"": ""adequate""}",2021-01-01T00:00:00,2021-01-01T00:00:00
cf9f7665-fd70-4e44-9830-ed385664838c,Midtown Financial Plaza Entertainment Venue #791,167 Sunset Parkway,Metropolis Central,Midtown Financial Plaza,MC-10041,40.7051098,-74.0476794,entertainment_venue,moderate,"{""cctv_coverage"": ""standard"", ""night_patrol_sector"": ""SEC-11"", ""lighting_rating"": ""adequate""}",2021-01-01T00:00:00,2021-01-01T00:00:00
e5e5b639-420c-4c9c-b47d-d6e310f9f058,Industrial Waterfront & Port Entertainment Venue #792,748 Canal Promenade,Metropolis Central,Industrial Waterfront & Port,MC-10042,40.767347,-73.8519565,entertainment_venue,low,"{""cctv_coverage"": ""standard"", ""night_patrol_sector"": ""SEC-12"", ""lighting_rating"": ""adequate""}",2021-01-01T00:00:00,2021-01-01T00:00:00
4a4f8ce2-65ec-4e79-83e4-1a857de854e3,Midtown Financial Plaza Government Facility #793,890 Grand Concourse,Metropolis Central,Midtown Financial Plaza,MC-10043,40.8660622,-73.9253503,government_facility,low,"{""cctv_coverage"": ""standard"", ""night_patrol_sector"": ""SEC-01"", ""lighting_rating"": ""adequate""}",2021-01-01T00:00:00,2021-01-01T00:00:00
4c6f7393-c1ea-43bb-a5e1-62b8dc726522,Midtown Financial Plaza Warehouse #794,575 Grand Concourse,Metropolis Central,Midtown Financial Plaza,MC-10044,40.7510614,-74.0128418,warehouse,moderate,"{""cctv_coverage"": ""standard"", ""night_patrol_sector"": ""SEC-02"", ""lighting_rating"": ""adequate""}",2021-01-01T00:00:00,2021-01-01T00:00:00
55b4e816-7c55-4d71-83bc-3994c57be35f,Harbor Point Terminal Port Marina #795,520 Atlantic Avenue,Metropolis Central,Harbor Point Terminal,MC-10045,40.7338501,-73.8646871,port_marina,moderate,"{""cctv_coverage"": ""standard"", ""night_patrol_sector"": ""SEC-03"", ""lighting_rating"": ""adequate""}",2021-01-01T00:00:00,2021-01-01T00:00:00
b483e2e3-97c9-4c99-ada6-cca63e9fc84e,Downtown Commercial District Street Corner #796,48 Canal Promenade,Metropolis Central,Downtown Commercial District,MC-10046,40.7026329,-73.9536934,street_corner,moderate,"{""cctv_coverage"": ""standard"", ""night_patrol_sector"": ""SEC-04"", ""lighting_rating"": ""adequate""}",2021-01-01T00:00:00,2021-01-01T00:00:00
bf2b6a8d-3cde-4f84-a227-8e01e2b12de4,Industrial Waterfront & Port Hideout #797,757 Highland Boulevard,Metropolis Central,Industrial Waterfront & Port,MC-10047,40.7833899,-73.9453286,hideout,moderate,"{""cctv_coverage"": ""standard"", ""night_patrol_sector"": ""SEC-05"", ""lighting_rating"": ""adequate""}",2021-01-01T00:00:00,2021-01-01T00:00:00
8e5d29f8-24e2-4a4f-ac54-8b7157c9f583,Eastside Arts Corridor Entertainment Venue #798,493 Vanderbilt Way,Metropolis Central,Eastside Arts Corridor,MC-10048,40.8067375,-73.8903804,entertainment_venue,low,"{""cctv_coverage"": ""standard"", ""night_patrol_sector"": ""SEC-06"", ""lighting_rating"": ""adequate""}",2021-01-01T00:00:00,2021-01-01T00:00:00
ba44d351-f851-4f7c-80e9-2e23818f7c29,Downtown Commercial District Port Marina #799,935 Commerce Expressway,Metropolis Central,Downtown Commercial District,MC-10049,40.8357054,-73.9562262,port_marina,moderate,"{""cctv_coverage"": ""standard"", ""night_patrol_sector"": ""SEC-07"", ""lighting_rating"": ""adequate""}",2021-01-01T00:00:00,2021-01-01T00:00:00
7d26a719-bbfd-4d28-8eff-a219ccb46e2b,Old Town Heritage Ward Warehouse #800,597 Commerce Expressway,Metropolis Central,Old Town Heritage Ward,MC-10050,40.7505829,-73.8544479,warehouse,low,"{""cctv_coverage"": ""standard"", ""night_patrol_sector"": ""SEC-08"", ""lighting_rating"": ""adequate""}",2021-01-01T00:00:00,2021-01-01T00:00:00
64e3ef1f-eedd-4d76-b21c-37ba6ea3398e,Industrial Waterfront & Port Government Facility #801,46 Sunset Parkway,Metropolis Central,Industrial Waterfront & Port,MC-10051,40.7320886,-73.92414,government_facility,moderate,"{""cctv_coverage"": ""standard"", ""night_patrol_sector"": ""SEC-09"", ""lighting_rating"": ""adequate""}",2021-01-01T00:00:00,2021-01-01T00:00:00
cd410086-13c9-4e17-8f22-5ad3d5bbf8ad,Harbor Point Terminal Government Facility #802,62 Sunset Parkway,Metropolis Central,Harbor Point Terminal,MC-10052,40.6854596,-73.953048,government_facility,low,"{""cctv_coverage"": ""standard"", ""night_patrol_sector"": ""SEC-10"", ""lighting_rating"": ""adequate""}",2021-01-01T00:00:00,2021-01-01T00:00:00
26f9ca78-7a2a-43e1-bf7a-d1c2a242034f,Northshore Heights Atm Bank #803,881 Highland Boulevard,Metropolis Central,Northshore Heights,MC-10053,40.7065078,-73.9938056,atm_bank,high,"{""cctv_coverage"": ""high"", ""night_patrol_sector"": ""SEC-11"", ""lighting_rating"": ""adequate""}",2021-01-01T00:00:00,2021-01-01T00:00:00
66697d2e-80ca-44d5-aeda-a48d3e9a6e9b,Downtown Commercial District Government Facility #804,769 Industrial Boulevard,Metropolis Central,Downtown Commercial District,MC-10054,40.7149228,-73.931646,government_facility,low,"{""cctv_coverage"": ""standard"", ""night_patrol_sector"": ""SEC-12"", ""lighting_rating"": ""adequate""}",2021-01-01T00:00:00,2021-01-01T00:00:00
d60367a6-d8f5-4092-9301-dd8b4032c550,Old Town Heritage Ward Atm Bank #805,388 Pier 42 Access Rd,Metropolis Central,Old Town Heritage Ward,MC-10055,40.8365055,-74.0027608,atm_bank,low,"{""cctv_coverage"": ""standard"", ""night_patrol_sector"": ""SEC-01"", ""lighting_rating"": ""adequate""}",2021-01-01T00:00:00,2021-01-01T00:00:00
62e88ad7-d23e-4cf7-94fd-f0bfe8c17c9b,Silver Lake Tech Park Street Corner #806,892 St. Marks Place,Metropolis Central,Silver Lake Tech Park,MC-10056,40.8768143,-73.8565309,street_corner,moderate,"{""cctv_coverage"": ""standard"", ""night_patrol_sector"": ""SEC-02"", ""lighting_rating"": ""adequate""}",2021-01-01T00:00:00,2021-01-01T00:00:00
80cad68f-6b2f-4f0c-856a-abefdefeb43e,Industrial Waterfront & Port Warehouse #807,867 Canal Promenade,Metropolis Central,Industrial Waterfront & Port,MC-10057,40.8340736,-74.0024105,warehouse,low,"{""cctv_coverage"": ""standard"", ""night_patrol_sector"": ""SEC-03"", ""lighting_rating"": ""adequate""}",2021-01-01T00:00:00,2021-01-01T00:00:00
e43ec39d-5cef-47b3-912e-25f8aee22878,Industrial Waterfront & Port Residential #808,225 River Road,Metropolis Central,Industrial Waterfront & Port,MC-10058,40.8084522,-73.8989032,residential,low,"{""cctv_coverage"": ""standard"", ""night_patrol_sector"": ""SEC-04"", ""lighting_rating"": ""adequate""}",2021-01-01T00:00:00,2021-01-01T00:00:00
d90f218b-f4cb-4cf6-8a18-4d16b4961d81,Industrial Waterfront & Port Hideout #809,485 Foundry Street,Metropolis Central,Industrial Waterfront & Port,MC-10059,40.7402734,-73.9007699,hideout,moderate,"{""cctv_coverage"": ""standard"", ""night_patrol_sector"": ""SEC-05"", ""lighting_rating"": ""adequate""}",2021-01-01T00:00:00,2021-01-01T00:00:00
88b3c17e-d1b4-4ad8-a27c-522fc98d7e2c,Silver Lake Tech Park Entertainment Venue #810,249 Foundry Street,Metropolis Central,Silver Lake Tech Park,MC-10060,40.8211216,-73.9550821,entertainment_venue,low,"{""cctv_coverage"": ""standard"", ""night_patrol_sector"": ""SEC-06"", ""lighting_rating"": ""adequate""}",2021-01-01T00:00:00,2021-01-01T00:00:00
fef1dfe5-e583-469a-abca-8795eb817489,Midtown Financial Plaza Hideout #811,22 Sunset Parkway,Metropolis Central,Midtown Financial Plaza,MC-10061,40.7564008,-73.9868623,hideout,moderate,"{""cctv_coverage"": ""standard"", ""night_patrol_sector"": ""SEC-07"", ""lighting_rating"": ""adequate""}",2021-01-01T00:00:00,2021-01-01T00:00:00
198838cd-edec-4d5a-8525-38c7be30731b,Downtown Commercial District Warehouse #812,109 River Road,Metropolis Central,Downtown Commercial District,MC-10062,40.8020971,-73.9195868,warehouse,low,"{""cctv_coverage"": ""standard"", ""night_patrol_sector"": ""SEC-08"", ""lighting_rating"": ""adequate""}",2021-01-01T00:00:00,2021-01-01T00:00:00
97b03187-54e3-4673-a6a7-eac5e99de24f,West End Suburbs Atm Bank #813,283 Industrial Boulevard,Metropolis Central,West End Suburbs,MC-10063,40.8108687,-73.9717692,atm_bank,moderate,"{""cctv_coverage"": ""standard"", ""night_patrol_sector"": ""SEC-09"", ""lighting_rating"": ""adequate""}",2021-01-01T00:00:00,2021-01-01T00:00:00
ea222525-29b3-460a-9d4a-2cc556b35434,Eastside Arts Corridor Port Marina #814,761 Beacon Street,Metropolis Central,Eastside Arts Corridor,MC-10064,40.7474813,-73.9119443,port_marina,low,"{""cctv_coverage"": ""standard"", ""night_patrol_sector"": ""SEC-10"", ""lighting_rating"": ""adequate""}",2021-01-01T00:00:00,2021-01-01T00:00:00
9459d329-b6c5-46a7-8de8-8bac7a8b4cff,Silver Lake Tech Park Commercial #815,20 Lexington Ave,Metropolis Central,Silver Lake Tech Park,MC-10065,40.6823923,-74.0304602,commercial,low,"{""cctv_coverage"": ""standard"", ""night_patrol_sector"": ""SEC-11"", ""lighting_rating"": ""adequate""}",2021-01-01T00:00:00,2021-01-01T00:00:00
6c7f4f94-25d1-4270-874d-b8c12103d386,Old Town Heritage Ward Atm Bank #816,369 Atlantic Avenue,Metropolis Central,Old Town Heritage Ward,MC-10066,40.7303792,-74.0431916,atm_bank,moderate,"{""cctv_coverage"": ""standard"", ""night_patrol_sector"": ""SEC-12"", ""lighting_rating"": ""adequate""}",2021-01-01T00:00:00,2021-01-01T00:00:00
4c406bdd-1307-45a1-b301-ed9aa34b997c,Downtown Commercial District Government Facility #817,971 Beacon Street,Metropolis Central,Downtown Commercial District,MC-10067,40.8076166,-73.908385,government_facility,low,"{""cctv_coverage"": ""standard"", ""night_patrol_sector"": ""SEC-01"", ""lighting_rating"": ""adequate""}",2021-01-01T00:00:00,2021-01-01T00:00:00
05c1e317-4f26-4a12-a5d9-b1b6f239b3f2,Harbor Point Terminal Entertainment Venue #818,143 Foundry Street,Metropolis Central,Harbor Point Terminal,MC-10068,40.8327716,-73.9204188,entertainment_venue,high,"{""cctv_coverage"": ""high"", ""night_patrol_sector"": ""SEC-02"", ""lighting_rating"": ""adequate""}",2021-01-01T00:00:00,2021-01-01T00:00:00
7e10f12f-8462-4dfc-91cb-67bab7090bc4,Industrial Waterfront & Port Industrial #819,927 Industrial Boulevard,Metropolis Central,Industrial Waterfront & Port,MC-10069,40.7306671,-73.9566089,industrial,high,"{""cctv_coverage"": ""high"", ""night_patrol_sector"": ""SEC-03"", ""lighting_rating"": ""adequate""}",2021-01-01T00:00:00,2021-01-01T00:00:00
3691d1ba-9f87-4150-a219-d32682b2e39f,Old Town Heritage Ward Warehouse #820,954 Highland Boulevard,Metropolis Central,Old Town Heritage Ward,MC-10070,40.8184443,-73.9164842,warehouse,moderate,"{""cctv_coverage"": ""standard"", ""night_patrol_sector"": ""SEC-04"", ""lighting_rating"": ""adequate""}",2021-01-01T00:00:00,2021-01-01T00:00:00
1d76c4d2-ebbd-4087-8a60-321a8bd5823d,West End Suburbs Atm Bank #821,175 Vanderbilt Way,Metropolis Central,West End Suburbs,MC-10071,40.8354212,-73.9734402,atm_bank,low,"{""cctv_coverage"": ""standard"", ""night_patrol_sector"": ""SEC-05"", ""lighting_rating"": ""adequate""}",2021-01-01T00:00:00,2021-01-01T00:00:00
e016dfec-50b2-433a-ae62-b091d141ad2f,Downtown Commercial District Industrial #822,274 Highland Boulevard,Metropolis Central,Downtown Commercial District,MC-10072,40.768115,-73.9516556,industrial,high,"{""cctv_coverage"": ""high"", ""night_patrol_sector"": ""SEC-06"", ""lighting_rating"": ""adequate""}",2021-01-01T00:00:00,2021-01-01T00:00:00
c0b1eafe-de82-4a3e-ac5c-a381f410d701,Harbor Point Terminal Entertainment Venue #823,412 Pier 42 Access Rd,Metropolis Central,Harbor Point Terminal,MC-10073,40.7784115,-74.0212255,entertainment_venue,moderate,"{""cctv_coverage"": ""standard"", ""night_patrol_sector"": ""SEC-07"", ""lighting_rating"": ""adequate""}",2021-01-01T00:00:00,2021-01-01T00:00:00
caafc022-d005-4b44-a841-d6645adedc69,Eastside Arts Corridor Hideout #824,638 Industrial Boulevard,Metropolis Central,Eastside Arts Corridor,MC-10074,40.8230801,-74.0293426,hideout,low,"{""cctv_coverage"": ""standard"", ""night_patrol_sector"": ""SEC-08"", ""lighting_rating"": ""adequate""}",2021-01-01T00:00:00,2021-01-01T00:00:00
88b27e6c-50e4-4789-a54e-bc1e94b9d4bd,Harbor Point Terminal Hideout #825,755 Highland Boulevard,Metropolis Central,Harbor Point Terminal,MC-10075,40.683753,-73.9504597,hideout,moderate,"{""cctv_coverage"": ""standard"", ""night_patrol_sector"": ""SEC-09"", ""lighting_rating"": ""adequate""}",2021-01-01T00:00:00,2021-01-01T00:00:00
8714865e-609d-4918-afa1-d576e7eb44a8,Downtown Commercial District Entertainment Venue #826,965 St. Marks Place,Metropolis Central,Downtown Commercial District,MC-10076,40.7580968,-74.0196785,entertainment_venue,low,"{""cctv_coverage"": ""standard"", ""night_patrol_sector"": ""SEC-10"", ""lighting_rating"": ""adequate""}",2021-01-01T00:00:00,2021-01-01T00:00:00
9b129378-88ae-49f7-8b7d-b8a659b57ec3,Midtown Financial Plaza Port Marina #827,598 Lexington Ave,Metropolis Central,Midtown Financial Plaza,MC-10077,40.8215211,-73.8958019,port_marina,low,"{""cctv_coverage"": ""standard"", ""night_patrol_sector"": ""SEC-11"", ""lighting_rating"": ""adequate""}",2021-01-01T00:00:00,2021-01-01T00:00:00
0cf88cad-c79d-45d8-999c-6bae38f652d6,Midtown Financial Plaza Port Marina #828,874 Vanderbilt Way,Metropolis Central,Midtown Financial Plaza,MC-10078,40.7251694,-73.9731152,port_marina,moderate,"{""cctv_coverage"": ""standard"", ""night_patrol_sector"": ""SEC-12"", ""lighting_rating"": ""adequate""}",2021-01-01T00:00:00,2021-01-01T00:00:00
9923a727-8718-45e5-8384-554129ef79fb,Old Town Heritage Ward Street Corner #829,134 River Road,Metropolis Central,Old Town Heritage Ward,MC-10079,40.8163671,-73.969877,street_corner,moderate,"{""cctv_coverage"": ""standard"", ""night_patrol_sector"": ""SEC-01"", ""lighting_rating"": ""adequate""}",2021-01-01T00:00:00,2021-01-01T00:00:00
454853f1-bfd3-4494-b29d-349fa05d3384,Northshore Heights Commercial #830,384 Commerce Expressway,Metropolis Central,Northshore Heights,MC-10080,40.8482363,-73.8979094,commercial,low,"{""cctv_coverage"": ""standard"", ""night_patrol_sector"": ""SEC-02"", ""lighting_rating"": ""adequate""}",2021-01-01T00:00:00,2021-01-01T00:00:00
bc9670e3-ce96-4cc4-896e-96d1a35c1ce3,Eastside Arts Corridor Warehouse #831,190 St. Marks Place,Metropolis Central,Eastside Arts Corridor,MC-10081,40.8121468,-73.9902259,warehouse,low,"{""cctv_coverage"": ""standard"", ""night_patrol_sector"": ""SEC-03"", ""lighting_rating"": ""adequate""}",2021-01-01T00:00:00,2021-01-01T00:00:00
b28da785-8893-48fe-ba79-8b6baa2d6eee,Northshore Heights Hideout #832,655 River Road,Metropolis Central,Northshore Heights,MC-10082,40.6969725,-73.9234417,hideout,moderate,"{""cctv_coverage"": ""standard"", ""night_patrol_sector"": ""SEC-04"", ""lighting_rating"": ""adequate""}",2021-01-01T00:00:00,2021-01-01T00:00:00
d0a3e42e-0cfe-4c8c-84a1-a43b27d440ad,Industrial Waterfront & Port Residential #833,46 Beacon Street,Metropolis Central,Industrial Waterfront & Port,MC-10083,40.8239478,-73.9314109,residential,low,"{""cctv_coverage"": ""standard"", ""night_patrol_sector"": ""SEC-05"", ""lighting_rating"": ""adequate""}",2021-01-01T00:00:00,2021-01-01T00:00:00
4392da4a-2aa3-457e-9bd0-c8c9345e575a,Northshore Heights Hideout #834,821 Sunset Parkway,Metropolis Central,Northshore Heights,MC-10084,40.786788,-73.8831499,hideout,low,"{""cctv_coverage"": ""standard"", ""night_patrol_sector"": ""SEC-06"", ""lighting_rating"": ""adequate""}",2021-01-01T00:00:00,2021-01-01T00:00:00
2725c8ba-191f-45e7-9be4-48ebb6f2f800,Downtown Commercial District Residential #835,47 Commerce Expressway,Metropolis Central,Downtown Commercial District,MC-10085,40.7475437,-73.9057976,residential,low,"{""cctv_coverage"": ""standard"", ""night_patrol_sector"": ""SEC-07"", ""lighting_rating"": ""adequate""}",2021-01-01T00:00:00,2021-01-01T00:00:00
a9e6f5ef-ce95-4092-95c1-9f393b74c298,Eastside Arts Corridor Entertainment Venue #836,836 Grand Concourse,Metropolis Central,Eastside Arts Corridor,MC-10086,40.85404,-73.9426877,entertainment_venue,moderate,"{""cctv_coverage"": ""standard"", ""night_patrol_sector"": ""SEC-08"", ""lighting_rating"": ""adequate""}",2021-01-01T00:00:00,2021-01-01T00:00:00
f46ecc72-d69b-476e-8050-2f78f0da170d,Eastside Arts Corridor Residential #837,957 Vanderbilt Way,Metropolis Central,Eastside Arts Corridor,MC-10087,40.8270919,-73.9522211,residential,low,"{""cctv_coverage"": ""standard"", ""night_patrol_sector"": ""SEC-09"", ""lighting_rating"": ""adequate""}",2021-01-01T00:00:00,2021-01-01T00:00:00
345f7044-0888-453a-b64d-482a9e62fdb5,Harbor Point Terminal Entertainment Venue #838,56 Atlantic Avenue,Metropolis Central,Harbor Point Terminal,MC-10088,40.7061075,-74.0155502,entertainment_venue,low,"{""cctv_coverage"": ""standard"", ""night_patrol_sector"": ""SEC-10"", ""lighting_rating"": ""adequate""}",2021-01-01T00:00:00,2021-01-01T00:00:00
76b41822-4bd1-492e-bbe3-f4d1057f0ebd,West End Suburbs Hideout #839,850 Industrial Boulevard,Metropolis Central,West End Suburbs,MC-10089,40.8022452,-73.8829296,hideout,low,"{""cctv_coverage"": ""standard"", ""night_patrol_sector"": ""SEC-11"", ""lighting_rating"": ""adequate""}",2021-01-01T00:00:00,2021-01-01T00:00:00
db274cbf-051c-47a4-bc5b-1a6b839c0a06,Northshore Heights Government Facility #840,126 Canal Promenade,Metropolis Central,Northshore Heights,MC-10090,40.839835,-74.0058855,government_facility,high,"{""cctv_coverage"": ""high"", ""night_patrol_sector"": ""SEC-12"", ""lighting_rating"": ""adequate""}",2021-01-01T00:00:00,2021-01-01T00:00:00
466cf03a-6a83-4313-83ca-48d20fe60fcd,Midtown Financial Plaza Street Corner #841,355 Foundry Street,Metropolis Central,Midtown Financial Plaza,MC-10091,40.7041605,-73.9131823,street_corner,moderate,"{""cctv_coverage"": ""standard"", ""night_patrol_sector"": ""SEC-01"", ""lighting_rating"": ""adequate""}",2021-01-01T00:00:00,2021-01-01T00:00:00
c2033215-127c-4966-9d19-937c02d1286d,South Bay Logistics Hub Residential #842,866 Beacon Street,Metropolis Central,South Bay Logistics Hub,MC-10092,40.7986171,-73.9828993,residential,low,"{""cctv_coverage"": ""standard"", ""night_patrol_sector"": ""SEC-02"", ""lighting_rating"": ""adequate""}",2021-01-01T00:00:00,2021-01-01T00:00:00
abbd6acb-0940-46d9-9d76-c9e6e04b0f76,Industrial Waterfront & Port Industrial #843,785 Quarry Lane,Metropolis Central,Industrial Waterfront & Port,MC-10093,40.8192592,-73.9393185,industrial,low,"{""cctv_coverage"": ""standard"", ""night_patrol_sector"": ""SEC-03"", ""lighting_rating"": ""adequate""}",2021-01-01T00:00:00,2021-01-01T00:00:00
f411e010-7d5f-4652-8950-fbd524bfeb7a,Harbor Point Terminal Commercial #844,51 Harbor View Drive,Metropolis Central,Harbor Point Terminal,MC-10094,40.8382105,-73.9235611,commercial,low,"{""cctv_coverage"": ""standard"", ""night_patrol_sector"": ""SEC-04"", ""lighting_rating"": ""adequate""}",2021-01-01T00:00:00,2021-01-01T00:00:00
d5543f0c-77f7-4980-92bc-c0414e4a80b4,Industrial Waterfront & Port Commercial #845,26 Canal Promenade,Metropolis Central,Industrial Waterfront & Port,MC-10095,40.6812699,-74.0141174,commercial,low,"{""cctv_coverage"": ""standard"", ""night_patrol_sector"": ""SEC-05"", ""lighting_rating"": ""adequate""}",2021-01-01T00:00:00,2021-01-01T00:00:00
4f176ce3-76e6-4061-abf2-6d29374e2249,Harbor Point Terminal Warehouse #846,918 Sunset Parkway,Metropolis Central,Harbor Point Terminal,MC-10096,40.8187007,-73.8915519,warehouse,low,"{""cctv_coverage"": ""standard"", ""night_patrol_sector"": ""SEC-06"", ""lighting_rating"": ""adequate""}",2021-01-01T00:00:00,2021-01-01T00:00:00
519ab6b5-5d39-43c7-a925-1ebbb9589e12,Industrial Waterfront & Port Entertainment Venue #847,221 Harbor View Drive,Metropolis Central,Industrial Waterfront & Port,MC-10097,40.7341899,-73.9599162,entertainment_venue,low,"{""cctv_coverage"": ""standard"", ""night_patrol_sector"": ""SEC-07"", ""lighting_rating"": ""adequate""}",2021-01-01T00:00:00,2021-01-01T00:00:00
aeda9dc1-c69f-4093-a084-ca0b95a89262,Industrial Waterfront & Port Government Facility #848,635 St. Marks Place,Metropolis Central,Industrial Waterfront & Port,MC-10098,40.7160001,-73.9500225,government_facility,extreme,"{""cctv_coverage"": ""high"", ""night_patrol_sector"": ""SEC-08"", ""lighting_rating"": ""poor""}",2021-01-01T00:00:00,2021-01-01T00:00:00
e35b23fc-b5b4-44d2-b5ef-5886f5df07fa,West End Suburbs Residential #849,366 Quarry Lane,Metropolis Central,West End Suburbs,MC-10099,40.7915421,-74.0116194,residential,extreme,"{""cctv_coverage"": ""high"", ""night_patrol_sector"": ""SEC-09"", ""lighting_rating"": ""poor""}",2021-01-01T00:00:00,2021-01-01T00:00:00
ec95d0eb-0059-415a-bf2c-15b7e9225357,Northshore Heights Port Marina #850,643 River Road,Metropolis Central,Northshore Heights,MC-10100,40.7815082,-73.9571568,port_marina,moderate,"{""cctv_coverage"": ""standard"", ""night_patrol_sector"": ""SEC-10"", ""lighting_rating"": ""adequate""}",2021-01-01T00:00:00,2021-01-01T00:00:00
25958364-c10f-4080-8d0a-4aee3bd2b1f3,Eastside Arts Corridor Public Transit #851,293 St. Marks Place,Metropolis Central,Eastside Arts Corridor,MC-10101,40.7025358,-74.0201565,public_transit,high,"{""cctv_coverage"": ""high"", ""night_patrol_sector"": ""SEC-11"", ""lighting_rating"": ""adequate""}",2021-01-01T00:00:00,2021-01-01T00:00:00
cdd8cd73-66ac-4c01-90b9-7603938c37ac,Old Town Heritage Ward Industrial #852,519 Pier 42 Access Rd,Metropolis Central,Old Town Heritage Ward,MC-10102,40.8140285,-74.0413769,industrial,moderate,"{""cctv_coverage"": ""standard"", ""night_patrol_sector"": ""SEC-12"", ""lighting_rating"": ""adequate""}",2021-01-01T00:00:00,2021-01-01T00:00:00
56ec0bc9-ae69-437a-8d00-26339c4d1810,West End Suburbs Atm Bank #853,224 Quarry Lane,Metropolis Central,West End Suburbs,MC-10103,40.7468589,-73.8889693,atm_bank,moderate,"{""cctv_coverage"": ""standard"", ""night_patrol_sector"": ""SEC-01"", ""lighting_rating"": ""adequate""}",2021-01-01T00:00:00,2021-01-01T00:00:00
02bdf14f-a0d7-427e-ad3e-51cf9534a132,Downtown Commercial District Port Marina #854,116 St. Marks Place,Metropolis Central,Downtown Commercial District,MC-10104,40.7151775,-73.8929016,port_marina,low,"{""cctv_coverage"": ""standard"", ""night_patrol_sector"": ""SEC-02"", ""lighting_rating"": ""adequate""}",2021-01-01T00:00:00,2021-01-01T00:00:00
bbf145b6-b6af-45b3-a2a4-2f165cd1eab3,Northshore Heights Hideout #855,82 Atlantic Avenue,Metropolis Central,Northshore Heights,MC-10105,40.7985413,-73.9848055,hideout,low,"{""cctv_coverage"": ""standard"", ""night_patrol_sector"": ""SEC-03"", ""lighting_rating"": ""adequate""}",2021-01-01T00:00:00,2021-01-01T00:00:00
3126eea2-5c8c-4781-8d63-184b3e40a3ca,South Bay Logistics Hub Street Corner #856,245 Industrial Boulevard,Metropolis Central,South Bay Logistics Hub,MC-10106,40.7255564,-74.0025763,street_corner,low,"{""cctv_coverage"": ""standard"", ""night_patrol_sector"": ""SEC-04"", ""lighting_rating"": ""adequate""}",2021-01-01T00:00:00,2021-01-01T00:00:00
5850954e-04b8-4759-9599-e13d9e5493b4,Eastside Arts Corridor Commercial #857,394 Atlantic Avenue,Metropolis Central,Eastside Arts Corridor,MC-10107,40.7741981,-73.9531185,commercial,high,"{""cctv_coverage"": ""high"", ""night_patrol_sector"": ""SEC-05"", ""lighting_rating"": ""adequate""}",2021-01-01T00:00:00,2021-01-01T00:00:00
92f6133c-210b-4107-ace0-c82276c72347,Industrial Waterfront & Port Industrial #858,231 Grand Concourse,Metropolis Central,Industrial Waterfront & Port,MC-10108,40.7574661,-74.0227191,industrial,moderate,"{""cctv_coverage"": ""standard"", ""night_patrol_sector"": ""SEC-06"", ""lighting_rating"": ""adequate""}",2021-01-01T00:00:00,2021-01-01T00:00:00
811cea83-4984-4599-b10f-8814805f0f54,South Bay Logistics Hub Street Corner #859,286 Beacon Street,Metropolis Central,South Bay Logistics Hub,MC-10109,40.7054424,-73.9115579,street_corner,low,"{""cctv_coverage"": ""standard"", ""night_patrol_sector"": ""SEC-07"", ""lighting_rating"": ""adequate""}",2021-01-01T00:00:00,2021-01-01T00:00:00
32a7c306-ec81-4410-8f58-d369d75b497b,Industrial Waterfront & Port Hideout #860,123 Grand Concourse,Metropolis Central,Industrial Waterfront & Port,MC-10110,40.7636448,-73.8979321,hideout,low,"{""cctv_coverage"": ""standard"", ""night_patrol_sector"": ""SEC-08"", ""lighting_rating"": ""adequate""}",2021-01-01T00:00:00,2021-01-01T00:00:00
b9d014e0-3140-42cb-bfef-421f721dbfeb,West End Suburbs Entertainment Venue #861,628 Pier 42 Access Rd,Metropolis Central,West End Suburbs,MC-10111,40.870552,-73.8688844,entertainment_venue,moderate,"{""cctv_coverage"": ""standard"", ""night_patrol_sector"": ""SEC-09"", ""lighting_rating"": ""adequate""}",2021-01-01T00:00:00,2021-01-01T00:00:00
5dd2172f-c7ae-4340-b499-42b58e51db0e,Silver Lake Tech Park Commercial #862,885 Atlantic Avenue,Metropolis Central,Silver Lake Tech Park,MC-10112,40.7623392,-73.9456462,commercial,high,"{""cctv_coverage"": ""high"", ""night_patrol_sector"": ""SEC-10"", ""lighting_rating"": ""adequate""}",2021-01-01T00:00:00,2021-01-01T00:00:00
54605e78-e800-480c-92c4-edc16bb893c7,Eastside Arts Corridor Hideout #863,615 Canal Promenade,Metropolis Central,Eastside Arts Corridor,MC-10113,40.7358342,-73.9039964,hideout,moderate,"{""cctv_coverage"": ""standard"", ""night_patrol_sector"": ""SEC-11"", ""lighting_rating"": ""adequate""}",2021-01-01T00:00:00,2021-01-01T00:00:00
6d7fcddc-3856-402f-9ec2-434fcf7ea448,Eastside Arts Corridor Warehouse #864,263 Commerce Expressway,Metropolis Central,Eastside Arts Corridor,MC-10114,40.7958934,-73.8716355,warehouse,moderate,"{""cctv_coverage"": ""standard"", ""night_patrol_sector"": ""SEC-12"", ""lighting_rating"": ""adequate""}",2021-01-01T00:00:00,2021-01-01T00:00:00
ec1491ba-0ee6-4b20-8431-eebfb5a6f039,Industrial Waterfront & Port Warehouse #865,945 Lexington Ave,Metropolis Central,Industrial Waterfront & Port,MC-10115,40.8760368,-74.0419883,warehouse,low,"{""cctv_coverage"": ""standard"", ""night_patrol_sector"": ""SEC-01"", ""lighting_rating"": ""adequate""}",2021-01-01T00:00:00,2021-01-01T00:00:00
1bf734e1-f3ea-4f37-825f-e16ff63e8b93,Silver Lake Tech Park Port Marina #866,44 Quarry Lane,Metropolis Central,Silver Lake Tech Park,MC-10116,40.758864,-73.8880567,port_marina,moderate,"{""cctv_coverage"": ""standard"", ""night_patrol_sector"": ""SEC-02"", ""lighting_rating"": ""adequate""}",2021-01-01T00:00:00,2021-01-01T00:00:00
27074222-d1dc-4d33-887f-6544147cf234,Northshore Heights Public Transit #867,473 Canal Promenade,Metropolis Central,Northshore Heights,MC-10117,40.6966183,-73.8993843,public_transit,moderate,"{""cctv_coverage"": ""standard"", ""night_patrol_sector"": ""SEC-03"", ""lighting_rating"": ""adequate""}",2021-01-01T00:00:00,2021-01-01T00:00:00
fe15e2a6-9c67-4c34-a973-42a59af5bfab,Midtown Financial Plaza Industrial #868,982 Beacon Street,Metropolis Central,Midtown Financial Plaza,MC-10118,40.7516811,-74.0021875,industrial,extreme,"{""cctv_coverage"": ""high"", ""night_patrol_sector"": ""SEC-04"", ""lighting_rating"": ""poor""}",2021-01-01T00:00:00,2021-01-01T00:00:00
f19f5acb-a7fd-4bb1-8f44-17fe478cf784,Downtown Commercial District Industrial #869,501 Sunset Parkway,Metropolis Central,Downtown Commercial District,MC-10119,40.8206609,-73.8784156,industrial,moderate,"{""cctv_coverage"": ""standard"", ""night_patrol_sector"": ""SEC-05"", ""lighting_rating"": ""adequate""}",2021-01-01T00:00:00,2021-01-01T00:00:00
16493221-6f89-42ff-ab04-ed2432ac3036,Downtown Commercial District Industrial #870,475 Grand Concourse,Metropolis Central,Downtown Commercial District,MC-10120,40.8548398,-73.9689279,industrial,moderate,"{""cctv_coverage"": ""standard"", ""night_patrol_sector"": ""SEC-06"", ""lighting_rating"": ""adequate""}",2021-01-01T00:00:00,2021-01-01T00:00:00
43c8fee3-d02b-4198-8576-12a7d720a4d1,South Bay Logistics Hub Entertainment Venue #871,651 Grand Concourse,Metropolis Central,South Bay Logistics Hub,MC-10121,40.6802727,-73.924539,entertainment_venue,low,"{""cctv_coverage"": ""standard"", ""night_patrol_sector"": ""SEC-07"", ""lighting_rating"": ""adequate""}",2021-01-01T00:00:00,2021-01-01T00:00:00
2c9582bd-9c25-4629-a8bf-7fbd27d4d29d,South Bay Logistics Hub Atm Bank #872,553 St. Marks Place,Metropolis Central,South Bay Logistics Hub,MC-10122,40.7651805,-73.9960421,atm_bank,high,"{""cctv_coverage"": ""high"", ""night_patrol_sector"": ""SEC-08"", ""lighting_rating"": ""adequate""}",2021-01-01T00:00:00,2021-01-01T00:00:00
76cbc5a3-c31b-4dea-9142-ed6991c0f287,Silver Lake Tech Park Entertainment Venue #873,599 Beacon Street,Metropolis Central,Silver Lake Tech Park,MC-10123,40.6961918,-73.8738306,entertainment_venue,moderate,"{""cctv_coverage"": ""standard"", ""night_patrol_sector"": ""SEC-09"", ""lighting_rating"": ""adequate""}",2021-01-01T00:00:00,2021-01-01T00:00:00
6ee4245f-4fed-4c36-bed0-bd81a9a8bf31,Downtown Commercial District Residential #874,537 River Road,Metropolis Central,Downtown Commercial District,MC-10124,40.7021933,-73.9768818,residential,moderate,"{""cctv_coverage"": ""standard"", ""night_patrol_sector"": ""SEC-10"", ""lighting_rating"": ""adequate""}",2021-01-01T00:00:00,2021-01-01T00:00:00
1ab9737f-763e-4a16-bde9-ec793fe28ea9,South Bay Logistics Hub Entertainment Venue #875,385 Pier 42 Access Rd,Metropolis Central,South Bay Logistics Hub,MC-10125,40.7917581,-74.0365988,entertainment_venue,moderate,"{""cctv_coverage"": ""standard"", ""night_patrol_sector"": ""SEC-11"", ""lighting_rating"": ""adequate""}",2021-01-01T00:00:00,2021-01-01T00:00:00
ef707d52-db9d-4a09-923a-7a7a6c275fc5,Eastside Arts Corridor Public Transit #876,151 Commerce Expressway,Metropolis Central,Eastside Arts Corridor,MC-10126,40.7879268,-73.9201923,public_transit,moderate,"{""cctv_coverage"": ""standard"", ""night_patrol_sector"": ""SEC-12"", ""lighting_rating"": ""adequate""}",2021-01-01T00:00:00,2021-01-01T00:00:00
49d218c1-efb4-4071-96fc-629a90f37a52,Harbor Point Terminal Public Transit #877,902 Beacon Street,Metropolis Central,Harbor Point Terminal,MC-10127,40.7440928,-73.8704134,public_transit,moderate,"{""cctv_coverage"": ""standard"", ""night_patrol_sector"": ""SEC-01"", ""lighting_rating"": ""adequate""}",2021-01-01T00:00:00,2021-01-01T00:00:00
6ef7184c-ef1d-4224-896b-c96a0e3fa19e,Midtown Financial Plaza Commercial #878,293 St. Marks Place,Metropolis Central,Midtown Financial Plaza,MC-10128,40.7545628,-73.9595179,commercial,moderate,"{""cctv_coverage"": ""standard"", ""night_patrol_sector"": ""SEC-02"", ""lighting_rating"": ""adequate""}",2021-01-01T00:00:00,2021-01-01T00:00:00
13334001-2983-44cd-a994-5f58375fcc8a,Northshore Heights Hideout #879,491 Sunset Parkway,Metropolis Central,Northshore Heights,MC-10129,40.8041903,-73.8900192,hideout,high,"{""cctv_coverage"": ""high"", ""night_patrol_sector"": ""SEC-03"", ""lighting_rating"": ""adequate""}",2021-01-01T00:00:00,2021-01-01T00:00:00
061dba0e-43c0-4c19-bbdb-097670ca4b0d,Northshore Heights Commercial #880,202 Grand Concourse,Metropolis Central,Northshore Heights,MC-10130,40.6960341,-73.8704108,commercial,low,"{""cctv_coverage"": ""standard"", ""night_patrol_sector"": ""SEC-04"", ""lighting_rating"": ""adequate""}",2021-01-01T00:00:00,2021-01-01T00:00:00
799e17cd-05cb-47b3-b51f-52313b2c206b,Northshore Heights Atm Bank #881,121 Pier 42 Access Rd,Metropolis Central,Northshore Heights,MC-10131,40.7024049,-74.0204092,atm_bank,low,"{""cctv_coverage"": ""standard"", ""night_patrol_sector"": ""SEC-05"", ""lighting_rating"": ""adequate""}",2021-01-01T00:00:00,2021-01-01T00:00:00
49e60efa-d90e-4d99-b4bc-e06bc528c19b,Eastside Arts Corridor Atm Bank #882,543 Lexington Ave,Metropolis Central,Eastside Arts Corridor,MC-10132,40.7633073,-73.9135193,atm_bank,high,"{""cctv_coverage"": ""high"", ""night_patrol_sector"": ""SEC-06"", ""lighting_rating"": ""adequate""}",2021-01-01T00:00:00,2021-01-01T00:00:00
0555c174-9af8-4df5-8aba-634e69b19dcb,Old Town Heritage Ward Hideout #883,365 Quarry Lane,Metropolis Central,Old Town Heritage Ward,MC-10133,40.8275418,-74.0457035,hideout,low,"{""cctv_coverage"": ""standard"", ""night_patrol_sector"": ""SEC-07"", ""lighting_rating"": ""adequate""}",2021-01-01T00:00:00,2021-01-01T00:00:00
6390e8c1-b11d-4d67-bfe4-e5cf66426410,Downtown Commercial District Port Marina #884,902 Atlantic Avenue,Metropolis Central,Downtown Commercial District,MC-10134,40.8089344,-73.9676617,port_marina,low,"{""cctv_coverage"": ""standard"", ""night_patrol_sector"": ""SEC-08"", ""lighting_rating"": ""adequate""}",2021-01-01T00:00:00,2021-01-01T00:00:00
94633c58-31fc-41f9-83d0-50405b05246f,South Bay Logistics Hub Hideout #885,507 Grand Concourse,Metropolis Central,South Bay Logistics Hub,MC-10135,40.7408165,-74.0236091,hideout,moderate,"{""cctv_coverage"": ""standard"", ""night_patrol_sector"": ""SEC-09"", ""lighting_rating"": ""adequate""}",2021-01-01T00:00:00,2021-01-01T00:00:00
ca4f7e02-1cc8-44e4-9c57-7e56cdde7761,Industrial Waterfront & Port Public Transit #886,818 Highland Boulevard,Metropolis Central,Industrial Waterfront & Port,MC-10136,40.7768486,-73.8558552,public_transit,moderate,"{""cctv_coverage"": ""standard"", ""night_patrol_sector"": ""SEC-10"", ""lighting_rating"": ""adequate""}",2021-01-01T00:00:00,2021-01-01T00:00:00
d1d6ded5-3179-41c4-9090-8dd1dba21342,Downtown Commercial District Atm Bank #887,161 River Road,Metropolis Central,Downtown Commercial District,MC-10137,40.7711853,-74.0167274,atm_bank,high,"{""cctv_coverage"": ""high"", ""night_patrol_sector"": ""SEC-11"", ""lighting_rating"": ""adequate""}",2021-01-01T00:00:00,2021-01-01T00:00:00
8e354bda-6482-4eec-8fc7-e072319deff7,Silver Lake Tech Park Industrial #888,302 Pier 42 Access Rd,Metropolis Central,Silver Lake Tech Park,MC-10138,40.8478663,-73.9114281,industrial,moderate,"{""cctv_coverage"": ""standard"", ""night_patrol_sector"": ""SEC-12"", ""lighting_rating"": ""adequate""}",2021-01-01T00:00:00,2021-01-01T00:00:00
20789e91-17a4-4931-a611-9a74eb686128,Industrial Waterfront & Port Commercial #889,175 Atlantic Avenue,Metropolis Central,Industrial Waterfront & Port,MC-10139,40.6882303,-73.9866748,commercial,low,"{""cctv_coverage"": ""standard"", ""night_patrol_sector"": ""SEC-01"", ""lighting_rating"": ""adequate""}",2021-01-01T00:00:00,2021-01-01T00:00:00
0dc25879-aecd-4cd9-8146-2bf23f84c1a1,West End Suburbs Public Transit #890,388 Pier 42 Access Rd,Metropolis Central,West End Suburbs,MC-10140,40.7924974,-74.0430622,public_transit,low,"{""cctv_coverage"": ""standard"", ""night_patrol_sector"": ""SEC-02"", ""lighting_rating"": ""adequate""}",2021-01-01T00:00:00,2021-01-01T00:00:00
332b9ac6-2fe6-4cbe-acb7-436491ade11f,South Bay Logistics Hub Hideout #891,161 River Road,Metropolis Central,South Bay Logistics Hub,MC-10141,40.7879733,-74.0174805,hideout,low,"{""cctv_coverage"": ""standard"", ""night_patrol_sector"": ""SEC-03"", ""lighting_rating"": ""adequate""}",2021-01-01T00:00:00,2021-01-01T00:00:00
e631c186-c415-45d6-a005-9813be7efafc,Downtown Commercial District Industrial #892,424 Canal Promenade,Metropolis Central,Downtown Commercial District,MC-10142,40.8695578,-73.8644377,industrial,low,"{""cctv_coverage"": ""standard"", ""night_patrol_sector"": ""SEC-04"", ""lighting_rating"": ""adequate""}",2021-01-01T00:00:00,2021-01-01T00:00:00
f859fee3-75ba-46ab-bbc6-9026535b0836,Silver Lake Tech Park Entertainment Venue #893,529 Commerce Expressway,Metropolis Central,Silver Lake Tech Park,MC-10143,40.8210903,-73.9552179,entertainment_venue,low,"{""cctv_coverage"": ""standard"", ""night_patrol_sector"": ""SEC-05"", ""lighting_rating"": ""adequate""}",2021-01-01T00:00:00,2021-01-01T00:00:00
c065a651-1b4b-4891-9e04-1df026f867b3,Harbor Point Terminal Government Facility #894,692 Harbor View Drive,Metropolis Central,Harbor Point Terminal,MC-10144,40.8257088,-73.8655416,government_facility,low,"{""cctv_coverage"": ""standard"", ""night_patrol_sector"": ""SEC-06"", ""lighting_rating"": ""adequate""}",2021-01-01T00:00:00,2021-01-01T00:00:00
d5f1950c-43e5-4d97-8bb7-d3b9815cb4ee,Northshore Heights Residential #895,759 Canal Promenade,Metropolis Central,Northshore Heights,MC-10145,40.7078847,-73.939808,residential,low,"{""cctv_coverage"": ""standard"", ""night_patrol_sector"": ""SEC-07"", ""lighting_rating"": ""adequate""}",2021-01-01T00:00:00,2021-01-01T00:00:00
249b0808-7794-4b9e-81e3-cd7802e0c8e0,Midtown Financial Plaza Hideout #896,642 Atlantic Avenue,Metropolis Central,Midtown Financial Plaza,MC-10146,40.7514787,-73.9847267,hideout,moderate,"{""cctv_coverage"": ""standard"", ""night_patrol_sector"": ""SEC-08"", ""lighting_rating"": ""adequate""}",2021-01-01T00:00:00,2021-01-01T00:00:00
7df324b3-16db-43c1-9107-71f118118e43,Eastside Arts Corridor Atm Bank #897,607 Atlantic Avenue,Metropolis Central,Eastside Arts Corridor,MC-10147,40.7191431,-74.0332821,atm_bank,high,"{""cctv_coverage"": ""high"", ""night_patrol_sector"": ""SEC-09"", ""lighting_rating"": ""adequate""}",2021-01-01T00:00:00,2021-01-01T00:00:00
9d3414dc-67b8-45bf-9c0e-f3f1b071b6aa,Northshore Heights Public Transit #898,534 Foundry Street,Metropolis Central,Northshore Heights,MC-10148,40.7780931,-73.9293656,public_transit,moderate,"{""cctv_coverage"": ""standard"", ""night_patrol_sector"": ""SEC-10"", ""lighting_rating"": ""adequate""}",2021-01-01T00:00:00,2021-01-01T00:00:00
1aa06562-3408-48b1-bc4e-c4bd804248a9,Downtown Commercial District Warehouse #899,940 River Road,Metropolis Central,Downtown Commercial District,MC-10149,40.7095892,-73.8792392,warehouse,low,"{""cctv_coverage"": ""standard"", ""night_patrol_sector"": ""SEC-11"", ""lighting_rating"": ""adequate""}",2021-01-01T00:00:00,2021-01-01T00:00:00
a6790319-f855-4fda-9ffe-f6a1a3a9860c,South Bay Logistics Hub Street Corner #900,22 Sunset Parkway,Metropolis Central,South Bay Logistics Hub,MC-10150,40.750271,-73.8544953,street_corner,high,"{""cctv_coverage"": ""high"", ""night_patrol_sector"": ""SEC-12"", ""lighting_rating"": ""adequate""}",2021-01-01T00:00:00,2021-01-01T00:00:00
a28e40f6-4d40-4798-9fe2-c5754ef49515,Northshore Heights Warehouse #901,230 Grand Concourse,Metropolis Central,Northshore Heights,MC-10151,40.8407371,-73.9922732,warehouse,high,"{""cctv_coverage"": ""high"", ""night_patrol_sector"": ""SEC-01"", ""lighting_rating"": ""adequate""}",2021-01-01T00:00:00,2021-01-01T00:00:00
b6c35895-1cc9-4c3b-a98c-e5213bd68bd5,Midtown Financial Plaza Industrial #902,756 Quarry Lane,Metropolis Central,Midtown Financial Plaza,MC-10152,40.8471023,-73.9304129,industrial,low,"{""cctv_coverage"": ""standard"", ""night_patrol_sector"": ""SEC-02"", ""lighting_rating"": ""adequate""}",2021-01-01T00:00:00,2021-01-01T00:00:00
5750de81-afca-4bdd-9aba-dcac1a17b2a4,West End Suburbs Commercial #903,496 Commerce Expressway,Metropolis Central,West End Suburbs,MC-10153,40.8666306,-73.9318642,commercial,low,"{""cctv_coverage"": ""standard"", ""night_patrol_sector"": ""SEC-03"", ""lighting_rating"": ""adequate""}",2021-01-01T00:00:00,2021-01-01T00:00:00
89aeaa0a-dd91-40c9-826c-dfd9518f93b1,Downtown Commercial District Warehouse #904,429 Highland Boulevard,Metropolis Central,Downtown Commercial District,MC-10154,40.7149786,-73.957576,warehouse,moderate,"{""cctv_coverage"": ""standard"", ""night_patrol_sector"": ""SEC-04"", ""lighting_rating"": ""adequate""}",2021-01-01T00:00:00,2021-01-01T00:00:00
f9019d4d-03e3-4039-94ff-716bc3bc9b29,Industrial Waterfront & Port Warehouse #905,214 Pier 42 Access Rd,Metropolis Central,Industrial Waterfront & Port,MC-10155,40.7378926,-73.9518829,warehouse,high,"{""cctv_coverage"": ""high"", ""night_patrol_sector"": ""SEC-05"", ""lighting_rating"": ""adequate""}",2021-01-01T00:00:00,2021-01-01T00:00:00
83639578-8518-4acd-bd5a-0ebbfb45947f,West End Suburbs Hideout #906,864 Sunset Parkway,Metropolis Central,West End Suburbs,MC-10156,40.7918562,-73.9573096,hideout,low,"{""cctv_coverage"": ""standard"", ""night_patrol_sector"": ""SEC-06"", ""lighting_rating"": ""adequate""}",2021-01-01T00:00:00,2021-01-01T00:00:00
509d1513-b90c-4e7c-ab46-704213ed7cff,Downtown Commercial District Atm Bank #907,167 Highland Boulevard,Metropolis Central,Downtown Commercial District,MC-10157,40.8712053,-73.8831514,atm_bank,low,"{""cctv_coverage"": ""standard"", ""night_patrol_sector"": ""SEC-07"", ""lighting_rating"": ""adequate""}",2021-01-01T00:00:00,2021-01-01T00:00:00
5e7671ab-1746-4ba0-b65e-2fdbb4e580c1,West End Suburbs Hideout #908,437 Pier 42 Access Rd,Metropolis Central,West End Suburbs,MC-10158,40.8613586,-73.9210428,hideout,low,"{""cctv_coverage"": ""standard"", ""night_patrol_sector"": ""SEC-08"", ""lighting_rating"": ""adequate""}",2021-01-01T00:00:00,2021-01-01T00:00:00
4b2ef95e-5520-45f4-8b7a-28ba19215eda,West End Suburbs Government Facility #909,514 Vanderbilt Way,Metropolis Central,West End Suburbs,MC-10159,40.8291131,-73.9337868,government_facility,moderate,"{""cctv_coverage"": ""standard"", ""night_patrol_sector"": ""SEC-09"", ""lighting_rating"": ""adequate""}",2021-01-01T00:00:00,2021-01-01T00:00:00
c8b97fd7-dec9-42d5-84e8-ecfc82018f09,West End Suburbs Commercial #910,653 Canal Promenade,Metropolis Central,West End Suburbs,MC-10160,40.7546404,-73.9034085,commercial,low,"{""cctv_coverage"": ""standard"", ""night_patrol_sector"": ""SEC-10"", ""lighting_rating"": ""adequate""}",2021-01-01T00:00:00,2021-01-01T00:00:00
ea07d67c-25fa-4db3-ae05-e5cb4c2d3102,West End Suburbs Industrial #911,176 St. Marks Place,Metropolis Central,West End Suburbs,MC-10161,40.7439362,-73.8743365,industrial,low,"{""cctv_coverage"": ""standard"", ""night_patrol_sector"": ""SEC-11"", ""lighting_rating"": ""adequate""}",2021-01-01T00:00:00,2021-01-01T00:00:00
3044cebd-f813-4b71-b3ea-c422450197e8,Industrial Waterfront & Port Street Corner #912,64 Highland Boulevard,Metropolis Central,Industrial Waterfront & Port,MC-10162,40.7639028,-73.8675791,street_corner,low,"{""cctv_coverage"": ""standard"", ""night_patrol_sector"": ""SEC-12"", ""lighting_rating"": ""adequate""}",2021-01-01T00:00:00,2021-01-01T00:00:00
680ef9aa-bd79-42be-a2f5-2cf380c10449,West End Suburbs Port Marina #913,308 Vanderbilt Way,Metropolis Central,West End Suburbs,MC-10163,40.718763,-73.924394,port_marina,moderate,"{""cctv_coverage"": ""standard"", ""night_patrol_sector"": ""SEC-01"", ""lighting_rating"": ""adequate""}",2021-01-01T00:00:00,2021-01-01T00:00:00
957d8782-95ba-411c-ba49-e859cd5c7d3a,Harbor Point Terminal Port Marina #914,780 Pier 42 Access Rd,Metropolis Central,Harbor Point Terminal,MC-10164,40.7445214,-73.9867579,port_marina,high,"{""cctv_coverage"": ""high"", ""night_patrol_sector"": ""SEC-02"", ""lighting_rating"": ""adequate""}",2021-01-01T00:00:00,2021-01-01T00:00:00
4c4196a5-e914-4c74-914b-7a2e097077ca,West End Suburbs Commercial #915,287 River Road,Metropolis Central,West End Suburbs,MC-10165,40.7868841,-73.9796741,commercial,low,"{""cctv_coverage"": ""standard"", ""night_patrol_sector"": ""SEC-03"", ""lighting_rating"": ""adequate""}",2021-01-01T00:00:00,2021-01-01T00:00:00
64c4cbac-c680-4e3d-9efd-245f1e54d71a,Industrial Waterfront & Port Street Corner #916,540 Sunset Parkway,Metropolis Central,Industrial Waterfront & Port,MC-10166,40.8357616,-73.9676011,street_corner,high,"{""cctv_coverage"": ""high"", ""night_patrol_sector"": ""SEC-04"", ""lighting_rating"": ""adequate""}",2021-01-01T00:00:00,2021-01-01T00:00:00
49b6ae2b-a893-4cb7-ab26-d71c08906bbf,Industrial Waterfront & Port Industrial #917,114 Beacon Street,Metropolis Central,Industrial Waterfront & Port,MC-10167,40.7806766,-73.8836853,industrial,moderate,"{""cctv_coverage"": ""standard"", ""night_patrol_sector"": ""SEC-05"", ""lighting_rating"": ""adequate""}",2021-01-01T00:00:00,2021-01-01T00:00:00
e8178fbe-bea8-4c31-9900-8fd08eb38eb0,Silver Lake Tech Park Warehouse #918,638 Industrial Boulevard,Metropolis Central,Silver Lake Tech Park,MC-10168,40.7720983,-74.0347199,warehouse,high,"{""cctv_coverage"": ""high"", ""night_patrol_sector"": ""SEC-06"", ""lighting_rating"": ""adequate""}",2021-01-01T00:00:00,2021-01-01T00:00:00
d48e5208-667f-495d-a4bb-e67699107c95,Downtown Commercial District Atm Bank #919,501 River Road,Metropolis Central,Downtown Commercial District,MC-10169,40.8182101,-74.0221972,atm_bank,low,"{""cctv_coverage"": ""standard"", ""night_patrol_sector"": ""SEC-07"", ""lighting_rating"": ""adequate""}",2021-01-01T00:00:00,2021-01-01T00:00:00
c698fea0-07ab-42cf-a7e5-b25784453653,Harbor Point Terminal Industrial #920,545 Commerce Expressway,Metropolis Central,Harbor Point Terminal,MC-10170,40.821979,-74.0442481,industrial,high,"{""cctv_coverage"": ""high"", ""night_patrol_sector"": ""SEC-08"", ""lighting_rating"": ""adequate""}",2021-01-01T00:00:00,2021-01-01T00:00:00
a2ad5f76-7580-46cd-a2f4-b624ba29253c,Eastside Arts Corridor Public Transit #921,141 Harbor View Drive,Metropolis Central,Eastside Arts Corridor,MC-10171,40.7414857,-74.0080318,public_transit,extreme,"{""cctv_coverage"": ""high"", ""night_patrol_sector"": ""SEC-09"", ""lighting_rating"": ""poor""}",2021-01-01T00:00:00,2021-01-01T00:00:00
7b8ce4fb-b2f2-4cbe-baa9-e59d63df77f1,Midtown Financial Plaza Commercial #922,717 Industrial Boulevard,Metropolis Central,Midtown Financial Plaza,MC-10172,40.6837613,-73.953149,commercial,low,"{""cctv_coverage"": ""standard"", ""night_patrol_sector"": ""SEC-10"", ""lighting_rating"": ""adequate""}",2021-01-01T00:00:00,2021-01-01T00:00:00
06336909-b1e6-416c-9e22-aad400ae382a,Eastside Arts Corridor Entertainment Venue #923,120 St. Marks Place,Metropolis Central,Eastside Arts Corridor,MC-10173,40.7826958,-74.038147,entertainment_venue,low,"{""cctv_coverage"": ""standard"", ""night_patrol_sector"": ""SEC-11"", ""lighting_rating"": ""adequate""}",2021-01-01T00:00:00,2021-01-01T00:00:00
92b69ca3-e2ee-4b58-bac9-47add2db7647,West End Suburbs Atm Bank #924,54 Vanderbilt Way,Metropolis Central,West End Suburbs,MC-10174,40.8135173,-73.8990899,atm_bank,moderate,"{""cctv_coverage"": ""standard"", ""night_patrol_sector"": ""SEC-12"", ""lighting_rating"": ""adequate""}",2021-01-01T00:00:00,2021-01-01T00:00:00
a6514f27-26fc-40f6-8691-9279b92a87de,Harbor Point Terminal Industrial #925,220 Beacon Street,Metropolis Central,Harbor Point Terminal,MC-10175,40.8141201,-74.0441482,industrial,low,"{""cctv_coverage"": ""standard"", ""night_patrol_sector"": ""SEC-01"", ""lighting_rating"": ""adequate""}",2021-01-01T00:00:00,2021-01-01T00:00:00
b6fdca94-8c29-4d71-847e-3737ad48806f,West End Suburbs Street Corner #926,981 River Road,Metropolis Central,West End Suburbs,MC-10176,40.7121115,-73.9498731,street_corner,moderate,"{""cctv_coverage"": ""standard"", ""night_patrol_sector"": ""SEC-02"", ""lighting_rating"": ""adequate""}",2021-01-01T00:00:00,2021-01-01T00:00:00
34e04b53-18a7-4097-bb50-ffaba0362071,Eastside Arts Corridor Commercial #927,527 Vanderbilt Way,Metropolis Central,Eastside Arts Corridor,MC-10177,40.8439173,-73.8973512,commercial,moderate,"{""cctv_coverage"": ""standard"", ""night_patrol_sector"": ""SEC-03"", ""lighting_rating"": ""adequate""}",2021-01-01T00:00:00,2021-01-01T00:00:00
aa6d0be3-821d-4940-9cc9-4aaeba2ef2f6,Eastside Arts Corridor Industrial #928,997 Sunset Parkway,Metropolis Central,Eastside Arts Corridor,MC-10178,40.8603321,-73.9425747,industrial,extreme,"{""cctv_coverage"": ""high"", ""night_patrol_sector"": ""SEC-04"", ""lighting_rating"": ""poor""}",2021-01-01T00:00:00,2021-01-01T00:00:00
c181273b-55aa-4343-b50b-a7bd74035cc8,Northshore Heights Port Marina #929,956 Beacon Street,Metropolis Central,Northshore Heights,MC-10179,40.8502594,-73.9550569,port_marina,moderate,"{""cctv_coverage"": ""standard"", ""night_patrol_sector"": ""SEC-05"", ""lighting_rating"": ""adequate""}",2021-01-01T00:00:00,2021-01-01T00:00:00
418dba19-d6ae-4742-8c1a-da8f7812a1b3,Industrial Waterfront & Port Industrial #930,460 Industrial Boulevard,Metropolis Central,Industrial Waterfront & Port,MC-10180,40.8469484,-73.8537398,industrial,low,"{""cctv_coverage"": ""standard"", ""night_patrol_sector"": ""SEC-06"", ""lighting_rating"": ""adequate""}",2021-01-01T00:00:00,2021-01-01T00:00:00
57a3f0fd-9f1f-4571-8d96-c976454951b5,Silver Lake Tech Park Commercial #931,243 Quarry Lane,Metropolis Central,Silver Lake Tech Park,MC-10181,40.8322819,-73.9871439,commercial,low,"{""cctv_coverage"": ""standard"", ""night_patrol_sector"": ""SEC-07"", ""lighting_rating"": ""adequate""}",2021-01-01T00:00:00,2021-01-01T00:00:00
75ad1601-2d25-4dda-b558-98e4ff3e6b52,Silver Lake Tech Park Street Corner #932,149 Canal Promenade,Metropolis Central,Silver Lake Tech Park,MC-10182,40.8209462,-73.9385736,street_corner,low,"{""cctv_coverage"": ""standard"", ""night_patrol_sector"": ""SEC-08"", ""lighting_rating"": ""adequate""}",2021-01-01T00:00:00,2021-01-01T00:00:00
65c5594d-4437-4875-89e0-3006fc376430,South Bay Logistics Hub Warehouse #933,515 Industrial Boulevard,Metropolis Central,South Bay Logistics Hub,MC-10183,40.7367223,-73.9299221,warehouse,low,"{""cctv_coverage"": ""standard"", ""night_patrol_sector"": ""SEC-09"", ""lighting_rating"": ""adequate""}",2021-01-01T00:00:00,2021-01-01T00:00:00
00abab58-d805-43d7-844e-f0b209d49f1e,Old Town Heritage Ward Atm Bank #934,241 Quarry Lane,Metropolis Central,Old Town Heritage Ward,MC-10184,40.8769925,-73.9644077,atm_bank,high,"{""cctv_coverage"": ""high"", ""night_patrol_sector"": ""SEC-10"", ""lighting_rating"": ""adequate""}",2021-01-01T00:00:00,2021-01-01T00:00:00
b95529df-5ef2-452e-83db-0f1671c71b88,Old Town Heritage Ward Industrial #935,971 River Road,Metropolis Central,Old Town Heritage Ward,MC-10185,40.6825572,-73.9151682,industrial,moderate,"{""cctv_coverage"": ""standard"", ""night_patrol_sector"": ""SEC-11"", ""lighting_rating"": ""adequate""}",2021-01-01T00:00:00,2021-01-01T00:00:00
2c132c97-a1da-4f12-8a6e-4a67eba2be2a,Midtown Financial Plaza Commercial #936,458 Vanderbilt Way,Metropolis Central,Midtown Financial Plaza,MC-10186,40.7086735,-73.9698751,commercial,moderate,"{""cctv_coverage"": ""standard"", ""night_patrol_sector"": ""SEC-12"", ""lighting_rating"": ""adequate""}",2021-01-01T00:00:00,2021-01-01T00:00:00
b201b6d5-631c-455a-a395-730d9e5d2bf9,Northshore Heights Commercial #937,769 Pier 42 Access Rd,Metropolis Central,Northshore Heights,MC-10187,40.752742,-74.0101827,commercial,low,"{""cctv_coverage"": ""standard"", ""night_patrol_sector"": ""SEC-01"", ""lighting_rating"": ""adequate""}",2021-01-01T00:00:00,2021-01-01T00:00:00
522cccb8-820e-418f-9728-8f3d51ff37e7,Midtown Financial Plaza Warehouse #938,135 Atlantic Avenue,Metropolis Central,Midtown Financial Plaza,MC-10188,40.8250401,-73.9942963,warehouse,moderate,"{""cctv_coverage"": ""standard"", ""night_patrol_sector"": ""SEC-02"", ""lighting_rating"": ""adequate""}",2021-01-01T00:00:00,2021-01-01T00:00:00
8a10a220-cb41-4ccb-9b8c-36478c0d2288,Harbor Point Terminal Entertainment Venue #939,617 Highland Boulevard,Metropolis Central,Harbor Point Terminal,MC-10189,40.868645,-73.9787805,entertainment_venue,moderate,"{""cctv_coverage"": ""standard"", ""night_patrol_sector"": ""SEC-03"", ""lighting_rating"": ""adequate""}",2021-01-01T00:00:00,2021-01-01T00:00:00
3a131d15-de6f-4400-8015-0af8730485cf,Midtown Financial Plaza Industrial #940,506 Highland Boulevard,Metropolis Central,Midtown Financial Plaza,MC-10190,40.8335999,-74.0283927,industrial,low,"{""cctv_coverage"": ""standard"", ""night_patrol_sector"": ""SEC-04"", ""lighting_rating"": ""adequate""}",2021-01-01T00:00:00,2021-01-01T00:00:00
d584709d-658a-4df6-9e71-2156620bf3ec,Old Town Heritage Ward Residential #941,246 Harbor View Drive,Metropolis Central,Old Town Heritage Ward,MC-10191,40.6999207,-74.0394295,residential,low,"{""cctv_coverage"": ""standard"", ""night_patrol_sector"": ""SEC-05"", ""lighting_rating"": ""adequate""}",2021-01-01T00:00:00,2021-01-01T00:00:00
1e04fe13-6bae-4e52-a671-6ed27a16e49a,Downtown Commercial District Government Facility #942,193 Foundry Street,Metropolis Central,Downtown Commercial District,MC-10192,40.8158409,-74.0194527,government_facility,moderate,"{""cctv_coverage"": ""standard"", ""night_patrol_sector"": ""SEC-06"", ""lighting_rating"": ""adequate""}",2021-01-01T00:00:00,2021-01-01T00:00:00
113369ef-72b5-4721-923e-6781c02c538a,Northshore Heights Entertainment Venue #943,788 Vanderbilt Way,Metropolis Central,Northshore Heights,MC-10193,40.8303219,-73.8964856,entertainment_venue,moderate,"{""cctv_coverage"": ""standard"", ""night_patrol_sector"": ""SEC-07"", ""lighting_rating"": ""adequate""}",2021-01-01T00:00:00,2021-01-01T00:00:00
c520e1ce-2fe6-4590-92ea-14692fb3904b,Eastside Arts Corridor Hideout #944,310 Canal Promenade,Metropolis Central,Eastside Arts Corridor,MC-10194,40.780959,-73.9415124,hideout,high,"{""cctv_coverage"": ""high"", ""night_patrol_sector"": ""SEC-08"", ""lighting_rating"": ""adequate""}",2021-01-01T00:00:00,2021-01-01T00:00:00
8b82fe77-b251-4d8a-bbc2-aa06262a4a12,Silver Lake Tech Park Residential #945,569 Lexington Ave,Metropolis Central,Silver Lake Tech Park,MC-10195,40.8781423,-73.8739749,residential,low,"{""cctv_coverage"": ""standard"", ""night_patrol_sector"": ""SEC-09"", ""lighting_rating"": ""adequate""}",2021-01-01T00:00:00,2021-01-01T00:00:00
59f6a64f-3076-4ffe-952e-497111a33fbe,Old Town Heritage Ward Hideout #946,332 Foundry Street,Metropolis Central,Old Town Heritage Ward,MC-10196,40.7719312,-74.043428,hideout,moderate,"{""cctv_coverage"": ""standard"", ""night_patrol_sector"": ""SEC-10"", ""lighting_rating"": ""adequate""}",2021-01-01T00:00:00,2021-01-01T00:00:00
0bfa9ab2-cc31-4d67-9169-a92e5138b798,West End Suburbs Hideout #947,915 Pier 42 Access Rd,Metropolis Central,West End Suburbs,MC-10197,40.7661362,-73.9875081,hideout,low,"{""cctv_coverage"": ""standard"", ""night_patrol_sector"": ""SEC-11"", ""lighting_rating"": ""adequate""}",2021-01-01T00:00:00,2021-01-01T00:00:00
dcfd1808-8f0e-401d-84cd-f1632a1ca603,Northshore Heights Entertainment Venue #948,592 Canal Promenade,Metropolis Central,Northshore Heights,MC-10198,40.7907568,-73.9421215,entertainment_venue,low,"{""cctv_coverage"": ""standard"", ""night_patrol_sector"": ""SEC-12"", ""lighting_rating"": ""adequate""}",2021-01-01T00:00:00,2021-01-01T00:00:00
55aa66a8-cea3-4e1e-9661-042144c6dacb,Silver Lake Tech Park Port Marina #949,884 Pier 42 Access Rd,Metropolis Central,Silver Lake Tech Park,MC-10199,40.6911474,-73.9973218,port_marina,moderate,"{""cctv_coverage"": ""standard"", ""night_patrol_sector"": ""SEC-01"", ""lighting_rating"": ""adequate""}",2021-01-01T00:00:00,2021-01-01T00:00:00
2a4cc35b-d8c7-44ca-b619-ba164827a3d4,Midtown Financial Plaza Atm Bank #950,641 River Road,Metropolis Central,Midtown Financial Plaza,MC-10200,40.7440966,-74.0443706,atm_bank,low,"{""cctv_coverage"": ""standard"", ""night_patrol_sector"": ""SEC-02"", ""lighting_rating"": ""adequate""}",2021-01-01T00:00:00,2021-01-01T00:00:00
60226ece-1f90-4762-9a6b-73371fc45577,South Bay Logistics Hub Entertainment Venue #951,367 Lexington Ave,Metropolis Central,South Bay Logistics Hub,MC-10201,40.7482513,-74.03053,entertainment_venue,low,"{""cctv_coverage"": ""standard"", ""night_patrol_sector"": ""SEC-03"", ""lighting_rating"": ""adequate""}",2021-01-01T00:00:00,2021-01-01T00:00:00
b3845d3e-0057-4bec-a2e5-79fb6eed9d98,South Bay Logistics Hub Residential #952,431 River Road,Metropolis Central,South Bay Logistics Hub,MC-10202,40.812248,-74.0004772,residential,moderate,"{""cctv_coverage"": ""standard"", ""night_patrol_sector"": ""SEC-04"", ""lighting_rating"": ""adequate""}",2021-01-01T00:00:00,2021-01-01T00:00:00
5cf22a57-0729-40e7-9352-b140554ee033,Harbor Point Terminal Atm Bank #953,96 Vanderbilt Way,Metropolis Central,Harbor Point Terminal,MC-10203,40.7028943,-74.0160442,atm_bank,moderate,"{""cctv_coverage"": ""standard"", ""night_patrol_sector"": ""SEC-05"", ""lighting_rating"": ""adequate""}",2021-01-01T00:00:00,2021-01-01T00:00:00
2d255b58-99cd-4c58-a9f6-e832ee10aded,Downtown Commercial District Government Facility #954,481 Quarry Lane,Metropolis Central,Downtown Commercial District,MC-10204,40.782952,-73.9657655,government_facility,low,"{""cctv_coverage"": ""standard"", ""night_patrol_sector"": ""SEC-06"", ""lighting_rating"": ""adequate""}",2021-01-01T00:00:00,2021-01-01T00:00:00
c99ccb4a-1df7-4076-b2d5-cdde433f1ca5,Old Town Heritage Ward Street Corner #955,612 Lexington Ave,Metropolis Central,Old Town Heritage Ward,MC-10205,40.7555475,-73.9719398,street_corner,moderate,"{""cctv_coverage"": ""standard"", ""night_patrol_sector"": ""SEC-07"", ""lighting_rating"": ""adequate""}",2021-01-01T00:00:00,2021-01-01T00:00:00
042c9b17-ef47-4517-88c4-c52a672328e6,Old Town Heritage Ward Street Corner #956,112 Beacon Street,Metropolis Central,Old Town Heritage Ward,MC-10206,40.7793463,-73.8877086,street_corner,moderate,"{""cctv_coverage"": ""standard"", ""night_patrol_sector"": ""SEC-08"", ""lighting_rating"": ""adequate""}",2021-01-01T00:00:00,2021-01-01T00:00:00
aa69e2bb-e3f3-4c83-bea1-e687a2bcad4e,Industrial Waterfront & Port Street Corner #957,639 Sunset Parkway,Metropolis Central,Industrial Waterfront & Port,MC-10207,40.8738856,-74.0096483,street_corner,moderate,"{""cctv_coverage"": ""standard"", ""night_patrol_sector"": ""SEC-09"", ""lighting_rating"": ""adequate""}",2021-01-01T00:00:00,2021-01-01T00:00:00
e2947bc9-b0da-4ce2-b0e4-55a247a41e3a,Northshore Heights Atm Bank #958,870 Beacon Street,Metropolis Central,Northshore Heights,MC-10208,40.733031,-73.9905359,atm_bank,moderate,"{""cctv_coverage"": ""standard"", ""night_patrol_sector"": ""SEC-10"", ""lighting_rating"": ""adequate""}",2021-01-01T00:00:00,2021-01-01T00:00:00
6f19caf5-3d26-4c17-b2e0-57859c3919a1,Eastside Arts Corridor Government Facility #959,649 Vanderbilt Way,Metropolis Central,Eastside Arts Corridor,MC-10209,40.6989467,-73.9826324,government_facility,low,"{""cctv_coverage"": ""standard"", ""night_patrol_sector"": ""SEC-11"", ""lighting_rating"": ""adequate""}",2021-01-01T00:00:00,2021-01-01T00:00:00
90091fc5-2b1f-4559-9f51-93b72eb39d45,Silver Lake Tech Park Public Transit #960,496 Quarry Lane,Metropolis Central,Silver Lake Tech Park,MC-10210,40.7494633,-74.0346677,public_transit,high,"{""cctv_coverage"": ""high"", ""night_patrol_sector"": ""SEC-12"", ""lighting_rating"": ""adequate""}",2021-01-01T00:00:00,2021-01-01T00:00:00
151f2e06-86a3-47e8-9ac8-dbac509da816,Silver Lake Tech Park Warehouse #961,833 Sunset Parkway,Metropolis Central,Silver Lake Tech Park,MC-10211,40.8126913,-73.9873294,warehouse,low,"{""cctv_coverage"": ""standard"", ""night_patrol_sector"": ""SEC-01"", ""lighting_rating"": ""adequate""}",2021-01-01T00:00:00,2021-01-01T00:00:00
b3b63308-c156-4dd4-8087-06f3c200697e,West End Suburbs Entertainment Venue #962,649 Grand Concourse,Metropolis Central,West End Suburbs,MC-10212,40.8326884,-74.0138798,entertainment_venue,low,"{""cctv_coverage"": ""standard"", ""night_patrol_sector"": ""SEC-02"", ""lighting_rating"": ""adequate""}",2021-01-01T00:00:00,2021-01-01T00:00:00
54e958b5-fd10-4417-ab6c-c4027b8528bc,Silver Lake Tech Park Government Facility #963,893 Pier 42 Access Rd,Metropolis Central,Silver Lake Tech Park,MC-10213,40.7798407,-73.9178388,government_facility,high,"{""cctv_coverage"": ""high"", ""night_patrol_sector"": ""SEC-03"", ""lighting_rating"": ""adequate""}",2021-01-01T00:00:00,2021-01-01T00:00:00
e0263134-1319-4d26-893d-d8d065ab77ce,Old Town Heritage Ward Government Facility #964,284 Quarry Lane,Metropolis Central,Old Town Heritage Ward,MC-10214,40.825323,-74.0380237,government_facility,low,"{""cctv_coverage"": ""standard"", ""night_patrol_sector"": ""SEC-04"", ""lighting_rating"": ""adequate""}",2021-01-01T00:00:00,2021-01-01T00:00:00
f1320f83-0282-41f3-91a3-24561ba97e2c,Old Town Heritage Ward Industrial #965,161 Atlantic Avenue,Metropolis Central,Old Town Heritage Ward,MC-10215,40.8292867,-73.896894,industrial,high,"{""cctv_coverage"": ""high"", ""night_patrol_sector"": ""SEC-05"", ""lighting_rating"": ""adequate""}",2021-01-01T00:00:00,2021-01-01T00:00:00
a9655962-692b-4f2d-a30a-9b9230e05ce6,Midtown Financial Plaza Entertainment Venue #966,336 Vanderbilt Way,Metropolis Central,Midtown Financial Plaza,MC-10216,40.7207116,-73.9675123,entertainment_venue,high,"{""cctv_coverage"": ""high"", ""night_patrol_sector"": ""SEC-06"", ""lighting_rating"": ""adequate""}",2021-01-01T00:00:00,2021-01-01T00:00:00
6251e838-7d5d-422a-b07f-c2cd032b9c3b,Industrial Waterfront & Port Warehouse #967,272 Atlantic Avenue,Metropolis Central,Industrial Waterfront & Port,MC-10217,40.7276967,-74.0200076,warehouse,low,"{""cctv_coverage"": ""standard"", ""night_patrol_sector"": ""SEC-07"", ""lighting_rating"": ""adequate""}",2021-01-01T00:00:00,2021-01-01T00:00:00
58eb9893-f8e2-4f44-9dcc-0b625503eee0,West End Suburbs Port Marina #968,485 Canal Promenade,Metropolis Central,West End Suburbs,MC-10218,40.8782586,-73.9655962,port_marina,high,"{""cctv_coverage"": ""high"", ""night_patrol_sector"": ""SEC-08"", ""lighting_rating"": ""adequate""}",2021-01-01T00:00:00,2021-01-01T00:00:00
70b3c7db-abd3-4adf-b661-9c4d01a40baf,Eastside Arts Corridor Industrial #969,173 Highland Boulevard,Metropolis Central,Eastside Arts Corridor,MC-10219,40.6858284,-73.892066,industrial,low,"{""cctv_coverage"": ""standard"", ""night_patrol_sector"": ""SEC-09"", ""lighting_rating"": ""adequate""}",2021-01-01T00:00:00,2021-01-01T00:00:00
4ba0a4e6-dbca-4059-94a1-f983c5d0f8b4,Silver Lake Tech Park Hideout #970,190 St. Marks Place,Metropolis Central,Silver Lake Tech Park,MC-10220,40.8364467,-74.0389345,hideout,high,"{""cctv_coverage"": ""high"", ""night_patrol_sector"": ""SEC-10"", ""lighting_rating"": ""adequate""}",2021-01-01T00:00:00,2021-01-01T00:00:00
b4db1d26-42ac-4124-9bbe-a147e299a547,South Bay Logistics Hub Commercial #971,626 Sunset Parkway,Metropolis Central,South Bay Logistics Hub,MC-10221,40.860115,-73.9685986,commercial,low,"{""cctv_coverage"": ""standard"", ""night_patrol_sector"": ""SEC-11"", ""lighting_rating"": ""adequate""}",2021-01-01T00:00:00,2021-01-01T00:00:00
d32539ef-34e3-4bd2-9fc3-55a94b7a7444,Northshore Heights Public Transit #972,416 Harbor View Drive,Metropolis Central,Northshore Heights,MC-10222,40.7023865,-73.9031039,public_transit,high,"{""cctv_coverage"": ""high"", ""night_patrol_sector"": ""SEC-12"", ""lighting_rating"": ""adequate""}",2021-01-01T00:00:00,2021-01-01T00:00:00
8eb5b23a-7b4e-444e-b8a8-831bfaa3fc8c,Silver Lake Tech Park Hideout #973,690 Highland Boulevard,Metropolis Central,Silver Lake Tech Park,MC-10223,40.856913,-74.0023846,hideout,low,"{""cctv_coverage"": ""standard"", ""night_patrol_sector"": ""SEC-01"", ""lighting_rating"": ""adequate""}",2021-01-01T00:00:00,2021-01-01T00:00:00
c70a2e15-5899-4094-9193-d9f8e3471ed4,South Bay Logistics Hub Public Transit #974,347 Foundry Street,Metropolis Central,South Bay Logistics Hub,MC-10224,40.8671,-74.0063983,public_transit,low,"{""cctv_coverage"": ""standard"", ""night_patrol_sector"": ""SEC-02"", ""lighting_rating"": ""adequate""}",2021-01-01T00:00:00,2021-01-01T00:00:00
a2f2b908-a9c1-4055-b8d2-632b70e9a8cd,Eastside Arts Corridor Warehouse #975,291 Grand Concourse,Metropolis Central,Eastside Arts Corridor,MC-10225,40.7308612,-73.9321038,warehouse,low,"{""cctv_coverage"": ""standard"", ""night_patrol_sector"": ""SEC-03"", ""lighting_rating"": ""adequate""}",2021-01-01T00:00:00,2021-01-01T00:00:00
1238273f-95e7-4a9f-a0fc-f8b6571ec5cb,South Bay Logistics Hub Street Corner #976,726 Industrial Boulevard,Metropolis Central,South Bay Logistics Hub,MC-10226,40.789149,-73.9550292,street_corner,low,"{""cctv_coverage"": ""standard"", ""night_patrol_sector"": ""SEC-04"", ""lighting_rating"": ""adequate""}",2021-01-01T00:00:00,2021-01-01T00:00:00
dc123cb3-1177-47bd-aae9-92f21b718cc4,West End Suburbs Street Corner #977,910 Harbor View Drive,Metropolis Central,West End Suburbs,MC-10227,40.7750444,-73.9764521,street_corner,low,"{""cctv_coverage"": ""standard"", ""night_patrol_sector"": ""SEC-05"", ""lighting_rating"": ""adequate""}",2021-01-01T00:00:00,2021-01-01T00:00:00
51b27d69-b49c-4161-852e-75c08b5e1d6b,Harbor Point Terminal Entertainment Venue #978,45 St. Marks Place,Metropolis Central,Harbor Point Terminal,MC-10228,40.7279352,-73.9394544,entertainment_venue,low,"{""cctv_coverage"": ""standard"", ""night_patrol_sector"": ""SEC-06"", ""lighting_rating"": ""adequate""}",2021-01-01T00:00:00,2021-01-01T00:00:00
3b163678-82a1-41a5-9720-73b0ca1c9bc7,South Bay Logistics Hub Port Marina #979,934 Industrial Boulevard,Metropolis Central,South Bay Logistics Hub,MC-10229,40.8533906,-73.8784706,port_marina,low,"{""cctv_coverage"": ""standard"", ""night_patrol_sector"": ""SEC-07"", ""lighting_rating"": ""adequate""}",2021-01-01T00:00:00,2021-01-01T00:00:00
e197424f-e095-4b32-b4e3-7d62121e9f7b,Midtown Financial Plaza Atm Bank #980,959 Highland Boulevard,Metropolis Central,Midtown Financial Plaza,MC-10230,40.6980501,-73.8854585,atm_bank,low,"{""cctv_coverage"": ""standard"", ""night_patrol_sector"": ""SEC-08"", ""lighting_rating"": ""adequate""}",2021-01-01T00:00:00,2021-01-01T00:00:00
ab2e5e39-0b8e-40fa-a105-ea75a12f3f0e,Eastside Arts Corridor Hideout #981,890 Pier 42 Access Rd,Metropolis Central,Eastside Arts Corridor,MC-10231,40.8062705,-73.8741066,hideout,moderate,"{""cctv_coverage"": ""standard"", ""night_patrol_sector"": ""SEC-09"", ""lighting_rating"": ""adequate""}",2021-01-01T00:00:00,2021-01-01T00:00:00
308ebefa-3922-4aef-965a-4012d1c5f580,Midtown Financial Plaza Atm Bank #982,818 St. Marks Place,Metropolis Central,Midtown Financial Plaza,MC-10232,40.8532889,-73.8853604,atm_bank,high,"{""cctv_coverage"": ""high"", ""night_patrol_sector"": ""SEC-10"", ""lighting_rating"": ""adequate""}",2021-01-01T00:00:00,2021-01-01T00:00:00
f096d768-0ad7-4733-a331-10783b6532ba,Old Town Heritage Ward Street Corner #983,764 Quarry Lane,Metropolis Central,Old Town Heritage Ward,MC-10233,40.8234772,-73.8746478,street_corner,high,"{""cctv_coverage"": ""high"", ""night_patrol_sector"": ""SEC-11"", ""lighting_rating"": ""adequate""}",2021-01-01T00:00:00,2021-01-01T00:00:00
46cfcece-72e9-4974-9b03-96e7caead3ce,Industrial Waterfront & Port Port Marina #984,725 Highland Boulevard,Metropolis Central,Industrial Waterfront & Port,MC-10234,40.6932734,-73.9658259,port_marina,moderate,"{""cctv_coverage"": ""standard"", ""night_patrol_sector"": ""SEC-12"", ""lighting_rating"": ""adequate""}",2021-01-01T00:00:00,2021-01-01T00:00:00
197a9ca0-7764-47aa-a666-7bb8616e83a7,Silver Lake Tech Park Hideout #985,765 Commerce Expressway,Metropolis Central,Silver Lake Tech Park,MC-10235,40.819042,-73.8976049,hideout,moderate,"{""cctv_coverage"": ""standard"", ""night_patrol_sector"": ""SEC-01"", ""lighting_rating"": ""adequate""}",2021-01-01T00:00:00,2021-01-01T00:00:00
a098e096-5bbb-414e-a510-5942d2511c98,Industrial Waterfront & Port Entertainment Venue #986,655 Grand Concourse,Metropolis Central,Industrial Waterfront & Port,MC-10236,40.7072184,-73.9698676,entertainment_venue,moderate,"{""cctv_coverage"": ""standard"", ""night_patrol_sector"": ""SEC-02"", ""lighting_rating"": ""adequate""}",2021-01-01T00:00:00,2021-01-01T00:00:00
6315ef5b-ea3e-436c-838b-f53cf8ff87ec,South Bay Logistics Hub Commercial #987,599 Vanderbilt Way,Metropolis Central,South Bay Logistics Hub,MC-10237,40.7115645,-73.9467268,commercial,extreme,"{""cctv_coverage"": ""high"", ""night_patrol_sector"": ""SEC-03"", ""lighting_rating"": ""poor""}",2021-01-01T00:00:00,2021-01-01T00:00:00
d8c6e149-82f7-4f4c-bd87-2c904bd46f53,Industrial Waterfront & Port Street Corner #988,877 Quarry Lane,Metropolis Central,Industrial Waterfront & Port,MC-10238,40.770298,-73.8752988,street_corner,low,"{""cctv_coverage"": ""standard"", ""night_patrol_sector"": ""SEC-04"", ""lighting_rating"": ""adequate""}",2021-01-01T00:00:00,2021-01-01T00:00:00
0a4a4c94-5f27-4ca2-9141-f2a7704da82e,Industrial Waterfront & Port Atm Bank #989,713 Commerce Expressway,Metropolis Central,Industrial Waterfront & Port,MC-10239,40.7197327,-73.9671007,atm_bank,low,"{""cctv_coverage"": ""standard"", ""night_patrol_sector"": ""SEC-05"", ""lighting_rating"": ""adequate""}",2021-01-01T00:00:00,2021-01-01T00:00:00
5f1a44fd-1b68-4f9d-a2c9-aa5b0807bcdb,Midtown Financial Plaza Residential #990,977 Atlantic Avenue,Metropolis Central,Midtown Financial Plaza,MC-10240,40.8696218,-73.8653775,residential,moderate,"{""cctv_coverage"": ""standard"", ""night_patrol_sector"": ""SEC-06"", ""lighting_rating"": ""adequate""}",2021-01-01T00:00:00,2021-01-01T00:00:00
6e978de2-44e3-452d-b9ca-44c4da25c460,Eastside Arts Corridor Hideout #991,938 Vanderbilt Way,Metropolis Central,Eastside Arts Corridor,MC-10241,40.7196532,-73.9097478,hideout,low,"{""cctv_coverage"": ""standard"", ""night_patrol_sector"": ""SEC-07"", ""lighting_rating"": ""adequate""}",2021-01-01T00:00:00,2021-01-01T00:00:00
827d658b-ab95-45ea-9862-a4470b18fa7d,Midtown Financial Plaza Government Facility #992,642 Quarry Lane,Metropolis Central,Midtown Financial Plaza,MC-10242,40.7320316,-74.0321877,government_facility,low,"{""cctv_coverage"": ""standard"", ""night_patrol_sector"": ""SEC-08"", ""lighting_rating"": ""adequate""}",2021-01-01T00:00:00,2021-01-01T00:00:00
8cafb1f6-1867-42c6-9fe6-9d6de39389bd,Harbor Point Terminal Port Marina #993,130 Lexington Ave,Metropolis Central,Harbor Point Terminal,MC-10243,40.7670317,-73.8660022,port_marina,low,"{""cctv_coverage"": ""standard"", ""night_patrol_sector"": ""SEC-09"", ""lighting_rating"": ""adequate""}",2021-01-01T00:00:00,2021-01-01T00:00:00
50ef4123-b306-4da8-8fd2-c0ecce82350d,Old Town Heritage Ward Public Transit #994,131 Atlantic Avenue,Metropolis Central,Old Town Heritage Ward,MC-10244,40.7181088,-73.8776127,public_transit,moderate,"{""cctv_coverage"": ""standard"", ""night_patrol_sector"": ""SEC-10"", ""lighting_rating"": ""adequate""}",2021-01-01T00:00:00,2021-01-01T00:00:00
d4e72dee-32e8-46e4-a277-bb09616bc3c5,West End Suburbs Warehouse #995,774 Canal Promenade,Metropolis Central,West End Suburbs,MC-10245,40.7060399,-73.8787325,warehouse,moderate,"{""cctv_coverage"": ""standard"", ""night_patrol_sector"": ""SEC-11"", ""lighting_rating"": ""adequate""}",2021-01-01T00:00:00,2021-01-01T00:00:00
a6282fd3-7790-424f-a25d-325016d58e94,West End Suburbs Warehouse #996,754 Beacon Street,Metropolis Central,West End Suburbs,MC-10246,40.716074,-73.8915073,warehouse,low,"{""cctv_coverage"": ""standard"", ""night_patrol_sector"": ""SEC-12"", ""lighting_rating"": ""adequate""}",2021-01-01T00:00:00,2021-01-01T00:00:00
fd4df086-4911-4c69-be4a-344144945249,West End Suburbs Public Transit #997,251 Grand Concourse,Metropolis Central,West End Suburbs,MC-10247,40.7539275,-73.9131466,public_transit,low,"{""cctv_coverage"": ""standard"", ""night_patrol_sector"": ""SEC-01"", ""lighting_rating"": ""adequate""}",2021-01-01T00:00:00,2021-01-01T00:00:00
7af503e2-70b6-4560-b09c-c73e5d081339,Downtown Commercial District Street Corner #998,490 Harbor View Drive,Metropolis Central,Downtown Commercial District,MC-10248,40.8748798,-73.9704891,street_corner,low,"{""cctv_coverage"": ""standard"", ""night_patrol_sector"": ""SEC-02"", ""lighting_rating"": ""adequate""}",2021-01-01T00:00:00,2021-01-01T00:00:00
617362eb-72c6-49c9-b26f-28a22e4d1e79,Midtown Financial Plaza Government Facility #999,735 Quarry Lane,Metropolis Central,Midtown Financial Plaza,MC-10249,40.7312451,-74.0309441,government_facility,low,"{""cctv_coverage"": ""standard"", ""night_patrol_sector"": ""SEC-03"", ""lighting_rating"": ""adequate""}",2021-01-01T00:00:00,2021-01-01T00:00:00
1cb7eef3-8892-45ea-b90e-b7aba8d4b4da,South Bay Logistics Hub Hideout #1000,963 Atlantic Avenue,Metropolis Central,South Bay Logistics Hub,MC-10250,40.8616453,-73.8506521,hideout,high,"{""cctv_coverage"": ""high"", ""night_patrol_sector"": ""SEC-04"", ""lighting_rating"": ""adequate""}",2021-01-01T00:00:00,2021-01-01T00:00:00
ba53d0c7-be96-4746-ad35-377ba5287977,Harbor Point Terminal Residential #1001,736 St. Marks Place,Metropolis Central,Harbor Point Terminal,MC-10001,40.7307314,-73.9260684,residential,low,"{""cctv_coverage"": ""standard"", ""night_patrol_sector"": ""SEC-05"", ""lighting_rating"": ""adequate""}",2021-01-01T00:00:00,2021-01-01T00:00:00
86508ab4-4f66-4cc2-98d7-3ecff96edc24,Midtown Financial Plaza Industrial #1002,697 River Road,Metropolis Central,Midtown Financial Plaza,MC-10002,40.8736116,-73.9380879,industrial,moderate,"{""cctv_coverage"": ""standard"", ""night_patrol_sector"": ""SEC-06"", ""lighting_rating"": ""adequate""}",2021-01-01T00:00:00,2021-01-01T00:00:00
7f0b8846-50c2-4f68-a6e2-e4c279335de1,West End Suburbs Street Corner #1003,183 Canal Promenade,Metropolis Central,West End Suburbs,MC-10003,40.8555794,-74.0236161,street_corner,low,"{""cctv_coverage"": ""standard"", ""night_patrol_sector"": ""SEC-07"", ""lighting_rating"": ""adequate""}",2021-01-01T00:00:00,2021-01-01T00:00:00
5cefa47c-953d-4415-b7bc-ad369adb6b06,Silver Lake Tech Park Atm Bank #1004,453 Harbor View Drive,Metropolis Central,Silver Lake Tech Park,MC-10004,40.7033684,-74.0411676,atm_bank,low,"{""cctv_coverage"": ""standard"", ""night_patrol_sector"": ""SEC-08"", ""lighting_rating"": ""adequate""}",2021-01-01T00:00:00,2021-01-01T00:00:00
32945971-72c8-4da2-91e9-89272484422a,West End Suburbs Warehouse #1005,775 River Road,Metropolis Central,West End Suburbs,MC-10005,40.7365851,-73.8746127,warehouse,moderate,"{""cctv_coverage"": ""standard"", ""night_patrol_sector"": ""SEC-09"", ""lighting_rating"": ""adequate""}",2021-01-01T00:00:00,2021-01-01T00:00:00
269ef64e-fd64-4e4d-a7ff-03b5dd6ba71a,West End Suburbs Warehouse #1006,539 Commerce Expressway,Metropolis Central,West End Suburbs,MC-10006,40.8585344,-73.9868914,warehouse,extreme,"{""cctv_coverage"": ""high"", ""night_patrol_sector"": ""SEC-10"", ""lighting_rating"": ""poor""}",2021-01-01T00:00:00,2021-01-01T00:00:00
0b17f8fb-01ca-41aa-a7d3-7dfae09009a1,Industrial Waterfront & Port Residential #1007,579 Grand Concourse,Metropolis Central,Industrial Waterfront & Port,MC-10007,40.717784,-74.0390866,residential,low,"{""cctv_coverage"": ""standard"", ""night_patrol_sector"": ""SEC-11"", ""lighting_rating"": ""adequate""}",2021-01-01T00:00:00,2021-01-01T00:00:00
a0f33323-2c6a-4773-9325-2603385a50b5,Old Town Heritage Ward Hideout #1008,276 Pier 42 Access Rd,Metropolis Central,Old Town Heritage Ward,MC-10008,40.767286,-73.8509597,hideout,high,"{""cctv_coverage"": ""high"", ""night_patrol_sector"": ""SEC-12"", ""lighting_rating"": ""adequate""}",2021-01-01T00:00:00,2021-01-01T00:00:00
aeb9086e-1801-468d-8142-b2d27412b8c1,Downtown Commercial District Port Marina #1009,462 River Road,Metropolis Central,Downtown Commercial District,MC-10009,40.7770399,-73.9514023,port_marina,high,"{""cctv_coverage"": ""high"", ""night_patrol_sector"": ""SEC-01"", ""lighting_rating"": ""adequate""}",2021-01-01T00:00:00,2021-01-01T00:00:00
baa2bf33-de95-4230-9ef4-5dfac0458332,Industrial Waterfront & Port Commercial #1010,136 River Road,Metropolis Central,Industrial Waterfront & Port,MC-10010,40.7207467,-73.9931767,commercial,high,"{""cctv_coverage"": ""high"", ""night_patrol_sector"": ""SEC-02"", ""lighting_rating"": ""adequate""}",2021-01-01T00:00:00,2021-01-01T00:00:00
81bfd9bf-7494-4d3b-90c2-0db56638f9b7,Silver Lake Tech Park Government Facility #1011,852 Highland Boulevard,Metropolis Central,Silver Lake Tech Park,MC-10011,40.8581789,-73.9328645,government_facility,moderate,"{""cctv_coverage"": ""standard"", ""night_patrol_sector"": ""SEC-03"", ""lighting_rating"": ""adequate""}",2021-01-01T00:00:00,2021-01-01T00:00:00
9eb00044-dafb-4788-963e-d2ee34498291,Downtown Commercial District Warehouse #1012,548 Pier 42 Access Rd,Metropolis Central,Downtown Commercial District,MC-10012,40.8640826,-74.0007685,warehouse,low,"{""cctv_coverage"": ""standard"", ""night_patrol_sector"": ""SEC-04"", ""lighting_rating"": ""adequate""}",2021-01-01T00:00:00,2021-01-01T00:00:00
e2e8ea4c-b356-4dec-969c-e39cba73bfef,Northshore Heights Residential #1013,918 Commerce Expressway,Metropolis Central,Northshore Heights,MC-10013,40.7368563,-73.8537331,residential,low,"{""cctv_coverage"": ""standard"", ""night_patrol_sector"": ""SEC-05"", ""lighting_rating"": ""adequate""}",2021-01-01T00:00:00,2021-01-01T00:00:00
cb84d135-ba25-4e17-916b-e8c0c1fea530,South Bay Logistics Hub Street Corner #1014,614 Industrial Boulevard,Metropolis Central,South Bay Logistics Hub,MC-10014,40.7107551,-74.0337874,street_corner,high,"{""cctv_coverage"": ""high"", ""night_patrol_sector"": ""SEC-06"", ""lighting_rating"": ""adequate""}",2021-01-01T00:00:00,2021-01-01T00:00:00
3824dc41-d49d-4f9e-abaa-fc01255898b6,Old Town Heritage Ward Government Facility #1015,474 Highland Boulevard,Metropolis Central,Old Town Heritage Ward,MC-10015,40.8116013,-73.9841146,government_facility,low,"{""cctv_coverage"": ""standard"", ""night_patrol_sector"": ""SEC-07"", ""lighting_rating"": ""adequate""}",2021-01-01T00:00:00,2021-01-01T00:00:00
0aa930d5-02ac-4cb0-853b-a81be7800de7,Harbor Point Terminal Street Corner #1016,983 Grand Concourse,Metropolis Central,Harbor Point Terminal,MC-10016,40.8694837,-73.8500358,street_corner,high,"{""cctv_coverage"": ""high"", ""night_patrol_sector"": ""SEC-08"", ""lighting_rating"": ""adequate""}",2021-01-01T00:00:00,2021-01-01T00:00:00
457b5e50-04d0-42c0-84d2-8b8581de4c24,Harbor Point Terminal Residential #1017,142 Beacon Street,Metropolis Central,Harbor Point Terminal,MC-10017,40.8403116,-73.9934092,residential,moderate,"{""cctv_coverage"": ""standard"", ""night_patrol_sector"": ""SEC-09"", ""lighting_rating"": ""adequate""}",2021-01-01T00:00:00,2021-01-01T00:00:00
c6fb837f-b5ee-458e-b9b7-3b53abfaf8de,Northshore Heights Commercial #1018,570 Foundry Street,Metropolis Central,Northshore Heights,MC-10018,40.7597717,-74.0143978,commercial,extreme,"{""cctv_coverage"": ""high"", ""night_patrol_sector"": ""SEC-10"", ""lighting_rating"": ""poor""}",2021-01-01T00:00:00,2021-01-01T00:00:00
b8b8bf06-243e-4b3d-b895-0219e5232a97,Midtown Financial Plaza Public Transit #1019,101 Lexington Ave,Metropolis Central,Midtown Financial Plaza,MC-10019,40.7125881,-73.8941015,public_transit,low,"{""cctv_coverage"": ""standard"", ""night_patrol_sector"": ""SEC-11"", ""lighting_rating"": ""adequate""}",2021-01-01T00:00:00,2021-01-01T00:00:00
580b3759-b080-4984-9d73-a69c12dce317,Industrial Waterfront & Port Hideout #1020,133 Sunset Parkway,Metropolis Central,Industrial Waterfront & Port,MC-10020,40.8402201,-73.9028221,hideout,high,"{""cctv_coverage"": ""high"", ""night_patrol_sector"": ""SEC-12"", ""lighting_rating"": ""adequate""}",2021-01-01T00:00:00,2021-01-01T00:00:00
ce6918e0-b80d-4a21-9b83-a211e38280eb,Harbor Point Terminal Entertainment Venue #1021,144 River Road,Metropolis Central,Harbor Point Terminal,MC-10021,40.6992223,-73.9765086,entertainment_venue,low,"{""cctv_coverage"": ""standard"", ""night_patrol_sector"": ""SEC-01"", ""lighting_rating"": ""adequate""}",2021-01-01T00:00:00,2021-01-01T00:00:00
555c8cea-396f-4b62-b844-a1cdf874dae9,Old Town Heritage Ward Hideout #1022,916 Foundry Street,Metropolis Central,Old Town Heritage Ward,MC-10022,40.7336959,-73.9299319,hideout,low,"{""cctv_coverage"": ""standard"", ""night_patrol_sector"": ""SEC-02"", ""lighting_rating"": ""adequate""}",2021-01-01T00:00:00,2021-01-01T00:00:00
6bcbfd7f-fde0-44ff-b4b1-59ec80783a27,Midtown Financial Plaza Government Facility #1023,840 River Road,Metropolis Central,Midtown Financial Plaza,MC-10023,40.7172712,-73.9238627,government_facility,low,"{""cctv_coverage"": ""standard"", ""night_patrol_sector"": ""SEC-03"", ""lighting_rating"": ""adequate""}",2021-01-01T00:00:00,2021-01-01T00:00:00
47b762e8-189c-4cec-b149-71b27230dbf1,Silver Lake Tech Park Entertainment Venue #1024,359 Grand Concourse,Metropolis Central,Silver Lake Tech Park,MC-10024,40.724846,-73.9127527,entertainment_venue,low,"{""cctv_coverage"": ""standard"", ""night_patrol_sector"": ""SEC-04"", ""lighting_rating"": ""adequate""}",2021-01-01T00:00:00,2021-01-01T00:00:00
f7a0d068-dbd2-4cd9-ba77-30cd0317f311,Old Town Heritage Ward Atm Bank #1025,549 Vanderbilt Way,Metropolis Central,Old Town Heritage Ward,MC-10025,40.7736438,-74.0341634,atm_bank,high,"{""cctv_coverage"": ""high"", ""night_patrol_sector"": ""SEC-05"", ""lighting_rating"": ""adequate""}",2021-01-01T00:00:00,2021-01-01T00:00:00
2b46fcf3-8a00-4bb5-b670-e30eaa10be33,West End Suburbs Entertainment Venue #1026,162 Harbor View Drive,Metropolis Central,West End Suburbs,MC-10026,40.8605807,-73.8816924,entertainment_venue,moderate,"{""cctv_coverage"": ""standard"", ""night_patrol_sector"": ""SEC-06"", ""lighting_rating"": ""adequate""}",2021-01-01T00:00:00,2021-01-01T00:00:00
060627f4-d20d-4984-9758-ed26a80a586d,West End Suburbs Port Marina #1027,592 St. Marks Place,Metropolis Central,West End Suburbs,MC-10027,40.6953065,-74.040981,port_marina,low,"{""cctv_coverage"": ""standard"", ""night_patrol_sector"": ""SEC-07"", ""lighting_rating"": ""adequate""}",2021-01-01T00:00:00,2021-01-01T00:00:00
2cca2da8-56a4-4167-92c3-599e3f38d95c,Midtown Financial Plaza Hideout #1028,432 Industrial Boulevard,Metropolis Central,Midtown Financial Plaza,MC-10028,40.8121711,-73.9363044,hideout,low,"{""cctv_coverage"": ""standard"", ""night_patrol_sector"": ""SEC-08"", ""lighting_rating"": ""adequate""}",2021-01-01T00:00:00,2021-01-01T00:00:00
7be0da20-6393-4982-b939-58174ffc172c,West End Suburbs Port Marina #1029,609 Vanderbilt Way,Metropolis Central,West End Suburbs,MC-10029,40.6832537,-73.9018968,port_marina,low,"{""cctv_coverage"": ""standard"", ""night_patrol_sector"": ""SEC-09"", ""lighting_rating"": ""adequate""}",2021-01-01T00:00:00,2021-01-01T00:00:00
cbcc1164-f7c8-4353-a11f-97ad948aa96c,Industrial Waterfront & Port Residential #1030,873 Foundry Street,Metropolis Central,Industrial Waterfront & Port,MC-10030,40.6966581,-73.8746489,residential,low,"{""cctv_coverage"": ""standard"", ""night_patrol_sector"": ""SEC-10"", ""lighting_rating"": ""adequate""}",2021-01-01T00:00:00,2021-01-01T00:00:00
fc0a3b11-6d72-46ba-b97a-1ecc529e3f07,Harbor Point Terminal Entertainment Venue #1031,751 Grand Concourse,Metropolis Central,Harbor Point Terminal,MC-10031,40.7699896,-73.8884332,entertainment_venue,low,"{""cctv_coverage"": ""standard"", ""night_patrol_sector"": ""SEC-11"", ""lighting_rating"": ""adequate""}",2021-01-01T00:00:00,2021-01-01T00:00:00
0793f3b0-353c-4e88-b2b9-fdb78b366414,Industrial Waterfront & Port Commercial #1032,226 Pier 42 Access Rd,Metropolis Central,Industrial Waterfront & Port,MC-10032,40.8294059,-73.9291894,commercial,high,"{""cctv_coverage"": ""high"", ""night_patrol_sector"": ""SEC-12"", ""lighting_rating"": ""adequate""}",2021-01-01T00:00:00,2021-01-01T00:00:00
a85cfcea-a7a6-47a6-b03a-d29dbc4753b1,Northshore Heights Residential #1033,454 Lexington Ave,Metropolis Central,Northshore Heights,MC-10033,40.7589868,-74.0473391,residential,moderate,"{""cctv_coverage"": ""standard"", ""night_patrol_sector"": ""SEC-01"", ""lighting_rating"": ""adequate""}",2021-01-01T00:00:00,2021-01-01T00:00:00
7e5267db-0678-4097-84fb-8e1da73799c4,Old Town Heritage Ward Entertainment Venue #1034,718 Foundry Street,Metropolis Central,Old Town Heritage Ward,MC-10034,40.8731608,-73.9296225,entertainment_venue,low,"{""cctv_coverage"": ""standard"", ""night_patrol_sector"": ""SEC-02"", ""lighting_rating"": ""adequate""}",2021-01-01T00:00:00,2021-01-01T00:00:00
a85a65aa-5f0d-409c-a979-513ce9d2ce57,Harbor Point Terminal Entertainment Venue #1035,842 River Road,Metropolis Central,Harbor Point Terminal,MC-10035,40.8726283,-73.9149795,entertainment_venue,high,"{""cctv_coverage"": ""high"", ""night_patrol_sector"": ""SEC-03"", ""lighting_rating"": ""adequate""}",2021-01-01T00:00:00,2021-01-01T00:00:00
6962149d-7006-457d-88a9-660e58812d62,Northshore Heights Residential #1036,138 Harbor View Drive,Metropolis Central,Northshore Heights,MC-10036,40.7181604,-73.8868064,residential,moderate,"{""cctv_coverage"": ""standard"", ""night_patrol_sector"": ""SEC-04"", ""lighting_rating"": ""adequate""}",2021-01-01T00:00:00,2021-01-01T00:00:00
2d0362da-5a74-46d1-a373-370c67299129,Eastside Arts Corridor Public Transit #1037,889 Lexington Ave,Metropolis Central,Eastside Arts Corridor,MC-10037,40.7762234,-74.0209692,public_transit,low,"{""cctv_coverage"": ""standard"", ""night_patrol_sector"": ""SEC-05"", ""lighting_rating"": ""adequate""}",2021-01-01T00:00:00,2021-01-01T00:00:00
ed16e2b2-e865-4c47-8d13-a17e861fe5dc,Silver Lake Tech Park Atm Bank #1038,205 Vanderbilt Way,Metropolis Central,Silver Lake Tech Park,MC-10038,40.8339442,-74.0203669,atm_bank,low,"{""cctv_coverage"": ""standard"", ""night_patrol_sector"": ""SEC-06"", ""lighting_rating"": ""adequate""}",2021-01-01T00:00:00,2021-01-01T00:00:00
8c6d25ee-09dd-43ce-aaef-abdbf7b53e92,Northshore Heights Hideout #1039,180 Harbor View Drive,Metropolis Central,Northshore Heights,MC-10039,40.8727734,-73.9557022,hideout,high,"{""cctv_coverage"": ""high"", ""night_patrol_sector"": ""SEC-07"", ""lighting_rating"": ""adequate""}",2021-01-01T00:00:00,2021-01-01T00:00:00
40a03222-1551-4847-be35-de5db98d96fa,Harbor Point Terminal Atm Bank #1040,258 Beacon Street,Metropolis Central,Harbor Point Terminal,MC-10040,40.7938861,-73.8832323,atm_bank,low,"{""cctv_coverage"": ""standard"", ""night_patrol_sector"": ""SEC-08"", ""lighting_rating"": ""adequate""}",2021-01-01T00:00:00,2021-01-01T00:00:00
9389ce9f-a4f6-4835-8f51-fbd768bba592,Downtown Commercial District Warehouse #1041,115 Quarry Lane,Metropolis Central,Downtown Commercial District,MC-10041,40.8497233,-73.9025843,warehouse,moderate,"{""cctv_coverage"": ""standard"", ""night_patrol_sector"": ""SEC-09"", ""lighting_rating"": ""adequate""}",2021-01-01T00:00:00,2021-01-01T00:00:00
91fb3d9f-cede-4d93-931e-d16089c8d3cc,Silver Lake Tech Park Hideout #1042,307 St. Marks Place,Metropolis Central,Silver Lake Tech Park,MC-10042,40.7599361,-73.9473289,hideout,moderate,"{""cctv_coverage"": ""standard"", ""night_patrol_sector"": ""SEC-10"", ""lighting_rating"": ""adequate""}",2021-01-01T00:00:00,2021-01-01T00:00:00
b69f053c-6e80-4043-930c-d7d7d14f9760,Old Town Heritage Ward Port Marina #1043,247 St. Marks Place,Metropolis Central,Old Town Heritage Ward,MC-10043,40.6838039,-73.9347193,port_marina,moderate,"{""cctv_coverage"": ""standard"", ""night_patrol_sector"": ""SEC-11"", ""lighting_rating"": ""adequate""}",2021-01-01T00:00:00,2021-01-01T00:00:00
df68ed93-923f-4a23-bf3b-431040b72065,West End Suburbs Hideout #1044,924 Quarry Lane,Metropolis Central,West End Suburbs,MC-10044,40.7033881,-73.9254607,hideout,moderate,"{""cctv_coverage"": ""standard"", ""night_patrol_sector"": ""SEC-12"", ""lighting_rating"": ""adequate""}",2021-01-01T00:00:00,2021-01-01T00:00:00
95e63ce3-143d-4454-a98c-ec746de91d1a,Old Town Heritage Ward Residential #1045,724 Quarry Lane,Metropolis Central,Old Town Heritage Ward,MC-10045,40.7122667,-73.9047582,residential,low,"{""cctv_coverage"": ""standard"", ""night_patrol_sector"": ""SEC-01"", ""lighting_rating"": ""adequate""}",2021-01-01T00:00:00,2021-01-01T00:00:00
a6d3b4b7-2cdd-4145-8157-458d50797348,Old Town Heritage Ward Government Facility #1046,247 Atlantic Avenue,Metropolis Central,Old Town Heritage Ward,MC-10046,40.861814,-73.9821694,government_facility,moderate,"{""cctv_coverage"": ""standard"", ""night_patrol_sector"": ""SEC-02"", ""lighting_rating"": ""adequate""}",2021-01-01T00:00:00,2021-01-01T00:00:00
14db976b-e80d-45f1-bbf3-0252194ebd8d,Old Town Heritage Ward Warehouse #1047,144 Sunset Parkway,Metropolis Central,Old Town Heritage Ward,MC-10047,40.8719607,-73.8833839,warehouse,moderate,"{""cctv_coverage"": ""standard"", ""night_patrol_sector"": ""SEC-03"", ""lighting_rating"": ""adequate""}",2021-01-01T00:00:00,2021-01-01T00:00:00
e3433aa2-92f6-4906-800e-bce875f6f2f8,South Bay Logistics Hub Industrial #1048,825 Canal Promenade,Metropolis Central,South Bay Logistics Hub,MC-10048,40.8043685,-73.9935086,industrial,moderate,"{""cctv_coverage"": ""standard"", ""night_patrol_sector"": ""SEC-04"", ""lighting_rating"": ""adequate""}",2021-01-01T00:00:00,2021-01-01T00:00:00
f82e1568-5683-4410-9720-c1b3074d0a63,Old Town Heritage Ward Public Transit #1049,142 Pier 42 Access Rd,Metropolis Central,Old Town Heritage Ward,MC-10049,40.7112628,-73.9515629,public_transit,moderate,"{""cctv_coverage"": ""standard"", ""night_patrol_sector"": ""SEC-05"", ""lighting_rating"": ""adequate""}",2021-01-01T00:00:00,2021-01-01T00:00:00
5d96a7f2-2f0f-47b0-8fd4-aa90335f24d1,Old Town Heritage Ward Public Transit #1050,320 Atlantic Avenue,Metropolis Central,Old Town Heritage Ward,MC-10050,40.7913661,-73.8501478,public_transit,low,"{""cctv_coverage"": ""standard"", ""night_patrol_sector"": ""SEC-06"", ""lighting_rating"": ""adequate""}",2021-01-01T00:00:00,2021-01-01T00:00:00
69af2ce5-9f79-4030-b379-9eb8841e3e5a,West End Suburbs Industrial #1051,375 Pier 42 Access Rd,Metropolis Central,West End Suburbs,MC-10051,40.8455897,-73.8711085,industrial,low,"{""cctv_coverage"": ""standard"", ""night_patrol_sector"": ""SEC-07"", ""lighting_rating"": ""adequate""}",2021-01-01T00:00:00,2021-01-01T00:00:00
da343bb6-499d-4ab7-8bc2-b30ad053ebcc,Northshore Heights Commercial #1052,355 Quarry Lane,Metropolis Central,Northshore Heights,MC-10052,40.8035126,-74.0258624,commercial,low,"{""cctv_coverage"": ""standard"", ""night_patrol_sector"": ""SEC-08"", ""lighting_rating"": ""adequate""}",2021-01-01T00:00:00,2021-01-01T00:00:00
13010c82-fb3e-4a46-8d04-fa346cc04a26,West End Suburbs Residential #1053,358 River Road,Metropolis Central,West End Suburbs,MC-10053,40.834019,-73.9385955,residential,high,"{""cctv_coverage"": ""high"", ""night_patrol_sector"": ""SEC-09"", ""lighting_rating"": ""adequate""}",2021-01-01T00:00:00,2021-01-01T00:00:00
d8483eda-0234-47c3-97f0-c350997798dd,Silver Lake Tech Park Residential #1054,628 Industrial Boulevard,Metropolis Central,Silver Lake Tech Park,MC-10054,40.8653264,-73.9624347,residential,low,"{""cctv_coverage"": ""standard"", ""night_patrol_sector"": ""SEC-10"", ""lighting_rating"": ""adequate""}",2021-01-01T00:00:00,2021-01-01T00:00:00
404595b7-bccd-4b8b-a224-9b405f288805,Northshore Heights Port Marina #1055,118 Industrial Boulevard,Metropolis Central,Northshore Heights,MC-10055,40.6883939,-74.0289178,port_marina,moderate,"{""cctv_coverage"": ""standard"", ""night_patrol_sector"": ""SEC-11"", ""lighting_rating"": ""adequate""}",2021-01-01T00:00:00,2021-01-01T00:00:00
1cede30e-4fa7-4860-bf3c-1e3bee23c7ed,Eastside Arts Corridor Industrial #1056,942 River Road,Metropolis Central,Eastside Arts Corridor,MC-10056,40.8256699,-73.9083673,industrial,moderate,"{""cctv_coverage"": ""standard"", ""night_patrol_sector"": ""SEC-12"", ""lighting_rating"": ""adequate""}",2021-01-01T00:00:00,2021-01-01T00:00:00
afdcccd2-fea4-4b15-bdcf-9044549e5b7d,Old Town Heritage Ward Industrial #1057,760 Industrial Boulevard,Metropolis Central,Old Town Heritage Ward,MC-10057,40.8094186,-73.9830785,industrial,low,"{""cctv_coverage"": ""standard"", ""night_patrol_sector"": ""SEC-01"", ""lighting_rating"": ""adequate""}",2021-01-01T00:00:00,2021-01-01T00:00:00
593e4218-590e-475c-88c3-2fd245c1f062,Eastside Arts Corridor Residential #1058,459 Quarry Lane,Metropolis Central,Eastside Arts Corridor,MC-10058,40.7290632,-73.888171,residential,low,"{""cctv_coverage"": ""standard"", ""night_patrol_sector"": ""SEC-02"", ""lighting_rating"": ""adequate""}",2021-01-01T00:00:00,2021-01-01T00:00:00
db3b6708-a8a3-4660-85ae-5e059a767e62,Silver Lake Tech Park Atm Bank #1059,185 Vanderbilt Way,Metropolis Central,Silver Lake Tech Park,MC-10059,40.7544873,-73.899031,atm_bank,low,"{""cctv_coverage"": ""standard"", ""night_patrol_sector"": ""SEC-03"", ""lighting_rating"": ""adequate""}",2021-01-01T00:00:00,2021-01-01T00:00:00
f86282b0-0ead-4818-ba93-4013e25dfef5,Eastside Arts Corridor Public Transit #1060,165 Quarry Lane,Metropolis Central,Eastside Arts Corridor,MC-10060,40.7075989,-73.9642354,public_transit,high,"{""cctv_coverage"": ""high"", ""night_patrol_sector"": ""SEC-04"", ""lighting_rating"": ""adequate""}",2021-01-01T00:00:00,2021-01-01T00:00:00
c21f54b7-8384-48cc-abac-472de26563cf,Old Town Heritage Ward Residential #1061,984 River Road,Metropolis Central,Old Town Heritage Ward,MC-10061,40.7685157,-73.8959696,residential,moderate,"{""cctv_coverage"": ""standard"", ""night_patrol_sector"": ""SEC-05"", ""lighting_rating"": ""adequate""}",2021-01-01T00:00:00,2021-01-01T00:00:00
ce464e4e-8a81-455a-a809-2d57a3c2acad,Silver Lake Tech Park Commercial #1062,976 Vanderbilt Way,Metropolis Central,Silver Lake Tech Park,MC-10062,40.7476607,-73.9696698,commercial,moderate,"{""cctv_coverage"": ""standard"", ""night_patrol_sector"": ""SEC-06"", ""lighting_rating"": ""adequate""}",2021-01-01T00:00:00,2021-01-01T00:00:00
270d8363-d734-40c8-a222-2a1edfb20db5,Midtown Financial Plaza Residential #1063,72 Foundry Street,Metropolis Central,Midtown Financial Plaza,MC-10063,40.8120352,-73.9217068,residential,high,"{""cctv_coverage"": ""high"", ""night_patrol_sector"": ""SEC-07"", ""lighting_rating"": ""adequate""}",2021-01-01T00:00:00,2021-01-01T00:00:00
8e2f6798-3f53-4bab-ae48-0dc897cdf9f2,Downtown Commercial District Warehouse #1064,656 Sunset Parkway,Metropolis Central,Downtown Commercial District,MC-10064,40.7604006,-73.9138259,warehouse,moderate,"{""cctv_coverage"": ""standard"", ""night_patrol_sector"": ""SEC-08"", ""lighting_rating"": ""adequate""}",2021-01-01T00:00:00,2021-01-01T00:00:00
91807b44-6e42-481e-83d6-4059f9130be2,West End Suburbs Street Corner #1065,748 Commerce Expressway,Metropolis Central,West End Suburbs,MC-10065,40.6815804,-73.9940439,street_corner,moderate,"{""cctv_coverage"": ""standard"", ""night_patrol_sector"": ""SEC-09"", ""lighting_rating"": ""adequate""}",2021-01-01T00:00:00,2021-01-01T00:00:00
137cba3e-afe2-4330-a318-74223b8fefdd,Industrial Waterfront & Port Hideout #1066,727 Foundry Street,Metropolis Central,Industrial Waterfront & Port,MC-10066,40.8087759,-73.872484,hideout,moderate,"{""cctv_coverage"": ""standard"", ""night_patrol_sector"": ""SEC-10"", ""lighting_rating"": ""adequate""}",2021-01-01T00:00:00,2021-01-01T00:00:00
a0238f9f-ce97-4ef8-8704-9313b64f8b8c,Harbor Point Terminal Street Corner #1067,677 Grand Concourse,Metropolis Central,Harbor Point Terminal,MC-10067,40.857535,-73.8936874,street_corner,low,"{""cctv_coverage"": ""standard"", ""night_patrol_sector"": ""SEC-11"", ""lighting_rating"": ""adequate""}",2021-01-01T00:00:00,2021-01-01T00:00:00
8c142e5c-eb45-4984-81ca-74ef34511075,Eastside Arts Corridor Commercial #1068,912 Sunset Parkway,Metropolis Central,Eastside Arts Corridor,MC-10068,40.687394,-73.9831014,commercial,moderate,"{""cctv_coverage"": ""standard"", ""night_patrol_sector"": ""SEC-12"", ""lighting_rating"": ""adequate""}",2021-01-01T00:00:00,2021-01-01T00:00:00
caca69ef-430b-4e11-a6be-4ff43e4e6e26,Industrial Waterfront & Port Public Transit #1069,542 Sunset Parkway,Metropolis Central,Industrial Waterfront & Port,MC-10069,40.6985639,-73.9396428,public_transit,moderate,"{""cctv_coverage"": ""standard"", ""night_patrol_sector"": ""SEC-01"", ""lighting_rating"": ""adequate""}",2021-01-01T00:00:00,2021-01-01T00:00:00
54e1979d-5d7d-4ea3-a240-dace2ec850d6,Industrial Waterfront & Port Port Marina #1070,33 Lexington Ave,Metropolis Central,Industrial Waterfront & Port,MC-10070,40.7985007,-74.001732,port_marina,moderate,"{""cctv_coverage"": ""standard"", ""night_patrol_sector"": ""SEC-02"", ""lighting_rating"": ""adequate""}",2021-01-01T00:00:00,2021-01-01T00:00:00
ca370776-c8b2-40a0-96f9-e748387838ab,Midtown Financial Plaza Residential #1071,527 Industrial Boulevard,Metropolis Central,Midtown Financial Plaza,MC-10071,40.8483167,-73.9980487,residential,moderate,"{""cctv_coverage"": ""standard"", ""night_patrol_sector"": ""SEC-03"", ""lighting_rating"": ""adequate""}",2021-01-01T00:00:00,2021-01-01T00:00:00
c67b2532-ee67-4468-bd4e-dbf0c6b0fac4,Northshore Heights Hideout #1072,58 Industrial Boulevard,Metropolis Central,Northshore Heights,MC-10072,40.7395922,-73.9026283,hideout,low,"{""cctv_coverage"": ""standard"", ""night_patrol_sector"": ""SEC-04"", ""lighting_rating"": ""adequate""}",2021-01-01T00:00:00,2021-01-01T00:00:00
b0e24e18-a754-4265-97df-987784dbc9bc,Eastside Arts Corridor Street Corner #1073,834 Atlantic Avenue,Metropolis Central,Eastside Arts Corridor,MC-10073,40.7398403,-73.9166155,street_corner,high,"{""cctv_coverage"": ""high"", ""night_patrol_sector"": ""SEC-05"", ""lighting_rating"": ""adequate""}",2021-01-01T00:00:00,2021-01-01T00:00:00
0970fa98-242f-4792-a343-2cc40ab7c798,Harbor Point Terminal Warehouse #1074,698 Harbor View Drive,Metropolis Central,Harbor Point Terminal,MC-10074,40.7839333,-74.0004733,warehouse,low,"{""cctv_coverage"": ""standard"", ""night_patrol_sector"": ""SEC-06"", ""lighting_rating"": ""adequate""}",2021-01-01T00:00:00,2021-01-01T00:00:00
b80962bb-1e0a-41f3-8802-0e4645cddb11,Harbor Point Terminal Hideout #1075,207 River Road,Metropolis Central,Harbor Point Terminal,MC-10075,40.6995976,-73.9076719,hideout,high,"{""cctv_coverage"": ""high"", ""night_patrol_sector"": ""SEC-07"", ""lighting_rating"": ""adequate""}",2021-01-01T00:00:00,2021-01-01T00:00:00
58787f42-257a-46bf-b650-ef8bca1342c8,Northshore Heights Warehouse #1076,104 St. Marks Place,Metropolis Central,Northshore Heights,MC-10076,40.8577019,-73.9547494,warehouse,low,"{""cctv_coverage"": ""standard"", ""night_patrol_sector"": ""SEC-08"", ""lighting_rating"": ""adequate""}",2021-01-01T00:00:00,2021-01-01T00:00:00
87f3f05e-3722-4f19-b31e-fe49a5228e74,South Bay Logistics Hub Government Facility #1077,703 Foundry Street,Metropolis Central,South Bay Logistics Hub,MC-10077,40.7917937,-73.8942351,government_facility,high,"{""cctv_coverage"": ""high"", ""night_patrol_sector"": ""SEC-09"", ""lighting_rating"": ""adequate""}",2021-01-01T00:00:00,2021-01-01T00:00:00
5ae18056-17af-451b-8105-87a52a639661,Harbor Point Terminal Hideout #1078,520 Quarry Lane,Metropolis Central,Harbor Point Terminal,MC-10078,40.8178036,-73.860436,hideout,moderate,"{""cctv_coverage"": ""standard"", ""night_patrol_sector"": ""SEC-10"", ""lighting_rating"": ""adequate""}",2021-01-01T00:00:00,2021-01-01T00:00:00
45f779d2-82dd-4301-b0f9-23025973f237,Midtown Financial Plaza Industrial #1079,853 Pier 42 Access Rd,Metropolis Central,Midtown Financial Plaza,MC-10079,40.7811572,-73.9530471,industrial,low,"{""cctv_coverage"": ""standard"", ""night_patrol_sector"": ""SEC-11"", ""lighting_rating"": ""adequate""}",2021-01-01T00:00:00,2021-01-01T00:00:00
cec9571f-0b40-446f-b74b-3c8dc0dce2e6,Silver Lake Tech Park Public Transit #1080,893 Industrial Boulevard,Metropolis Central,Silver Lake Tech Park,MC-10080,40.7710865,-74.0434785,public_transit,low,"{""cctv_coverage"": ""standard"", ""night_patrol_sector"": ""SEC-12"", ""lighting_rating"": ""adequate""}",2021-01-01T00:00:00,2021-01-01T00:00:00
25f94c5d-d9da-4cde-bc66-7f0372e5986a,Silver Lake Tech Park Government Facility #1081,388 Industrial Boulevard,Metropolis Central,Silver Lake Tech Park,MC-10081,40.8504636,-74.0279328,government_facility,low,"{""cctv_coverage"": ""standard"", ""night_patrol_sector"": ""SEC-01"", ""lighting_rating"": ""adequate""}",2021-01-01T00:00:00,2021-01-01T00:00:00
2a5593fd-4eb1-49e4-8312-94ca48360d47,West End Suburbs Commercial #1082,51 Harbor View Drive,Metropolis Central,West End Suburbs,MC-10082,40.7542935,-73.851796,commercial,low,"{""cctv_coverage"": ""standard"", ""night_patrol_sector"": ""SEC-02"", ""lighting_rating"": ""adequate""}",2021-01-01T00:00:00,2021-01-01T00:00:00
8f24550a-d292-4512-99bc-11b4fae3b4d9,Old Town Heritage Ward Industrial #1083,38 Harbor View Drive,Metropolis Central,Old Town Heritage Ward,MC-10083,40.8367585,-73.9656486,industrial,high,"{""cctv_coverage"": ""high"", ""night_patrol_sector"": ""SEC-03"", ""lighting_rating"": ""adequate""}",2021-01-01T00:00:00,2021-01-01T00:00:00
ea980547-1fb6-4d9d-bd04-ddb2a4376478,West End Suburbs Public Transit #1084,920 Sunset Parkway,Metropolis Central,West End Suburbs,MC-10084,40.7166154,-73.9020679,public_transit,low,"{""cctv_coverage"": ""standard"", ""night_patrol_sector"": ""SEC-04"", ""lighting_rating"": ""adequate""}",2021-01-01T00:00:00,2021-01-01T00:00:00
4be96da2-c7ee-4525-9b0d-80dba389da33,Silver Lake Tech Park Residential #1085,367 Vanderbilt Way,Metropolis Central,Silver Lake Tech Park,MC-10085,40.763515,-73.9353882,residential,moderate,"{""cctv_coverage"": ""standard"", ""night_patrol_sector"": ""SEC-05"", ""lighting_rating"": ""adequate""}",2021-01-01T00:00:00,2021-01-01T00:00:00
451c7ca9-1f20-4c8a-bd67-ed4318f59ac0,South Bay Logistics Hub Hideout #1086,810 Foundry Street,Metropolis Central,South Bay Logistics Hub,MC-10086,40.846892,-73.8832633,hideout,low,"{""cctv_coverage"": ""standard"", ""night_patrol_sector"": ""SEC-06"", ""lighting_rating"": ""adequate""}",2021-01-01T00:00:00,2021-01-01T00:00:00
aa4e0d33-456e-428d-9725-a803c9817fd1,Industrial Waterfront & Port Hideout #1087,526 Grand Concourse,Metropolis Central,Industrial Waterfront & Port,MC-10087,40.8134441,-74.0202035,hideout,moderate,"{""cctv_coverage"": ""standard"", ""night_patrol_sector"": ""SEC-07"", ""lighting_rating"": ""adequate""}",2021-01-01T00:00:00,2021-01-01T00:00:00
9c3ce418-c7f3-4c65-abb5-3be0e8756558,Northshore Heights Warehouse #1088,829 Quarry Lane,Metropolis Central,Northshore Heights,MC-10088,40.7265645,-73.9709206,warehouse,moderate,"{""cctv_coverage"": ""standard"", ""night_patrol_sector"": ""SEC-08"", ""lighting_rating"": ""adequate""}",2021-01-01T00:00:00,2021-01-01T00:00:00
36ee9135-e3b0-42ce-a311-4254307d7b78,Old Town Heritage Ward Entertainment Venue #1089,763 Highland Boulevard,Metropolis Central,Old Town Heritage Ward,MC-10089,40.697706,-74.016877,entertainment_venue,low,"{""cctv_coverage"": ""standard"", ""night_patrol_sector"": ""SEC-09"", ""lighting_rating"": ""adequate""}",2021-01-01T00:00:00,2021-01-01T00:00:00
e0cef9a2-1d80-4a17-8bc9-bebe020273a1,West End Suburbs Entertainment Venue #1090,584 Industrial Boulevard,Metropolis Central,West End Suburbs,MC-10090,40.7918706,-74.0115147,entertainment_venue,moderate,"{""cctv_coverage"": ""standard"", ""night_patrol_sector"": ""SEC-10"", ""lighting_rating"": ""adequate""}",2021-01-01T00:00:00,2021-01-01T00:00:00
89ae242c-4949-452b-9f78-98c3322420cb,Harbor Point Terminal Government Facility #1091,785 St. Marks Place,Metropolis Central,Harbor Point Terminal,MC-10091,40.7843508,-73.8998883,government_facility,moderate,"{""cctv_coverage"": ""standard"", ""night_patrol_sector"": ""SEC-11"", ""lighting_rating"": ""adequate""}",2021-01-01T00:00:00,2021-01-01T00:00:00
30c40c86-2365-440b-9117-2962ff8b2e08,Downtown Commercial District Residential #1092,133 Pier 42 Access Rd,Metropolis Central,Downtown Commercial District,MC-10092,40.7349925,-74.008839,residential,high,"{""cctv_coverage"": ""high"", ""night_patrol_sector"": ""SEC-12"", ""lighting_rating"": ""adequate""}",2021-01-01T00:00:00,2021-01-01T00:00:00
0f5c25ec-bf49-41db-a536-82508494ad91,Harbor Point Terminal Port Marina #1093,464 Vanderbilt Way,Metropolis Central,Harbor Point Terminal,MC-10093,40.801371,-73.9696404,port_marina,low,"{""cctv_coverage"": ""standard"", ""night_patrol_sector"": ""SEC-01"", ""lighting_rating"": ""adequate""}",2021-01-01T00:00:00,2021-01-01T00:00:00
10074b55-3ddb-459b-a173-500830c153e8,Downtown Commercial District Industrial #1094,358 Quarry Lane,Metropolis Central,Downtown Commercial District,MC-10094,40.7629873,-73.8780703,industrial,low,"{""cctv_coverage"": ""standard"", ""night_patrol_sector"": ""SEC-02"", ""lighting_rating"": ""adequate""}",2021-01-01T00:00:00,2021-01-01T00:00:00
1e011afa-28be-479a-9c4f-a2f98235490c,West End Suburbs Commercial #1095,103 Industrial Boulevard,Metropolis Central,West End Suburbs,MC-10095,40.7883559,-73.9929297,commercial,low,"{""cctv_coverage"": ""standard"", ""night_patrol_sector"": ""SEC-03"", ""lighting_rating"": ""adequate""}",2021-01-01T00:00:00,2021-01-01T00:00:00
95e1dcda-e7ea-44a1-8008-b6f4748fcd31,Northshore Heights Warehouse #1096,167 Sunset Parkway,Metropolis Central,Northshore Heights,MC-10096,40.8157217,-74.0382173,warehouse,extreme,"{""cctv_coverage"": ""high"", ""night_patrol_sector"": ""SEC-04"", ""lighting_rating"": ""poor""}",2021-01-01T00:00:00,2021-01-01T00:00:00
a4a87aff-1ed5-428a-b076-c0e2113a940e,Industrial Waterfront & Port Atm Bank #1097,37 St. Marks Place,Metropolis Central,Industrial Waterfront & Port,MC-10097,40.7579879,-73.9859917,atm_bank,low,"{""cctv_coverage"": ""standard"", ""night_patrol_sector"": ""SEC-05"", ""lighting_rating"": ""adequate""}",2021-01-01T00:00:00,2021-01-01T00:00:00
0737484d-5107-4739-a040-0f24be24276d,South Bay Logistics Hub Commercial #1098,274 Foundry Street,Metropolis Central,South Bay Logistics Hub,MC-10098,40.6903756,-74.0020754,commercial,moderate,"{""cctv_coverage"": ""standard"", ""night_patrol_sector"": ""SEC-06"", ""lighting_rating"": ""adequate""}",2021-01-01T00:00:00,2021-01-01T00:00:00
0036e9dd-0f96-4a3f-8c9c-5fa03b87d6f9,Eastside Arts Corridor Commercial #1099,514 Foundry Street,Metropolis Central,Eastside Arts Corridor,MC-10099,40.7338575,-73.9863327,commercial,moderate,"{""cctv_coverage"": ""standard"", ""night_patrol_sector"": ""SEC-07"", ""lighting_rating"": ""adequate""}",2021-01-01T00:00:00,2021-01-01T00:00:00
7f70a3ee-f80c-46cb-8a03-21ab751f3112,Northshore Heights Warehouse #1100,505 Lexington Ave,Metropolis Central,Northshore Heights,MC-10100,40.8067083,-73.867253,warehouse,low,"{""cctv_coverage"": ""standard"", ""night_patrol_sector"": ""SEC-08"", ""lighting_rating"": ""adequate""}",2021-01-01T00:00:00,2021-01-01T00:00:00
bd6890ff-2906-4ac2-aede-51acf530e3f1,Silver Lake Tech Park Public Transit #1101,996 Industrial Boulevard,Metropolis Central,Silver Lake Tech Park,MC-10101,40.8325957,-73.9196898,public_transit,low,"{""cctv_coverage"": ""standard"", ""night_patrol_sector"": ""SEC-09"", ""lighting_rating"": ""adequate""}",2021-01-01T00:00:00,2021-01-01T00:00:00
35ec91a7-3480-4524-a69a-03cbe366b078,Harbor Point Terminal Commercial #1102,426 Grand Concourse,Metropolis Central,Harbor Point Terminal,MC-10102,40.8492556,-73.9499135,commercial,moderate,"{""cctv_coverage"": ""standard"", ""night_patrol_sector"": ""SEC-10"", ""lighting_rating"": ""adequate""}",2021-01-01T00:00:00,2021-01-01T00:00:00
8450c71a-135a-42bd-b691-44e1a66d086b,Industrial Waterfront & Port Public Transit #1103,392 Pier 42 Access Rd,Metropolis Central,Industrial Waterfront & Port,MC-10103,40.7875071,-73.9652495,public_transit,high,"{""cctv_coverage"": ""high"", ""night_patrol_sector"": ""SEC-11"", ""lighting_rating"": ""adequate""}",2021-01-01T00:00:00,2021-01-01T00:00:00
4a89830f-1bea-4ed2-a280-01453ca2c4ba,Old Town Heritage Ward Hideout #1104,52 Lexington Ave,Metropolis Central,Old Town Heritage Ward,MC-10104,40.8722229,-73.925854,hideout,moderate,"{""cctv_coverage"": ""standard"", ""night_patrol_sector"": ""SEC-12"", ""lighting_rating"": ""adequate""}",2021-01-01T00:00:00,2021-01-01T00:00:00
d69b41b8-90ad-4af1-84a9-b6f65abb8088,Industrial Waterfront & Port Hideout #1105,10 St. Marks Place,Metropolis Central,Industrial Waterfront & Port,MC-10105,40.7346606,-73.9998222,hideout,moderate,"{""cctv_coverage"": ""standard"", ""night_patrol_sector"": ""SEC-01"", ""lighting_rating"": ""adequate""}",2021-01-01T00:00:00,2021-01-01T00:00:00
0fd9270b-b1bd-4701-a216-85f38537bfcc,South Bay Logistics Hub Government Facility #1106,872 Beacon Street,Metropolis Central,South Bay Logistics Hub,MC-10106,40.8481368,-73.9937377,government_facility,low,"{""cctv_coverage"": ""standard"", ""night_patrol_sector"": ""SEC-02"", ""lighting_rating"": ""adequate""}",2021-01-01T00:00:00,2021-01-01T00:00:00
273715db-cbe1-463b-92db-26e2e6483d3b,Silver Lake Tech Park Atm Bank #1107,586 Vanderbilt Way,Metropolis Central,Silver Lake Tech Park,MC-10107,40.697943,-73.9103141,atm_bank,high,"{""cctv_coverage"": ""high"", ""night_patrol_sector"": ""SEC-03"", ""lighting_rating"": ""adequate""}",2021-01-01T00:00:00,2021-01-01T00:00:00
12ea542d-e56a-465f-a6a7-cf64348f1b5f,Silver Lake Tech Park Public Transit #1108,296 Quarry Lane,Metropolis Central,Silver Lake Tech Park,MC-10108,40.8020891,-73.8585166,public_transit,low,"{""cctv_coverage"": ""standard"", ""night_patrol_sector"": ""SEC-04"", ""lighting_rating"": ""adequate""}",2021-01-01T00:00:00,2021-01-01T00:00:00
a183375d-1db3-4be8-85ca-3859423703f5,South Bay Logistics Hub Hideout #1109,660 Highland Boulevard,Metropolis Central,South Bay Logistics Hub,MC-10109,40.7346026,-73.9175446,hideout,low,"{""cctv_coverage"": ""standard"", ""night_patrol_sector"": ""SEC-05"", ""lighting_rating"": ""adequate""}",2021-01-01T00:00:00,2021-01-01T00:00:00
8f6461ab-8980-4aed-88bb-2d72cab4d76a,Eastside Arts Corridor Residential #1110,480 Commerce Expressway,Metropolis Central,Eastside Arts Corridor,MC-10110,40.8628036,-74.0232549,residential,high,"{""cctv_coverage"": ""high"", ""night_patrol_sector"": ""SEC-06"", ""lighting_rating"": ""adequate""}",2021-01-01T00:00:00,2021-01-01T00:00:00
2c2c73f3-a4c6-405b-9206-2c6bfaa278de,Harbor Point Terminal Residential #1111,497 Lexington Ave,Metropolis Central,Harbor Point Terminal,MC-10111,40.8145413,-73.9673674,residential,high,"{""cctv_coverage"": ""high"", ""night_patrol_sector"": ""SEC-07"", ""lighting_rating"": ""adequate""}",2021-01-01T00:00:00,2021-01-01T00:00:00
70c90bba-65ab-4cfd-8a0e-2fa7d3f8f750,Old Town Heritage Ward Port Marina #1112,790 Foundry Street,Metropolis Central,Old Town Heritage Ward,MC-10112,40.6962298,-73.8746559,port_marina,moderate,"{""cctv_coverage"": ""standard"", ""night_patrol_sector"": ""SEC-08"", ""lighting_rating"": ""adequate""}",2021-01-01T00:00:00,2021-01-01T00:00:00
d123d839-9d3d-4438-b7fe-1f94d87082e1,Silver Lake Tech Park Entertainment Venue #1113,41 Grand Concourse,Metropolis Central,Silver Lake Tech Park,MC-10113,40.7046831,-73.8555922,entertainment_venue,low,"{""cctv_coverage"": ""standard"", ""night_patrol_sector"": ""SEC-09"", ""lighting_rating"": ""adequate""}",2021-01-01T00:00:00,2021-01-01T00:00:00
bd283dee-9e7b-42a5-86fb-e9a0553d916c,Harbor Point Terminal Industrial #1114,376 Foundry Street,Metropolis Central,Harbor Point Terminal,MC-10114,40.8478292,-73.8876261,industrial,extreme,"{""cctv_coverage"": ""high"", ""night_patrol_sector"": ""SEC-10"", ""lighting_rating"": ""poor""}",2021-01-01T00:00:00,2021-01-01T00:00:00
543284ec-d5e4-4b95-a282-cd073ae7f4bd,Northshore Heights Public Transit #1115,483 River Road,Metropolis Central,Northshore Heights,MC-10115,40.7689155,-74.0056958,public_transit,low,"{""cctv_coverage"": ""standard"", ""night_patrol_sector"": ""SEC-11"", ""lighting_rating"": ""adequate""}",2021-01-01T00:00:00,2021-01-01T00:00:00
5a77346c-43d0-40c8-b811-ba4ead9818f6,West End Suburbs Public Transit #1116,706 River Road,Metropolis Central,West End Suburbs,MC-10116,40.6979933,-73.9273115,public_transit,low,"{""cctv_coverage"": ""standard"", ""night_patrol_sector"": ""SEC-12"", ""lighting_rating"": ""adequate""}",2021-01-01T00:00:00,2021-01-01T00:00:00
13ce1840-3768-43e0-8bc2-bbb20d75c62c,Eastside Arts Corridor Street Corner #1117,249 Canal Promenade,Metropolis Central,Eastside Arts Corridor,MC-10117,40.6873592,-73.9514324,street_corner,moderate,"{""cctv_coverage"": ""standard"", ""night_patrol_sector"": ""SEC-01"", ""lighting_rating"": ""adequate""}",2021-01-01T00:00:00,2021-01-01T00:00:00
7ff84016-be1f-4c41-8d1c-0c35daf2442b,Harbor Point Terminal Public Transit #1118,224 Lexington Ave,Metropolis Central,Harbor Point Terminal,MC-10118,40.8768527,-73.9223128,public_transit,low,"{""cctv_coverage"": ""standard"", ""night_patrol_sector"": ""SEC-02"", ""lighting_rating"": ""adequate""}",2021-01-01T00:00:00,2021-01-01T00:00:00
9255d9da-a063-4ad3-b93e-cb864dc15240,West End Suburbs Industrial #1119,592 Canal Promenade,Metropolis Central,West End Suburbs,MC-10119,40.790357,-73.9180323,industrial,moderate,"{""cctv_coverage"": ""standard"", ""night_patrol_sector"": ""SEC-03"", ""lighting_rating"": ""adequate""}",2021-01-01T00:00:00,2021-01-01T00:00:00
f7f108f9-85c7-476b-b260-35e26e8e1019,Harbor Point Terminal Commercial #1120,588 Pier 42 Access Rd,Metropolis Central,Harbor Point Terminal,MC-10120,40.7976329,-73.9008053,commercial,low,"{""cctv_coverage"": ""standard"", ""night_patrol_sector"": ""SEC-04"", ""lighting_rating"": ""adequate""}",2021-01-01T00:00:00,2021-01-01T00:00:00
1b224855-6745-45c9-80a4-8752fbcf76a1,Harbor Point Terminal Port Marina #1121,886 Atlantic Avenue,Metropolis Central,Harbor Point Terminal,MC-10121,40.8257798,-73.9951344,port_marina,high,"{""cctv_coverage"": ""high"", ""night_patrol_sector"": ""SEC-05"", ""lighting_rating"": ""adequate""}",2021-01-01T00:00:00,2021-01-01T00:00:00
8a03a01e-1897-473d-b986-b45a2fcb5a6a,Downtown Commercial District Entertainment Venue #1122,719 Highland Boulevard,Metropolis Central,Downtown Commercial District,MC-10122,40.7920232,-73.9592148,entertainment_venue,high,"{""cctv_coverage"": ""high"", ""night_patrol_sector"": ""SEC-06"", ""lighting_rating"": ""adequate""}",2021-01-01T00:00:00,2021-01-01T00:00:00
37ea7f2b-c239-438d-935c-698af7b9e83f,Downtown Commercial District Warehouse #1123,884 Commerce Expressway,Metropolis Central,Downtown Commercial District,MC-10123,40.8488683,-73.9686248,warehouse,low,"{""cctv_coverage"": ""standard"", ""night_patrol_sector"": ""SEC-07"", ""lighting_rating"": ""adequate""}",2021-01-01T00:00:00,2021-01-01T00:00:00
3e0bda63-422a-4250-9760-03f15ca87ebd,Silver Lake Tech Park Street Corner #1124,487 Canal Promenade,Metropolis Central,Silver Lake Tech Park,MC-10124,40.7834514,-74.0413071,street_corner,moderate,"{""cctv_coverage"": ""standard"", ""night_patrol_sector"": ""SEC-08"", ""lighting_rating"": ""adequate""}",2021-01-01T00:00:00,2021-01-01T00:00:00
79b38465-8197-4a26-bef1-b46b24e441a8,Downtown Commercial District Port Marina #1125,294 Quarry Lane,Metropolis Central,Downtown Commercial District,MC-10125,40.7697723,-74.0489681,port_marina,low,"{""cctv_coverage"": ""standard"", ""night_patrol_sector"": ""SEC-09"", ""lighting_rating"": ""adequate""}",2021-01-01T00:00:00,2021-01-01T00:00:00
6dd4b0ca-31f2-4732-ac1a-1cd79c007597,Northshore Heights Public Transit #1126,911 Lexington Ave,Metropolis Central,Northshore Heights,MC-10126,40.8756191,-73.9652359,public_transit,low,"{""cctv_coverage"": ""standard"", ""night_patrol_sector"": ""SEC-10"", ""lighting_rating"": ""adequate""}",2021-01-01T00:00:00,2021-01-01T00:00:00
8dc082c6-12bd-40d1-aec4-8429ee76b218,Eastside Arts Corridor Street Corner #1127,211 Pier 42 Access Rd,Metropolis Central,Eastside Arts Corridor,MC-10127,40.7421612,-73.9248011,street_corner,low,"{""cctv_coverage"": ""standard"", ""night_patrol_sector"": ""SEC-11"", ""lighting_rating"": ""adequate""}",2021-01-01T00:00:00,2021-01-01T00:00:00
133245bb-e58c-4fda-977e-67d3679a505f,Old Town Heritage Ward Government Facility #1128,452 Lexington Ave,Metropolis Central,Old Town Heritage Ward,MC-10128,40.8394442,-73.8629878,government_facility,high,"{""cctv_coverage"": ""high"", ""night_patrol_sector"": ""SEC-12"", ""lighting_rating"": ""adequate""}",2021-01-01T00:00:00,2021-01-01T00:00:00
ad9fa10d-8a9c-42f7-93fe-6eeb4c22cbcd,Eastside Arts Corridor Public Transit #1129,120 Canal Promenade,Metropolis Central,Eastside Arts Corridor,MC-10129,40.8717605,-73.8834965,public_transit,high,"{""cctv_coverage"": ""high"", ""night_patrol_sector"": ""SEC-01"", ""lighting_rating"": ""adequate""}",2021-01-01T00:00:00,2021-01-01T00:00:00
9a15f161-54ad-4237-a4c6-63b693ceefbe,Silver Lake Tech Park Commercial #1130,823 Atlantic Avenue,Metropolis Central,Silver Lake Tech Park,MC-10130,40.8351499,-73.9260867,commercial,moderate,"{""cctv_coverage"": ""standard"", ""night_patrol_sector"": ""SEC-02"", ""lighting_rating"": ""adequate""}",2021-01-01T00:00:00,2021-01-01T00:00:00
382370c0-e6fe-4913-840f-45c256d3f7ac,Old Town Heritage Ward Commercial #1131,602 Industrial Boulevard,Metropolis Central,Old Town Heritage Ward,MC-10131,40.8749051,-73.8666571,commercial,low,"{""cctv_coverage"": ""standard"", ""night_patrol_sector"": ""SEC-03"", ""lighting_rating"": ""adequate""}",2021-01-01T00:00:00,2021-01-01T00:00:00
1b844a69-7ef0-4faa-b587-1addae840230,Northshore Heights Residential #1132,811 Harbor View Drive,Metropolis Central,Northshore Heights,MC-10132,40.8638232,-73.9616163,residential,low,"{""cctv_coverage"": ""standard"", ""night_patrol_sector"": ""SEC-04"", ""lighting_rating"": ""adequate""}",2021-01-01T00:00:00,2021-01-01T00:00:00
3ded326d-6b78-4265-ac8c-444293d57560,Midtown Financial Plaza Entertainment Venue #1133,77 Industrial Boulevard,Metropolis Central,Midtown Financial Plaza,MC-10133,40.691158,-74.0395594,entertainment_venue,high,"{""cctv_coverage"": ""high"", ""night_patrol_sector"": ""SEC-05"", ""lighting_rating"": ""adequate""}",2021-01-01T00:00:00,2021-01-01T00:00:00
b4628ace-e489-4734-a3bf-00984d0dde78,Midtown Financial Plaza Public Transit #1134,108 Quarry Lane,Metropolis Central,Midtown Financial Plaza,MC-10134,40.8529165,-73.892505,public_transit,moderate,"{""cctv_coverage"": ""standard"", ""night_patrol_sector"": ""SEC-06"", ""lighting_rating"": ""adequate""}",2021-01-01T00:00:00,2021-01-01T00:00:00
118c77e3-0681-449d-a61d-7afa5280fa2c,Old Town Heritage Ward Warehouse #1135,403 Grand Concourse,Metropolis Central,Old Town Heritage Ward,MC-10135,40.8559876,-73.9261539,warehouse,low,"{""cctv_coverage"": ""standard"", ""night_patrol_sector"": ""SEC-07"", ""lighting_rating"": ""adequate""}",2021-01-01T00:00:00,2021-01-01T00:00:00
1600a22b-20c9-49ce-83f7-117fc5843a74,Downtown Commercial District Government Facility #1136,474 Commerce Expressway,Metropolis Central,Downtown Commercial District,MC-10136,40.7184963,-74.0294621,government_facility,moderate,"{""cctv_coverage"": ""standard"", ""night_patrol_sector"": ""SEC-08"", ""lighting_rating"": ""adequate""}",2021-01-01T00:00:00,2021-01-01T00:00:00
c8958fa9-00df-43ef-956d-cd4aebbcbac7,Northshore Heights Government Facility #1137,617 Beacon Street,Metropolis Central,Northshore Heights,MC-10137,40.7051963,-73.9482204,government_facility,low,"{""cctv_coverage"": ""standard"", ""night_patrol_sector"": ""SEC-09"", ""lighting_rating"": ""adequate""}",2021-01-01T00:00:00,2021-01-01T00:00:00
5fabff1d-7a43-454b-b784-5cdd1b7ca522,Old Town Heritage Ward Industrial #1138,752 Grand Concourse,Metropolis Central,Old Town Heritage Ward,MC-10138,40.7286305,-73.8905949,industrial,low,"{""cctv_coverage"": ""standard"", ""night_patrol_sector"": ""SEC-10"", ""lighting_rating"": ""adequate""}",2021-01-01T00:00:00,2021-01-01T00:00:00
d614f897-c2ed-4574-9a80-99357a3c8699,West End Suburbs Port Marina #1139,608 Quarry Lane,Metropolis Central,West End Suburbs,MC-10139,40.8719483,-73.8991253,port_marina,low,"{""cctv_coverage"": ""standard"", ""night_patrol_sector"": ""SEC-11"", ""lighting_rating"": ""adequate""}",2021-01-01T00:00:00,2021-01-01T00:00:00
e0469f37-d4fb-4aee-9389-ee4f5feb4e9e,Silver Lake Tech Park Industrial #1140,804 Harbor View Drive,Metropolis Central,Silver Lake Tech Park,MC-10140,40.7739048,-73.9293341,industrial,low,"{""cctv_coverage"": ""standard"", ""night_patrol_sector"": ""SEC-12"", ""lighting_rating"": ""adequate""}",2021-01-01T00:00:00,2021-01-01T00:00:00
984c97c7-daf1-453d-9883-9d07d2494335,Downtown Commercial District Residential #1141,540 Harbor View Drive,Metropolis Central,Downtown Commercial District,MC-10141,40.7274775,-73.8861632,residential,moderate,"{""cctv_coverage"": ""standard"", ""night_patrol_sector"": ""SEC-01"", ""lighting_rating"": ""adequate""}",2021-01-01T00:00:00,2021-01-01T00:00:00
883b4bd4-53d6-4f33-9965-e0524e496f86,Downtown Commercial District Public Transit #1142,442 River Road,Metropolis Central,Downtown Commercial District,MC-10142,40.8753022,-73.921889,public_transit,low,"{""cctv_coverage"": ""standard"", ""night_patrol_sector"": ""SEC-02"", ""lighting_rating"": ""adequate""}",2021-01-01T00:00:00,2021-01-01T00:00:00
ab6a4643-0979-4501-b9cd-338abef088eb,Northshore Heights Entertainment Venue #1143,359 Beacon Street,Metropolis Central,Northshore Heights,MC-10143,40.775145,-73.9116318,entertainment_venue,low,"{""cctv_coverage"": ""standard"", ""night_patrol_sector"": ""SEC-03"", ""lighting_rating"": ""adequate""}",2021-01-01T00:00:00,2021-01-01T00:00:00
65641321-2218-4d6b-a3f1-44f557842324,South Bay Logistics Hub Government Facility #1144,882 Commerce Expressway,Metropolis Central,South Bay Logistics Hub,MC-10144,40.7399263,-73.9842762,government_facility,low,"{""cctv_coverage"": ""standard"", ""night_patrol_sector"": ""SEC-04"", ""lighting_rating"": ""adequate""}",2021-01-01T00:00:00,2021-01-01T00:00:00
b3fd38c7-e6ba-40c5-a718-81e9fdaa2011,Downtown Commercial District Residential #1145,517 Atlantic Avenue,Metropolis Central,Downtown Commercial District,MC-10145,40.8077534,-73.9113559,residential,low,"{""cctv_coverage"": ""standard"", ""night_patrol_sector"": ""SEC-05"", ""lighting_rating"": ""adequate""}",2021-01-01T00:00:00,2021-01-01T00:00:00
665a151c-0b50-4d41-a0e4-fd3cf74c4cfb,Eastside Arts Corridor Street Corner #1146,254 Canal Promenade,Metropolis Central,Eastside Arts Corridor,MC-10146,40.8414543,-73.9748176,street_corner,low,"{""cctv_coverage"": ""standard"", ""night_patrol_sector"": ""SEC-06"", ""lighting_rating"": ""adequate""}",2021-01-01T00:00:00,2021-01-01T00:00:00
6e968655-e319-4371-9bb8-4cb8740915a8,Downtown Commercial District Commercial #1147,381 Lexington Ave,Metropolis Central,Downtown Commercial District,MC-10147,40.7515773,-73.9390617,commercial,low,"{""cctv_coverage"": ""standard"", ""night_patrol_sector"": ""SEC-07"", ""lighting_rating"": ""adequate""}",2021-01-01T00:00:00,2021-01-01T00:00:00
80b3a5fe-fea6-4941-83e3-5e8b01363f5c,Old Town Heritage Ward Residential #1148,209 River Road,Metropolis Central,Old Town Heritage Ward,MC-10148,40.8750619,-74.0101754,residential,low,"{""cctv_coverage"": ""standard"", ""night_patrol_sector"": ""SEC-08"", ""lighting_rating"": ""adequate""}",2021-01-01T00:00:00,2021-01-01T00:00:00
28c077d1-bf80-4a78-a056-3bc65547e100,Eastside Arts Corridor Industrial #1149,916 Highland Boulevard,Metropolis Central,Eastside Arts Corridor,MC-10149,40.7479635,-73.939099,industrial,low,"{""cctv_coverage"": ""standard"", ""night_patrol_sector"": ""SEC-09"", ""lighting_rating"": ""adequate""}",2021-01-01T00:00:00,2021-01-01T00:00:00
955b152c-0c49-4a2c-811e-d21bc6fd7cb9,Downtown Commercial District Commercial #1150,190 Highland Boulevard,Metropolis Central,Downtown Commercial District,MC-10150,40.6841988,-73.9145095,commercial,low,"{""cctv_coverage"": ""standard"", ""night_patrol_sector"": ""SEC-10"", ""lighting_rating"": ""adequate""}",2021-01-01T00:00:00,2021-01-01T00:00:00
7ff63525-25b1-4245-8d1e-cd109d7c9463,Northshore Heights Atm Bank #1151,356 Beacon Street,Metropolis Central,Northshore Heights,MC-10151,40.7712407,-73.9760719,atm_bank,low,"{""cctv_coverage"": ""standard"", ""night_patrol_sector"": ""SEC-11"", ""lighting_rating"": ""adequate""}",2021-01-01T00:00:00,2021-01-01T00:00:00
aa0f9a70-8f12-4e0a-9cae-b120c1ffb412,Industrial Waterfront & Port Commercial #1152,973 Quarry Lane,Metropolis Central,Industrial Waterfront & Port,MC-10152,40.7036987,-73.8734554,commercial,low,"{""cctv_coverage"": ""standard"", ""night_patrol_sector"": ""SEC-12"", ""lighting_rating"": ""adequate""}",2021-01-01T00:00:00,2021-01-01T00:00:00
2774e415-a6d0-4ac8-bc47-8ed738852609,Eastside Arts Corridor Street Corner #1153,206 Foundry Street,Metropolis Central,Eastside Arts Corridor,MC-10153,40.7435903,-73.964092,street_corner,moderate,"{""cctv_coverage"": ""standard"", ""night_patrol_sector"": ""SEC-01"", ""lighting_rating"": ""adequate""}",2021-01-01T00:00:00,2021-01-01T00:00:00
7886b455-fcb6-4fdc-bb3f-d9c9d3829c81,Downtown Commercial District Port Marina #1154,791 Beacon Street,Metropolis Central,Downtown Commercial District,MC-10154,40.7388365,-74.0202866,port_marina,low,"{""cctv_coverage"": ""standard"", ""night_patrol_sector"": ""SEC-02"", ""lighting_rating"": ""adequate""}",2021-01-01T00:00:00,2021-01-01T00:00:00
c4aa96c9-030c-4afa-b4c8-0f8bc2e503dd,West End Suburbs Port Marina #1155,903 Harbor View Drive,Metropolis Central,West End Suburbs,MC-10155,40.8736769,-73.8728331,port_marina,low,"{""cctv_coverage"": ""standard"", ""night_patrol_sector"": ""SEC-03"", ""lighting_rating"": ""adequate""}",2021-01-01T00:00:00,2021-01-01T00:00:00
048e7572-11e4-4423-b9da-e6bbcfe7b115,Northshore Heights Entertainment Venue #1156,813 Canal Promenade,Metropolis Central,Northshore Heights,MC-10156,40.8029773,-74.0165133,entertainment_venue,low,"{""cctv_coverage"": ""standard"", ""night_patrol_sector"": ""SEC-04"", ""lighting_rating"": ""adequate""}",2021-01-01T00:00:00,2021-01-01T00:00:00
bb48fe0a-4a3b-4c22-bfac-e149ae7f4a56,Silver Lake Tech Park Port Marina #1157,393 Canal Promenade,Metropolis Central,Silver Lake Tech Park,MC-10157,40.7728535,-73.9856354,port_marina,low,"{""cctv_coverage"": ""standard"", ""night_patrol_sector"": ""SEC-05"", ""lighting_rating"": ""adequate""}",2021-01-01T00:00:00,2021-01-01T00:00:00
957da7c0-fc0d-4f9d-ae30-12ce817155e7,Old Town Heritage Ward Hideout #1158,742 Canal Promenade,Metropolis Central,Old Town Heritage Ward,MC-10158,40.7336671,-73.9698108,hideout,high,"{""cctv_coverage"": ""high"", ""night_patrol_sector"": ""SEC-06"", ""lighting_rating"": ""adequate""}",2021-01-01T00:00:00,2021-01-01T00:00:00
8310bac3-8496-4d7d-8328-c2c692e2b646,Harbor Point Terminal Public Transit #1159,675 St. Marks Place,Metropolis Central,Harbor Point Terminal,MC-10159,40.7239053,-74.0093999,public_transit,high,"{""cctv_coverage"": ""high"", ""night_patrol_sector"": ""SEC-07"", ""lighting_rating"": ""adequate""}",2021-01-01T00:00:00,2021-01-01T00:00:00
dc22752b-bdad-4872-9c3e-395ef0449683,Midtown Financial Plaza Warehouse #1160,233 Sunset Parkway,Metropolis Central,Midtown Financial Plaza,MC-10160,40.8577418,-73.9357259,warehouse,high,"{""cctv_coverage"": ""high"", ""night_patrol_sector"": ""SEC-08"", ""lighting_rating"": ""adequate""}",2021-01-01T00:00:00,2021-01-01T00:00:00
ee9e96a8-bffa-4f56-9d5f-77d335b2d80e,South Bay Logistics Hub Industrial #1161,270 Vanderbilt Way,Metropolis Central,South Bay Logistics Hub,MC-10161,40.8303246,-73.9909904,industrial,moderate,"{""cctv_coverage"": ""standard"", ""night_patrol_sector"": ""SEC-09"", ""lighting_rating"": ""adequate""}",2021-01-01T00:00:00,2021-01-01T00:00:00
bcb4f81c-a45f-4f88-ac82-efb13c430746,Eastside Arts Corridor Hideout #1162,607 St. Marks Place,Metropolis Central,Eastside Arts Corridor,MC-10162,40.7824524,-73.9827252,hideout,low,"{""cctv_coverage"": ""standard"", ""night_patrol_sector"": ""SEC-10"", ""lighting_rating"": ""adequate""}",2021-01-01T00:00:00,2021-01-01T00:00:00
da9e9b2d-b642-42b8-aecd-188e5bc2796a,Midtown Financial Plaza Hideout #1163,428 River Road,Metropolis Central,Midtown Financial Plaza,MC-10163,40.7434041,-73.9735258,hideout,low,"{""cctv_coverage"": ""standard"", ""night_patrol_sector"": ""SEC-11"", ""lighting_rating"": ""adequate""}",2021-01-01T00:00:00,2021-01-01T00:00:00
bfdb0f64-a1fd-432f-95a8-3fc7abcb6a1c,Eastside Arts Corridor Street Corner #1164,281 Vanderbilt Way,Metropolis Central,Eastside Arts Corridor,MC-10164,40.8602952,-73.9910964,street_corner,moderate,"{""cctv_coverage"": ""standard"", ""night_patrol_sector"": ""SEC-12"", ""lighting_rating"": ""adequate""}",2021-01-01T00:00:00,2021-01-01T00:00:00
1354b807-7e2d-4fd2-97ef-af88b8cd32e8,Silver Lake Tech Park Atm Bank #1165,669 Vanderbilt Way,Metropolis Central,Silver Lake Tech Park,MC-10165,40.8653212,-74.0303182,atm_bank,low,"{""cctv_coverage"": ""standard"", ""night_patrol_sector"": ""SEC-01"", ""lighting_rating"": ""adequate""}",2021-01-01T00:00:00,2021-01-01T00:00:00
6dc3850a-7dba-4c33-8853-019c977a00d6,Downtown Commercial District Street Corner #1166,569 Beacon Street,Metropolis Central,Downtown Commercial District,MC-10166,40.7193293,-73.9841517,street_corner,low,"{""cctv_coverage"": ""standard"", ""night_patrol_sector"": ""SEC-02"", ""lighting_rating"": ""adequate""}",2021-01-01T00:00:00,2021-01-01T00:00:00
6863d4c7-dc82-41f5-9034-56ad5a1ff412,West End Suburbs Port Marina #1167,205 Harbor View Drive,Metropolis Central,West End Suburbs,MC-10167,40.8624765,-74.0482932,port_marina,low,"{""cctv_coverage"": ""standard"", ""night_patrol_sector"": ""SEC-03"", ""lighting_rating"": ""adequate""}",2021-01-01T00:00:00,2021-01-01T00:00:00
270ea67a-e1d7-42ca-add8-b3e161fcb506,South Bay Logistics Hub Warehouse #1168,811 Foundry Street,Metropolis Central,South Bay Logistics Hub,MC-10168,40.8443723,-73.8984388,warehouse,low,"{""cctv_coverage"": ""standard"", ""night_patrol_sector"": ""SEC-04"", ""lighting_rating"": ""adequate""}",2021-01-01T00:00:00,2021-01-01T00:00:00
d906aa9f-b834-4686-995f-ab6e124f7fc0,Silver Lake Tech Park Warehouse #1169,789 Harbor View Drive,Metropolis Central,Silver Lake Tech Park,MC-10169,40.7255157,-73.9053328,warehouse,low,"{""cctv_coverage"": ""standard"", ""night_patrol_sector"": ""SEC-05"", ""lighting_rating"": ""adequate""}",2021-01-01T00:00:00,2021-01-01T00:00:00
6c02228c-a4df-4a9f-9ba4-32e0fdbf81ab,Eastside Arts Corridor Hideout #1170,538 Grand Concourse,Metropolis Central,Eastside Arts Corridor,MC-10170,40.7481319,-74.0328248,hideout,high,"{""cctv_coverage"": ""high"", ""night_patrol_sector"": ""SEC-06"", ""lighting_rating"": ""adequate""}",2021-01-01T00:00:00,2021-01-01T00:00:00
0b08f9d1-147e-4fef-a958-402a7e5c742d,Midtown Financial Plaza Public Transit #1171,798 Quarry Lane,Metropolis Central,Midtown Financial Plaza,MC-10171,40.7677362,-73.8794112,public_transit,low,"{""cctv_coverage"": ""standard"", ""night_patrol_sector"": ""SEC-07"", ""lighting_rating"": ""adequate""}",2021-01-01T00:00:00,2021-01-01T00:00:00
8c0ce337-edbf-4164-9a34-e344a880d38f,Industrial Waterfront & Port Atm Bank #1172,601 Harbor View Drive,Metropolis Central,Industrial Waterfront & Port,MC-10172,40.8686708,-74.0480638,atm_bank,high,"{""cctv_coverage"": ""high"", ""night_patrol_sector"": ""SEC-08"", ""lighting_rating"": ""adequate""}",2021-01-01T00:00:00,2021-01-01T00:00:00
29aeec33-b2ef-4504-a33a-173da05ac1c2,South Bay Logistics Hub Warehouse #1173,357 Atlantic Avenue,Metropolis Central,South Bay Logistics Hub,MC-10173,40.7651439,-73.8994748,warehouse,moderate,"{""cctv_coverage"": ""standard"", ""night_patrol_sector"": ""SEC-09"", ""lighting_rating"": ""adequate""}",2021-01-01T00:00:00,2021-01-01T00:00:00
434c431b-d85f-4f79-9995-432253778099,Silver Lake Tech Park Government Facility #1174,316 Commerce Expressway,Metropolis Central,Silver Lake Tech Park,MC-10174,40.684648,-73.8929284,government_facility,high,"{""cctv_coverage"": ""high"", ""night_patrol_sector"": ""SEC-10"", ""lighting_rating"": ""adequate""}",2021-01-01T00:00:00,2021-01-01T00:00:00
4183e4b1-5658-4d32-bede-4cda05ddc7ca,Industrial Waterfront & Port Government Facility #1175,985 Commerce Expressway,Metropolis Central,Industrial Waterfront & Port,MC-10175,40.8059679,-73.9293994,government_facility,moderate,"{""cctv_coverage"": ""standard"", ""night_patrol_sector"": ""SEC-11"", ""lighting_rating"": ""adequate""}",2021-01-01T00:00:00,2021-01-01T00:00:00
62430151-1105-43a3-82af-febe7fac5e06,Midtown Financial Plaza Warehouse #1176,400 Beacon Street,Metropolis Central,Midtown Financial Plaza,MC-10176,40.6927418,-73.9727132,warehouse,low,"{""cctv_coverage"": ""standard"", ""night_patrol_sector"": ""SEC-12"", ""lighting_rating"": ""adequate""}",2021-01-01T00:00:00,2021-01-01T00:00:00
1dd5d145-9815-4125-8526-24eed36183b8,South Bay Logistics Hub Entertainment Venue #1177,593 Grand Concourse,Metropolis Central,South Bay Logistics Hub,MC-10177,40.8589488,-74.0313517,entertainment_venue,low,"{""cctv_coverage"": ""standard"", ""night_patrol_sector"": ""SEC-01"", ""lighting_rating"": ""adequate""}",2021-01-01T00:00:00,2021-01-01T00:00:00
30135e0e-367e-4420-b892-a92e2bf9ca41,Silver Lake Tech Park Government Facility #1178,191 St. Marks Place,Metropolis Central,Silver Lake Tech Park,MC-10178,40.7777227,-74.0126616,government_facility,low,"{""cctv_coverage"": ""standard"", ""night_patrol_sector"": ""SEC-02"", ""lighting_rating"": ""adequate""}",2021-01-01T00:00:00,2021-01-01T00:00:00
69820237-1514-4aa9-b798-86f7bde6e40b,Midtown Financial Plaza Public Transit #1179,300 Beacon Street,Metropolis Central,Midtown Financial Plaza,MC-10179,40.7382211,-73.9451209,public_transit,low,"{""cctv_coverage"": ""standard"", ""night_patrol_sector"": ""SEC-03"", ""lighting_rating"": ""adequate""}",2021-01-01T00:00:00,2021-01-01T00:00:00
2543cc75-39a2-4cf4-979a-6fcbc0e2c381,South Bay Logistics Hub Industrial #1180,540 Lexington Ave,Metropolis Central,South Bay Logistics Hub,MC-10180,40.7453544,-73.8680375,industrial,low,"{""cctv_coverage"": ""standard"", ""night_patrol_sector"": ""SEC-04"", ""lighting_rating"": ""adequate""}",2021-01-01T00:00:00,2021-01-01T00:00:00
3c049c94-8bc0-4829-9055-f6fce5ae5e58,Northshore Heights Hideout #1181,142 Quarry Lane,Metropolis Central,Northshore Heights,MC-10181,40.8286286,-73.9722014,hideout,high,"{""cctv_coverage"": ""high"", ""night_patrol_sector"": ""SEC-05"", ""lighting_rating"": ""adequate""}",2021-01-01T00:00:00,2021-01-01T00:00:00
fe87aca5-ae64-408d-8949-20015eb6033c,Eastside Arts Corridor Atm Bank #1182,143 Beacon Street,Metropolis Central,Eastside Arts Corridor,MC-10182,40.7664401,-73.9080657,atm_bank,low,"{""cctv_coverage"": ""standard"", ""night_patrol_sector"": ""SEC-06"", ""lighting_rating"": ""adequate""}",2021-01-01T00:00:00,2021-01-01T00:00:00
467b1efc-1434-4b9e-8c3e-1866e33a52e1,Harbor Point Terminal Government Facility #1183,598 Sunset Parkway,Metropolis Central,Harbor Point Terminal,MC-10183,40.7205946,-73.9066456,government_facility,low,"{""cctv_coverage"": ""standard"", ""night_patrol_sector"": ""SEC-07"", ""lighting_rating"": ""adequate""}",2021-01-01T00:00:00,2021-01-01T00:00:00
b5e3bb74-5e84-4b6e-8316-08d1c643a36d,Eastside Arts Corridor Hideout #1184,17 Harbor View Drive,Metropolis Central,Eastside Arts Corridor,MC-10184,40.692794,-73.9701526,hideout,high,"{""cctv_coverage"": ""high"", ""night_patrol_sector"": ""SEC-08"", ""lighting_rating"": ""adequate""}",2021-01-01T00:00:00,2021-01-01T00:00:00
c7700e5f-105d-4002-9427-f43fd2d50728,Silver Lake Tech Park Hideout #1185,346 Canal Promenade,Metropolis Central,Silver Lake Tech Park,MC-10185,40.7725391,-74.042183,hideout,low,"{""cctv_coverage"": ""standard"", ""night_patrol_sector"": ""SEC-09"", ""lighting_rating"": ""adequate""}",2021-01-01T00:00:00,2021-01-01T00:00:00
5635e560-ffc4-40a2-8d73-addf7bb066dd,Old Town Heritage Ward Warehouse #1186,365 Sunset Parkway,Metropolis Central,Old Town Heritage Ward,MC-10186,40.8026055,-73.888003,warehouse,low,"{""cctv_coverage"": ""standard"", ""night_patrol_sector"": ""SEC-10"", ""lighting_rating"": ""adequate""}",2021-01-01T00:00:00,2021-01-01T00:00:00
fe7f87d8-70bd-4206-b7c0-e816c11d2e6f,Eastside Arts Corridor Hideout #1187,193 Quarry Lane,Metropolis Central,Eastside Arts Corridor,MC-10187,40.756933,-73.918184,hideout,moderate,"{""cctv_coverage"": ""standard"", ""night_patrol_sector"": ""SEC-11"", ""lighting_rating"": ""adequate""}",2021-01-01T00:00:00,2021-01-01T00:00:00
5bed36e2-2a24-4133-ab10-a4eeab4d8745,Northshore Heights Public Transit #1188,412 St. Marks Place,Metropolis Central,Northshore Heights,MC-10188,40.8571084,-74.0184136,public_transit,high,"{""cctv_coverage"": ""high"", ""night_patrol_sector"": ""SEC-12"", ""lighting_rating"": ""adequate""}",2021-01-01T00:00:00,2021-01-01T00:00:00
68b70e4d-5d13-47fe-9452-ea8017399f87,Silver Lake Tech Park Public Transit #1189,308 Vanderbilt Way,Metropolis Central,Silver Lake Tech Park,MC-10189,40.8617473,-73.9677444,public_transit,moderate,"{""cctv_coverage"": ""standard"", ""night_patrol_sector"": ""SEC-01"", ""lighting_rating"": ""adequate""}",2021-01-01T00:00:00,2021-01-01T00:00:00
7c85ce89-fe18-4637-bee1-68d7d7c128fb,Northshore Heights Commercial #1190,387 Vanderbilt Way,Metropolis Central,Northshore Heights,MC-10190,40.780879,-73.8940979,commercial,low,"{""cctv_coverage"": ""standard"", ""night_patrol_sector"": ""SEC-02"", ""lighting_rating"": ""adequate""}",2021-01-01T00:00:00,2021-01-01T00:00:00
13757bde-efac-4fab-8434-686315db9000,Industrial Waterfront & Port Port Marina #1191,268 Beacon Street,Metropolis Central,Industrial Waterfront & Port,MC-10191,40.688927,-74.0446564,port_marina,moderate,"{""cctv_coverage"": ""standard"", ""night_patrol_sector"": ""SEC-03"", ""lighting_rating"": ""adequate""}",2021-01-01T00:00:00,2021-01-01T00:00:00
098191d0-33a6-4da9-b2a0-88da690453c7,Old Town Heritage Ward Warehouse #1192,400 Commerce Expressway,Metropolis Central,Old Town Heritage Ward,MC-10192,40.8511546,-73.9706651,warehouse,low,"{""cctv_coverage"": ""standard"", ""night_patrol_sector"": ""SEC-04"", ""lighting_rating"": ""adequate""}",2021-01-01T00:00:00,2021-01-01T00:00:00
6b7fe277-5475-44cf-8d6b-4a07b65175e4,Northshore Heights Street Corner #1193,736 Harbor View Drive,Metropolis Central,Northshore Heights,MC-10193,40.8140591,-73.9571509,street_corner,low,"{""cctv_coverage"": ""standard"", ""night_patrol_sector"": ""SEC-05"", ""lighting_rating"": ""adequate""}",2021-01-01T00:00:00,2021-01-01T00:00:00
56a69e46-cb6c-4162-9f7a-8e290e6c681f,Northshore Heights Hideout #1194,571 Atlantic Avenue,Metropolis Central,Northshore Heights,MC-10194,40.7080512,-73.8859147,hideout,high,"{""cctv_coverage"": ""high"", ""night_patrol_sector"": ""SEC-06"", ""lighting_rating"": ""adequate""}",2021-01-01T00:00:00,2021-01-01T00:00:00
47a43173-74b6-4249-9080-296d98036f38,Industrial Waterfront & Port Government Facility #1195,868 Lexington Ave,Metropolis Central,Industrial Waterfront & Port,MC-10195,40.700103,-73.9911711,government_facility,moderate,"{""cctv_coverage"": ""standard"", ""night_patrol_sector"": ""SEC-07"", ""lighting_rating"": ""adequate""}",2021-01-01T00:00:00,2021-01-01T00:00:00
be1b17a8-a531-41aa-8b86-44e05ec1794d,Midtown Financial Plaza Entertainment Venue #1196,182 Vanderbilt Way,Metropolis Central,Midtown Financial Plaza,MC-10196,40.8327178,-73.9145234,entertainment_venue,low,"{""cctv_coverage"": ""standard"", ""night_patrol_sector"": ""SEC-08"", ""lighting_rating"": ""adequate""}",2021-01-01T00:00:00,2021-01-01T00:00:00
43996773-c8ce-4f55-a1f7-97705f6a65c0,South Bay Logistics Hub Residential #1197,192 Beacon Street,Metropolis Central,South Bay Logistics Hub,MC-10197,40.8585375,-73.9435402,residential,low,"{""cctv_coverage"": ""standard"", ""night_patrol_sector"": ""SEC-09"", ""lighting_rating"": ""adequate""}",2021-01-01T00:00:00,2021-01-01T00:00:00
a8f0206d-3160-47d6-9d89-da71a1191ec2,Downtown Commercial District Warehouse #1198,866 Industrial Boulevard,Metropolis Central,Downtown Commercial District,MC-10198,40.8180693,-73.9612027,warehouse,moderate,"{""cctv_coverage"": ""standard"", ""night_patrol_sector"": ""SEC-10"", ""lighting_rating"": ""adequate""}",2021-01-01T00:00:00,2021-01-01T00:00:00
34423c5a-352b-40a4-b27f-d75de3e37c6a,Downtown Commercial District Public Transit #1199,800 Foundry Street,Metropolis Central,Downtown Commercial District,MC-10199,40.8657641,-73.9750711,public_transit,low,"{""cctv_coverage"": ""standard"", ""night_patrol_sector"": ""SEC-11"", ""lighting_rating"": ""adequate""}",2021-01-01T00:00:00,2021-01-01T00:00:00
6edbf1d5-e45c-40a4-81f7-7c08f366f116,Northshore Heights Residential #1200,26 Quarry Lane,Metropolis Central,Northshore Heights,MC-10200,40.8778581,-73.9825767,residential,low,"{""cctv_coverage"": ""standard"", ""night_patrol_sector"": ""SEC-12"", ""lighting_rating"": ""adequate""}",2021-01-01T00:00:00,2021-01-01T00:00:00
